index,published,keyword,domain,language,valid,title,description,url,image,archive,content,quote,de,en,la,added
b1e5deea943aa654e081689c3ca02ecf,2025-10-17T02:37:00Z,'Sturmflut Zerstörung',www.gamestar.de,de,0.1,Special: Wissenschaft - Mit einem Simulator könnt ihr Deutschland meterhoch im Meer versinken lassen – doch Klimaforscher zeigen: Schon einige Zentimeter haben verheerende Folgen,Eine interaktive Karte zeigt Städte bei einem steigenden Meeresspiegel versinken. Doch der Ernstfall tritt schon weit früher ein.,"https://www.gamestar.de/artikel/sea-level-rise-3d-map-klimawandel-steigende-meeresspiegel-sturmflut,3441215.html",https://images.cgames.de/images/gamestar/293/sea-level-rise-3d-map-teaser_6380777.jpg,,"Die Sea Level Rise 3D Map zeigt, wie deutsche Städte meterhoch im Meer versinken doch für vermehrte Sturmfluten reichen schon Zentimeter (Bildquelle, links: Sea Level Rise 3D Map, rechts: parkerspics… [+5066 chars]",,Special: Wissenschaft - Mit einem Simulator könnt ihr Deutschland meterhoch im Meer versinken lassen – doch Klimaforscher zeigen: Schon einige Zentimeter haben verheerende Folgen. Eine interaktive Karte zeigt Städte bei einem steigenden Meeresspiegel versinken. Doch der Ernstfall tritt schon weit früher ein.,Special: Science - With a simulator you can sink Germany meters high into the sea - but climate researchers show: Even a few centimeters have devastating consequences. An interactive map shows cities sinking as sea levels rise. But the emergency occurs much earlier.,Specialis: Scientia - Cum simulatore Germania metra alta in mare mergi potest - sed investigatores climatis ostendunt: Etiam paucae centimetra consequentias devastantes habent. Tabula interactive ostendit urbes subsidentia sicut gradus maris oriuntur. Sed tempus multo ante.,2025-10-23 18:43:44+00:00
bc31fd2afd98b4d56d88d36d93ef86eb,2025-10-23T10:19:37Z,'Sturmflut Starkregen',www.bild.de,de,0.1,"Herbst-Tief Joshua stürmt los! - Böen mit bis zu 115 km/h, Bahn warnt vor Ausfällen",Jetzt legt der Herbst richtig los! Das Sturmtief Joshua zieht über Deutschland und hat ergiebigen Regen im Gepäck.,https://www.bild.de/news/wetter/sturmwarnung-hier-fegt-der-sturm-josuha-ueber-deutschland-68f9c64e59e2e09750708dd9,"https://images.bild.de/68f9c64e59e2e09750708dd9/1863f52eb1706c2dc617484b07c92fd3,627870ae?w=1280",,Jetzt legt der Herbst richtig los! Das Sturmtief Joshua zieht über Deutschland und hat eine Kaltfront mit Regen und kräftigem Wind und Sturm im Schlepptau. Zuerst steht dem Süden und Westen ein Wette… [+2547 chars],,"Herbst-Tief Joshua stürmt los! - Böen mit bis zu 115 km/h, Bahn warnt vor Ausfällen. Jetzt legt der Herbst richtig los! Das Sturmtief Joshua zieht über Deutschland und hat ergiebigen Regen im Gepäck.","Autumn low Joshua storms off! - Gusts of up to 115 km/h, train warns of failures. Now autumn is really getting started! The storm Joshua is moving over Germany and is bringing heavy rain with it.","Autumnus humilis Iosue procellas repellit! - Impetus usque ad 115 km/h, agmine defectis admonet. Nunc autumnus vere incepit! Procella Iosue per Germaniam movetur et pluvia magna cum ea est.",2025-10-23 18:43:44+00:00
9ff6fb05151ee795856ed85bb7757d1a,2025-10-23T14:00:57Z,'Sturmflut Starkregen',www.basicthinking.de,de,0.1,Hausratversicherung bei der GVV Direkt: Bis zu 24 Prozent günstiger,"Der Beitrag Hausratversicherung bei der GVV Direkt: Bis zu 24 Prozent günstiger erschien zuerst beim Online-Magazin BASIC thinking. Über unseren Newsletter UPDATE startest du jeden Morgen bestens informiert in den Tag.
Eine Hausratversicherung springt dann ei…",https://www.basicthinking.de/blog/2025/10/23/hausratversicherung-gvv-direkt/,https://www.basicthinking.de/blog/wp-content/uploads/2025/10/image_generation-blackforestlabs-7.jpeg,,"Eine Hausratversicherung springt dann ein, wenn dein Hab und Gut in der Wohnung in Mitleidenschaft gezogen wurde, ob durch die Elemente oder einen Einbruch. Die GVV Direkt unterstützt dich im Fall de… [+3696 chars]",,"Hausratversicherung bei der GVV Direkt: Bis zu 24 Prozent günstiger. Der Beitrag Hausratversicherung bei der GVV Direkt: Bis zu 24 Prozent günstiger erschien zuerst beim Online-Magazin BASIC thinking. Über unseren Newsletter UPDATE startest du jeden Morgen bestens informiert in den Tag.
Eine Hausratversicherung springt dann ei…","Household contents insurance with GVV Direkt: Up to 24 percent cheaper. The article Household contents insurance with GVV Direkt: Up to 24 percent cheaper appeared first in the online magazine BASIC thinking. With our newsletter UPDATE you can start the day well informed every morning.
Household contents insurance then covers a…","Continentia assecurationis cum GVV Direkt: Usque ad 24 centesimas vilius. Articulus hospitii contenta assecurationis cum GVV Direkt: Usque ad 24 centesimas vilis apparuit primus in tionibus e rationibus commentarii fundamentalis. Cum Newsletter nostro UPDATE diem inire potes omni mane bene conscio.
Familia contenta assecurationis tunc operit ...",2025-10-23 18:43:44+00:00
132ecb48cb4f8f7e1a3dc12264a15ae1,2025-10-29T19:13:30Z,'Sturmflut Tote',www.tagesschau.de,de,0.1,"Hurrikan ""Melissa"": Mindestens 20 Tote bei Überflutungen in Haiti","Nach Jamaika und Kuba hat der Hurrikan ""Melissa"" auch in Haiti für schwere Zerstörungen gesorgt. Dort starben durch heftige Überschwemmungen mindestens 20 Menschen. Inzwischen zieht der Wirbelsturm weiter in Richtung Bahamas.",https://www.tagesschau.de/ausland/hurrikan-melissa-kuba-102.html,https://images.tagesschau.de/image/61a61256-d365-45a0-b595-21bef4ddedba/AAABmjFhVm8/AAABmgWmh8Q/16x9-big/haiti-380.jpg?width=1280,,"Stand: 29.10.2025 20:13 Uhr
Nach Jamaika und Kuba hat der Hurrikan ""Melissa"" auch in Haiti für schwere Zerstörungen gesorgt. Dort starben durch heftige Überschwemmungen mindestens 20 Menschen. Inzwi… [+4555 chars]",,"Hurrikan ""Melissa"": Mindestens 20 Tote bei Überflutungen in Haiti. Nach Jamaika und Kuba hat der Hurrikan ""Melissa"" auch in Haiti für schwere Zerstörungen gesorgt. Dort starben durch heftige Überschwemmungen mindestens 20 Menschen. Inzwischen zieht der Wirbelsturm weiter in Richtung Bahamas.","Hurricane “Melissa”: At least 20 dead in floods in Haiti. After Jamaica and Cuba, Hurricane Melissa also caused severe destruction in Haiti. At least 20 people died there due to severe flooding. The hurricane is now moving further towards the Bahamas.","Procellae ""Melissa"": Saltem XX mortuus in inundationibus in Haitia. Post Iamaica et Cuba, Hurricane Melissa etiam in Haitia gravem stragem attulit. Saltem XX homines ibi ob gravem inundationem mortui sunt. Procellae nunc longius versus Bahamas tendit.",2025-10-23 18:43:44+00:00
05b651005a2fb5d42026b56196684aa8,2025-10-30T01:14:33Z,'Sturmflut Warnung',www.stern.de,de,0.1,"Gefährlicher Wirbelsturm: Hurrikan ""Melissa"" erreicht Bahamas","Sintflutartige Regenfälle und starke Winde: Wegen des Wirbelsturms werden 1.500 Menschen evakuiert. Ministerpräsident Davis betont: ""Was auch immer geschieht, wir werden wiederaufbauen"".",https://www.stern.de/panorama/gefaehrlicher-wirbelsturm--hurrikan--melissa--erreicht-bahamas-36174026.html,https://image.stern.de/36174028/t/gJ/v1/w1440/r1.7778/-/30--36lk2aw2fgv21axs2048jpeg---94a4381e69910307.jpg,,"Kopiere den aktuellen Link
Zur Merkliste hinzufügen
Sintflutartige Regenfälle und starke Winde: Wegen des Wirbelsturms werden 1.500 Menschen evakuiert. Ministerpräsident Davis betont: ""Was auch imm… [+1571 chars]",,"Gefährlicher Wirbelsturm: Hurrikan ""Melissa"" erreicht Bahamas. Sintflutartige Regenfälle und starke Winde: Wegen des Wirbelsturms werden 1.500 Menschen evakuiert. Ministerpräsident Davis betont: ""Was auch immer geschieht, wir werden wiederaufbauen"".","Dangerous cyclone: ​​Hurricane “Melissa” reaches the Bahamas. Torrential rain and strong winds: 1,500 people are evacuated due to the cyclone. Prime Minister Davis emphasizes: “Whatever happens, we will rebuild.”","Cyclone periculosus: Procellae ""Melissa"" ad Bahamas pervenit. Imber torrens et validi venti: 1500 homines ex cyclone evacuantur. Primus minister Davis in luce ponit: ""Quidquid acciderit, aedificabimus"".",2025-10-23 18:43:44+00:00
622a3aabf8b5824027f05e6be8c0d602,2025-10-30T01:14:33Z,'Sturmflut Warnung',www.zeit.de,de,0.1,"Gefährlicher Wirbelsturm: Hurrikan ""Melissa"" erreicht Bahamas","Hier finden Sie Informationen zu dem Thema „Gefährlicher Wirbelsturm“. Lesen Sie jetzt „Hurrikan ""Melissa"" erreicht Bahamas“.",https://www.zeit.de/news/2025-10/30/hurrikan-melissa-erreicht-bahamas,https://img.zeit.de/news/2025-10/30/hurrikan-melissa-erreicht-bahamas-image-group/wide__1300x731,,"Hurrikan «Melissa» hat die Inselgruppe der Bahamas erreicht. Den Inseln im Atlantik südöstlich des US-Bundesstaates Florida drohen zerstörerische Winde, sintflutartige Regenfälle und eine gefährliche… [+1369 chars]",,"Gefährlicher Wirbelsturm: Hurrikan ""Melissa"" erreicht Bahamas. Hier finden Sie Informationen zu dem Thema „Gefährlicher Wirbelsturm“. Lesen Sie jetzt „Hurrikan ""Melissa"" erreicht Bahamas“.",Dangerous cyclone: ​​Hurricane “Melissa” reaches the Bahamas. Here you will find information on the topic of “Dangerous Cyclones”. Now read “Hurricane Melissa hits the Bahamas”.,"Cyclone periculosus: Procellae ""Melissa"" ad Bahamas pervenit. Hic informationes invenies in argumento ""Periculosae Cyclones"". Nunc legitur ""Procellae Melissae Bahamas ferit"".",2025-10-23 18:43:44+00:00
19dbb532bdc191c6e9802b8246df967c,2025-10-30T01:15:57Z,'Sturmflut Warnung',www.tagesspiegel.de,de,0.1,Gefährlicher Wirbelsturm: Hurrikan „Melissa“ erreicht Bahamas,"Sintflutartige Regenfälle und starke Winde: Wegen des Wirbelsturms werden 1.500 Menschen evakuiert. Ministerpräsident Davis betont: „Was auch immer geschieht, wir werden wiederaufbauen“.",https://www.tagesspiegel.de/gesellschaft/panorama/gefahrlicher-wirbelsturm-hurrikan-melissa-erreicht-bahamas-14699225.html,https://www.tagesspiegel.de/images/14699222/alternates/BASE_16_9_W1400/1761786957000/hurrikan-melissa.jpeg,,"Hurrikan Melissa hat die Inselgruppe der Bahamas erreicht. Den Inseln im Atlantik südöstlich des US-Bundesstaates Florida drohen zerstörerische Winde, sintflutartige Regenfälle und eine gefährliche S… [+1415 chars]",,"Gefährlicher Wirbelsturm: Hurrikan „Melissa“ erreicht Bahamas. Sintflutartige Regenfälle und starke Winde: Wegen des Wirbelsturms werden 1.500 Menschen evakuiert. Ministerpräsident Davis betont: „Was auch immer geschieht, wir werden wiederaufbauen“.","Dangerous cyclone: ​​Hurricane “Melissa” reaches the Bahamas. Torrential rain and strong winds: 1,500 people are evacuated due to the cyclone. Prime Minister Davis emphasizes: “Whatever happens, we will rebuild.”","Cyclone periculosus: Procellae ""Melissa"" ad Bahamas pervenit. Imber torrens et validi venti: 1500 homines ex cyclone evacuantur. Primus minister Davis in luce ponit: ""Quidquid acciderit, aedificabimus"".",2025-10-23 18:43:44+00:00
0455cc2136bd5424436ccf95b2036121,2025-10-30T02:55:50Z,'Sturmflut Tote',www.stern.de,de,0.1,"Gefährlicher Wirbelsturm: Hurrikan ""Melissa"" wütet in der Karibik – mehr als 30 Tote","In mehreren Karibikstaaten kommen Menschen ums Leben. Häuser, Brücken und Bananenplantagen sind zerstört. Nun zieht der Sturm über die Bahamas. US-Präsident Trump kündigt Hilfen für die Region an.",https://www.stern.de/panorama/gefaehrlicher-wirbelsturm--hurrikan--melissa--wuetet-in-der-karibik---mehr-als-30-tote-36174026.html,https://image.stern.de/36174124/t/AV/v1/w1440/r1.7778/-/30--x55jzdrckov21axs2048jpeg---48131048e4cf75d3.jpg,,"Kopiere den aktuellen Link
Zur Merkliste hinzufügen
In mehreren Karibikstaaten kommen Menschen ums Leben. Häuser, Brücken und Bananenplantagen sind zerstört. Nun zieht der Sturm über die Bahamas. U… [+4586 chars]",,"Gefährlicher Wirbelsturm: Hurrikan ""Melissa"" wütet in der Karibik – mehr als 30 Tote. In mehreren Karibikstaaten kommen Menschen ums Leben. Häuser, Brücken und Bananenplantagen sind zerstört. Nun zieht der Sturm über die Bahamas. US-Präsident Trump kündigt Hilfen für die Region an.","Dangerous cyclone: ​​Hurricane “Melissa” rages in the Caribbean – more than 30 dead. People are killed in several Caribbean countries. Houses, bridges and banana plantations are destroyed. The storm is now moving over the Bahamas. US President Trump announces aid for the region.","Periculo cyclone: ​​Procellae ""Melissa"" in Caribbean saevit - plus quam XXX mortuus est. Homines in compluribus regionibus Caribbean occiduntur. Domos, pontes et plantationes Musa destructa sunt. Tempestas nunc per Bahamas movetur. Praeses Trump auxilium regionis denuntiat.",2025-10-23 18:43:44+00:00
ca8502298861b05444d6bf2ca8857550,2025-10-30T03:06:20Z,'Sturmflut Tote',www.faz.net,de,0.1,Jahrhundertsturm: Jahrhundertsturm: Hurrikan „Melissa“ wütet in der Karibik – mehr als 30 Tote,"In mehreren Karibikstaaten kommen Menschen ums Leben. Häuser, Brücken und Bananenplantagen sind zerstört. Nun zieht der Sturm über die Bahamas. US-Präsident Trump kündigt Hilfen für die Region an.",https://www.faz.net/aktuell/gesellschaft/ungluecke/jahrhundertsturm-hurrikan-melissa-wuetet-in-der-karibik-mehr-als-30-tote-accg-110756058.html,https://media0.faz.net/ppmedia/w1200/aktuell/gesellschaft/3776569193/1.10756062/facebook_teaser/jamaika-hurrikan-melissa-hat.jpg.webp,,"Hurrikan Melissa, der in den Karibikstaaten Jamaika, Kuba und Haiti verheerende Schäden angerichtet hat, zieht nun im Atlantik über die Inselkette der Bahamas hinweg. In der Karibik sind infolge des … [+4290 chars]",,"Jahrhundertsturm: Jahrhundertsturm: Hurrikan „Melissa“ wütet in der Karibik – mehr als 30 Tote. In mehreren Karibikstaaten kommen Menschen ums Leben. Häuser, Brücken und Bananenplantagen sind zerstört. Nun zieht der Sturm über die Bahamas. US-Präsident Trump kündigt Hilfen für die Region an.","Storm of the century: Storm of the century: Hurricane “Melissa” rages in the Caribbean – more than 30 dead. People are killed in several Caribbean countries. Houses, bridges and banana plantations are destroyed. The storm is now moving over the Bahamas. US President Trump announces aid for the region.","Tempestas saeculi: Tempestas saeculi: Procellae ""Melissa"" in Caribbean saevit - plusquam XXX mortuos. Homines in compluribus regionibus Caribbean occiduntur. Domos, pontes et plantationes Musa destructa sunt. Tempestas nunc per Bahamas movetur. Praeses Trump auxilium regionis denuntiat.",2025-10-23 18:43:44+00:00
7cf00070f3b0df7b1cdabe2985eb394a,2025-10-30T03:25:05Z,'Sturmflut Tote',www.tagesschau.de,de,0.1,"Mehr als 30 Menschen sterben durch Hurrikan ""Melissa""","Zerstörte Häuser, Brücken und Bananenplantagen - Hurrikan ""Melissa"" hat in Jamaika, Kuba und Haiti schwere Schäden verursacht. Mehr als 30 Menschen starben. Nun zieht der Sturm über die Bahamas. US-Präsident Trump kündigt Hilfen an.",https://www.tagesschau.de/ausland/amerika/hurrikan-melissa-bahamas-100.html,https://images.tagesschau.de/image/f8bbae7c-12fe-4e60-bb61-86804c13b859/AAABmjMce3w/AAABmgWmh8Q/16x9-big/jamaika-hurrikan-melissa-104.jpg?width=1280,,"Stand: 30.10.2025 04:25 Uhr
Zerstörte Häuser, Brücken und Bananenplantagen - Hurrikan ""Melissa"" hat in Jamaika, Kuba und Haiti schwere Schäden verursacht. Mehr als 30 Menschen starben. Nun zieht der… [+5458 chars]",,"Mehr als 30 Menschen sterben durch Hurrikan ""Melissa"". Zerstörte Häuser, Brücken und Bananenplantagen - Hurrikan ""Melissa"" hat in Jamaika, Kuba und Haiti schwere Schäden verursacht. Mehr als 30 Menschen starben. Nun zieht der Sturm über die Bahamas. US-Präsident Trump kündigt Hilfen an.","More than 30 people die from Hurricane Melissa. Destroyed houses, bridges and banana plantations - Hurricane ""Melissa"" caused severe damage in Jamaica, Cuba and Haiti. More than 30 people died. The storm is now moving over the Bahamas. US President Trump announces aid.","Plus quam XXX homines ex Procella Melissa moriuntur. Domos destruxerunt, pontes et plantationes Musae - Procellae ""Melissa"" grave damnum in Jamaica, Cuba et Haiti attulit. Plus quam XXX homines mortui sunt. Tempestas nunc per Bahamas movetur. Praeses Trump auxilium nuntiat.",2025-10-23 18:43:44+00:00
cfa8261d7938c501b2c4291f104a1b2f,2025-10-31T04:30:00Z,'Sturmflut Tote',www.nzz.ch,de,0.1,"PODCAST «NZZ QUANTENSPRUNG» - Der stärkste Hurrikan des Jahres zeigt, wie gut KI Stürme vorhersagen kann. Doch Warnungen retten nur Leben, wenn Menschen auf sie hören","Künstliche Intelligenz versteht nicht, dass Regen immer aus den Wolken auf den Boden fällt. Den Wirbelsturm «Melissa» sagte sie aber erstaunlich genau voraus.",https://www.nzz.ch/podcast/der-staerkste-hurrikan-des-jahres-zeigt-wie-gut-ki-stuerme-vorhersagen-kann-doch-warnungen-retten-nur-leben-wenn-menschen-auf-sie-hoeren-ld.1908887,"https://img.nzz.ch/2025/10/30/d35e9d9d-6aa4-4c03-99a7-f6dde18a102c.jpg?width=1111&height=625&fit=bounds&quality=75&auto=webp&crop=1111,625,x278,y0&wmark=nzz",,"Podcast «NZZ Quantensprung»
Künstliche Intelligenz versteht nicht, dass Regen immer aus den Wolken auf den Boden fällt. Den Wirbelsturm «Melissa» sagte sie aber erstaunlich genau voraus.
Wie die We… [+4210 chars]",,"PODCAST «NZZ QUANTENSPRUNG» - Der stärkste Hurrikan des Jahres zeigt, wie gut KI Stürme vorhersagen kann. Doch Warnungen retten nur Leben, wenn Menschen auf sie hören. Künstliche Intelligenz versteht nicht, dass Regen immer aus den Wolken auf den Boden fällt. Den Wirbelsturm «Melissa» sagte sie aber erstaunlich genau voraus.",PODCAST “NZZ QUANTENSPRUNG” - The strongest hurricane of the year shows how well AI can predict storms. But warnings only save lives if people listen to them. Artificial intelligence does not understand that rain always falls from the clouds to the ground. But she predicted hurricane “Melissa” with astonishing accuracy.,"PODCAST ""NZZ QUANTENSPRUNG"" - Fortissima tempestas anni ostendit quam bene AI tempestates praedicere potest. Sed admonitiones tantum salvant, si homines audiunt. Intelligentia artificialis non intelligit pluviam semper de nubibus cadere in terram. Sed turbinem ""Melissa"" mira subtilitate praedixit.",2025-10-23 18:43:44+00:00
7f3d93c15bb31fb94276adb40af94d4a,2025-10-28T04:44:44Z,'Sturmflut Starkregen',www.nzz.ch,de,0.2,«Möglicherweise beispiellose Folgen»: Der Hurrikan «Melissa» trifft auf Jamaica,"«Melissa» tobt als Wirbelsturm der höchsten Kategorie über das Meer. Dass er auf Jamaica treffen wird, sagten KI-Rechenmodelle früh voraus.",https://www.nzz.ch/wissenschaft/das-rote-kreuz-warnt-vor-moeglicherweise-beispiellosen-folgen-der-hurrikan-melissa-trifft-auf-jamaica-ld.1908889,"https://img.nzz.ch/2025/10/27/0e1dc60e-c04e-47f3-a87e-2c0eeec3fc7f.jpg?width=1200&height=674&fit=bounds&quality=75&auto=webp&crop=1748,983,x0,y91&wmark=nzz",,"«Melissa» tobt als Wirbelsturm der höchsten Kategorie über das Meer. Dass er auf Jamaica treffen wird, sagten KI-Rechenmodelle früh voraus.
28.10.2025, 05.44 UhrAktualisiert
Schon am Sonntag nagelt… [+5019 chars]",,"«Möglicherweise beispiellose Folgen»: Der Hurrikan «Melissa» trifft auf Jamaica. «Melissa» tobt als Wirbelsturm der höchsten Kategorie über das Meer. Dass er auf Jamaica treffen wird, sagten KI-Rechenmodelle früh voraus.",“Possibly unprecedented consequences”: Hurricane “Melissa” hits Jamaica. “Melissa” rages across the sea as a hurricane of the highest category. AI calculation models predicted early on that he would meet Jamaica.,"""Fortasse inusitatae"": Procellae ""Melissa"" Iamaicam ferit. ""Melissa"" trans mare saevit ut turbo supremi praedicamenti. AI exemplaria calculi praenuntiata mane in se Jamaica occurreret.",2025-10-23 18:43:44+00:00
6057b734e53fcd9eda53b8e2f5f09686,2025-10-28T10:15:00Z,'Sturmflut Rettungskräfte',www.telepolis.de,de,0.2,Hurrikan Melissa: So bereiten sich Kuba und Jamaika auf den stärksten Sturm des Jahres vor,Der Kategorie-5-Hurrikan soll am Dienstag auf Jamaika treffen. In Kuba werden knapp 650.000 Menschen evakuiert. Bereits jetzt gibt es erste Todesopfer.,https://www.telepolis.de/features/Hurrikan-Melissa-So-bereiten-sich-Kuba-und-Jamaika-auf-den-staerksten-Sturm-des-Jahres-vor-10961286.html,https://heise.cloudimg.io/bound/1200x1200/q85.png-lossy-85.webp-lossy-85.foil1/_www-heise-de_/imgs/18/4/9/6/5/6/1/6/shutterstock_2477885533-2c50ef08e38e86b6.jpeg,,"Symbolbild: Hurrikan Melissa ist der schwerste Sturm der aktuellen Hurrikansaison
(Bild: Triff/Shutterstock.com)
Der Kategorie-5-Hurrikan soll am Dienstag auf Jamaika treffen. In Kuba werden knapp … [+5578 chars]",,Hurrikan Melissa: So bereiten sich Kuba und Jamaika auf den stärksten Sturm des Jahres vor. Der Kategorie-5-Hurrikan soll am Dienstag auf Jamaika treffen. In Kuba werden knapp 650.000 Menschen evakuiert. Bereits jetzt gibt es erste Todesopfer.,"Hurricane Melissa: This is how Cuba and Jamaica are preparing for the strongest storm of the year. The Category 5 hurricane is expected to hit Jamaica on Tuesday. Almost 650,000 people are being evacuated in Cuba. There are already the first fatalities.",Procellae Melissae: Sic Cuba et Iamaica fortissimam anni tempestatem parant. Procellae Categoriae 5 exspectatur die Martis iamaicam ferire. Fere 650.000 hominum in Cuba emittuntur. Primae jam sunt caedes.,2025-10-23 18:43:44+00:00
153def880bdb7b5107c3de4b10bb9c32,2025-10-29T01:10:41Z,'Sturmflut Tote',www.tagesschau.de,de,0.2,"Nach Hurrikan ""Melissa"": Jamaika zum Katastrophengebiet erklärt","Als ein Hurrikan historischen Ausmaßes traf ""Melissa"" in Jamaika auf Land. Noch ist unklar wie massiv die Schäden ausfallen. Die Regierung hat die Insel zum Katastrophengebiet erklärt. Die UN planen Hilfstransporte.",https://www.tagesschau.de/ausland/amerika/jamaika-kuba-bahamas-hurrikan-100.html,https://images.tagesschau.de/image/907aebe0-f746-41df-85ee-7c44347c98fc/AAABmi2BsBI/AAABmgWmh8Q/16x9-big/jamaika-hurrikan-102.jpg?width=1280,,"Stand: 29.10.2025 02:10 Uhr
Als ein Hurrikan historischen Ausmaßes traf ""Melissa"" in Jamaika auf Land. Noch ist unklar wie massiv die Schäden ausfallen. Die Regierung hat die Insel zum Katastropheng… [+5066 chars]",,"Nach Hurrikan ""Melissa"": Jamaika zum Katastrophengebiet erklärt. Als ein Hurrikan historischen Ausmaßes traf ""Melissa"" in Jamaika auf Land. Noch ist unklar wie massiv die Schäden ausfallen. Die Regierung hat die Insel zum Katastrophengebiet erklärt. Die UN planen Hilfstransporte.","After Hurricane Melissa: Jamaica declared a disaster area. A hurricane of historic proportions, “Melissa” made landfall in Jamaica. It is still unclear how massive the damage will be. The government has declared the island a disaster area. The UN is planning aid transports.","Post Procellae Melissa: Jamaica calamitatem regio declaravit. Turbo historicarum proportionum ""Melissa"" lapsus in Jamaica factus est. Incertum est quam ingens damnum erit. Imperium insula calamitate regio declaravit. IR naves onerarias subsidia agitat.",2025-10-23 18:43:44+00:00
14a263a710b29541d52947d315380853,2025-10-29T09:30:00Z,'Sturmflut Tote',www.telepolis.de,de,0.2,Hurrikan Melissa verwüstet Jamaika und erreicht Kuba,Wirbelsturm der Kategorie 5 hinterlässt auf Jamaika schwere Schäden. Abschwächung vor Landfall in Kuba. Mindestens sieben Todesopfer in der Karibik.,https://www.telepolis.de/features/Hurrikan-Melissa-verwuestet-Jamaika-und-erreicht-Kuba-10962753.html,https://heise.cloudimg.io/bound/1200x1200/q85.png-lossy-85.webp-lossy-85.foil1/_www-heise-de_/imgs/18/4/9/6/6/3/6/2/shutterstock_2528655643-03b44001dda4125a.jpeg,,"Noch sind die Schäden nicht vollständig abschätzbar, die Melissa in der Karibik angerichtet hat (Symbolbild)
(Bild: Felix Mizioznikov/Shutterstock.com)
Wirbelsturm der Kategorie 5 hinterlässt auf J… [+4300 chars]",,Hurrikan Melissa verwüstet Jamaika und erreicht Kuba. Wirbelsturm der Kategorie 5 hinterlässt auf Jamaika schwere Schäden. Abschwächung vor Landfall in Kuba. Mindestens sieben Todesopfer in der Karibik.,Hurricane Melissa devastates Jamaica and reaches Cuba. Category 5 cyclone causes severe damage in Jamaica. Weakening before landfall in Cuba. At least seven deaths in the Caribbean.,Procellae Melissae vastat Jamaicam et Cubam attingit. Genus cyclonis 5 grave damnum in Jamaica creat. Debilitare ante traham in Cuba. Saltem septem mortes in Caribbean.,2025-10-23 18:43:44+00:00
05c82cb3a1b3be77d794814af0caccf6,2025-10-30T01:15:57Z,'Sturmflut Tote',www.tagesspiegel.de,de,0.2,Gefährlicher Wirbelsturm: Hurrikan „Melissa“ wütet in der Karibik – mehr als 30 Tote,"In mehreren Karibikstaaten kommen Menschen ums Leben. Häuser, Brücken und Bananenplantagen sind zerstört. Nun zieht der Sturm über die Bahamas. US-Präsident Trump kündigt Hilfen für die Region an.",https://www.tagesspiegel.de/gesellschaft/panorama/gefahrlicher-wirbelsturm-hurrikan-melissa-wutet-in-der-karibik--mehr-als-30-tote-14699225.html,https://www.tagesspiegel.de/images/14699291/alternates/BASE_16_9_W1400/1761793037000/hurrikan-melissa-jamaika.jpeg,,"Hurrikan Melissa, der in den Karibikstaaten Jamaika, Kuba und Haiti verheerende Schäden angerichtet hat, zieht nun im Atlantik über die Inselkette der Bahamas hinweg. In der Karibik sind infolge des … [+5084 chars]",,"Gefährlicher Wirbelsturm: Hurrikan „Melissa“ wütet in der Karibik – mehr als 30 Tote. In mehreren Karibikstaaten kommen Menschen ums Leben. Häuser, Brücken und Bananenplantagen sind zerstört. Nun zieht der Sturm über die Bahamas. US-Präsident Trump kündigt Hilfen für die Region an.","Dangerous cyclone: ​​Hurricane “Melissa” rages in the Caribbean – more than 30 dead. People are killed in several Caribbean countries. Houses, bridges and banana plantations are destroyed. The storm is now moving over the Bahamas. US President Trump announces aid for the region.","Periculo cyclone: ​​Procellae ""Melissa"" in Caribbean saevit - plus quam XXX mortuus est. Homines in compluribus regionibus Caribbean occiduntur. Domos, pontes et plantationes Musa destructa sunt. Tempestas nunc per Bahamas movetur. Praeses Trump auxilium regionis denuntiat.",2025-10-23 18:43:44+00:00
1f15508ec926e6f8af50f0f067c2d256,2025-10-24T12:06:29Z,'Sturmflut Wellen',www.zeit.de,de,0.4,"Unwetter: Sturm ""Joshua"" erreicht mit orkanartigen Böen seinen Höhepunkt","Der Sturm ""Joshua"" richtet in Deutschland seit Donnerstag Verwüstung an. An der Nordseeküste werden am Nachmittag die stärksten Böen erwartet.",https://www.zeit.de/gesellschaft/zeitgeschehen/2025-10/unwetter-sturm-joshua-hoehepunkt-gxe,https://img.zeit.de/gesellschaft/zeitgeschehen/2025-10/wetter-deutschland-sturm-joshua-bild-2/wide__1300x731,,"Der Sturm ""Joshua"" hat in der Nacht und am Morgen für zahlreiche 
Einsätze von Polizei und Feuerwehr gesorgt. Das stürmische Wetter sorgte vor allem an der 
Nordseeküste für orkanartige Böen. Dort … [+4143 chars]",,"Unwetter: Sturm ""Joshua"" erreicht mit orkanartigen Böen seinen Höhepunkt. Der Sturm ""Joshua"" richtet in Deutschland seit Donnerstag Verwüstung an. An der Nordseeküste werden am Nachmittag die stärksten Böen erwartet.",Storm: Storm “Joshua” reaches its peak with hurricane-like gusts. Storm “Joshua” has been wreaking havoc in Germany since Thursday. The strongest gusts are expected on the North Sea coast in the afternoon.,"Tempestas: Tempestas ""Josua"" apicem suum attingit turbinis instar procellis. Tempestas ""Joshua"" in Germania post Iovis diem saeviebat. Validissimae procellae in oram maris septentrionalis post meridiem expectantur.",2025-10-23 18:43:44+00:00
84a708074f88eb655c909eab98e2220a,2025-10-01T03:00:13Z,'Sturmflut Sand',www.stern.de,de,0.6,Steigender Meeresspiegel: Sand und Deiche sichern Häuser auf Sylt vor Sturmflut-Folgen,Küstenschutzmaßnahmen bewahren auf Sylt Häuser und Menschen vor Sturmfluten und deren Folgen. Besonders bei steigendem Meeresspiegel hängt die Zukunft der Insel am Küstenschutz.,https://www.stern.de/gesellschaft/regional/hamburg-schleswig-holstein/steigender-meeresspiegel--sand-und-deiche-sichern-haeuser-auf-sylt-vor-sturmflut-folgen-36095772.html,https://image.stern.de/36095774/t/OK/v1/w1440/r1.7778/-/01--yx6zi5wikfv7axs2048jpeg---271d01f5799660c1.jpg,,"Kopiere den aktuellen Link
Zur Merkliste hinzufügen
Küstenschutzmaßnahmen bewahren auf Sylt Häuser und Menschen vor Sturmfluten und deren Folgen. Besonders bei steigendem Meeresspiegel hängt die Zu… [+4392 chars]",,Steigender Meeresspiegel: Sand und Deiche sichern Häuser auf Sylt vor Sturmflut-Folgen. Küstenschutzmaßnahmen bewahren auf Sylt Häuser und Menschen vor Sturmfluten und deren Folgen. Besonders bei steigendem Meeresspiegel hängt die Zukunft der Insel am Küstenschutz.,"Rising sea levels: Sand and dikes protect houses on Sylt from the effects of storm surges. Coastal protection measures protect houses and people on Sylt from storm surges and their consequences. The future of the island depends on coastal protection, especially as sea levels rise.","Gradus maris orientem: Arena et fossata tutantur domos in Sylt ab effectibus fluctuum tempestatum. Tutelae maritimae mensurae domos et homines in Sylta protegunt a tempestatibus exundationibus et earum consequentiis. Futura insulae praesidio maritimo pendet, praesertim cum gradus maris oriuntur.",2025-10-23 18:43:44+00:00
b1155e0ebc1e6d6c39c64ff7db33b1ea,2025-10-05T05:05:01Z,'Sturmflut Pegel',www.faz.net,de,0.8,Unwetter in Deutschland: Unfälle durch Wind und Regen – Sturmflut erwartet,Im Südschwarzwald sind zwei Menschen durch einen umstürzenden Baum verletzt worden. Norddeutschland muss sich gegen hohe Pegelstände wappnen.,https://www.faz.net/aktuell/gesellschaft/unfaelle-durch-wind-und-regen-sturmflut-erwartet-accg-110717078.html,https://media0.faz.net/ppmedia/w1200/aktuell/gesellschaft/4117218507/1.10717080/facebook_teaser/im-hafen-von-petkum-einem.jpg.webp,,Schon vor der erwarteten Sturmflut an der Nordseeküste haben starker Wind und Regen in Teilen Deutschlands Bäume entwurzelt und Unfälle verursacht. Besonders betroffen waren Baden-Württemberg und Hes… [+1565 chars],,Unwetter in Deutschland: Unfälle durch Wind und Regen – Sturmflut erwartet. Im Südschwarzwald sind zwei Menschen durch einen umstürzenden Baum verletzt worden. Norddeutschland muss sich gegen hohe Pegelstände wappnen.,Storms in Germany: Accidents caused by wind and rain – storm surge expected. Two people were injured by a falling tree in the southern Black Forest. Northern Germany has to arm itself against high water levels.,Tempestates in Germania: Accidentia ventorum et pluviarum causantur - tempestas impetus expectatur. Duo homines in arbore Nigra Silva meridionali laesa sunt. Germania septentrionalis se armare habet contra altas aquarum gradus.,2025-10-23 18:43:44+00:00
48f206abbc441212d0a43c1463cc3502,2025-10-02T10:22:10Z,'Sturmflut',www.zeit.de,de,0.9,Hochwasser erwartet: Leichte Sturmflut droht – Ausfälle bei Inselfähren möglich,Hier finden Sie Informationen zu dem Thema „Hochwasser erwartet“. Lesen Sie jetzt „Leichte Sturmflut droht – Ausfälle bei Inselfähren möglich“.,https://www.zeit.de/news/2025-10/02/leichte-sturmflut-droht-ausfaelle-bei-inselfaehren-moeglich,https://img.zeit.de/news/2025-10/02/leichte-sturmflut-droht-ausfaelle-bei-inselfaehren-moeglich-image-group/wide__1300x731,,Wegen eines erwarteten Herbststurmes und höherer Wasserstände an der Küste müssen sich Urlauber und Insulaner an diesem Wochenende auf mögliche Einschränkungen im Fährverkehr einstellen. Die Insel La… [+1997 chars],,Hochwasser erwartet: Leichte Sturmflut droht – Ausfälle bei Inselfähren möglich. Hier finden Sie Informationen zu dem Thema „Hochwasser erwartet“. Lesen Sie jetzt „Leichte Sturmflut droht – Ausfälle bei Inselfähren möglich“.,Floods expected: Mild storm surge threatens – cancellations of island ferries possible. Here you will find information on the topic of “floods expected”. Now read “Slight storm surge threatens – cancellations of island ferries possible”.,"Flumina exspectantur: tempestas lenis impetus minatur - cancellations insulae ferries potest. Hic informationes invenies in argumento ""fluminum exspectatorum"". Nunc legitur ""Surgis impetus levis - cancellations insulae ferries possibilia sunt"".",2025-10-23 18:43:44+00:00
c5f7eef233c2de93de3648290a26af16,2025-10-02T10:22:10Z,'Sturmflut Hochwasser',www.stern.de,de,0.9,Hochwasser erwartet: Leichte Sturmflut droht – Ausfälle bei Inselfähren möglich,Ausgerechnet am langen Feiertagswochenende wird an der niedersächsischen Küste ein Herbststurm erwartet. Das könnte Folgen für den Fährverkehr haben – worauf Ausflügler sich nun einstellen sollten.,https://www.stern.de/gesellschaft/regional/niedersachsen-bremen/hochwasser-erwartet--leichte-sturmflut-droht---ausfaelle-bei-inselfaehren-moeglich-36100660.html,https://image.stern.de/36100662/t/YZ/v1/w1440/r1.7778/-/02--jyberii4knv8axs2048jpeg---a70c8715b2b6f5b8.jpg,,"Kopiere den aktuellen Link
Zur Merkliste hinzufügen
Ausgerechnet am langen Feiertagswochenende wird an der niedersächsischen Küste ein Herbststurm erwartet. Das könnte Folgen für den Fährverkehr ha… [+2208 chars]",,Hochwasser erwartet: Leichte Sturmflut droht – Ausfälle bei Inselfähren möglich. Ausgerechnet am langen Feiertagswochenende wird an der niedersächsischen Küste ein Herbststurm erwartet. Das könnte Folgen für den Fährverkehr haben – worauf Ausflügler sich nun einstellen sollten.,Floods expected: Mild storm surge threatens – cancellations of island ferries possible. An autumn storm is expected on the Lower Saxony coast on the long holiday weekend of all days. This could have consequences for ferry traffic - which excursionists should now prepare for.,Flumina exspectantur: tempestas lenis impetus minatur - cancellations insulae ferries potest. Tempestas autumnalis exspectatur in ora maritima Saxoniae longa feriarum omnium dierum auctor. Hoc consequi potuit mercaturae vadaticia - quae excursiones nunc praeparant.,2025-10-23 18:43:44+00:00
15c3e0b86359065d528ae3839f3b2dc7,2025-10-04T08:14:25Z,'Sturmflut Hochwasser',www.zeit.de,de,0.9,Wetter: Experten rechnen mit leichten Sturmfluten an der Küste,Hier finden Sie Informationen zu dem Thema „Wetter“. Lesen Sie jetzt „Experten rechnen mit leichten Sturmfluten an der Küste“.,https://www.zeit.de/news/2025-10/04/experten-rechnen-mit-leichten-sturmfluten-an-der-kueste,https://img.zeit.de/news/2025-10/04/experten-rechnen-mit-leichten-sturmfluten-an-der-kueste-image-group/wide__1300x731,,"Die Sturmfluten am Wochenende an der Nordseeküste sollen etwas schwächer ausfallen als bisher erwartet. Der Niedersächsische Landesbetrieb für Wasserwirtschaft, Küsten- und Naturschutz (NLWKN) warnt … [+998 chars]",,Wetter: Experten rechnen mit leichten Sturmfluten an der Küste. Hier finden Sie Informationen zu dem Thema „Wetter“. Lesen Sie jetzt „Experten rechnen mit leichten Sturmfluten an der Küste“.,Weather: Experts expect light storm surges on the coast. Here you will find information on the topic of “weather”. Now read “Experts expect light storm surges on the coast”.,"Weather: experti expecto leves aestus maris procellae. Hic informationes invenies in argumento ""tempestatis"". Nunc legitur ""Expectant periti leves aestus maritimi procellae"".",2025-10-23 18:43:44+00:00
031f3173b7bd257aaba5fbc0c02b2d77,2025-10-04T08:14:25Z,'Sturmflut Nordsee',www.stern.de,de,0.9,Wetter: Experten rechnen mit leichten Sturmfluten an der Küste,Norderney (lni) - Die Sturmfluten am Wochenende an der Nordseeküste sollen etwas schwächer ausfallen als bisher erwartet. Der Niedersächsische,https://www.stern.de/gesellschaft/regional/niedersachsen-bremen/wetter--experten-rechnen-mit-leichten-sturmfluten-an-der-kueste-36104588.html,https://image.stern.de/36104590/t/Mu/v1/w1440/r1.7778/-/04--4kjulyvgoyv13axs2048jpeg---6537ace9e8b6e64d.jpg,,"Kopiere den aktuellen Link
Zur Merkliste hinzufügen
Orkanartige Böen sorgen an der Nordsee für windiges Wetter. Laut den aktuellen Prognosen soll es jedoch nur leichte Überschwemmungen geben.
Die … [+1153 chars]",,Wetter: Experten rechnen mit leichten Sturmfluten an der Küste. Norderney (lni) - Die Sturmfluten am Wochenende an der Nordseeküste sollen etwas schwächer ausfallen als bisher erwartet. Der Niedersächsische,Weather: Experts expect light storm surges on the coast. Norderney (lni) - The storm surges on the North Sea coast at the weekend are expected to be somewhat weaker than previously expected. The Lower Saxony,Weather: experti expecto leves aestus maris procellae. Norderney (lni) - Procella orta in oram maritimam Septentrionalium in auctoribus paulo infirmior expectatur quam ante expectatur. Saxonia Inferior,2025-10-23 18:43:44+00:00
90ebdde86f6a1784625a9a184186c2c3,2025-10-05T11:28:39Z,'Sturmflut Verletzte',www.bild.de,de,0.9,"Sturmflut, Nebel, Verletzte - Orkantief Detlef fegt über Deutschland!","Orkantief „Detlef“ bringt stürmisches Wetter, Regen und Nebel. Harz und Nordseeinseln betroffen. In Bayern fällt der erste Schnee",https://www.bild.de/news/orkantief-detlef-fegt-ueber-deutschland-sturmflut-und-schneeflocken-68e2106c89973cba61e81cd9,"https://images.bild.de/68e2106c89973cba61e81cd9/ff997bf102d5778e98b01861689ab8ba,30660f0e?w=1280",,"Windiger Herbst statt goldener Oktober! Orkantief Detlef hat am Wochenende große Teile des Landes fest im Griff mit Regen, Nebel und Sturmböen. Vom Brocken bis zum Schwarzwald fegt der Wind mit volle… [+4356 chars]",,"Sturmflut, Nebel, Verletzte - Orkantief Detlef fegt über Deutschland!. Orkantief „Detlef“ bringt stürmisches Wetter, Regen und Nebel. Harz und Nordseeinseln betroffen. In Bayern fällt der erste Schnee","Storm surge, fog, injuries - Hurricane Detlef is sweeping across Germany! Hurricane “Detlef” brings stormy weather, rain and fog. Harz and North Sea islands affected. The first snow is falling in Bavaria","Tempestas impetus, nebula, iniuriae - Turbo Detlef trans Germaniam verrit! Procellae ""Detlef"" tempestatibus tempestatibus, pluviae et nebulae affert. Hercyniae et insulae maris septentrionalis afficiuntur. Prima nix cadit in Bavaria",2025-10-23 18:43:44+00:00
10048e4128c0b90330f93f90cda589cb,2025-10-05T13:38:00Z,'Sturmflut Verletzte',www.tagesspiegel.de,de,0.9,Wetter: Sturmtief fegt über Deutschland – Verletzte und Fährausfälle,Starke Winde und Sturmfluten: Feuerwehren müssen immer wieder ausrücken. Es gibt sogar Verletzte. Ein Überblick.,https://www.tagesspiegel.de/gesellschaft/panorama/wetter-sturmtief-fegt-uber-deutschland--verletzte-und-fahrausfalle-14475668.html,https://www.tagesspiegel.de/images/14475665/alternates/BASE_16_9_W1400/1759671480000/sturmflut-an-der-nordsee-insel-sylt.jpeg,,Ein Sturmtief ist über Deutschland hinweggefegt und hat in mehreren Bundesländern Schäden angerichtet. Mindestens zwei Menschen wurden verletzt. An der Nordseeküste gab es am Sonntag eine Sturmflut; … [+4522 chars],,Wetter: Sturmtief fegt über Deutschland – Verletzte und Fährausfälle. Starke Winde und Sturmfluten: Feuerwehren müssen immer wieder ausrücken. Es gibt sogar Verletzte. Ein Überblick.,Weather: Storm sweeps over Germany – injuries and ferry cancellations. Strong winds and storm surges: Fire departments have to be deployed again and again. There are even injuries. An overview.,Tempestas: Tempestas per Germaniam - iniurias et cancellations porttitor. Venti vehementissimi et procellae exsurgunt: Dicasteria incendia iterum atque iterum explicanda sunt. Sunt etiam iniuriae. Meditatio.,2025-10-23 18:43:44+00:00
254972179426b759ea6681eb9f58a2d1,2025-10-24T04:11:48Z,'Sturmflut',www.tagesspiegel.de,de,0.9,Sturmtief „Joshua“: „Joshua“ pustet übers Land - Sturmflut im Norden erwartet,"Wind, Regen und Kälte: Sturmtief „Joshua“ zieht über Deutschland, es kommt zu zahlreichen Einsätzen von Feuerwehr und Polizei. Im Laufe des Tages könnte sich die Lage im Norden noch zuspitzen.",https://www.tagesspiegel.de/gesellschaft/panorama/sturmtief-joshua-joshua-pustet-ubers-land-sturmflut-im-norden-erwartet-14646734.html,https://www.tagesspiegel.de/images/14651027/alternates/BASE_16_9_W1400/1761303418000/sturmtief-joshua-schleswig-holstein.jpeg,,"Umgestürzte Bäume, zeitweise gesperrte Bahnstrecken und eine abgebrochene Maibaumspitze: Herbststurm Joshua hat in Deutschland in der Nacht und am Morgen für zahlreiche Einsätze von Polizei und Feuer… [+3749 chars]",,"Sturmtief „Joshua“: „Joshua“ pustet übers Land - Sturmflut im Norden erwartet. Wind, Regen und Kälte: Sturmtief „Joshua“ zieht über Deutschland, es kommt zu zahlreichen Einsätzen von Feuerwehr und Polizei. Im Laufe des Tages könnte sich die Lage im Norden noch zuspitzen.","Storm “Joshua”: “Joshua” blows across the country - storm surge expected in the north. Wind, rain and cold: Storm “Joshua” is moving across Germany, leading to numerous fire and police operations. The situation in the north could worsen as the day progresses.","Tempestas ""Joshua"": ""Joshua"" spirat per regionem - tempestas impetus in septentrione expectatur. Ventus, pluvia et frigus: Tempestas “Joshua” trans Germaniam movetur, ducens ad multas operationes ignis et vigiles. Status in septentrione potest peior fieri sicut dies progreditur.",2025-10-23 18:43:44+00:00
601f24b7b61099ca999958f39c2e9484,2025-10-24T08:35:44Z,'Sturmflut Sandsäcke',www.welt.de,de,0.9,Elbe schwappt am späten Nachmittag auf den Fischmarkt,Ein Sturmtief sorgt am Freitag für eine besondere Wetterlage im Norden. In Hamburg und an der Nordseeküste steigen die Pegel deutlich über das mittlere Hochwasser – der Fischmarkt könnte schon am frühen Abend überflutet werden.,https://www.welt.de/regionales/hamburg/article68fb30c059e2e0975070a229/sturmflut-warnung-elbe-schwappt-am-spaeten-nachmittag-auf-den-fischmarkt.html,https://images.welt.de/68fb30c059e2e0975070a229/e7631f2c235cc4fdde7b141877d97c0b-master/ci16x9-w1200/dpa-com-20090101-251024-935-911102-jpg,,"Ein stürmischer Freitag erwartet Hamburg und die Nordseeküste: Das Tief Joshua hat sich über der Nordsee festgesetzt und bringt kräftigen Wind, Regen und eine Sturmflut mit sich. In der Elbe und an d… [+1624 chars]",,Elbe schwappt am späten Nachmittag auf den Fischmarkt. Ein Sturmtief sorgt am Freitag für eine besondere Wetterlage im Norden. In Hamburg und an der Nordseeküste steigen die Pegel deutlich über das mittlere Hochwasser – der Fischmarkt könnte schon am frühen Abend überflutet werden.,"The Elbe spills over into the fish market in the late afternoon. A storm will cause special weather conditions in the north on Friday. In Hamburg and on the North Sea coast, the levels are rising well above the mean high water - the fish market could be flooded in the early evening.","Albis in forum piscarium in sero post meridiem redundat. Tempestas tempestatum in septentrione die Veneris speciales causabit. In Hamburgo et in ora maritima septentrionali, gradus bene ascendunt supra medium altum aquam - forum piscarium primo vespere inundari potuit.",2025-10-23 18:43:44+00:00
0a01f341ac09026833e82b884109ffdb,2025-10-24T12:03:52Z,'Sturmflut Wellen',www.stern.de,de,0.9,Wetter: Sturmtief sorgt für Fährausfälle und Schäden,"Wind, Regen und Kälte: Sturmtief ""Joshua"" zieht über Deutschland, es kommt zu zahlreichen Einsätzen von Feuerwehr und Polizei. Im Laufe des Tages könnte sich die Lage im Norden noch zuspitzen.",https://www.stern.de/gesellschaft/regional/niedersachsen-bremen/wetter--sturmtief-sorgt-fuer-faehrausfaelle-und-schaeden-36158156.html,https://image.stern.de/36159684/t/vp/v1/w1440/r1.7778/-/24--5bzu4r22abv1axs2048jpeg---b4e88cac4740f332.jpg,,"Kopiere den aktuellen Link
Zur Merkliste hinzufügen
Wind, Regen und Kälte: Sturmtief ""Joshua"" zieht über Deutschland, es kommt zu zahlreichen Einsätzen von Feuerwehr und Polizei. Im Laufe des Tages… [+5307 chars]",,"Wetter: Sturmtief sorgt für Fährausfälle und Schäden. Wind, Regen und Kälte: Sturmtief ""Joshua"" zieht über Deutschland, es kommt zu zahlreichen Einsätzen von Feuerwehr und Polizei. Im Laufe des Tages könnte sich die Lage im Norden noch zuspitzen.","Weather: Storm causes ferry cancellations and damage. Wind, rain and cold: Storm “Joshua” is moving over Germany, leading to numerous fire and police operations. The situation in the north could worsen as the day progresses.","Tempestas: Tempestas vada cancellations et damnum causat. Ventus, pluvia et frigus: Tempestas “Joshua” in Germaniam movetur, ducens numerosas ignis et operationes vigiles. Status in septentrione potest peior fieri sicut dies progreditur.",2025-10-23 18:43:44+00:00
ccd1f7430529b2566a473e337a39c8e0,2025-10-01T06:03:18Z,'Sturmflut',www.welt.de,de,1.0,Die wachsende Sorge vor der nächsten Sturmflut,Küstenschutzmaßnahmen bewahren auf Sylt Häuser und Menschen seit jeher vor Sturmfluten und deren Folgen. Besonders bei steigendem Meeresspiegel hängt die Zukunft einiger Ortschaften nun aber am richtigen Küstenschutz.,https://www.welt.de/regionales/hamburg/article68dcc1b645848d2c8e7962d2/sylt-die-wachsende-sorge-vor-der-naechsten-sturmflut.html,https://images.welt.de/68dcc1b645848d2c8e7962d2/4876b2c42145c629bde10b3e1a650c48-master/ci16x9-w1200/sylt,,"Wind und Wellen nagen an den Küsten von Sylt und tragen jährlich Teile der Insel ab. Um diesen Abbruch auszugleichen, werden an der Westküste seit mehr als 50 Jahren mit großen Rohren regelmäßig viel… [+3871 chars]",,Die wachsende Sorge vor der nächsten Sturmflut. Küstenschutzmaßnahmen bewahren auf Sylt Häuser und Menschen seit jeher vor Sturmfluten und deren Folgen. Besonders bei steigendem Meeresspiegel hängt die Zukunft einiger Ortschaften nun aber am richtigen Küstenschutz.,"The growing concern about the next storm surge. Coastal protection measures have always protected houses and people on Sylt from storm surges and their consequences. Especially with rising sea levels, the future of some towns now depends on the right coastal protection.","Crescens sollicitudo de proximo fluctu tempestatis. Mensurae tutelae maritimae domos et homines in sylta a tempestatibus exundationibus et eorum consequentiis semper tutati sunt. Praesertim cum ortu maris gradus, aliquarum urbium futura nunc a dextra tutela maritima pendent.",2025-10-23 18:43:44+00:00
9a075cf5ce7851b406ea6bb1574d269e,2025-10-03T13:27:07Z,'Sturmflut Sturmböen',www.stern.de,de,1.0,Wetter: Schwere Sturmflut und Sturmböen an der Nordseeküste erwartet,Das in den letzten Tagen ruhige Herbstwetter wird am Wochenende durch Sturmböen durcheinandergewirbelt. Das hat auch Auswirkungen auf den Fährverkehr zu den Inseln.,https://www.stern.de/gesellschaft/regional/niedersachsen-bremen/wetter--schwere-sturmflut-und-sturmboeen-an-der-nordseekueste-erwartet-36103750.html,https://image.stern.de/36103752/t/EP/v1/w1440/r1.7778/-/03--afeox7hz7vv8axs2048jpeg---146c17a1fa1c38e5.jpg,,"Kopiere den aktuellen Link
Zur Merkliste hinzufügen
Das in den letzten Tagen ruhige Herbstwetter wird am Wochenende durch Sturmböen durcheinandergewirbelt. Das hat auch Auswirkungen auf den Fährver… [+1604 chars]",,Wetter: Schwere Sturmflut und Sturmböen an der Nordseeküste erwartet. Das in den letzten Tagen ruhige Herbstwetter wird am Wochenende durch Sturmböen durcheinandergewirbelt. Das hat auch Auswirkungen auf den Fährverkehr zu den Inseln.,Weather: Heavy storm surge and squalls expected on the North Sea coast. The autumn weather that has been calm over the last few days will be shaken up by squalls over the weekend. This also has an impact on ferry traffic to the islands.,"Weather: Gravis tempestas fluctuat et procellis expectatur in ora maris septentrionalis. Tempestas autumnalis, quae per hos dies tranquillitas fuerit, procellis agitata erit super weekend. Hoc etiam in insulis commercii vadatici ictum habet.",2025-10-23 18:43:44+00:00
1c3be5c7dcafa283a0ca738cd6fab69a,2025-10-03T13:27:07Z,'Sturmflut Sturmböen',www.zeit.de,de,1.0,Wetter: Schwere Sturmflut und Sturmböen an der Nordseeküste erwartet,Hier finden Sie Informationen zu dem Thema „Wetter“. Lesen Sie jetzt „Schwere Sturmflut und Sturmböen an der Nordseeküste erwartet“.,https://www.zeit.de/news/2025-10/03/schwere-sturmflut-und-sturmboeen-an-der-nordseekueste-erwartet,https://img.zeit.de/news/2025-10/03/schwere-sturmflut-und-sturmboeen-an-der-nordseekueste-erwartet-image-group/wide__1300x731,,Stürmisches Wetter und eine Sturmflut sorgen in Niedersachsen und Bremen für ein ungemütliches Wochenende. An der Küste müssen Urlauber und Bewohner sogar mit möglichen Einschränkungen im Fährverkehr… [+1424 chars],,Wetter: Schwere Sturmflut und Sturmböen an der Nordseeküste erwartet. Hier finden Sie Informationen zu dem Thema „Wetter“. Lesen Sie jetzt „Schwere Sturmflut und Sturmböen an der Nordseeküste erwartet“.,Weather: Heavy storm surge and squalls expected on the North Sea coast. Here you will find information on the topic of “weather”. Now read “Severe storm surge and squalls expected on the North Sea coast”.,"Weather: Gravis tempestas fluctuat et procellis expectatur in ora maris septentrionalis. Hic informationes invenies in argumento ""tempestatis"". Nunc legitur ""Graves procellae impetus et procellae exspectantur in oram maris septentrionalis"".",2025-10-23 18:43:44+00:00
6397f617dc0d57887c21c441042a621c,2025-10-03T14:33:04Z,'Sturmflut Nordsee',www.welt.de,de,1.0,Schwere Sturmflut und Sturmböen an der Nordseeküste erwartet,Das in den vergangenen Tagen ruhige Herbstwetter wird am Wochenende in Niedersachsen und Bremen durch Sturmböen durcheinandergewirbelt. Das hat auch Auswirkungen auf den Fährverkehr zu den Inseln.,https://www.welt.de/vermischtes/article68dfd7e935088eeb70a2a002/unwetter-schwere-sturmflut-und-sturmboeen-an-der-nordseekueste-erwartet.html,https://images.welt.de/68dfd7e935088eeb70a2a002/ee61c9659bfa2a5b3e1957cf54b6110f-master/ci16x9-w1200/norderney,,Stürmisches Wetter und eine Sturmflut sorgen in Niedersachsen und Bremen für ein ungemütliches Wochenende. An der Küste müssen Urlauber und Bewohner sogar mit möglichen Einschränkungen im Fährverkehr… [+1384 chars],,Schwere Sturmflut und Sturmböen an der Nordseeküste erwartet. Das in den vergangenen Tagen ruhige Herbstwetter wird am Wochenende in Niedersachsen und Bremen durch Sturmböen durcheinandergewirbelt. Das hat auch Auswirkungen auf den Fährverkehr zu den Inseln.,Heavy storm surge and squalls expected on the North Sea coast. The autumn weather that has been calm over the past few days will be shaken up by squalls in Lower Saxony and Bremen at the weekend. This also has an impact on ferry traffic to the islands.,Gravis tempestas fluctuat et procellis expectatur ad oram maris septentrionalis. Tempestas autumnalis per hos dies tranquillitas procellis in inferiori Saxonia et Bremensi in auctoribus agitabitur. Hoc etiam in insulis commercii vadatici ictum habet.,2025-10-23 18:43:44+00:00
c7e4fd2e8a93b0a8c6026d1e1e4fbbba,2025-10-04T04:38:23Z,'Sturmflut Sturmböen',www.n-tv.de,de,1.0,Sturmflut und Hagel: Orkantief fegt mit bis zu 110 km/h über Norddeutschland,"Sturm, Regen, Hagel: Wer an Nord- und Ostsee lebt, muss sich auf einen stürmischen Tag einstellen. Wo es besonders windig wird.",https://www.n-tv.de/panorama/Orkantief-fegt-mit-bis-zu-110-km-h-ueber-Norddeutschland-article26073719.html,https://www.n-tv.de/img/incoming/crop26073722/3381329511-cImg_16_9-w1200/dbb1793703590da29efd02cc81e5ed6e.jpg,,"Sturm, Regen, Hagel: Wer an Nord- und Ostsee lebt, muss sich auf einen stürmischen Tag einstellen. Wo es besonders windig wird. 
Orkanartige Böen mit teils bis zu 110 Kilometer pro Stunde ziehen übe… [+2034 chars]",,"Sturmflut und Hagel: Orkantief fegt mit bis zu 110 km/h über Norddeutschland. Sturm, Regen, Hagel: Wer an Nord- und Ostsee lebt, muss sich auf einen stürmischen Tag einstellen. Wo es besonders windig wird.","Storm surge and hail: hurricane depths sweep over northern Germany at speeds of up to 110 km/h. Storm, rain, hail: Anyone who lives on the North and Baltic Seas has to be prepared for a stormy day. Where it gets particularly windy.","Tempestas fluctuat et grando: profunditates procellae Germaniam septentrionalem verrunt cum velocitatibus usque ad 110 km/h. Tempestas, pluvia, grando: Omnis, qui septentrionem et mare Balticum habitat, tempestivo die parari debet. unde maxime ventosus accipit.",2025-10-23 18:43:44+00:00
f9d42588fb10367b5d7dd92b295a0991,2025-10-04T07:22:56Z,'Sturmflut Sturmtief',www.tagesspiegel.de,de,1.0,Böen von bis zu 100 Kilometern pro Stunde: Sturmtief fegt über Deutschland – Verletzte und Fährausfälle,Eine Sturmflut hat die Küste erreicht. Doch nicht nur dort war es bislang ein stürmischer Tag. Zu Buche stehen bereits mehrere Verletzte und einige Sachschäden.,https://www.tagesspiegel.de/gesellschaft/panorama/boen-von-bis-zu-100-kilometern-pro-stunde-sturmtief-fegt-uber-deutschland--verletzte-und-fahrausfalle-14466269.html,https://www.tagesspiegel.de/images/14475698/alternates/BASE_16_9_W1400/1759672130000/sturmboen-auf-der-insel-norderney.jpeg,,Ein Sturmtief ist über Deutschland hinweggefegt und hat in mehreren Bundesländern Schäden angerichtet. Mindestens zwei Menschen wurden verletzt. An der Nordseeküste gab es am Sonntag eine Sturmflut; … [+4112 chars],,Böen von bis zu 100 Kilometern pro Stunde: Sturmtief fegt über Deutschland – Verletzte und Fährausfälle. Eine Sturmflut hat die Küste erreicht. Doch nicht nur dort war es bislang ein stürmischer Tag. Zu Buche stehen bereits mehrere Verletzte und einige Sachschäden.,Gusts of up to 100 kilometers per hour: storm sweeps over Germany - injuries and ferry cancellations. A storm surge has reached the coast. But it wasn't just a stormy day there so far. There are already several injuries and some property damage.,Pentibus usque ad 100 chiliometrorum per hora: tempestas per Germaniam rapit - iniurias et cancellations vada. Tempestas impetus ad oram pervenit. Sed non modo procellosum diem huc usque. Plures iam sunt iniuriae et quaedam res damna.,2025-10-23 18:43:44+00:00
ef0a4db4f9fafccd3c40aa76f5f3cd72,2025-10-04T10:34:48Z,'Sturmflut Sturmböen',www.tagesspiegel.de,de,1.0,Wetter: Sturmtief über Europa - An der Nordsee Sturmflut erwartet,"Flugzeuge bleiben am Boden, Fähren im Hafen. Stürme machen etwa Großbritannien, Norwegen und den Niederlanden schwer zu schaffen. Auch im Norden Deutschlands gibt es Auswirkungen.",https://www.tagesspiegel.de/gesellschaft/panorama/wetter-sturmtief-uber-europa-an-der-nordsee-sturmflut-erwartet-14467739.html,https://www.tagesspiegel.de/images/14470379/alternates/BASE_16_9_W1400/1759601384000/sturm.jpeg,,"Ein Sturmtief fegt derzeit über Nordwesteuropa hinweg und bringt teilweise den Verkehr zum Erliegen. Während in Großbritannien, Irland und den Niederlanden bereits Stromausfälle, Flugausfälle und Ver… [+3562 chars]",,"Wetter: Sturmtief über Europa - An der Nordsee Sturmflut erwartet. Flugzeuge bleiben am Boden, Fähren im Hafen. Stürme machen etwa Großbritannien, Norwegen und den Niederlanden schwer zu schaffen. Auch im Norden Deutschlands gibt es Auswirkungen.","Weather: Storm depression over Europe - Storm surge expected on the North Sea. Planes remain on the ground, ferries remain in port. Storms are causing severe problems in Great Britain, Norway and the Netherlands. There are also effects in northern Germany.","Tempestas: Tempestas tristitia in Europa - Tempestas impetus in Mare Septentrionali expectatur. Plana in terra manent, ferries in portu manent. Tempestates in Magna Britannia, Norvegia et Nederlandia gravissimas difficultates gignunt. Effectus etiam sunt in Germania septentrionali.",2025-10-23 18:43:44+00:00
0d98afe6e959b96a61c4930f4626c77c,2025-10-04T11:05:58Z,'Sturmflut Warnung',www.bild.de,de,1.0,Unwetter am Wochenende - Sturmflut-Warnung für die Nordseeküste,Schwere Sturmflut und Sturmböen an der Nordseeküste: Am Wochenende droht Hochwasser bis zu 2 Meter über Normal – Fährverbindungen zu den Inseln brechen ein.,https://www.bild.de/news/wetter/unwetter-am-wochenende-sturmflut-warnung-fuer-die-nordseekueste-68e019e235088eeb70a2a374,"https://images.bild.de/68e019e235088eeb70a2a374/7a1e5e516e22eec9defd04750ac238aa,402f6b57?w=1280",,"Norderney (Niedersachsen) Die erste Sturmflut des Herbstes kommt im Dreierpack! Sturmtief Detlef sorgt am Wochenende für heftige Böen, Dauerregen und hohe Pegel. Für Niedersachsen und Bremen werden d… [+3335 chars]",,Unwetter am Wochenende - Sturmflut-Warnung für die Nordseeküste. Schwere Sturmflut und Sturmböen an der Nordseeküste: Am Wochenende droht Hochwasser bis zu 2 Meter über Normal – Fährverbindungen zu den Inseln brechen ein.,Storms at the weekend - storm surge warning for the North Sea coast. Heavy storm surge and squalls on the North Sea coast: There is a risk of flooding of up to 2 meters above normal at the weekend - ferry connections to the islands are collapsing.,Tempestates in volutpat vestibulum - tempestas impetus pro oram maris septentrionalis admonet. Gravis tempestas fluctuat et procellis ad oram Maris Septentrionalis: Periculum est inundationis usque ad 2 metra supra normales in volutpat vestibulum - hospites vadatici in insulis ruere.,2025-10-23 18:43:44+00:00
bf62ad51b643bb7bfc19c8bbd7153638,2025-10-04T15:09:27Z,'Sturmflut Hochwasser',www.zeit.de,de,1.0,Wetter: Bundesamt warnt vor Sturmflut,Hier finden Sie Informationen zu dem Thema „Wetter“. Lesen Sie jetzt „Bundesamt warnt vor Sturmflut“.,https://www.zeit.de/news/2025-10/04/bundesamt-warnt-vor-sturmflut,https://img.zeit.de/news/2025-10/04/bundesamt-warnt-vor-sturmflut-image-group/wide__1300x731,,"Die deutsche Nordseeküste muss sich am Sonntag auf eine Sturmflut einstellen. Betroffen seien auch die Flüsse Elbe, Weser und Ems, teilte das Bundesamt für Seeschifffahrt und Hydrographie (BSH) mit. … [+1753 chars]",,Wetter: Bundesamt warnt vor Sturmflut. Hier finden Sie Informationen zu dem Thema „Wetter“. Lesen Sie jetzt „Bundesamt warnt vor Sturmflut“.,Weather: Federal Office warns of storm surge. Here you will find information on the topic of “weather”. Now read “Federal Office warns of storm surge”.,"Tempestas: officium foederatum monet aestus tempestatis. Hic informationes invenies in argumento ""tempestatis"". Nunc legere ""Foederatum officium monet impetus tempestatis"".",2025-10-23 18:43:44+00:00
7138a1321461d55f165c53a063ecfe40,2025-10-04T15:09:27Z,'Sturmflut Fährausfälle',www.stern.de,de,1.0,Wetter: Bundesamt warnt vor Sturmflut,"Hamburg - Die deutsche Nordseeküste muss sich am Sonntag auf eine Sturmflut einstellen. Betroffen seien auch die Flüsse Elbe, Weser und Ems, teilte das",https://www.stern.de/panorama/wetter--bundesamt-warnt-vor-sturmflut-36105184.html,https://image.stern.de/36105186/t/gW/v1/w1440/r1.7778/-/04--ipwsdljt4bv3axs2048jpeg---4e53338fb2d87d89.jpg,,"Kopiere den aktuellen Link
Zur Merkliste hinzufügen
Orkanböen, Fährausfälle, Hochwasser der deutschen Nordseeküste droht am Sonntag eine Sturmflut. Welche Orte besonders betroffen sind.
Die deutsc… [+1902 chars]",,"Wetter: Bundesamt warnt vor Sturmflut. Hamburg - Die deutsche Nordseeküste muss sich am Sonntag auf eine Sturmflut einstellen. Betroffen seien auch die Flüsse Elbe, Weser und Ems, teilte das","Weather: Federal Office warns of storm surge. Hamburg - The German North Sea coast has to prepare for a storm surge on Sunday. The rivers Elbe, Weser and Ems were also affected, it said","Tempestas: officium foederatum monet aestus tempestatis. Hamburg - In ora maritima Germanica Septentrionalis Maris ad tempestatem fluctum die Dominico parandum habet. Amnes Albis, Visurgis et Ems etiam affecti sunt, ut dictum est",2025-10-23 18:43:44+00:00
4b83e49d42a3a858d598c35dfd9d6793,2025-10-04T15:10:28Z,'Sturmflut Fährausfälle',www.tagesspiegel.de,de,1.0,Wetter: Bundesamt warnt vor Sturmflut,"Orkanböen, Fährausfälle, Hochwasser – der deutschen Nordseeküste droht am Sonntag eine Sturmflut. Welche Orte besonders betroffen sind.",https://www.tagesspiegel.de/gesellschaft/panorama/wetter-bundesamt-warnt-vor-sturmflut-14469218.html,https://www.tagesspiegel.de/images/14469215/alternates/BASE_16_9_W1400/1759590627000/strandkorbe-vor-erwarteter-sturmflut-gesichert.jpeg,,"Die deutsche Nordseeküste muss sich am Sonntag auf eine Sturmflut einstellen. Betroffen seien auch die Flüsse Elbe, Weser und Ems, teilte das Bundesamt für Seeschifffahrt und Hydrographie (BSH) mit. … [+1805 chars]",,"Wetter: Bundesamt warnt vor Sturmflut. Orkanböen, Fährausfälle, Hochwasser – der deutschen Nordseeküste droht am Sonntag eine Sturmflut. Welche Orte besonders betroffen sind.","Weather: Federal Office warns of storm surge. Hurricane gusts, ferry cancellations, flooding – the German North Sea coast is threatened with a storm surge on Sunday. Which places are particularly affected.","Tempestas: officium foederatum monet aestus tempestatis. Procellae, cancellations vada, inundationes – maritima Germanica Septentrionalis maris impetus tempestati in die Dominico imminet. Quae loca praecipue afficiuntur.",2025-10-23 18:43:44+00:00
a040614de1d06218e67cc95eb86b9718,2025-10-04T16:05:48Z,'Sturmflut Pegel',www.faz.net,de,1.0,Im Norden Deutschlands: Bundesamt warnt vor Sturmflut,"Pegelstände von bis zu zweieinhalb Metern: Der deutschen Nordseeküste droht am Sonntag eine Sturmflut, auch die Flüsse Elbe, Weser und Ems sind betroffen. Der Fährbetrieb wird vielerorts eingestellt.",https://www.faz.net/aktuell/gesellschaft/ungluecke/bundesamt-warnt-vor-sturmflut-an-der-nordsee-110716854.html,https://media1.faz.net/ppmedia/w1200/aktuell/gesellschaft/4150228657/1.10716915/facebook_teaser/am-samstag-sorgten-bereits.jpg.webp,,"Die deutsche Nordseeküste muss sich am Sonntag auf eine Sturmflut einstellen. Betroffen seien auch die Flüsse Elbe, Weser und Ems, teilte das Bundesamt für Seeschifffahrt und Hydrographie (BSH) mit. … [+1642 chars]",,"Im Norden Deutschlands: Bundesamt warnt vor Sturmflut. Pegelstände von bis zu zweieinhalb Metern: Der deutschen Nordseeküste droht am Sonntag eine Sturmflut, auch die Flüsse Elbe, Weser und Ems sind betroffen. Der Fährbetrieb wird vielerorts eingestellt.","In northern Germany: Federal Office warns of storm surge. Water levels of up to two and a half meters: The German North Sea coast is threatened with a storm surge on Sunday, and the rivers Elbe, Weser and Ems are also affected. Ferry operations will be stopped in many places.","In Germania septentrionali: officium foederatum monet aestus tempestatis. Gradus aquae usque ad duo et dimidii metra: oram maritimae Germanicae septentrionalis tempestati fluctuat die Dominico imminente, et flumina Albis, Visurgis et Ems quoque afficiuntur. Operationes Ferry multis locis obstruetur.",2025-10-23 18:43:44+00:00
f3d54fcda643db9b326202a0fa81cd24,2025-10-04T17:58:49Z,'Sturmflut Pegel',www.n-tv.de,de,1.0,Bundesamt nennt Pegelstände: Sturmflut an der Nordseeküste erwartet,"Ein aktuelles Sturmtief sorgt nicht nur für starken Wind im Norden. Am morgigen Sonntag rechnet das Bundesamt für Seeschifffahrt und Hydrographie auch mit einer Sturmflut. Betroffen sind vor allem die Nordseeküste, aber auch einige Flüsse in der Region.",https://www.n-tv.de/panorama/Sturmflut-an-der-Nordseekueste-erwartet-article26074443.html,https://www.n-tv.de/img/incoming/crop26074453/3001326636-cImg_16_9-w1200/f25e750957ee7a1e475dbb88ccaaf0a1.jpg,,Ein aktuelles Sturmtief sorgt nicht nur für starken Wind im Norden. Am morgigen Sonntag rechnet das Bundesamt für Seeschifffahrt und Hydrographie auch mit einer Sturmflut. Betroffen sind vor allem di… [+1896 chars],,"Bundesamt nennt Pegelstände: Sturmflut an der Nordseeküste erwartet. Ein aktuelles Sturmtief sorgt nicht nur für starken Wind im Norden. Am morgigen Sonntag rechnet das Bundesamt für Seeschifffahrt und Hydrographie auch mit einer Sturmflut. Betroffen sind vor allem die Nordseeküste, aber auch einige Flüsse in der Region.","Federal Office states water levels: Storm surge expected on the North Sea coast. A current storm is not only causing strong winds in the north. The Federal Maritime and Hydrographic Agency is also expecting a storm surge tomorrow, Sunday. The North Sea coast is particularly affected, but also some rivers in the region.","Munus foederatum asserit gradus aquarum: Tempestas impetus in oram Maris Septentrionalis expectatur. Tempestas currens non solum facit ventos fortes in aquilone. Procuratio Foederalis Maritime et Hydrographica etiam tempestatem fluctuum die Dominico crastina exspectat. Litus maris septentrionalis maxime afficitur, sed etiam nonnullis fluminibus in ea regione.",2025-10-23 18:43:44+00:00
7607987c1c0b443c62abfa671dd02e80,2025-10-04T18:08:19Z,'Sturmflut Nordsee',www.stern.de,de,1.0,Wetter: Sturmtief über Europa - An der Nordsee Sturmflut erwartet,"Flugzeuge bleiben am Boden, Fähren im Hafen. Stürme machen etwa Großbritannien, Norwegen und den Niederlanden schwer zu schaffen. Auch im Norden Deutschlands gibt es Auswirkungen.",https://www.stern.de/panorama/wetter--sturmtief-ueber-europa---an-der-nordsee-sturmflut-erwartet-36104784.html,https://image.stern.de/36105346/t/TR/v1/w1440/r1.7778/-/04--qlblckrx52v4axs2048jpeg---d4f7af1ce5ed106c.jpg,,"Kopiere den aktuellen Link
Zur Merkliste hinzufügen
Flugzeuge bleiben am Boden, Fähren im Hafen. Stürme machen etwa Großbritannien, Norwegen und den Niederlanden schwer zu schaffen. Auch im Norden … [+3657 chars]",,"Wetter: Sturmtief über Europa - An der Nordsee Sturmflut erwartet. Flugzeuge bleiben am Boden, Fähren im Hafen. Stürme machen etwa Großbritannien, Norwegen und den Niederlanden schwer zu schaffen. Auch im Norden Deutschlands gibt es Auswirkungen.","Weather: Storm depression over Europe - Storm surge expected on the North Sea. Planes remain on the ground, ferries remain in port. Storms are causing severe problems in Great Britain, Norway and the Netherlands. There are also effects in northern Germany.","Tempestas: Tempestas tristitia in Europa - Tempestas impetus in Mare Septentrionali expectatur. Plana in terra manent, ferries in portu manent. Tempestates in Magna Britannia, Norvegia et Nederlandia gravissimas difficultates gignunt. Effectus etiam sunt in Germania septentrionali.",2025-10-23 18:43:44+00:00
ec1991615947b3a5f01b49d7b1aca6b9,2025-10-04T19:00:24Z,'Sturmflut',www.tagesschau.de,de,1.0,"Stromausfälle und Vekehrsbehinderungen: Sturmtief ""Detlef"" fegt über den Norden","Fähren fallen aus, Flüge werden gestrichen, Straßen gesperrt. Im Norden Europas sorgt ein Sturmtief für ungemütliche Stunden. An der Nordseeküste wird vor einer Sturmflut gewarnt.",https://www.tagesschau.de/inland/gesellschaft/wetter-sturm-110.html,https://images.tagesschau.de/image/dd69e513-893b-4b44-ad8a-45ca3cb2eb7f/AAABmbCYv70/AAABmKJZ-0g/16x9-big/sturm-306.jpg?width=1280,,"Stand: 04.10.2025 21:00 Uhr
Fähren fallen aus, Flüge werden gestrichen, Straßen gesperrt. Im Norden Europas sorgt ein Sturmtief für ungemütliche Stunden. An der Nordseeküste wird vor einer Sturmflut… [+2439 chars]",,"Stromausfälle und Vekehrsbehinderungen: Sturmtief ""Detlef"" fegt über den Norden. Fähren fallen aus, Flüge werden gestrichen, Straßen gesperrt. Im Norden Europas sorgt ein Sturmtief für ungemütliche Stunden. An der Nordseeküste wird vor einer Sturmflut gewarnt.","Power outages and traffic disruptions: Storm “Detlef” is sweeping across the north. Ferries are canceled, flights are canceled, roads are closed. In northern Europe, a storm is causing uncomfortable hours. There are warnings of a storm surge on the North Sea coast.","Vis outages and traffic disruptions: Tempestas ""Detlef"" trans septentrionem verrit. Ferri tolluntur, cassantur volatus, viae clauduntur. In Europa septentrionali tempestas horas incommodas causat. Adsunt monita tempestatis ad oram maris septentrionalis.",2025-10-23 18:43:44+00:00
3c01ff10e0e1a1de32d7ecfaf1f3db27,2025-10-04T19:05:10Z,'Sturmflut',www.sueddeutsche.de,de,1.0,Wetter: Tief über Europa: Warnung vor Sturmflut an deutscher Nordseeküste,"Stürme machten am Samstag bereits Ländern wie Großbritannien, Norwegen und den Niederlanden schwer zu schaffen: Fähr- und Flugverbindungen werden gestrichen, in Frankreich kommen zwei Menschen ums Leben. Im Norden Deutschlands ist für Sonntag mit Einschränkun…",https://www.sueddeutsche.de/panorama/sturmflutwarnung-sturmtief-nordseekueste-li.3321645,https://www.sueddeutsche.de/2025/10/04/94b5028a-d650-4658-9303-c99f44fff5ff.jpg?q=60&fm=webp&width=1200&rect=628%2C61%2C2173%2C1223,,"An der Nordsee fallen beispielsweise am Samstag und Sonntag alle Fahrten des Halunder Jet von und nach Helgoland aus, wie die Reederei FRS Helgoline auf ihrer Homepage mitteilte. Auch die Ostsee ist … [+2791 chars]",,"Wetter: Tief über Europa: Warnung vor Sturmflut an deutscher Nordseeküste. Stürme machten am Samstag bereits Ländern wie Großbritannien, Norwegen und den Niederlanden schwer zu schaffen: Fähr- und Flugverbindungen werden gestrichen, in Frankreich kommen zwei Menschen ums Leben. Im Norden Deutschlands ist für Sonntag mit Einschränkun…","Weather: Low over Europe: Warning of storm surge on the German North Sea coast. Storms on Saturday already caused severe problems for countries such as Great Britain, Norway and the Netherlands: ferry and flight connections were canceled and two people died in France. In the north of Germany there are restrictions for Sunday...","Tempestas: Minimum super Europa: Admonitio tempestatis in oram Maris Septentrionalis Germani. Tempestates die Saturni iam difficultates gravissimas in terris intulerunt sicut Magna Britannia, Norvegia et Nederlandia: hospites vada et fuga abolita sunt et duo homines in Gallia mortui sunt. In septentrionali Germaniae restrictiones sunt pro die dominico...",2025-10-23 18:43:44+00:00
339f8d95aba60a7fb972b801d2f34167,2025-10-04T20:33:31Z,'Sturmflut Pegel',www.welt.de,de,1.0,Norddeutschland muss sich für mögliche schwere Sturmflut am Sonntag wappnen,"Orkanböen, Fährausfälle, Hochwasser – der deutschen Nordseeküste droht am Sonntag eine Sturmflut. Erwartet werden Pegelstände von bis zu zwei Metern über dem mittleren Hochwasser. Welche Orte besonders betroffen sind.",https://www.welt.de/regionales/hamburg/article68e1833dc9fcb483178b7d54/bundesamt-warnt-norddeutschland-muss-sich-fuer-moegliche-schwere-sturmflut-am-sonntag-wappnen.html,https://images.welt.de/68e1833dc9fcb483178b7d54/3b8c63ca3076ca9a3913916aae319f2f-master/ci16x9-w1200/strandkoerbe-vor-erwarteter-sturmflut-gesichert,,"Die deutsche Nordseeküste muss sich am Sonntag auf eine Sturmflut einstellen. Betroffen seien auch die Flüsse Elbe, Weser und Ems, teilte das Bundesamt für Seeschifffahrt und Hydrographie (BSH) mit. … [+1642 chars]",,"Norddeutschland muss sich für mögliche schwere Sturmflut am Sonntag wappnen. Orkanböen, Fährausfälle, Hochwasser – der deutschen Nordseeküste droht am Sonntag eine Sturmflut. Erwartet werden Pegelstände von bis zu zwei Metern über dem mittleren Hochwasser. Welche Orte besonders betroffen sind.","Northern Germany must prepare for possible severe storm surges on Sunday. Hurricane gusts, ferry cancellations, flooding – the German North Sea coast is threatened with a storm surge on Sunday. Water levels of up to two meters above mean flood are expected. Which places are particularly affected.","In Germania septentrionali die Dominico exsurgat vehemens tempestas quam maxime parari debet. Procellae, cancellations vada, inundationes – maritima Germanica Septentrionalis maris impetus tempestati in die Dominico imminet. Aquae gradus usque ad duo metra supra medium diluvium exspectantur. Quae loca praecipue afficiuntur.",2025-10-23 18:43:44+00:00
a434a794fa62ebce1c8dcdfc83deefcc,2025-10-05T03:54:55Z,'Sturmflut Hochwasser',www.zeit.de,de,1.0,Wetter: Sturmflut erwartet - Bislang niedrige Schadensbilanz im Land,Hier finden Sie Informationen zu dem Thema „Wetter“. Lesen Sie jetzt „Sturmflut erwartet - Bislang niedrige Schadensbilanz im Land“.,https://www.zeit.de/news/2025-10/05/sturmflut-erwartet-bislang-niedrige-schadensbilanz-im-land,https://img.zeit.de/news/2025-10/05/sturmflut-erwartet-bislang-niedrige-schadensbilanz-im-land-image-group/wide__1300x731,,Schon vor der nun erwarteten Sturmflut an der Nordseeküste haben starker Wind und Regen in Teilen Deutschlands Bäume entwurzelt und Unfälle verursacht. Besonders betroffen waren Baden-Württemberg und… [+1655 chars],,Wetter: Sturmflut erwartet - Bislang niedrige Schadensbilanz im Land. Hier finden Sie Informationen zu dem Thema „Wetter“. Lesen Sie jetzt „Sturmflut erwartet - Bislang niedrige Schadensbilanz im Land“.,Weather: Storm surge expected - low damage record in the country so far. Here you will find information on the topic of “weather”. Now read “Storm surge expected – low damage record in the country so far”.,"Tempestas: Tempestas impetus expectatur - humilis damnum recordum in terra tam longe. Hic informationes invenies in argumento ""tempestatis"". Nunc legitur ""Tempestas impetus expectatur - humilis damnum recordum in terra tam longe"".",2025-10-23 18:43:44+00:00
068c671c4edb27f9d30d895ff9c5e35b,2025-10-05T03:54:55Z,'Sturmflut Schäden',www.stern.de,de,1.0,Wetter: Sturmflut erwartet - Bislang niedrige Schadensbilanz im Land,Berlin - Schon vor der nun erwarteten Sturmflut an der Nordseeküste haben starker Wind und Regen in Teilen Deutschlands Bäume entwurzelt und Unfälle,https://www.stern.de/gesellschaft/regional/baden-wuerttemberg/wetter--sturmflut-erwartet---bislang-niedrige-schadensbilanz-im-land-36105646.html,https://image.stern.de/36105648/t/Zl/v1/w1440/r1.7778/-/05--cpdbc6rgxjv8axs2048jpeg---0690ae46be0192a7.jpg,,"Kopiere den aktuellen Link
Zur Merkliste hinzufügen
Norddeutschland muss sich gegen hohe Pegelstände und stürmisches Wetter wappnen. Der Rest der Republik kann etwas aufatmen.
Schon vor der nun er… [+1794 chars]",,Wetter: Sturmflut erwartet - Bislang niedrige Schadensbilanz im Land. Berlin - Schon vor der nun erwarteten Sturmflut an der Nordseeküste haben starker Wind und Regen in Teilen Deutschlands Bäume entwurzelt und Unfälle,"Weather: Storm surge expected - low damage record in the country so far. Berlin - Even before the expected storm surge on the North Sea coast, strong winds and rain have uprooted trees and caused accidents in parts of Germany","Tempestas: Tempestas impetus expectatur - humilis damnum recordum in terra tam longe. Berlin - Etiam ante expectata tempestas in oram maris septentrionalis assurgat, venti fortes et pluvia arbores evellerunt et accidentia in partibus Germaniae effecit.",2025-10-23 18:43:44+00:00
e26580217cabfe48c3d11198726cedb8,2025-10-05T07:09:00Z,'Sturmflut Nordsee',www.stern.de,de,1.0,Nordsee: Sturmflut erwartet – Fährverkehr bleibt eingeschränkt,Am Samstag fegten starke Windböen über Teile Süddeutschlands. Nun muss sich Norddeutschland gegen hohe Pegelstände und stürmisches Wetter wappnen.,https://www.stern.de/panorama/wetter--sturmflut-erwartet---faehrverkehr-bleibt-eingeschraenkt-36105646.html,https://image.stern.de/36105648/t/TK/v2/w1440/r1.7778/-/wetter-bild-1.jpg,,"Kopiere den aktuellen Link
Zur Merkliste hinzufügen
Am Samstag fegten starke Windböen über Teile Süddeutschlands. Nun muss sich Norddeutschland gegen hohe Pegelstände und stürmisches Wetter wappnen… [+1714 chars]",,Nordsee: Sturmflut erwartet – Fährverkehr bleibt eingeschränkt. Am Samstag fegten starke Windböen über Teile Süddeutschlands. Nun muss sich Norddeutschland gegen hohe Pegelstände und stürmisches Wetter wappnen.,"North Sea: Storm surge expected – ferry traffic remains restricted. On Saturday, strong gusts of wind swept across parts of southern Germany. Now northern Germany has to arm itself against high water levels and stormy weather.","Mare Septentrionale: Tempestas impetus exspectatur - restat viverra porttitor restringitur. Die Saturni, procellae venti validae per partes Germaniae meridionalis trahebant. Nunc Germania septentrionalis contra altas aquarum gradus et tempestates turbulentas se armare habet.",2025-10-23 18:43:44+00:00
21e9e5a3f1f55117e522af1b3ea7de6e,2025-10-05T07:11:14Z,'Sturmflut Sturmtief',www.stern.de,de,1.0,Wetter: Sturmflut an der deutschen Nordseeküste erwartet,Hannover/Hamburg/Kiel/Schwerin - Ein Sturmtief zieht über Deutschland und sorgt auch am Sonntag im Norden für ungemütliches Wetter. Für den Tag gelte,https://www.stern.de/gesellschaft/regional/hamburg-schleswig-holstein/wetter--sturmflut-an-der-deutschen-nordseekueste-erwartet-36105758.html,https://image.stern.de/36105760/t/dg/v1/w1440/r1.7778/-/05--m7c5sdshuev4axs2048jpeg---b8b0d871946c4265.jpg,,"Kopiere den aktuellen Link
Zur Merkliste hinzufügen
Ein Orkantief sorgt weiter für bedecktes Wetter in Norddeutschland. Besonders an der Küste muss man sich wetterfest anziehen.
Ein Sturmtief zieh… [+1031 chars]",,Wetter: Sturmflut an der deutschen Nordseeküste erwartet. Hannover/Hamburg/Kiel/Schwerin - Ein Sturmtief zieht über Deutschland und sorgt auch am Sonntag im Norden für ungemütliches Wetter. Für den Tag gelte,Weather: Storm surge expected on the German North Sea coast. Hanover/Hamburg/Kiel/Schwerin - A storm is moving across Germany and will also cause uncomfortable weather in the north on Sunday. For the day applies,Tempestas: Tempestas impetus expectatur in ora maritima Germanici septentrionalis. Hanover/Hamburg/Kiel/Schwerin - Tempestas trans Germaniam movetur et etiam tempestates incommodas in septentrione die Dominico faciet. Nam dies est,2025-10-23 18:43:44+00:00
3525ae3bf0c7be81ae0457727a7a86ca,2025-10-05T10:08:00Z,'Sturmflut Nordsee',www.sueddeutsche.de,de,1.0,Hochwasser: Sturmflut erreicht Nordseeküste,Im Norden Deutschlands ist am Sonntag mit Hochwasser und Einschränkungen zu rechnen. In anderen Teilen Europas hat das Sturmtief Bäume umstürzen lassen und für Strom- und Flugausfälle gesorgt. In Frankreich kamen zwei Menschen ums Leben.,https://www.sueddeutsche.de/panorama/sturmflut-nordsee-sturmflut-heute-hamburg-li.3321645,https://www.sueddeutsche.de/2025/10/05/48df7a75-ecff-4b2c-952b-5a67da28498a.jpg?q=60&fm=webp&width=1200&rect=0%2C158%2C4000%2C2250,,"Eine Sturmflutwarnung gelte auch für Elbe, Weser und Ems. An der Elbe werden Pegelstände von mehr als zwei Metern erwartet, um 16 Uhr könnte der Wasserstand am Elb-Pegel St. Pauli etwa zwei Meter übe… [+2799 chars]",,Hochwasser: Sturmflut erreicht Nordseeküste. Im Norden Deutschlands ist am Sonntag mit Hochwasser und Einschränkungen zu rechnen. In anderen Teilen Europas hat das Sturmtief Bäume umstürzen lassen und für Strom- und Flugausfälle gesorgt. In Frankreich kamen zwei Menschen ums Leben.,"Floods: Storm surge reaches North Sea coast. Flooding and restrictions are expected in northern Germany on Sunday. In other parts of Europe, the storm caused trees to fall and caused power and flight cancellations. Two people were killed in France.",Inundationes: Tempestas impetus ad oram maris septentrionalis pervenit. Inundationes et restrictiones in Germania septentrionali die Dominico expectantur. In aliis Europae partibus tempestas arbores incidere fecit ac potestatem et fugam cancellis effecit. Duo homines in Gallia interfecti sunt.,2025-10-23 18:43:44+00:00
4d7b20799d1d5fe1dcd56002a0a0a30a,2025-10-05T11:16:21Z,'Sturmflut Sturmböen',www.zeit.de,de,1.0,Wetter: Sturmflut erreicht Nordseeküste,Hier finden Sie Informationen zu dem Thema „Wetter“. Lesen Sie jetzt „Sturmflut erreicht Nordseeküste“.,https://www.zeit.de/news/2025-10/05/sturmflut-erreicht-nordseekueste,https://img.zeit.de/news/2025-10/05/sturmflut-erreicht-nordseekueste-image-group/wide__1300x731,,"Die angekündigte Sturmflut hat die schleswig-holsteinische Nordseeküste erreicht. Die Pegelstände können am Sonntag in Teilen der Küstenregion bis zu zwei Meter über dem mittleren Hochwasser stehen, … [+887 chars]",,Wetter: Sturmflut erreicht Nordseeküste. Hier finden Sie Informationen zu dem Thema „Wetter“. Lesen Sie jetzt „Sturmflut erreicht Nordseeküste“.,Weather: Storm surge reaches North Sea coast. Here you will find information on the topic of “weather”. Now read “Storm surge reaches North Sea coast”.,"Weather: storm aestus pervenit ad oram maris septentrionalis. Hic informationes invenies in argumento ""tempestatis"". Nunc legitur ""Tempestas impetus ad oram maris septentrionalis"".",2025-10-23 18:43:44+00:00
918e369ca942cf63bfff717c1974cd14,2025-10-05T11:49:15Z,'Sturmflut Pegel',www.stern.de,de,1.0,Wetter: Sturmflut erreicht Nordseeküste,Kiel - Die angekündigte Sturmflut hat die schleswig-holsteinische Nordseeküste erreicht. Die Pegelstände können am Sonntag in Teilen der Küstenregion,https://www.stern.de/gesellschaft/regional/bayern/wetter--sturmflut-erreicht-nordseekueste-36105736.html,https://image.stern.de/36106328/t/WA/v1/w1440/r1.7778/-/05--aavbjd53h7v3axs2048jpeg---e9e53d87c7725c41.jpg,,"Kopiere den aktuellen Link
Zur Merkliste hinzufügen
Regen, Wind und Wellen: Die angekündigte Sturmflut hat die Küste Schleswig-Holsteins erreicht. Einige Menschen nutzen das Wetter.
Die angekündig… [+1032 chars]",,Wetter: Sturmflut erreicht Nordseeküste. Kiel - Die angekündigte Sturmflut hat die schleswig-holsteinische Nordseeküste erreicht. Die Pegelstände können am Sonntag in Teilen der Küstenregion,Weather: Storm surge reaches North Sea coast. Kiel - The announced storm surge has reached the Schleswig-Holstein North Sea coast. Water levels may rise in parts of the coastal region on Sunday,Weather: storm aestus pervenit ad oram maris septentrionalis. Kiel - Nuntiatus procellae impetus ad Schleswig-Holstein oram maris septentrionalis pervenit. Aquae gradus in partibus regionis maritimae die dominico oriri possunt,2025-10-23 18:43:44+00:00
9a6d44acc8905c770b3b2490bd71c2e6,2025-10-05T12:02:12Z,'Sturmflut',www.tagesschau.de,de,1.0,"Sturmflutwarnung und Fährausfälle durch Sturmtief ""Detlef""","Stromausfälle in Norwegen, gestrichene Flüge in den Niederlanden: Ein Sturmtief zieht über Teile Europas hinweg und sorgt auch in Deutschland für Schäden. Für die Nordseeküste gilt eine Sturmflutwarnung.",https://www.tagesschau.de/inland/sturmtief-detlef-100.html,https://images.tagesschau.de/image/6f76d33d-823d-450e-8f69-52f8107d71fe/AAABmbQKXFQ/AAABmKJZ-0g/16x9-big/sturmflut-140.jpg?width=1280,,"Stand: 05.10.2025 14:02 Uhr
Stromausfälle in Norwegen, gestrichene Flüge in den Niederlanden: Ein Sturmtief zieht über Teile Europas hinweg und sorgt auch in Deutschland für Schäden. Für die Nordsee… [+5006 chars]",,"Sturmflutwarnung und Fährausfälle durch Sturmtief ""Detlef"". Stromausfälle in Norwegen, gestrichene Flüge in den Niederlanden: Ein Sturmtief zieht über Teile Europas hinweg und sorgt auch in Deutschland für Schäden. Für die Nordseeküste gilt eine Sturmflutwarnung.","Storm surge warning and ferry cancellations due to storm “Detlef”. Power outages in Norway, canceled flights in the Netherlands: a storm is hitting parts of Europe and is also causing damage in Germany. A storm surge warning applies to the North Sea coast.","Tempestas fluctuum monens et porttitor cancellations ex tempestate ""Detlef"". Potentia outages in Norvegia, volatus in Belgio cassavit: tempestas partes Europae ferit et etiam damnum in Germania causat. Tempestas fluctuat admonitio ad oram maris septentrionalis applicat.",2025-10-23 18:43:44+00:00
e3ebb7dc9477f4ca165592ae60740715,2025-10-05T12:12:49Z,'Sturmflut',www.bild.de,de,1.0,Sturmflut trifft Norderney - Campingplatz versinkt komplett im Wasser,Rund 80 Wohnmobile und Wohnwagen versinken am Sonntagmorgen auf Norderney in den gewaltigen Fluten. Ein Campingplatz ist komplett überschwemmt.,https://www.bild.de/news/inland/sturmflut-trifft-norderney-campingplatz-versinkt-komplett-im-wasser-68e252671f6c1806eefbdeb0,"https://images.bild.de/68e252671f6c1806eefbdeb0/a8ad7f43c0a6b11042314c3ca3a1293e,a2597242?w=1280",,"Mehr zum Video anzeigen 
Rund 80 Wohnmobile und Wohnwagen versinken am Sonntagmorgen auf Norderney in den gewaltigen Fluten. Ein Campingplatz ist komplett überschwemmt. 
Quelle: NonstopNews, MeteoR… [+23 chars]",,Sturmflut trifft Norderney - Campingplatz versinkt komplett im Wasser. Rund 80 Wohnmobile und Wohnwagen versinken am Sonntagmorgen auf Norderney in den gewaltigen Fluten. Ein Campingplatz ist komplett überschwemmt.,Storm surge hits Norderney - campsite sinks completely into the water. Around 80 mobile homes and caravans sank in the massive floods on Norderney on Sunday morning. A campsite is completely flooded.,Tempestas impetus Norderney - campsite omnino in aquam demittit. Circum 80 domos mobiles et caravanae in ingentes inundationes Norderney die dominico mane demersae sunt. Campsite omnino inundata est.,2025-10-23 18:43:44+00:00
ed2a43ab2851f9a0136a5f043435a800,2025-10-05T13:41:16Z,'Sturmflut',www.stern.de,de,1.0,Sturmflut über Teilen Norddeutschlands: Störungen im Fährverkehr,Ein Sturm ist über Teile Norddeutschlands hinweggezogen und hat für Störungen im Fährverkehr gesorgt. Die Fährverbindung zwischen Rostock in Mecklenburg-Vorpommern und Gedser in Dänemark wurde nach Angaben des Betreibers Scandlines am Sonntag komplett gestric…,https://www.stern.de/news/sturmflut-ueber-teilen-norddeutschlands--stoerungen-im-faehrverkehr-36106532.html,https://image.stern.de/36106534/t/jO/v1/w1440/r1.7778/-/05--wellengang-in-buesum-bei-einem-frueheren-sturm---9364567650239af1.jpg,,"Kopiere den aktuellen Link
Zur Merkliste hinzufügen
Ein Sturm ist über Teile Norddeutschlands hinweggezogen und hat für Störungen im Fährverkehr gesorgt. Die Fährverbindung zwischen Rostock in Meck… [+1064 chars]",,Sturmflut über Teilen Norddeutschlands: Störungen im Fährverkehr. Ein Sturm ist über Teile Norddeutschlands hinweggezogen und hat für Störungen im Fährverkehr gesorgt. Die Fährverbindung zwischen Rostock in Mecklenburg-Vorpommern und Gedser in Dänemark wurde nach Angaben des Betreibers Scandlines am Sonntag komplett gestric…,"Storm surge over parts of northern Germany: disruption to ferry traffic. A storm hit parts of northern Germany and caused disruption to ferry traffic. According to the operator Scandlines, the ferry connection between Rostock in Mecklenburg-Western Pomerania and Gedser in Denmark was completely canceled on Sunday...","Tempestas super partes Germaniae septentrionalis oritur: discidium ad commercium vadatum. Tempestas partium Germaniae septentrionalis incidit et disruptionem ad commercium passivorum effecit. Secundum Scandalum operator, connexio portitorii inter Rostock in Pomerania Mecklenburg-Western et Gedser in Dania die Dominico omnino deleta est.",2025-10-23 18:43:44+00:00
16c9e45e769b8e7308c8df26976c312c,2025-10-05T14:43:33Z,'Sturmflut',www.stern.de,de,1.0,Wetter: Orkanböen legen Fähren lahm – Windsurf-Elite feiert Nordsee,"Kiel/Hamburg (lno) - Orkanartige Böen, starker Regen und eine Sturmflut haben den Menschen in Schleswig-Holstein und Hamburg ein ungemütliches Wochenende",https://www.stern.de/gesellschaft/regional/hamburg-schleswig-holstein/wetter--orkanboeen-legen-faehren-lahm---windsurf-elite-feiert-nordsee-36106642.html,https://image.stern.de/36106644/t/ct/v1/w1440/r1.7778/-/05--aysor6gttyv4axs2048jpeg---543248d69ca4c617.jpg,,"Kopiere den aktuellen Link
Zur Merkliste hinzufügen
Während Fähren ausfielen und der Fischmarkt unter Wasser stand, nutzte die Windsurf-Elite auf Sylt die stürmischen Bedingungen zum Saisonhöhepunk… [+4609 chars]",,"Wetter: Orkanböen legen Fähren lahm – Windsurf-Elite feiert Nordsee. Kiel/Hamburg (lno) - Orkanartige Böen, starker Regen und eine Sturmflut haben den Menschen in Schleswig-Holstein und Hamburg ein ungemütliches Wochenende","Weather: Hurricane gusts paralyze ferries – windsurfing elite celebrate the North Sea. Kiel/Hamburg (lno) - Hurricane-like gusts, heavy rain and a storm surge are having an uncomfortable weekend for people in Schleswig-Holstein and Hamburg","Tempestas: procellae procellae impediunt ferries - elite ventosae mare septentrionale celebramus. Kiel/Hamburg (lno) - Procellae quasi procellae, pluviae et procellae impetus graves habent volutpat incommodam hominibus in Schleswig-Holstein et Hamburg.",2025-10-23 18:43:44+00:00
0d3a474d266afbd6e952da9428f914b5,2025-10-05T15:10:05Z,'Sturmflut Nordsee',www.n-tv.de,de,1.0,"Zwei Menschen verletzt: Sturmtief ""Detlef"" wirbelt Deutschland durch","Zwar bleiben bundesweit größere Schäden aus, dennoch sorgen starker Wind und eine Sturmflut an der Nordseeküste für massive Einschränkungen. Mehrere Menschen kommen zu Schaden. Doch einige konnten der Witterung auch etwas Positives abgewinnen.",https://www.n-tv.de/panorama/Sturmtief-Detlef-wirbelt-Deutschland-durch-article26075348.html,https://www.n-tv.de/img/incoming/crop26075346/9371326589-cImg_16_9-w1200/4060f36a1bdb130bb22ca7d51d5f2f2b.jpg,,"Zwar bleiben bundesweit größere Schäden aus, dennoch sorgen starker Wind und eine Sturmflut an der Nordseeküste für massive Einschränkungen. Mehrere Menschen kommen zu Schaden. Doch einige konnten de… [+3832 chars]",,"Zwei Menschen verletzt: Sturmtief ""Detlef"" wirbelt Deutschland durch. Zwar bleiben bundesweit größere Schäden aus, dennoch sorgen starker Wind und eine Sturmflut an der Nordseeküste für massive Einschränkungen. Mehrere Menschen kommen zu Schaden. Doch einige konnten der Witterung auch etwas Positives abgewinnen.","Two people injured: storm “Detlef” swirls through Germany. Although there is no major damage nationwide, strong winds and a storm surge on the North Sea coast are causing massive restrictions. Several people are injured. But some were also able to gain something positive from the weather.","Duo homines laeserunt: tempestas ""Detlef"" vergit per Germaniam. Quamquam nullum maius damnum nationum est, venti fortes et tempestas fluctuat ad oram maris septentrionalis magnas restrictiones faciunt. Plures homines laeduntur. Sed quidam etiam aliquid positive a tempestate lucrari poterant.",2025-10-23 18:43:44+00:00
2b94fa1bcf466f49ec69651b419a157e,2025-10-05T15:35:28Z,'Sturmflut',www.welt.de,de,1.0,„Detlef“ fegt über Deutschland – mehrere Verletzte und Sturmflut an der Nordsee,"Orkanböen, überflutete Küsten, umgestürzte Bäume: Das Sturmtief „Detlef“ hat weite Teile Europas getroffen. In Deutschland kam es zu mehreren Unfällen. Polizei, Feuerwehr und Rettungsdienste waren im Dauereinsatz – auch mit Rettungshubschraubern.",https://www.welt.de/vermischtes/article68e27ed3c9fcb483178b8682/sturmtief-detlef-fegt-ueber-deutschland-mehrere-verletzte-und-sturmflut-an-der-nordsee.html,https://images.welt.de/68e27ed3c9fcb483178b8682/2e2addf3621550061f2f8ca9b105b1cf-master/ci16x9-w1200/sturmflut-an-der-nordsee,,"Orkanböen, überflutete Küsten, umgestürzte Bäume: Das Sturmtief Detlef hat weite Teile Europas getroffen. In Deutschland kam es zu mehreren Unfällen. Polizei, Feuerwehr und Rettungsdienste waren im D… [+5181 chars]",,"„Detlef“ fegt über Deutschland – mehrere Verletzte und Sturmflut an der Nordsee. Orkanböen, überflutete Küsten, umgestürzte Bäume: Das Sturmtief „Detlef“ hat weite Teile Europas getroffen. In Deutschland kam es zu mehreren Unfällen. Polizei, Feuerwehr und Rettungsdienste waren im Dauereinsatz – auch mit Rettungshubschraubern.","“Detlef” sweeps over Germany – several injured and a storm surge on the North Sea. Hurricane gusts, flooded coasts, fallen trees: Storm Detlef hit large parts of Europe. There were several accidents in Germany. The police, fire brigade and rescue services were in constant use – including rescue helicopters.","""Detlef"" in Germaniam verrit - aliquot laesa et tempestas impetus in Mare Septentrionali. Procellae procellae, littora inundata, arbores lapsae: Tempestas Detlef magnas Europae partes attingit. Multa accidentia in Germania fuerunt. Vigiles, latrocinia et servitia ignis in usu assiduo erant – inclusis helicopteris liberandis.",2025-10-23 18:43:44+00:00
0981210ce7b6298899e4369a0393cc2f,2025-10-05T17:00:57Z,'Sturmflut Sturmtief',www.tagesschau.de,de,1.0,"Mehrere Schwerverletzte bei Sturmtief ""Detlef"" in Deutschland","Sturmflut in Hamburg, starke Böen auf dem Brocken, umgeknickte Bäume im Süden: ""Detlef"" hat am Wochenende seine Spuren hinterlassen. Mindestens drei Menschen wurden verletzt. Für den Montag ist eine Wetterbesserung vorhergesagt.",https://www.tagesschau.de/inland/gesellschaft/wetter-sturm-detlef-100.html,https://images.tagesschau.de/image/8a12d81c-fa85-4347-9064-aefddc69280a/AAABmbVRuWc/AAABmKJZ-0g/16x9-big/sturm-328.jpg?width=1280,,"Stand: 05.10.2025 19:00 Uhr
Sturmflut in Hamburg, starke Böen auf dem Brocken, umgeknickte Bäume im Süden: ""Detlef"" hat am Wochenende seine Spuren hinterlassen. Mindestens drei Menschen wurden verle… [+3096 chars]",,"Mehrere Schwerverletzte bei Sturmtief ""Detlef"" in Deutschland. Sturmflut in Hamburg, starke Böen auf dem Brocken, umgeknickte Bäume im Süden: ""Detlef"" hat am Wochenende seine Spuren hinterlassen. Mindestens drei Menschen wurden verletzt. Für den Montag ist eine Wetterbesserung vorhergesagt.","Several seriously injured in storm “Detlef” in Germany. Storm surge in Hamburg, strong gusts on the Brocken, broken trees in the south: ""Detlef"" left his mark at the weekend. At least three people were injured. The weather is forecast to improve on Monday.","Plures in Germania ""Detlef"" in tempestate graviter laesi sunt. Tempestas in Hamburgo fluctuat, procellae validae in Brocken, arbores in australi fractae: ""Detlef"" signum suum in volutpat vestibulum reliquit. Saltem tres homines vulnerati sunt. Tempestas praecognoscet ut die Lunae meliores fiant.",2025-10-23 18:43:44+00:00
9b3dda7995ce9df069288a7f5c929b3b,2025-10-05T20:54:32Z,'Sturmflut',www.zeit.de,de,1.0,Wetter: Kreuzfahrtschiff steckt wegen Sturmflut in Hamburg fest,Hier finden Sie Informationen zu dem Thema „Wetter“. Lesen Sie jetzt „Kreuzfahrtschiff steckt wegen Sturmflut in Hamburg fest“.,https://www.zeit.de/news/2025-10/05/kreuzfahrtschiff-steckt-wegen-sturmflut-in-hamburg-fest,https://img.zeit.de/news/2025-10/05/kreuzfahrtschiff-steckt-wegen-sturmflut-in-hamburg-fest-image-group/wide__1300x731,,Wegen der Sturmflut kann das Kreuzfahrtschiff «Aidaperla» seit Samstag nicht den Hamburger Hafen verlassen. Aufgrund der anhaltenden Schlechtwetterlage und der damit verbundenen Schließung der Elbe f… [+904 chars],,Wetter: Kreuzfahrtschiff steckt wegen Sturmflut in Hamburg fest. Hier finden Sie Informationen zu dem Thema „Wetter“. Lesen Sie jetzt „Kreuzfahrtschiff steckt wegen Sturmflut in Hamburg fest“.,Weather: Cruise ship stuck in Hamburg due to storm surge. Here you will find information on the topic of “weather”. Now read “Cruise ship stuck in Hamburg due to storm surge”.,"Tempestas: Cruise navis in Hamburg haesit propter aestum tempestatis. Hic informationes invenies in argumento ""tempestatis"". Nunc legitur ""Cruise navis in Hamburgum adhaesit propter aestum tempestatis"".",2025-10-23 18:43:44+00:00
cd097656e6ba2b51d15fccdb3030c136,2025-10-05T20:54:32Z,'Sturmflut',www.stern.de,de,1.0,Wetter: Kreuzfahrtschiff steckt wegen Sturmflut in Hamburg fest,Kiel/Hamburg - Wegen der Sturmflut kann das Kreuzfahrtschiff «Aidaperla» seit Samstag nicht den Hamburger Hafen verlassen. Aufgrund der anhaltenden,https://www.stern.de/gesellschaft/regional/hamburg-schleswig-holstein/wetter--kreuzfahrtschiff-steckt-wegen-sturmflut-in-hamburg-fest-36106946.html,https://image.stern.de/36106948/t/gf/v1/w1440/r1.7778/-/05--b5yhes4oskv4axs2048jpeg---c01b51a054a94ea8.jpg,,"Kopiere den aktuellen Link
Zur Merkliste hinzufügen
Die ""Aidaperla"" sollte am Samstag nach Norwegen auslaufen. Doch der Sturm macht dem Kreuzfahrtschiff einen Strich durch die Rechnung.
Wegen der … [+1053 chars]",,Wetter: Kreuzfahrtschiff steckt wegen Sturmflut in Hamburg fest. Kiel/Hamburg - Wegen der Sturmflut kann das Kreuzfahrtschiff «Aidaperla» seit Samstag nicht den Hamburger Hafen verlassen. Aufgrund der anhaltenden,"Weather: Cruise ship stuck in Hamburg due to storm surge. Kiel/Hamburg - Because of the storm surge, the cruise ship “Aidaperla” has not been able to leave the port of Hamburg since Saturday. Due to the ongoing","Tempestas: Cruise navis in Hamburg haesit propter aestum tempestatis. Kiel/Hamburg - Propter procellam, lecythus navis ""Aidaperla"" portum Hamburgum post Saturni relinquere non potuit. Ob ongoing",2025-10-23 18:43:44+00:00
670755e4acb118d64d400fbed169e0d9,2025-10-05T21:26:00Z,'Sturmflut',www.stern.de,de,1.0,Sturmflut: Kreuzfahrtschiff steckt in Hamburg fest,"Eigentlich sollte die ""Aidaperla"" am Samstag nach Norwegen auslaufen. Doch der Sturm über Nordeuropa macht dem Kreuzfahrtschiff einen Strich durch die Rechnung.",https://www.stern.de/panorama/aidaperla--kreuzfahrtschiff-steckt-in-hamburg-fest-36106946.html,https://image.stern.de/36106948/t/gf/v1/w1440/r1.7778/-/05--b5yhes4oskv4axs2048jpeg---c01b51a054a94ea8.jpg,,"Kopiere den aktuellen Link
Zur Merkliste hinzufügen
Eigentlich sollte die ""Aidaperla"" am Samstag nach Norwegen auslaufen. Doch der Sturm über Nordeuropa macht dem Kreuzfahrtschiff einen Strich durc… [+1080 chars]",,"Sturmflut: Kreuzfahrtschiff steckt in Hamburg fest. Eigentlich sollte die ""Aidaperla"" am Samstag nach Norwegen auslaufen. Doch der Sturm über Nordeuropa macht dem Kreuzfahrtschiff einen Strich durch die Rechnung.",Storm surge: Cruise ship stuck in Hamburg. The “Aidaperla” was actually supposed to leave for Norway on Saturday. But the storm over Northern Europe thwarts the cruise ship's plans.,"Tempestas fluctu: Cruise navis Hamburgi adhaesit. ""Aidaperla"" actu Saturni die Norvegiam proficisci existimatus est. Tempestas autem in Europa septentrionali lecythus navis consiliis retardat.",2025-10-23 18:43:44+00:00
0a27bc98b0ea14d25343f10517142d0c,2025-10-06T04:53:00Z,'Sturmflut',www.stern.de,de,1.0,"Sturmflut: Kreuzfahrtschiff ""Aidaperla"" steckt in Hamburg fest","Eigentlich sollte die ""Aidaperla"" schon auf dem Weg nach Norwegen sein. Doch ein Sturm über Nordeuropa macht dem Kreuzfahrtschiff einen Strich durch die Rechnung.",https://www.stern.de/panorama/-aidaperla---kreuzfahrtschiff-steckt-in-hamburg-fest-36106946.html,https://image.stern.de/36106948/t/9o/v3/w1440/r1.7778/-/kreuzfahrtschiff-aidaperla-hamburg.jpg,,"Kopiere den aktuellen Link
Zur Merkliste hinzufügen
Eigentlich sollte die ""Aidaperla"" schon auf dem Weg nach Norwegen sein. Doch ein Sturm über Nordeuropa macht dem Kreuzfahrtschiff einen Strich du… [+984 chars]",,"Sturmflut: Kreuzfahrtschiff ""Aidaperla"" steckt in Hamburg fest. Eigentlich sollte die ""Aidaperla"" schon auf dem Weg nach Norwegen sein. Doch ein Sturm über Nordeuropa macht dem Kreuzfahrtschiff einen Strich durch die Rechnung.","Storm surge: Cruise ship ""Aidaperla"" is stuck in Hamburg. The “Aidaperla” was actually supposed to be on its way to Norway. But a storm over Northern Europe thwarts the cruise ship's plans.","Tempestas fluctuat: Cruise navis ""Aidaperla"" in Hamburg haesit. ""Aidaperla"" revera existimatus est in itinere suo Norvegiam esse. Sed tempestas in Europa septentrionali lecythus machinas navis retardat.",2025-10-23 18:43:44+00:00
01bf2b5a752fd818f9a9be6bebd11004,2025-10-07T08:14:44Z,'Sturmflut',www.bild.de,de,1.0,Sturmflut trifft Norderney - Campingplatz versinkt im Wasser,Rund 80 Wohnmobile und Wohnwagen versinken am Sonntagmorgen auf Norderney in den gewaltigen Fluten. Ein Campingplatz ist komplett überschwemmt.,https://www.bild.de/news/inland/campingplatz-auf-norderney-versinkt-im-wasser-68e252671f6c1806eefbdeb0,"https://images.bild.de/68e252671f6c1806eefbdeb0/a8ad7f43c0a6b11042314c3ca3a1293e,a2597242?w=1280",,"Mehr zum Video anzeigen 
Rund 80 Wohnmobile und Wohnwagen versinken am Sonntagmorgen auf Norderney in den gewaltigen Fluten. Ein Campingplatz ist komplett überschwemmt. 
Quelle: NonstopNews, MeteoR… [+23 chars]",,Sturmflut trifft Norderney - Campingplatz versinkt im Wasser. Rund 80 Wohnmobile und Wohnwagen versinken am Sonntagmorgen auf Norderney in den gewaltigen Fluten. Ein Campingplatz ist komplett überschwemmt.,Storm surge hits Norderney - campsite sinks into the water. Around 80 mobile homes and caravans sank in the massive floods on Norderney on Sunday morning. A campsite is completely flooded.,Tempestas impetus Norderney - campsite in aquam demittit. Circum 80 domos mobiles et caravanae in ingentes inundationes Norderney die dominico mane demersae sunt. Campsite omnino inundata est.,2025-10-23 18:43:44+00:00
5ce4e677c2119e774a0276f443407282,2025-10-20T11:53:28Z,'Sturmflut Ostsee',www.zeit.de,de,1.0,Zwei Jahre nach Ostseeflut: Schutzanlagen nach Ostseesturmflut 2023 wieder in Ordnung,Hier finden Sie Informationen zu dem Thema „Zwei Jahre nach Ostseeflut“. Lesen Sie jetzt „Schutzanlagen nach Ostseesturmflut 2023 wieder in Ordnung“.,https://www.zeit.de/news/2025-10/20/schutzanlagen-nach-ostseesturmflut-2023-wieder-in-ordnung,https://img.zeit.de/news/2025-10/20/schutzanlagen-nach-ostseesturmflut-2023-wieder-in-ordnung-image-group/wide__1300x731,,Zwei Jahre nach der Ostseesturmflut vom Oktober 2023 sind die Reparaturarbeiten nach Angaben von Schleswig-Holsteins Umweltminister Tobias Goldschmidt (Grüne) abgeschlossen. Die wiederhergestellten D… [+994 chars],,Zwei Jahre nach Ostseeflut: Schutzanlagen nach Ostseesturmflut 2023 wieder in Ordnung. Hier finden Sie Informationen zu dem Thema „Zwei Jahre nach Ostseeflut“. Lesen Sie jetzt „Schutzanlagen nach Ostseesturmflut 2023 wieder in Ordnung“.,Two years after the Baltic Sea flood: protective systems are back in order after the Baltic Sea storm surge in 2023. Here you will find information on the topic “Two years after the Baltic Sea flood”. Now read “Protection systems back in order after Baltic Sea storm surge in 2023”.,"Duobus annis post diluvium Maris Baltici: systemata tutelae in ordine revertuntur post tempestatem maris Baltici in anno 2023. Hic invenies in argumento ""Biennium post diluvium Maris Baltici"". Nunc legitur ""Protectio systemata rursus in ordine post aestus maris Baltici tempestas 2023"".",2025-10-23 18:43:44+00:00
b23986b51e3923503ca218c053bf9fe6,2025-10-20T11:53:28Z,'Sturmflut Folgen',www.stern.de,de,1.0,Zwei Jahre nach Ostseeflut: Schutzanlagen nach Ostseesturmflut 2023 wieder in Ordnung,Kiel (lno) - Zwei Jahre nach der Ostseesturmflut vom Oktober 2023 sind die Reparaturarbeiten nach Angaben von Schleswig-Holsteins Umweltminister Tobias,https://www.stern.de/gesellschaft/regional/hamburg-schleswig-holstein/zwei-jahre-nach-ostseeflut--schutzanlagen-nach-ostseesturmflut-2023-wieder-in-ordnung-36145916.html,https://image.stern.de/36145918/t/1B/v1/w1440/r1.7778/-/20--xae4fcp5kvv4axs2048jpeg---64294c9c2ac9ff41.jpg,,"Kopiere den aktuellen Link
Zur Merkliste hinzufügen
Vor zwei Jahren suchte eine schwere Sturmflut die Ostsee heim. Nun sind die Deiche wieder repariert. Doch der Klimawandel bleibt eine Herausforde… [+1160 chars]",,Zwei Jahre nach Ostseeflut: Schutzanlagen nach Ostseesturmflut 2023 wieder in Ordnung. Kiel (lno) - Zwei Jahre nach der Ostseesturmflut vom Oktober 2023 sind die Reparaturarbeiten nach Angaben von Schleswig-Holsteins Umweltminister Tobias,"Two years after the Baltic Sea flood: protective systems are back in order after the Baltic Sea storm surge in 2023. Kiel (lno) - According to Schleswig-Holstein's Environment Minister Tobias, the repair work is two years after the Baltic Sea storm surge in October 2023","Biennio post diluvium Maris Baltici: systemata tutela in ordinem rediguntur post tempestatem maris Baltici anno 2023. Kiel (lno) - Secundum Ministerium Tobiae Schleswig-Holstein, opus reparatum est post biennium post tempestatem maris Baltici fluctu mense Octobri 2023",2025-10-23 18:43:44+00:00
63b592261fa92cb760f4decec49d03d4,2025-10-20T14:11:54Z,'Sturmflut Küstenschutz',www.welt.de,de,1.0,„In Zeiten des Klimawandels müssen wir beim Küstenschutz besonders am Ball bleiben“,"Die Sturmflut vom Oktober 2023 verwüstete die Ostseeküste: Pegelrekorde in Flensburg, zerstörte Promenaden in Travemünde und am Timmendorfer Strand, Millionen-Schäden in Häfen und Ferienorten. Nun sind alle Deiche wieder hergestellt und viele ertüchtigt.",https://www.welt.de/regionales/hamburg/article68f6370259e2e09750705a11/umweltminister-mahnt-in-zeiten-des-klimawandels-muessen-wir-beim-kuestenschutz-besonders-am-ball-bleiben.html,https://images.welt.de/68f6370259e2e09750705a11/e664ac5731c7a6d25769aadcdcaf650c-master/ci16x9-w1200/sturmflut,,"Die Sturmflut vom Oktober 2023 verwüstete die Ostseeküste: Pegelrekorde in Flensburg, zerstörte Promenaden in Travemünde und am Timmendorfer Strand, Millionen-Schäden in Häfen und Ferienorten. Nun si… [+2964 chars]",,"„In Zeiten des Klimawandels müssen wir beim Küstenschutz besonders am Ball bleiben“. Die Sturmflut vom Oktober 2023 verwüstete die Ostseeküste: Pegelrekorde in Flensburg, zerstörte Promenaden in Travemünde und am Timmendorfer Strand, Millionen-Schäden in Häfen und Ferienorten. Nun sind alle Deiche wieder hergestellt und viele ertüchtigt.","“In times of climate change, we need to stay on top of coastal protection.” The storm surge of October 2023 devastated the Baltic Sea coast: record water levels in Flensburg, destroyed promenades in Travemünde and on Timmendorfer Strand, millions in damage in ports and holiday resorts. All dikes have now been restored and many have been strengthened.","""Temporibus mutationis climatis super tutelam maritimam manere necesse est."" Tempestas impetus Octobris 2023 oram Maris Baltici devastavit: recordatio aquarum in Flensburg, ambulationes in Travemünde et in Timmendorfer Strand destructa, decies centena milia damnorum in portubus et frequentia feriarum. Omnia fossata iam restituta sunt et multa confirmata sunt.",2025-10-23 18:43:44+00:00
e1106c7809e40f165cc3dcc41ed84130,2025-10-22T12:07:15Z,'Sturmflut',www.n-tv.de,de,1.0,"Sturmfluten und Schäden möglich: ""Bomben-Zyklon"" bringt Orkanböen an Nordseeküste","Das Sturm- und Orkantief ""Joshua"" könnte in der Nacht zu Freitag für Orkanböen, Sturmfluten und größere Schäden in den Küstenregionen der Nordsee sorgen. Betroffene sollten sich auf dem aktuellen Stand halten, sagt ntv-Meteorologe Rainer Buchhop.",https://www.n-tv.de/panorama/Bomben-Zyklon-bringt-Orkanboeen-an-Nordseekueste-article26112532.html,https://www.n-tv.de/img/incoming/crop26112561/1721324559-cImg_16_9-w1200/496544129.jpg,,"Tief ""Irawan"" zieht sich Richtung Nordmeer zurück und Sturm- und Orkantief ""Joshua"" befindet sich noch über dem Atlantik mit Kurs auf die Bretagne und den Ärmelkanal. In der kommenden Nacht macht sic… [+4632 chars]",,"Sturmfluten und Schäden möglich: ""Bomben-Zyklon"" bringt Orkanböen an Nordseeküste. Das Sturm- und Orkantief ""Joshua"" könnte in der Nacht zu Freitag für Orkanböen, Sturmfluten und größere Schäden in den Küstenregionen der Nordsee sorgen. Betroffene sollten sich auf dem aktuellen Stand halten, sagt ntv-Meteorologe Rainer Buchhop.","Storm surges and damage possible: “Bomb cyclone” brings hurricane gusts to the North Sea coast. The storm and hurricane depression “Joshua” could cause hurricane gusts, storm surges and major damage in the coastal regions of the North Sea on Friday night. Those affected should keep themselves up to date, says ntv meteorologist Rainer Buchhop.","Tempestas aestuat et damnum fieri potest: “cyclone Bomb” procellarum procellarum ad oram maris septentrionalis affert. Tempestas et depressio turbinis ""Joshua"" potuit procellas, procellas et magna detrimenta in regionibus maritimis Maris Septentrionalis die Veneris nocte inferre. Qui affecti se ad diem servare debent, ntv astrologus Rainer Buchhop dicit.",2025-10-23 18:43:44+00:00
f620f18137379154a3cb595c7040fbdc,2025-10-23T08:35:33Z,'Sturmflut Nordsee',www.stern.de,de,1.0,Herbststurm: Sturm über dem Norden erwartet,Sturm gehört im Norden zum Herbst dazu. Jetzt droht ein ungemütlicher Freitag. Eine Sturmflut an Teilen der Nordseeküste und in Hamburg ist möglich - auch mit Wasser auf dem St. Pauli-Fischmarkt.,https://www.stern.de/gesellschaft/regional/hamburg-schleswig-holstein/herbststurm--sturm-ueber-dem-norden-erwartet-36155066.html,https://image.stern.de/36155068/t/jn/v1/w1440/r1.7778/-/23--2idhflopiov12axs2048jpeg---5619b0e68cb95cf2.jpg,,"Kopiere den aktuellen Link
Zur Merkliste hinzufügen
Sturm gehört im Norden zum Herbst dazu. Jetzt droht ein ungemütlicher Freitag. Eine Sturmflut an Teilen der Nordseeküste und in Hamburg ist mögli… [+2726 chars]",,Herbststurm: Sturm über dem Norden erwartet. Sturm gehört im Norden zum Herbst dazu. Jetzt droht ein ungemütlicher Freitag. Eine Sturmflut an Teilen der Nordseeküste und in Hamburg ist möglich - auch mit Wasser auf dem St. Pauli-Fischmarkt.,Autumn storm: Storm expected over the north. Storms are part of autumn in the north. Now there is a threat of an uncomfortable Friday. A storm surge on parts of the North Sea coast and in Hamburg is possible - including water at the St. Pauli fish market.,Tempestas autumnalis: Tempestas expectatur super aquilonem. Tempestates sunt in parte autumni in septentrione. Nunc incommoditas Veneris minas est. Tempestas fluctuum in partibus orae maritimae septentrionalis et in Hamburgensi potest — aqua excepta in mercatu Piscium Sancti Pauli.,2025-10-23 18:43:44+00:00
5852c7357a54dd71ddd4d0a59978bd19,2025-10-24T04:37:12Z,'Sturmflut Sturmtief',www.faz.net,de,1.0,Sturmflut und Baumstürze: Sturmtief „Joshua“ hat Deutschland fest im Griff,Sturmtief „Joshua“ zieht über Deutschland: In Wilhelmshaven steigt die Nordsee über die Ufer. Ein Kreuzfahrtschiff kehrt früher nach Hamburg zurück. Andernorts legen umgestürzte Bäume den Verkehr lahm.,https://www.faz.net/aktuell/gesellschaft/joshua-sturmtief-sorgt-fuer-flut-an-nordsee-und-umgestuerzte-baeume-accg-110747151.html,https://media1.faz.net/ppmedia/w1200/aktuell/gesellschaft/387758064/1.10747157/facebook_teaser/das-wasser-der-nordsee-drueckt.jpg.webp,,"Wind, Regen und Kälte: Sturmtief Joshua hat Deutschland fest im Griff. Für die Nordseeküste sagen die Meteorologen des Deutschen Wetterdienstes (DWD) am Morgen Windgeschwindigkeiten von bis zu 120 Ki… [+1700 chars]",,Sturmflut und Baumstürze: Sturmtief „Joshua“ hat Deutschland fest im Griff. Sturmtief „Joshua“ zieht über Deutschland: In Wilhelmshaven steigt die Nordsee über die Ufer. Ein Kreuzfahrtschiff kehrt früher nach Hamburg zurück. Andernorts legen umgestürzte Bäume den Verkehr lahm.,"Storm surge and tree falls: Storm “Joshua” has Germany firmly in its grip. Storm “Joshua” is moving over Germany: the North Sea is rising over its banks in Wilhelmshaven. A cruise ship returns to Hamburg early. Elsewhere, fallen trees are paralyzing traffic.","Tempestas fluctuat et arbor cadit: Tempestas ""Joshua"" Germaniam firmiter in manibus habet. Tempestas ""Joshua"" in Germaniam movetur: Mare septentrionale super ripas suas in Wilhelmshaven oritur. Lecytho navis Hamburgum mature redit. Alibi, arbores lapsae negotiatio paralysin.",2025-10-23 18:43:44+00:00
b17d67224e48d99f5199306b93b9ea20,2025-10-24T07:32:48Z,'Sturmflut Warnung',www.zeit.de,de,1.0,Sturmflut: Elbe schwappt am späten Nachmittag auf den Fischmarkt,Hier finden Sie Informationen zu dem Thema „Sturmflut“. Lesen Sie jetzt „Elbe schwappt am späten Nachmittag auf den Fischmarkt“.,https://www.zeit.de/news/2025-10/24/elbe-schwappt-am-spaeten-nachmittag-auf-den-fischmarkt,https://img.zeit.de/news/2025-10/24/elbe-schwappt-am-spaeten-nachmittag-auf-den-fischmarkt-image-group/wide__1300x731,,"In der Elbe und an der Nordseeküste wird am Nachmittag eine Sturmflut erwartet. Die Pegelstände werden an der nordfriesischen Küste auf 2,0 bis 2,5 Meter und im Elbegebiet auf 1,5 bis 2,0 Meter höher… [+1480 chars]",,Sturmflut: Elbe schwappt am späten Nachmittag auf den Fischmarkt. Hier finden Sie Informationen zu dem Thema „Sturmflut“. Lesen Sie jetzt „Elbe schwappt am späten Nachmittag auf den Fischmarkt“.,Storm surge: Elbe spills into the fish market in the late afternoon. Here you will find information on the topic of “storm surge”. Now read “Elbe spills over into the fish market in the late afternoon”.,"Tempestas fluctuat: Albis in forum piscem in sero post meridiem effunditur. Hic informationes invenies in argumento ""soris procellae"". Nunc lege ""Elbe in forum piscarium in sero post meridiem"".",2025-10-23 18:43:44+00:00
dd28ee2d4fbc5312ceba59a935d6d3a1,2025-10-24T07:32:48Z,'Sturmflut Nordsee',www.stern.de,de,1.0,Sturmflut: Elbe schwappt am späten Nachmittag auf den Fischmarkt,Der Wind drückt das Wasser von der Nordsee in die Elbe – und lässt die Flut höher steigen als sonst. Am Nachmittag erreichen die Wasserstände der Elbe Sturmflut-Niveau.,https://www.stern.de/gesellschaft/regional/hamburg-schleswig-holstein/sturmflut--elbe-schwappt-am-spaeten-nachmittag-auf-den-fischmarkt-36158280.html,https://image.stern.de/36158282/t/j9/v1/w1440/r1.7778/-/24--kizpre7mhfv3axs2048jpeg---48c3587163d81697.jpg,,"Kopiere den aktuellen Link
Zur Merkliste hinzufügen
Der Wind drückt das Wasser von der Nordsee in die Elbe und lässt die Flut höher steigen als sonst. Am Nachmittag erreichen die Wasserstände der E… [+1662 chars]",,Sturmflut: Elbe schwappt am späten Nachmittag auf den Fischmarkt. Der Wind drückt das Wasser von der Nordsee in die Elbe – und lässt die Flut höher steigen als sonst. Am Nachmittag erreichen die Wasserstände der Elbe Sturmflut-Niveau.,"Storm surge: Elbe spills into the fish market in the late afternoon. The wind pushes the water from the North Sea into the Elbe - and causes the tide to rise higher than usual. In the afternoon, the water levels in the Elbe reach storm surge levels.","Tempestas fluctuat: Albis in forum piscem in sero post meridiem effunditur. Ventus aquam e mari septentrionali in Albim impellit, et aestus solito altiores facit. In meridiem, aquae gradus in Albis perveniunt impetus tempestatis gradus.",2025-10-23 18:43:44+00:00
0c8f75c3c81f188e45392a4206014989,2025-10-24T10:55:19Z,'Sturmflut Sturmtief',www.stern.de,de,1.0,"Sturmtief ""Joshua"": ""Joshua"" pustet übers Land - Sturmflut im Norden erwartet","Wind, Regen und Kälte: Sturmtief ""Joshua"" zieht über Deutschland, es kommt zu zahlreichen Einsätzen von Feuerwehr und Polizei. Im Laufe des Tages könnte sich die Lage im Norden noch zuspitzen.",https://www.stern.de/panorama/sturmtief--joshua----joshua--pustet-uebers-land---sturmflut-im-norden-erwartet-36157958.html,https://image.stern.de/36159374/t/nx/v1/w1440/r1.7778/-/24--6kkveax5cgv4axs2048jpeg---f7e0c77f9d28a9a1.jpg,,"Kopiere den aktuellen Link
Zur Merkliste hinzufügen
Wind, Regen und Kälte: Sturmtief ""Joshua"" zieht über Deutschland, es kommt zu zahlreichen Einsätzen von Feuerwehr und Polizei. Im Laufe des Tages… [+3913 chars]",,"Sturmtief ""Joshua"": ""Joshua"" pustet übers Land - Sturmflut im Norden erwartet. Wind, Regen und Kälte: Sturmtief ""Joshua"" zieht über Deutschland, es kommt zu zahlreichen Einsätzen von Feuerwehr und Polizei. Im Laufe des Tages könnte sich die Lage im Norden noch zuspitzen.","Storm ""Joshua"": ""Joshua"" blows across the country - storm surge expected in the north. Wind, rain and cold: Storm “Joshua” is moving over Germany, leading to numerous fire and police operations. The situation in the north could worsen as the day progresses.","Tempestas ""Joshua"": ""Joshua"" spirat per regionem - tempestas impetus in septentrione expectatur. Ventus, pluvia et frigus: Tempestas “Joshua” in Germaniam movetur, ducens numerosas ignis et operationes vigiles. Status in septentrione potest peior fieri sicut dies progreditur.",2025-10-23 18:43:44+00:00
6b9bda846f6896d466a0b44ccc34b984,2025-10-24T11:48:10Z,'Sturmflut Nordsee',www.stern.de,de,1.0,Sturmflut: Sturmtief bringt Sturmflut - Elbe schwappt auf Fischmarkt,"Über der Nordsee ist ein Sturmtief unterwegs, das auch den Norden Deutschlands durchpustet. Bislang bleiben dramatische Einsätze aus. Am späten Nachmittag aber soll der Fischmarkt Wasser abbekommen.",https://www.stern.de/gesellschaft/regional/hamburg-schleswig-holstein/sturmflut--sturmtief-bringt-sturmflut---elbe-schwappt-auf-fischmarkt-36158280.html,https://image.stern.de/36159592/t/MO/v1/w1440/r1.7778/-/24--pa3bh6xuqvv3axs2048jpeg---164f679dcb18d481.jpg,,"Kopiere den aktuellen Link
Zur Merkliste hinzufügen
Über der Nordsee ist ein Sturmtief unterwegs, das auch den Norden Deutschlands durchpustet. Bislang bleiben dramatische Einsätze aus. Am späten N… [+3585 chars]",,"Sturmflut: Sturmtief bringt Sturmflut - Elbe schwappt auf Fischmarkt. Über der Nordsee ist ein Sturmtief unterwegs, das auch den Norden Deutschlands durchpustet. Bislang bleiben dramatische Einsätze aus. Am späten Nachmittag aber soll der Fischmarkt Wasser abbekommen.","Storm surge: Storm depression brings storm surge - Elbe spills onto fish market. A storm is moving over the North Sea and is also blowing through northern Germany. So far, there have been no dramatic deployments. In the late afternoon, however, the fish market should receive water.",Tempestas fluctuat: Tempestas tristitia inducit salum procella - Albis redundat in forum piscem. Tempestas per mare aquilonale movetur et per Germaniam septentrionalem etiam flante est. Hactenus non fuerunt scenicorum operae. Proximo autem pomeridiano mercatus piscatus aquam recipere debet.,2025-10-23 18:43:44+00:00
b7472c987b4e61308518f30c848d6589,2025-10-24T18:23:56Z,'Sturmflut Sturmtief',www.stern.de,de,1.0,"Sturmflut: ""Joshua"" bringt Sturmflut - Elbe schwappt auf Fischmarkt","Mehr als 70 Sturmeinsätze, ausgefallene Fähren und eine amtliche Unwetterwarnung: Über der Nordsee ist ein Sturmtief unterwegs, das auch den Norden Deutschlands durchpustet.",https://www.stern.de/gesellschaft/regional/hamburg-schleswig-holstein/sturmflut---joshua--bringt-sturmflut---elbe-schwappt-auf-fischmarkt-36158280.html,https://image.stern.de/36160570/t/Ho/v1/w1440/r1.7778/-/24--gw6h6oea5rv7axs2048jpeg---0b463920f5964d91.jpg,,"Kopiere den aktuellen Link
Zur Merkliste hinzufügen
Mehr als 70 Sturmeinsätze, ausgefallene Fähren und eine amtliche Unwetterwarnung: Über der Nordsee ist ein Sturmtief unterwegs, das auch den Nord… [+2821 chars]",,"Sturmflut: ""Joshua"" bringt Sturmflut - Elbe schwappt auf Fischmarkt. Mehr als 70 Sturmeinsätze, ausgefallene Fähren und eine amtliche Unwetterwarnung: Über der Nordsee ist ein Sturmtief unterwegs, das auch den Norden Deutschlands durchpustet.","Storm surge: ""Joshua"" brings storm surge - Elbe spills into fish market. More than 70 storm operations, canceled ferries and an official storm warning: a storm is on the way across the North Sea and is also blowing through northern Germany.","Tempestas fluctuat: ""Joshua"" procellam affert - Albis in forum piscem redundat. Plus quam 70 tempestas operationes ferries cassavit et procellam officialem observavit: tempestas in via trans mare septentrionale est et etiam per Germaniam septentrionalem flavit.",2025-10-23 18:43:44+00:00
1c9df6852fba145254661b355215522f,2025-10-25T10:06:55Z,'Sturmflut Nordsee',www.zeit.de,de,1.0,Herbstwetter: Weitere Sturmflut an Elbe erwartet – bislang kaum Schäden,Hier finden Sie Informationen zu dem Thema „Herbstwetter“. Lesen Sie jetzt „Weitere Sturmflut an Elbe erwartet – bislang kaum Schäden“.,https://www.zeit.de/news/2025-10/25/weitere-sturmflut-an-elbe-erwartet-bislang-kaum-schaeden,https://img.zeit.de/news/2025-10/25/weitere-sturmflut-an-elbe-erwartet-bislang-kaum-schaeden-image-group/wide__1300x731,,An der Nordsee in Schleswig-Holstein und im Elbegebiet wird am Sonntag erneut eine Sturmflut erwartet. Das Bundesamt für Seeschifffahrt und Hydrographie teilte mit: «Nach derzeitigem Stand besteht am… [+1581 chars],,Herbstwetter: Weitere Sturmflut an Elbe erwartet – bislang kaum Schäden. Hier finden Sie Informationen zu dem Thema „Herbstwetter“. Lesen Sie jetzt „Weitere Sturmflut an Elbe erwartet – bislang kaum Schäden“.,Autumn weather: Further storm surge expected on the Elbe – hardly any damage so far. Here you will find information on the topic of “autumn weather”. Now read “Further storm surge expected on the Elbe – hardly any damage so far”.,"Tempestas autumnalis: Praeterea tempestas aestus in Albis expectatur - vix ullum damnum hactenus. Hic informationes invenies in argumento ""tempestatis autumni"". Nunc legitur ""Praeterea tempestas impetus in Albis expectatus est - vix ullum damnum tam longe"".",2025-10-23 18:43:44+00:00
a7b4cc0c39594ed7a2b28397fd816a29,2025-10-25T10:06:55Z,'Sturmflut',www.stern.de,de,1.0,Herbstwetter: Weitere Sturmflut an Elbe erwartet – bislang kaum Schäden,Das Wetter im Norden bleibt am Wochenende windig bis stürmisch. An der Nordseeküste und im Elbegebiet könnten die Fluten am Sonntag wieder stärker werden.,https://www.stern.de/gesellschaft/regional/hamburg-schleswig-holstein/herbstwetter--weitere-sturmflut-an-elbe-erwartet---bislang-kaum-schaeden-36161394.html,https://image.stern.de/36161396/t/Zl/v1/w1440/r1.7778/-/25--ubnnt23mxtv6axs2048jpeg---d3828fc8aa1672df.jpg,,"Kopiere den aktuellen Link
Zur Merkliste hinzufügen
Das Wetter im Norden bleibt am Wochenende windig bis stürmisch. An der Nordseeküste und im Elbegebiet könnten die Fluten am Sonntag wieder stärke… [+1751 chars]",,Herbstwetter: Weitere Sturmflut an Elbe erwartet – bislang kaum Schäden. Das Wetter im Norden bleibt am Wochenende windig bis stürmisch. An der Nordseeküste und im Elbegebiet könnten die Fluten am Sonntag wieder stärker werden.,Autumn weather: Further storm surge expected on the Elbe – hardly any damage so far. The weather in the north will remain windy to stormy over the weekend. The floods could get stronger again on Sunday on the North Sea coast and in the Elbe area.,Tempestas autumnalis: Praeterea tempestas aestus in Albis expectatur - vix ullum damnum hactenus. Tempestas in aquilone ventosa ad procellosa super volutpat manebit. Flumina iterum plus valere potuerunt die Dominico in ora maris septentrionalis et in area Albis.,2025-10-23 18:43:44+00:00
b0b68fcd185d907fb201e2ad63f9e6f2,2025-10-26T18:51:56Z,'Sturmflut',www.zeit.de,de,1.0,Herbstwetter: Weitere Sturmflut überschwemmt den Hamburger Fischmarkt,Hier finden Sie Informationen zu dem Thema „Herbstwetter“. Lesen Sie jetzt „Weitere Sturmflut überschwemmt den Hamburger Fischmarkt“.,https://www.zeit.de/news/2025-10/26/weitere-sturmflut-ueberschwemmt-den-hamburger-fischmarkt,https://img.zeit.de/news/2025-10/26/weitere-sturmflut-ueberschwemmt-den-hamburger-fischmarkt-image-group/wide__1300x731,,"Das Tiefdruckgebiet «Joshua» hat Hamburg und der Elbemündung eine zweite Sturmflut beschert. Am Fischmarkt in St. Pauli schwappte das Wasser am Sonntagabend über die Kaikante, richtete aber keine Sch… [+796 chars]",,Herbstwetter: Weitere Sturmflut überschwemmt den Hamburger Fischmarkt. Hier finden Sie Informationen zu dem Thema „Herbstwetter“. Lesen Sie jetzt „Weitere Sturmflut überschwemmt den Hamburger Fischmarkt“.,Autumn weather: Another storm surge floods the Hamburg fish market. Here you will find information on the topic of “autumn weather”. Now read “Another storm surge floods the Hamburg fish market”.,"Autumnus tempestas: Alia tempestas impetus Hamburgum pisces mercatus inundat. Hic informationes invenies in argumento ""tempestatis autumni"". Nunc legitur ""Alia tempestas impetus Hamburgum pisces mercatus inundat"".",2025-10-23 18:43:44+00:00
7351b1dad2c38019cda0139ff4c5bb0a,2025-10-26T18:51:56Z,'Sturmflut',www.stern.de,de,1.0,Herbstwetter: Weitere Sturmflut überschwemmt den Hamburger Fischmarkt,Hamburg (lno) - Das Tiefdruckgebiet «Joshua» hat Hamburg und der Elbemündung eine zweite Sturmflut beschert. Am Fischmarkt in St. Pauli schwappte das,https://www.stern.de/gesellschaft/regional/hamburg-schleswig-holstein/herbstwetter--weitere-sturmflut-ueberschwemmt-den-hamburger-fischmarkt-36163588.html,https://image.stern.de/36163590/t/iQ/v1/w1440/r1.7778/-/26--3vk5ogmxrjv14axs2048jpeg---8da6aa9e68c288df.jpg,,"Kopiere den aktuellen Link
Zur Merkliste hinzufügen
Wind, Regen und Sturmfluten. Der Herbst zeigt sich in Hamburg von seiner ungemütlichen Seite.


Das Tiefdruckgebiet ""Joshua"" hat Hamburg und der E… [+905 chars]",,Herbstwetter: Weitere Sturmflut überschwemmt den Hamburger Fischmarkt. Hamburg (lno) - Das Tiefdruckgebiet «Joshua» hat Hamburg und der Elbemündung eine zweite Sturmflut beschert. Am Fischmarkt in St. Pauli schwappte das,Autumn weather: Another storm surge floods the Hamburg fish market. Hamburg (lno) - The low pressure area “Joshua” brought a second storm surge to Hamburg and the mouth of the Elbe. It spilled over at the fish market in St. Pauli,"Autumnus tempestas: Alia tempestas impetus Hamburgum pisces mercatus inundat. Hamburg (lno) - Regio humilis pressio ""Joshua"" secundo aestu ad Hamburgum et ostium Albis intulit. Effusus est apud forum piscatorium in St. Pauli",2025-10-23 18:43:44+00:00
91e29fd46fd2ed046a765fea7d40b6d9,2025-10-30T06:13:45Z,'Sturmflut',www.tagesspiegel.de,de,1.0,Zerstörerische Winde und Sturmflut drohen: Hurrikan „Melissa“ erreicht Bahamas – 1500 Menschen evakuiert,"Nach Jamaika und Kuba trifft es nun die Bahamas, der Hurrikan „Melissa“ hat sich aber deutlich abgeschwächt. Ministerpräsident Davis stellt klar: „Was auch immer geschieht, wir werden wiederaufbauen“.",https://www.tagesspiegel.de/gesellschaft/panorama/zerstorerische-winde-und-sturmflut-drohen-hurrikan-melissa-erreicht-bahamas--1500-menschen-evakuiert-14699591.html,https://www.tagesspiegel.de/images/14699600/alternates/BASE_16_9_W1400/1761804590000/hurrikan-melissa.jpeg,,"Hurrikan Melissa hat die Inselgruppe der Bahamas erreicht. Den Inseln im Atlantik südöstlich des US-Bundesstaates Florida drohen zerstörerische Winde, sintflutartige Regenfälle und eine gefährliche S… [+1780 chars]",,"Zerstörerische Winde und Sturmflut drohen: Hurrikan „Melissa“ erreicht Bahamas – 1500 Menschen evakuiert. Nach Jamaika und Kuba trifft es nun die Bahamas, der Hurrikan „Melissa“ hat sich aber deutlich abgeschwächt. Ministerpräsident Davis stellt klar: „Was auch immer geschieht, wir werden wiederaufbauen“.","Destructive winds and storm surge threaten: Hurricane “Melissa” reaches Bahamas – 1,500 people evacuated. After Jamaica and Cuba, the Bahamas is now being hit, but Hurricane Melissa has weakened significantly. Prime Minister Davis makes it clear: “Whatever happens, we will rebuild.”","Ventos perniciosos et procellae impetus minantur: Procellae ""Melissa"" ad Bahamas - 1500 homines decesserunt. Post Jamaica et Cuba, Bahamas nunc feritur, sed Melissa Hurricane significanter debilitavit. Primus minister Davis declarat: ""Quicquid acciderit, aedificemus.""",2025-10-23 18:43:44+00:00
