0,1,2,3,4,word,summary
112773.12233561992,92.66698517505878,0.0005213407040326502,-6.752065161619303e-05,-0.00011118971807449682,summaryOfAllWords,100238.42471388803
288.148351035085,-157.62978584028698,0.02802767982203911,0.05306069158362909,0.03356540329503546,Wetter,359.9556151701183
41.89050903239553,-30.749579176512633,0.004073026862755326,0.08143730109304345,0.05816505857981534,Leichte,82.93302989044885
3.121735898930428,-10.77417673148797,-0.006329993008511704,0.06805121931798906,0.050573568828344156,wetter leicht+e,39.32071377720552
4060.507850777973,-2101.2616842488455,0.17212105292179114,-0.7198951994489489,-0.4183914149241228,Sturmflut,4603.586368811326
121.64321354550795,-71.84115069858318,0.013660721564763403,0.08030905110033078,0.05737644668422189,leicht+e sturm+flut,172.64930959856963
78.93851727449604,-49.837949758884655,0.005790065907505634,0.08065304657166092,0.0499500061713973,droht,124.6094118697982
28.100808881531716,-23.644543094463035,0.0013164710269201723,0.07898551814433985,0.05677692970122723,sturm+flut droh+t,67.4205400858756
3.192905777493838,-10.810846892058048,-0.006299483633487159,0.0681039220192575,0.050603395438681684,niedersächsischer,39.400775316161635
-5.313566088291051,-6.427901366984997,-0.010615913074580142,0.06013082770430879,0.04610224233051237,droh+t niedersächsisch+er,29.831541540983917
153.86760372811366,-88.4445207652958,0.017421466705395884,0.08287386930468102,0.056972091152195634,Küste,208.89959419481266
-4.834375686654777,-6.674763289733848,-0.004072000906290157,0.056174851949971016,0.0463695127265551,niedersächsisch+er küste,30.370582572734822
140.74200692262136,-81.6811521900634,0.006618457248863247,0.07588649752408955,0.03893334756933755,Hier,194.13394665590798
-13.692704357533895,-2.110605283074918,-0.017036004171548075,0.046794287384599106,0.0386242086830542,küste hier,20.405569956684353
128.09692295022222,-75.16595816896178,0.007367554658389345,0.075503751245965,0.04291540777853434,finden,179.90911267310977
125.19433967999966,-73.67044259574266,0.00699102411241154,0.07570756767368839,0.04281582810460144,hier find+en,176.64390881915148
342.8952394382233,-185.8370519317324,0.024986545112146,0.04302966308238802,0.02936094792486973,Sie,421.5419102584843
117.79524351254533,-69.8582551792252,0.008594117277186033,0.07782319653873516,0.04549762650197048,find+en sie,168.32048378284802
115.1212791431421,-68.4805930539646,0.009010696129434632,0.07930635372060277,0.04671359618356339,Informationen,165.31248771457194
115.1212791431421,-68.4805930539646,0.009010696129434632,0.07930635372060277,0.04671359618356339,sie information+en,165.31248771457194
141.6672914254625,-82.15847093167639,0.013719696758243052,0.08440329845202232,0.0565710180250145,Thema,195.17508897324805
130.05667432197535,-76.17623771382324,0.014842105873235607,0.0861956549273743,0.05267336133864496,information+en thema,182.11394308418156
41.010010235483364,-30.29598217306365,0.004722366643834247,0.08437727156790994,0.05739286445214303,thema wetter,81.94256070758385
168.00675109261485,-95.72901028948509,0.01731920284490691,0.07109331594262362,0.04995171753037337,Lesen,224.80491904229333
182.96210459090523,-103.43452797946605,0.019874113115880516,0.06896409599197519,0.050056859415924124,les+en sie,241.62864048519333
-7.0331260754220395,-5.5419028603329075,-0.011702261953431659,0.05798179880193157,0.04489295116959316,sie leicht+e,27.89714815417897
-23.307186987282005,2.841458584047614,0.018010418689761228,-0.02482949317826151,0.01858859773261022,Infolge,9.590726399687647
45.1493676290271,-32.43391791910237,0.14428116722105305,-0.018013498875454323,0.056977151383853314,Sturmböen,86.6014498797008
-23.59154750291391,2.976484767370957,0.13885442539108797,-0.11286021837045948,0.016924135967454557,infolge sturmbö+en,9.276122299191188
-6.708670081142756,-5.709092164186739,0.0004900639617484576,0.020303728703033628,0.02086261239190136,Nordwest,28.26215686599357
-24.43650329815882,3.4221539630052447,0.03050823728269378,-0.04436902977718839,0.013959579953859243,sturmbö+en nordwest,8.320864342160782
-24.75522011514034,3.58714773045836,0.012041743056929042,-0.03451211587535785,0.012645104307692636,nordwest droh+t,7.961970876454913
61.32703280834029,-40.763902730914516,0.0056785165141124486,0.08022840285575678,0.05405620913419128,Nacht,104.79773070501925
-24.659713369153682,3.538781464146155,-0.009722957077426505,-0.017747860599283904,0.013293291134249378,droh+t nacht,8.06901961536571
68.06587077662472,-44.23579508588408,0.007676622968862446,0.07405567281939941,0.050301313799388334,Freitag,112.37836364529278
6.6271701491733275,-12.580324506365905,-0.0030383386604391034,0.06908648907846048,0.05191130171482315,nacht freitag,43.264092588180375
-12.214543018242953,-2.8722628652761735,-0.01219205300621885,0.06292988105190668,0.0371404381643328,niedersächsischen,22.06842114855215
-23.725911181029353,3.0583277250370875,-0.033232652120646605,0.008567201543662521,0.017492288439929074,freitag niedersächsisch+en,9.11916672107365
-10.551816917331607,-3.729054301981309,-0.009452868659588182,0.07097240954259089,0.037602418330204,niedersächsisch+en küste,23.938914123428443
-12.143584191988932,-2.909190386801278,-0.03696714954107237,0.06734273591813132,-0.0002904590015985198,Gefahr,22.148415499498345
-21.279593693749394,1.7982159577498456,-0.027482066076018708,0.022701222306708634,0.025260865269459244,küste gefahr,11.87095380176549
57.424058912349864,-38.753087384567586,0.00656917607650806,0.0827256199859415,0.05888347019924831,leichten,100.4072192050664
-18.101488179400185,0.16090604434151512,-0.02219617960027681,0.03518734186839762,0.03216489355972479,gefahr leicht+en,15.446022576623557
73.73046304731598,-47.15477269488108,0.008743923928158554,0.08300608702435402,0.05901950749203913,leicht+en sturm+flut,118.75080433904265
11.324307734984128,-15.000251522872027,0.009983135295452392,0.0584993296825741,0.03791854979036535,Wie,48.547953759868676
-17.218560081506954,-0.29427802698029115,-0.042295898136320155,0.02569649540766614,0.011213491821550584,Prognosen,16.439381190852043
-19.715661642422752,0.9925244539664879,-0.024654601378159807,0.02944665905500163,0.028985345097611453,wie prognose+n,13.63021970302075
-9.819612766445832,-4.106178112971714,-0.013681872992517233,0.05394408116965768,0.04262538012154767,Sturmflutwarndienstes,24.762533789152943
-9.819612766445832,-4.106178112971714,-0.013681872992517233,0.05394408116965768,0.04262538012154767,prognose+n sturm+flut+warn+dienst+es,24.762533789152943
-21.822591959528236,2.077938239757816,-0.02859534858347682,0.020006608109678525,0.023776284040922052,Niedersächsischen…,11.260142148242036
-21.822591959528236,2.077938239757816,-0.02859534858347682,0.020006608109678525,0.023776284040922052,sturm+flut+warn+dienst+es niedersächsischen…,11.260142148242036
-23.50381069752501,2.943934873150037,-0.032620308561449346,0.010096756759943315,0.018330904107021043,+1347,9.36899499178768
-23.50381069752501,2.943934873150037,-0.032620308561449346,0.010096756759943315,0.018330904107021043,niedersächsischen… +1347,9.36899499178768
405.1890299640674,-217.9327699177787,0.034459444171286754,0.03329341745857911,0.01651425543892962,chars,491.61795261385873
-23.828279501021832,3.1110513876142134,-0.033522472310182044,0.007841325443355855,0.017094471458747026,+1347 chars,9.00401891531255
-16.662837261312742,-0.5807348953606075,-0.048755827469529694,0.028318544731820775,0.0014070120991931147,Strandkörbe,17.06458983341909
-23.319716139585687,2.849114582761845,-0.032129003167241585,0.01131990661348474,0.019001866073686945,küste strand+korb+e,9.576073651888068
-17.652146067049358,-0.07256776996275693,-0.08113930493812899,0.008963583130129273,-0.03382591413995599,Spielgeräte,15.952407608950217
-17.652146067049358,-0.07256776996275693,-0.08113930493812899,0.008963583130129273,-0.03382591413995599,strand+korb+e spiel+gerät+e,15.952407608950217
-17.728323306222926,-0.038029243086804776,-0.13243267962894445,-0.018101083700526502,-0.08921220599936373,längst,15.86888067909461
-17.728323306222926,-0.038029243086804776,-0.13243267962894445,-0.018101083700526502,-0.08921220599936373,spiel+gerät+e längst,15.86888067909461
-16.79829277918791,-0.5525458786303217,-0.2951682748759586,-0.09998971485498864,-0.263556120926912,Nordseestränden,16.931311853409767
-16.79829277918791,-0.5525458786303217,-0.2951682748759586,-0.09998971485498864,-0.263556120926912,längst nord+see+strand+en,16.931311853409767
-17.553471418211224,-0.12701772115206555,-0.12277815542684926,-0.0012251973374867858,-0.08574371152232854,weggeräumt,16.065069115535145
-17.553471418211224,-0.12701772115206555,-0.12277815542684926,-0.0012251973374867858,-0.08574371152232854,nord+see+strand+en weg+ge+räum+t,16.065069115535145
5.743536870114699,-12.125654941240679,0.009655784250860514,0.0825915009722774,-0.005857922107457534,Nun,42.27035054668923
-19.20665283851791,0.7284644105720828,-0.0757993382437658,0.034111254103794494,-0.04470558769199884,besteht,14.203649378924082
-23.0097265776074,2.684839379273307,-0.10794990453514966,0.01915417285803805,-0.09137144775033754,nun besteh+t,9.926886008939775
-23.181318601900603,2.774505236127448,-0.08646865249756144,0.050332170705652796,-0.0810197961764413,besteh+t gefahr,9.73327562679122
-20.546045659798388,1.4179239864108704,-0.01667579534181945,0.09683448755533039,-0.05068998173272471,leichtes,12.697211582573061
-23.227554147462833,2.796849512924531,-0.057624041353667846,0.11813496339751164,-0.08214674844803808,gefahr leicht+es,9.681929121049496
234.32491144860697,-129.90680996024847,0.045853727774889996,0.17679065341658626,0.015157916350340887,Hochwasser,299.41200858903005
-22.846864140861797,2.586452362746548,-0.016111518767089404,0.25556080657332914,-0.10556338553247982,leicht+es hochwasser,10.11668456301101
-23.746588497016077,3.0665587565461383,-0.05332316359975349,0.08995004890500577,-0.06103789910384884,hochwasser küste,9.09700862685491
-20.863313754570235,1.5832615925422031,-0.042083231466837304,0.05911571682410981,-0.016546597231468726,wenige,12.339453214796345
-24.065371598509763,3.231980883737535,-0.056999277200992834,0.05787241180328629,-0.047957772647422126,küste wenig+e,8.737866790845322
-24.255617741591518,3.330197631989579,-0.05996781124430705,0.04295401313914392,-0.04385189700879202,wohl,8.523766041500437
-24.255617741591518,3.330197631989579,-0.05996781124430705,0.04295401313914392,-0.04385189700879202,wenig+e wohl,8.523766041500437
-10.619233254010513,-3.6941664001375276,-0.01873908860866944,0.05602682761599412,0.03359375160269622,davon,23.863008512792792
-26.59655298669563,4.535862450876275,-0.06525218009134057,-0.0012861877508901082,-0.03891004152860521,wohl davon,5.890599683636
-26.636516776408353,4.5561072622214756,-0.06997401582745351,-0.006488852577565013,-0.042692961471912386,mitbekommen,5.845802910765844
-26.636516776408353,4.5561072622214756,-0.06997401582745351,-0.006488852577565013,-0.042692961471912386,davon mit+bekomm+en,5.845802910765844
167.29049681520476,-95.35973440003866,0.01334650673982126,0.06719373451579289,0.04436518633184345,Kopiere,223.9990761172004
174.09524715379607,-98.86557728159003,0.016671538214542723,0.06128965423486338,0.04043803575532165,aktuellen,231.65385135501958
168.63913046894223,-96.05454564343509,0.014234565028491176,0.06618990289914455,0.04232644637104952,kopier+e aktuell+en,225.51617091726268
175.14072753277054,-99.40426135953092,0.012863777992569152,0.06315723595052536,0.038492148902338305,Link,232.82995045137298
175.14072753277054,-99.40426135953092,0.012863777992569152,0.06315723595052536,0.038492148902338305,aktuell+en link,232.82995045137298
-22.36357286452718,2.3547590969238827,-0.07748473160030987,-0.0013456160091202748,-0.033649974937745575,link strand+korb+e,10.652460888836382
-27.45802094327809,4.978474213303849,-0.07841946458454231,0.001943731427168631,-0.06825957084273156,+1531,4.92208194475092
-27.45802094327809,4.978474213303849,-0.07841946458454231,0.001943731427168631,-0.06825957084273156,wohl +1531,4.92208194475092
-27.482723081370064,4.991237246908916,-0.07797620301515046,-0.001314100996135048,-0.06588376073404772,+1531 chars,4.894277816516918
-22.558871568044935,2.4572120351662097,-0.030238790449014157,0.01599122653815603,0.021567238580464644,Stürmischer,10.4319183452882
247.28998059921733,-136.57814962673157,0.02677921303206665,0.057501919389196146,0.035103449921653984,Norden,313.9928278843262
-21.124670564676897,1.7184066725695137,-0.027178157262090417,0.023433124407929898,0.02566441246413879,stürmisch+er norden,12.045225532763087
-0.9343180354967302,-8.684301126636003,-0.008207997258736402,0.06470057241186228,0.048679278911075985,Erste,34.757913602336735
-19.448810589278338,0.8550459434630593,-0.024219701156848017,0.030470997445165546,0.029552000346070088,norden erst+e,13.930402440832912
-17.17719452982459,-0.3153012886851645,-0.020951313688947475,0.038045780437819976,0.03375168883552355,Winter-Sturmflut,16.48577770288453
-17.17719452982459,-0.3153012886851645,-0.020951313688947475,0.038045780437819976,0.03375168883552355,erst+e winter+-+sturm+flut,16.48577770288453
-17.29070035372096,-0.26187464131819205,0.13348717777515498,0.05256916834441255,0.0072267586916385275,kündigt,16.36041239296075
-18.489938366849145,0.36103773160362973,-0.022752216122176927,0.03389974427480176,0.03145091352766698,winter+-+sturm+flut kündig+t,15.009048932039201
187.0110445629528,-105.5290177103114,-0.16219752480691252,-0.040439564581709414,-0.1433687871862287,Nordsee,246.18726699743098
-21.531718442498395,1.9184523498800168,-0.15085636961449758,-0.04814018147095088,-0.1051420115752994,kündig+t nordsee,11.591782617647551
209.0063997450833,-116.85306142603156,0.008173571304634045,0.06207378701817953,0.036559283005145986,Elbe,270.92646377756347
-9.552693667149725,-4.244176102590348,-0.05448883571605403,0.03086878329754992,-0.0004075162975295428,nordsee elbe,25.063022984284792
11.359330740645095,-15.018293876549198,-0.027378489677517225,0.05921157482095808,0.027954658154595215,Seit,48.58735069126985
-23.474950812476784,2.927776031887271,-0.06585632614134476,-0.008815237866895434,-0.016742871563526895,elbe seit,9.402057190162914
-3.3466307219863864,-7.441155949616521,-0.012912616757094082,0.04307830492969281,0.0295577682600802,Tagen,32.04412856174371
-21.230961742232267,1.7726205681076133,-0.04957542358939935,0.010190871892113734,0.001963008880960425,seit tag+en,11.925912200695995
12.02638594496474,-15.362428024167315,-0.009774551404544633,0.08628930567142784,0.03233680689647816,schon,49.33793930882334
-21.53725527104868,1.930503228331916,-0.04679259878830666,0.010652890898037212,0.004731192214894476,tag+en schon,11.58132134129557
-18.788174142119054,0.5146822775297224,-0.02417495191233445,0.032308100431193115,0.029846167008550147,schon norden,14.673562823408151
-22.411069684177008,2.380799147954603,-0.0417664532902794,0.0100079215502435,0.009496599390400599,ziemlich,10.598306348439486
-22.411069684177008,2.380799147954603,-0.0417664532902794,0.0100079215502435,0.009496599390400599,norden ziemlich,10.598306348439486
-10.727267460748944,-3.6398439018349524,-0.07416106685282012,0.022326577918527143,-0.023730916478158382,windig,23.742102492380972
-22.66952151659383,2.513961738712796,-0.04088794877501492,0.009373307341429882,0.010245727408741238,ziemlich windig,10.307566630131944
41.800645387675246,-30.703656617598853,0.005812499199028848,0.09643595945721425,0.05157943857252365,bislang,82.83211085842805
-22.989822734776943,2.678980063660444,-0.040090611953983224,0.008350847467342958,0.010853125440916638,windig bislang,9.947255926267497
-11.950681020709986,-3.008733751673663,-0.03860038448575524,0.04450591294669215,0.06321456528911802,stand,22.365485197918126
-23.162536194901392,2.7679569484265523,-0.03977885457992786,0.0076977734807381765,0.011049258982173564,bislang steh,9.752970619743401
97.00250294445111,-59.14513380064588,0.03075726428704914,0.07385693233787363,0.044309350041500356,Wind,144.93012405073873
-23.357613597740272,2.8684513914145455,-0.0395162903433903,0.006878189970389588,0.011170250487807315,steh wind,9.53352983434627
-6.256169013853036,-5.942424340367133,0.007646576293737245,0.06422866411890743,0.05658649345482508,gut,28.77126281145304
-23.44772071428936,2.914868928761825,-0.03942503866660491,0.0064709408347745495,0.011192185581614784,wind gut,9.43216976297175
81.61645390258224,-51.217145068194725,0.023887375538895396,0.05612141114763298,0.035095977854846507,Der,127.62164773168377
-23.59916289118776,2.9928806262741032,-0.03931194795322894,0.005746340877165329,0.011183174885763793,dreht,9.26181569537093
-23.59916289118776,2.9928806262741032,-0.03931194795322894,0.005746340877165329,0.011183174885763793,der dreh+t,9.26181569537093
-15.02044020565216,-1.4271195090035587,-0.05457299790108935,0.023049586985953763,-0.001224630496699717,drückt,18.912247498941912
-23.881135902052463,3.138125986404372,-0.039227336646647126,0.004264865521931949,0.011021537640201966,dreh+t drück+t,8.944633101222458
-23.97429844919898,3.1861126100085926,-0.039233215462302476,0.0037378325745746066,0.010928807523811774,deshalb,8.839838288858434
-23.97429844919898,3.1861126100085926,-0.039233215462302476,0.0037378325745746066,0.010928807523811774,drück+t deshalb,8.839838288858434
91.99447625127272,-56.56432955472576,-0.00876867147480244,0.06816263304774983,0.029912085342935147,Wasser,139.29622091275536
-24.134661954967825,3.268711346971999,-0.03928045722270998,0.0027869819412870006,0.010725535590253084,deshalb wasser,8.6594527815834
-24.291535372699958,3.349509818900522,-0.0393703133221508,0.001803161666698215,0.010474879838180014,wasser küste,8.482994327116241
22.48408931886925,-20.75032717757077,-0.005752930272024746,0.0707561083460144,0.04707640981334826,Flüsse,61.10199657369869
-26.694787912974057,4.586710862737648,-0.04874979452285286,-0.02294378497611191,-0.0028673952712313204,küste fluss+e,5.779985538943505
-17.69461451134603,-0.04892348078222941,-0.03826478509451055,0.02692400963442876,0.015330913860355408,link seit,15.903818633693659
-27.575672809606118,5.039918893153103,-0.05161492748356308,-0.03567588903293688,-0.008014800046404594,Fl…,4.78935460273955
-27.575672809606118,5.039918893153103,-0.05161492748356308,-0.03567588903293688,-0.008014800046404594,küste fl…,4.78935460273955
-27.589104422912143,5.046826020625529,-0.051679428423574154,-0.03590979417551819,-0.008121523812050817,+2028,4.774251130479942
-27.589104422912143,5.046826020625529,-0.051679428423574154,-0.03590979417551819,-0.008121523812050817,fl… +2028,4.774251130479942
-27.604927519418148,5.054962796898537,-0.05175625890010225,-0.03618711066530249,-0.008248434098907773,+2028 char+s,4.7564585749270645
-12.311776841621377,-2.8221155047376456,-0.00020864447100687328,0.034444218859393014,0.03684149374069963,Bis,21.959023210132344
-20.19013068020847,1.2369622674461747,-0.025459583487108847,0.02754112513340495,0.02793198709337616,Freitagmorgen,13.096487355259917
-20.19013068020847,1.2369622674461747,-0.025459583487108847,0.02754112513340495,0.02793198709337616,bis freitag+morgen,13.096487355259917
105.75635979146519,-63.65568447119293,0.012204234669031745,0.08161719597518388,0.058162230493555095,Sturmflut-Warnung,154.7777126470401
-9.819612766445832,-4.106178112971714,-0.013681872992517233,0.05394408116965768,0.04262538012154767,freitag+morgen sturm+flut+-+warnung,24.762533789152943
-17.82744939432806,0.017447688879877354,-0.0849334778638338,1.1608416267308574e-05,-0.03396635795748651,sturm+flut+-+warnung nordsee,15.755345831550185
168.9462401432229,-96.21328007803642,0.017384572542799813,0.07496211457551456,0.054187258936896396,Sturmflutwarnung,225.86187423662267
-14.872179358570833,-1.5030988245428318,-0.031114690529471592,0.02251270292354348,0.011893542992087305,Deutschen,19.078842225437253
-21.124670564676897,1.7184066725695137,-0.027178157262090417,0.023433124407929898,0.02566441246413879,sturm+flut+warnung deutsch+en,12.045225532763087
-9.65578314183707,-4.1906341464495505,-0.03115640942063845,0.03684793387781633,0.03192852196485132,Wetterdienstes,24.94685518340444
-16.264649576882285,-0.785873453337679,-0.038187841073118456,0.015648217888600442,0.003966536014048314,deutsch+en wetter+dienst+es,17.512515534540846
466.4877565974608,-249.52214389633914,-0.14426412034464847,-0.07795540946017335,-0.16691539912866324,Nordseeküste,560.5775572207915
-23.394578834636697,2.8682618427591198,-0.2030745213757885,-0.08527167119757473,-0.16160856036046087,wetter+dienst+es nordseeküste,9.500787767685924
203.82742298311064,-114.18466990746556,0.007983339677624761,0.06416186275506706,0.031453916890599495,Hamburg,265.10047802916733
-13.059383147181777,-2.4378182019182173,-0.06360442297600577,0.02111068831554987,-0.010418150181724695,nordseeküste hamburg,21.118434515989094
-24.521345665402727,3.4378134816974146,-0.24575954767850722,-0.11505845736027415,-0.20781434774837582,Nordsee-Inseln,8.238300779109505
-24.521345665402727,3.4378134816974146,-0.24575954767850722,-0.11505845736027415,-0.20781434774837582,hamburg nordsee+-+insel+n,8.238300779109505
-20.004625922614203,1.1396595872680129,-0.07504813899795904,-0.0002569377923055671,-0.024332593463268843,Husum,13.305966287055265
51.943958685112946,-35.92913171048119,-0.013978078724684156,0.07452263988149016,0.04134103378409118,Schleswig-Holstein,94.24230336623451
-19.845764551250983,1.0583213682113009,-0.06606757102666533,0.00533698843228865,-0.014783920209681205,husum schleswig-holstein,13.48443752365261
-25.7602152819256,4.1030091304196725,-0.08800523350568665,-0.036489791091906865,-0.042718298361198476,Sturm-Alarm,6.832317027154062
-25.7602152819256,4.1030091304196725,-0.08800523350568665,-0.036489791091906865,-0.042718298361198476,schleswig-holstein sturm+-+alarm,6.832317027154062
-25.620758992781596,4.028084907371252,-0.11875060061539777,-0.0527604496435717,-0.075000070532862,kompletten,6.9906079774425365
-25.620758992781596,4.028084907371252,-0.11875060061539777,-0.0527604496435717,-0.075000070532862,sturm+-+alarm komplett+en,6.9906079774425365
56.42338417390805,-38.237049854807346,-0.042744883853543365,0.06167129923517563,0.002709119442828742,deutschen,99.28133064496352
-25.359044531143276,3.8885681798500213,-0.15353432823455013,-0.0702155248303672,-0.1113880038630774,komplett+en deutsch+en,7.287164528491959
20.863362321325102,-19.925219110572876,-0.16910827448318647,-0.015455827689254603,-0.12383567554096053,deutsch+en nordseeküste,59.283378332431
32.56520897833687,-25.94448290204039,0.010118878328298147,0.06598974508582392,0.05236491729014321,Inseln,72.44255386498759
-24.797272529727866,3.606926569058281,-0.09158261118471149,-0.0312716716763415,-0.04522350718993812,nordseeküste insel+n,7.915532067235055
-24.436828925292367,3.4235131708753865,-0.05960569913556755,-0.010701794596526579,-0.011047507573225594,insel+n hamburg,8.31994587083042
-15.725711137212738,-1.0631370390132062,-0.020913568290339087,0.04134088258978244,0.03396445737719098,Deutsche,18.11858513963658
8.992566817004008,-13.799245715768286,-0.05568355309354,0.04238537591842642,-0.001820111005111754,der deutsch+e,45.92509227984224
-5.487298806429315,-6.338427721146161,-0.01428955342640816,0.06751358443659779,0.03900168361700658,Wetterdienst,29.636121822663252
-20.462659795648598,1.3773748289556877,-0.025707880920262497,0.027283468265570092,0.027081048810706415,deutsch+e wetter+dienst,12.789913190173712
-21.822591959528236,2.077938239757816,-0.02859534858347682,0.020006608109678525,0.023776284040922052,Donnerstagnachmittag,11.260142148242036
-21.822591959528236,2.077938239757816,-0.02859534858347682,0.020006608109678525,0.023776284040922052,wetter+dienst donnerstag+nachmittag,11.260142148242036
-9.819612766445832,-4.106178112971714,-0.013681872992517233,0.05394408116965768,0.04262538012154767,donnerstag+nachmittag sturm+flut+warnung,24.762533789152943
-21.69703949091092,2.0132614544966234,-0.02833098755034736,0.020648370197221887,0.02412969833852867,kom…,11.401374103301924
-21.69703949091092,2.0132614544966234,-0.02833098755034736,0.020648370197221887,0.02412969833852867,sturm+flut+warnung kom…,11.401374103301924
-22.370363743505322,2.360109533228619,-0.029802016757829574,0.01706265498752175,0.02215631664042158,+1005,10.64396547710073
-22.370363743505322,2.360109533228619,-0.029802016757829574,0.01706265498752175,0.02215631664042158,kom… +1005,10.64396547710073
-22.895190454892152,2.6304497416373556,-0.031047985088450775,0.013998243072211841,0.02047216520446997,+1005 char+s,10.053604543457798
-19.448810589278338,0.8550459434630593,-0.024219701156848017,0.030470997445165546,0.029552000346070088,sturm+flut niedersächsisch+er,13.930402440832912
-22.895190454892152,2.6304497416373556,-0.031047985088450775,0.013998243072211841,0.02047216520446997,küste norden,10.053604543457798
-13.44265625680929,-2.239438993959382,-0.01679274694520279,0.04732444553083291,0.03892029109947767,lni,20.68685647215893
-23.44425244978717,2.913258852889454,-0.03245979270373189,0.010496776217105333,0.018550302124299648,norden lni,9.435988947904022
-24.148816649467015,3.2761353715527375,-0.034462983835082825,0.005477249616683742,0.015799541594065384,lni nacht,8.643468816829214
-23.25454775392779,2.815548273854687,-0.03195845879915868,0.011743637934422534,0.019234376861442897,nacht niedersächsisch+en,9.649378498865634
-18.101488179400185,0.16090604434151512,-0.02219617960027681,0.03518734186839762,0.03216489355972479,küste leicht+en,15.446022576623557
-7.987937809657613,-5.049939579645903,-0.012347421569418652,0.05668242265652453,0.04416258465189056,gekommen,26.823047317533025
-18.489938366849145,0.36103773160362973,-0.022752216122176927,0.03389974427480176,0.03145091352766698,sturm+flut ge+komm+en,15.009048932039201
-15.572532470825877,-1.1428521184930798,-0.059176556506616955,0.01941282580741819,-0.006197428902650553,Laut,18.29127050888767
109.74225521150213,-65.70893287608787,0.0005411706931500743,0.07461770128818937,0.045151507874091584,Bundesamt,159.26137315894817
-22.165660554973698,2.2546629786048653,-0.02934054791005047,0.01819132746326222,0.022777151409393542,laut bund+es+amt,10.87423107544191
-23.319716139585687,2.849114582761845,-0.032129003167241585,0.01131990661348474,0.019001866073686945,Seeschiffahrt,9.576073651888068
-23.319716139585687,2.849114582761845,-0.032129003167241585,0.01131990661348474,0.019001866073686945,bund+es+amt see+schiffahrt,9.576073651888068
-24.23112256817123,3.318523463861516,-0.0347129895228888,0.004846668398919576,0.015454316665106658,see+schiffahrt kopier+e,8.550889194843322
-22.064013454433812,2.1916855259101276,0.045515617974088554,0.12490438328891687,-0.13675361608873124,Dort,10.993434506651191
-12.507298002052043,-2.7213910507919863,0.000799866221358192,0.058999931639180644,0.028003880895594767,kam,21.73907886268012
-23.23161499552377,2.803516935519398,-0.040585000008859305,0.006894582348399431,0.010143405022257107,dort komm,9.675276622132303
-22.05647213122097,2.1984172628457452,-0.02909964003489732,0.01877917041522562,0.02310061585024259,komm nacht,10.997054760258363
-21.279593693749394,1.7982159577498456,-0.027482066076018708,0.022701222306708634,0.025260865269459244,stellenweise,11.87095380176549
-21.279593693749394,1.7982159577498456,-0.027482066076018708,0.022701222306708634,0.025260865269459244,nacht stellenweise,11.87095380176549
-9.819612766445832,-4.106178112971714,-0.013681872992517233,0.05394408116965768,0.04262538012154767,stellenweise sturm+flut,24.762533789152943
-23.04614163298995,2.7082028369792956,-0.03142441375725694,0.0130676417918629,0.019961129750246547,niedersäc…,9.883805468849165
-23.04614163298995,2.7082028369792956,-0.03142441375725694,0.0130676417918629,0.019961129750246547,nacht niedersäc…,9.883805468849165
-23.777765064771955,3.0850345834721074,-0.03337884386851525,0.008201208716035475,0.017291692877090047,+862,9.060839444105898
-23.777765064771955,3.0850345834721074,-0.03337884386851525,0.008201208716035475,0.017291692877090047,niedersäc… +862,9.060839444105898
-24.018045841939234,3.208786380359598,-0.03407305317412303,0.006458949706316823,0.0163371417700734,+862 char+s,8.790563415444343
3.251615118126349,-10.8410967809147,-0.006274373416094183,0.06814725434192444,0.05062791967467595,Wintersturmflut,39.466819550675105
-0.9736729596901625,-8.664023560181715,-0.00822769760872479,0.06466436936176759,0.04865883314433721,erst+e winter+sturm+flut,34.713641840264486
5.977075792912135,-12.245385285109379,-0.0051625424992576075,0.07002504227368923,0.05169126712872034,winter+sturm+flut elbe,42.53278741853852
7.740656648721558,-13.154066374304183,-0.004494216190473588,0.07111333769959387,0.052308060878647374,elbe sturm+flut,44.516702126208074
71.6392981027439,-46.077325608394354,0.008484627006898424,0.0830171071297706,0.05902923957361532,sturm+flut hamburg,116.39838795703929
1.6938911194187334,-10.038481993981247,-0.006958810646314324,0.06695224125794282,0.0499518288276014,hamburg elbe,37.71448013436458
28.95926853066172,-24.086701894779814,0.0028065947243426526,0.07426742931134242,0.0527318079918849,schwappt,68.38617976400523
28.95926853066172,-24.086701894779814,0.0028065947243426526,0.07426742931134242,0.0527318079918849,elbe schwapp+t,68.38617976400523
68.83903489541765,-44.634072289664616,0.007380983789671981,0.0729116892302946,0.04528652668907845,Fischmarkt,113.24808128569373
-0.28065741461025695,-9.02104031121905,-0.011842928870353524,0.06301211520791232,0.04483779246162333,schwapp+t fisch+markt,35.49321379916951
-13.073205464404499,-2.4297936022366997,-0.016440978667031956,0.04808806859421618,0.03934692649175007,fisch+markt hier,21.102462785073996
-22.370363743505322,2.360109533228619,-0.029802016757829574,0.01706265498752175,0.02215631664042158,thema erst+e,10.64396547710073
73.73046304731598,-47.15477269488108,0.008743923928158554,0.08300608702435402,0.05901950749203913,sie sturm+flut,118.75080433904265
47.76262780070704,-33.77487757495915,0.006263941527902727,0.07366849107098095,0.054529538876767356,erste,89.538651181611
-21.23861822815846,1.7771073419973362,-0.027401118810570127,0.022896323691037307,0.025368424726713752,hamburg erst+e,11.917046730615112
-22.10040152150669,2.2210758343199855,-0.028773512256510227,0.02015257017359468,0.02257515572857192,winter+sturm+flut fisch+markt,10.947625819222363
-22.478070192637936,2.4156696038053713,-0.02892771190646378,0.020727420754604133,0.020768780879765532,Hansestadt,10.52277257861283
-22.478070192637936,2.4156696038053713,-0.02892771190646378,0.020727420754604133,0.020768780879765532,fisch+markt hansestadt,10.52277257861283
26.442643176125987,-22.790259796613014,0.004782991587253553,0.08286017693974163,0.05372940668289146,überschwemmt,65.55524806890885
-22.70878666526046,2.53459032589224,-0.028264512390515965,0.023986852608972768,0.01889933451647882,hansestadt überschwemm+t,10.263210598207431
-19.927133798046505,1.101235092350647,-0.03551882469809992,0.03569794480918549,-0.007296968846762109,frühen,13.392444124277697
-23.126069844714753,2.7496823697452673,-0.026122561416560223,0.03352098337614915,0.014517513150850946,Vormittag,9.793752425212874
-23.126069844714753,2.7496823697452673,-0.026122561416560223,0.03352098337614915,0.014517513150850946,früh+en vormittag,9.793752425212874
-14.120737373679344,-1.8900824418870492,-0.01434988097668996,0.057681644853665726,0.03526101369764067,erreichte,19.924068039267095
-23.270936995022403,2.824345866978258,-0.02488368586826059,0.03873189193788838,0.012495353734302984,vormittag erreich+te,9.630775864641024
-23.448052703422043,2.915595246176439,-0.02263405180649164,0.047910373687592565,0.009309979549845998,erreich+te elbe,9.431534963241239
-10.576442331822612,-3.7163310926216457,-0.03312956271832115,0.0558440859778737,0.013522871330864892,Wasserstand,23.911200830220597
-23.56602793817881,2.976310500440846,-0.02024854458589897,0.05740420400822765,0.006346746024823505,elbe wasser+stand,9.29885166431681
-23.698385199522882,3.044147038051161,-0.015065409523501948,0.07758817837260382,0.0006896117885164289,wasser+stand gut,9.150120273197764
-23.721880953764163,3.056061119254032,-0.013239119498144884,0.08461387508142537,-0.001150019401012524,"1,90",9.123775971139771
-23.721880953764163,3.056061119254032,-0.013239119498144884,0.08461387508142537,-0.001150019401012524,"gut 1,90",9.123775971139771
71.07864415394623,-45.79000482727451,0.013383068445725295,0.1229875175401468,0.04145422346724409,Meter,115.76839513596383
-23.743516522193424,3.0668533006087912,-0.010465499826038909,0.09522953055610275,-0.003845638835409202,"1,90 meter",9.09959857006739
-7.82044949105515,-5.138399104829055,-0.003218471839097613,0.1284561460788392,0.01356392243991016,mittleren,27.012441152281486
-12.209452868450871,-2.876748769595469,-0.0035656000017799906,0.12285895947255478,0.012860320523890748,meter mittler+en,22.074992358952954
-14.993718483372742,-1.4614549141040047,0.030279478531214543,0.2907279274785852,-0.04364225025211346,mittler+en hochwasser,18.951684954250457
-24.051374562287382,3.2238030079656017,-0.002008576439584818,0.12849107250156416,-0.01367000600893482,aus…,8.754039682743578
-24.051374562287382,3.2238030079656017,-0.002008576439584818,0.12849107250156416,-0.01367000600893482,hochwasser aus…,8.754039682743578
-26.800012601275228,4.642019759105375,-0.022825731357039292,0.06270325266913451,-0.02048752067275213,+906,5.661101079001239
-26.800012601275228,4.642019759105375,-0.022825731357039292,0.06270325266913451,-0.02048752067275213,aus… +906,5.661101079001239
-26.846669166493136,4.666194033486155,-0.02546300310502489,0.052956606772759485,-0.018603698218549927,+906 char+s,5.608555337761532
-24.023948030317072,3.2113025559669257,-0.05010819558492083,-0.002792376620701406,-0.0006032726854863189,fisch+markt wind,8.784167352493453
-15.451530541396213,-1.2048405437976673,-0.04901436313962814,0.02543874364728309,0.004552921565258796,wind nordwest,18.427224132281633
-18.899836610115038,0.5682461501745593,-0.10539276605721087,-0.014257400962851663,-0.05592279148715859,nordwest wasser,14.54978367826586
-9.352665386751397,-4.37278534479344,-0.2433392140053986,-0.07362138620968019,-0.19966482271294075,wasser nordsee,25.299777553025518
-17.085607082771805,-0.3655215064784123,-0.09578918187229292,-0.004433027246119152,-0.04520841458354817,tief,16.590209794286533
-17.085607082771805,-0.3655215064784123,-0.09578918187229292,-0.004433027246119152,-0.04520841458354817,nordsee tief,16.590209794286533
-15.528721390808276,-1.164757297116898,-0.035119631037151114,0.03324943765087382,0.019199733916172357,tief fluss+e,18.340244382770347
-14.041820205176204,-1.9307286933413668,-0.017382922077030752,0.04603530743435453,0.03820049899681992,gedrückt,20.012839368401647
-14.041820205176204,-1.9307286933413668,-0.017382922077030752,0.04603530743435453,0.03820049899681992,fluss+e ge+drück+t,20.012839368401647
31.475847011206287,-25.38347043517706,0.015785285807878073,0.07637670778130067,0.0547400689017834,gibt,71.21721744997474
41.20934552732423,-30.398615672527228,0.003950877016371991,0.08135016811941434,0.05811594543153617,geb+t sturm+flut,82.16676685091389
320.51347483258206,-174.30495651480936,0.002848944385197654,0.04598032646817822,0.012935166775244152,Die,396.3638930097174
17.550363322270282,-18.208396829673084,-0.004990865287707472,0.0736778538066635,0.05110471727856866,der erst+e,55.55194509660265
-15.211518723742095,-1.328063017003842,-0.018612138457323932,0.0433195783305223,0.03668598225506231,erst+e elbe,18.697013096800696
-12.82959195526502,-2.555714941619602,-0.04973141739135619,0.029358733235759066,0.004254057996747534,elbe hamburg,21.376701862733754
14.601350629367179,-16.689039318828527,-0.0018542367723766336,0.07590277276721831,0.05397149989896021,Winter,52.23454750479047
-18.669441841302856,0.4535183259847111,-0.023016306603327367,0.03328592986056911,0.031110721399954577,hamburg winter,14.807122962180616
-15.295137832967292,-1.2849732868526278,-0.01825825035693185,0.04480895008759541,0.03616274852798551,Damit,18.602944402616387
-24.893080155123542,3.659412477759347,-0.03686546002602242,-0.0006193673732038663,0.012464802112385404,Touri-Hotspot,7.806314687534144
-24.893080155123542,3.659412477759347,-0.03686546002602242,-0.0006193673732038663,0.012464802112385404,damit touri-hotspot,7.806314687534144
-25.222829234575304,3.8289818862668947,-0.04448246125185179,-0.007346343966115443,0.004013613557822069,touri-hotspot überschwemm+t,7.4355227007557945
-24.977118130098575,3.7011087466311845,-0.07068470176371651,-0.020602590107200475,-0.02335992860081715,link wind,7.712518717706066
-24.893080155123542,3.659412477759347,-0.03686546002602242,-0.0006193673732038663,0.012464802112385404,Tou…,7.806314687534144
-24.893080155123542,3.659412477759347,-0.03686546002602242,-0.0006193673732038663,0.012464802112385404,damit tou…,7.806314687534144
-25.04933903945778,3.739874245474987,-0.03741425157588375,-0.002023414502336174,0.011697716850678632,+1091,7.630556856116331
-25.04933903945778,3.739874245474987,-0.03741425157588375,-0.002023414502336174,0.011697716850678632,tou… +1091,7.630556856116331
-25.191445375971302,3.8130457754966622,-0.0379283990835734,-0.0033426182952458403,0.01097727634241652,+1091 chars,7.470718871572293
-25.14551368794526,3.789395529297415,-0.03776059887286555,-0.0029116734618770124,0.011212592308626906,Starker,7.52238165601485
8.254003348879866,-13.41839863468548,-0.014191764153517944,0.06572555658986584,0.04205163133999838,stark+er wind,45.09410879891534
-24.347977298517563,3.378703404015779,-0.03507424013234425,0.00393390579139713,0.014954735184976838,nordwest winter+sturm+flut,8.419448732287384
-23.617935492725454,3.0027152581753214,-0.03293220090543789,0.0093183889430511,0.017904086688066423,winter+sturm+flut überschwemm+t,9.240622275430573
51.263514983549925,-35.57888274041226,0.003228194898977993,0.08263495994035602,0.05513707334560826,Hamburger,93.47700494048485
-2.4018374303664842,-7.928164001137683,-0.008964582639583878,0.06329556143360532,0.04788614053481255,überschwemm+t hamburger,33.10704858295898
2.9613320930777896,-10.691420547424674,-0.0015384646588783926,0.061108369403088426,0.047751794707520834,hamburger fisch+markt,39.140221907782696
-13.89229941844767,-2.007780821527291,-0.026129721742207252,0.04124576111859928,0.02899578890353153,fisch+markt der,20.181047710572937
41.20934552732423,-30.398615672527228,0.003950877016371991,0.08135016811941434,0.05811594543153617,erst+e sturm+flut,82.16676685091389
-24.347977298517563,3.378703404015779,-0.03507424013234425,0.00393390579139713,0.014954735184976838,sturm+flut winter,8.419448732287384
-22.370363743505322,2.360109533228619,-0.029802016757829574,0.01706265498752175,0.02215631664042158,winter hamburg,10.64396547710073
79.66871429291909,-50.2135594853669,0.025722727844478883,0.048211860512778135,0.04163161893563469,erreicht,125.43055900642256
-23.04614163298995,2.7082028369792956,-0.03142441375725694,0.0130676417918629,0.019961129750246547,hamburg erreich+t,9.883805468849165
-23.67265646620813,3.030899186431835,-0.0330838039183085,0.0089395192561397,0.017696377681295505,Größere,9.179069797888467
-15.671314941413137,-1.091520588131857,-0.03860522878320695,0.023207107601511647,-0.0009610896133744051,Einsätze,18.179947148150468
-24.0626628566038,3.2317649900649803,-0.03420510377019849,0.006126743174504665,0.016155197984766577,groß+er+e einsatz+e,8.740376898863957
39.72820704867402,-29.635579359676434,-0.0013332149386533505,0.08924267137759884,0.048841516820763896,gab,80.50063434484018
-24.421839291425652,3.4167415322818298,-0.03530650840422639,0.0033460503316719847,0.01463306491116994,einsatz+e geb,8.336367629875395
-10.56251087790142,-3.7241610472542472,0.04267127339481963,0.04435153402195843,0.0036933787881757857,Feuerwehr,23.92717708562793
-24.893080155123542,3.659412477759347,-0.03686546002602242,-0.0006193673732038663,0.012464802112385404,geb feuer+wehr,7.806314687534144
-9.136614694276698,-4.458047767069285,-0.023142417719138317,0.049268621322227604,0.032697763329186974,bisher,25.530844381415214
-25.14551368794526,3.789395529297415,-0.03776059887286555,-0.0029116734618770124,0.011212592308626906,feuer+wehr bisher,7.52238165601485
-27.031041579799293,4.760880197391497,-0.021939393695442996,0.06754356263023403,-0.02447956300233733,+1775,5.401288855816636
-27.031041579799293,4.760880197391497,-0.021939393695442996,0.06754356263023403,-0.02447956300233733,aus… +1775,5.401288855816636
-27.07975355446359,4.7861849656403015,-0.025207872518618432,0.055424365179183435,-0.02206863355886637,+1775 char+s,5.346398552675034
91.89930615776599,-56.5309530117465,-0.08188534374550172,0.0784152611304331,0.241341474327465,Küstenschutz,139.19630505702537
-4.630195269013399,-6.780728534127785,-0.04392531466368276,0.05100909507450655,0.06959499812295415,Umweltminister,30.60061836134013
-17.05091869057734,-0.38163079018011903,-0.04416020552983679,0.03682832018288027,0.08321780709562719,küste+n+schutz umwelt+minister,16.628403757632515
3.373477244840874,-10.904501759755949,-0.02122218314115806,0.0668437338623302,0.07943016265616837,Großteil,39.604185180210486
-7.57564005035325,-5.262759233660875,-0.02239612859131166,0.056579987211662755,0.06630238083105597,umwelt+minister großteil,27.287028928557568
92.45159271278246,-56.81473658740603,-0.07686038360464269,0.07905102185427956,0.23720704479663124,Deiche,139.81723476119294
13.352886656787366,-16.049477107634168,-0.04499826780659891,0.07134344636213827,0.14074034056272247,großteil deich+e,50.83179306201386
73.55098939088192,-47.06253039706108,-0.0012867944537532754,0.08117206984922964,0.07341498746273406,seit,118.54901228312676
17.197225922598772,-18.026549702888655,-0.0021214571401498433,0.07560518696691558,0.05632863794919528,deich+e seit,55.1547360067667
73.73046304731598,-47.15477269488108,0.008743923928158554,0.08300608702435402,0.05901950749203913,seit sturm+flut,118.75080433904265
65.00631671256352,-42.659796935031714,0.006196415702496044,0.08073115731969632,0.06496281117231503,repariert,108.93675634996345
0.8886615187905385,-9.623588659394883,-0.007328238854530625,0.06629557475866216,0.04958052351055656,sturm+flut reparier+t,36.80864854285996
-11.617146734973584,-3.1800989407654257,-0.03605065677905285,0.03887505840066921,0.018845258061587353,reparier+t seit,22.740472567078204
25.936246619410195,-22.52928851953831,-0.059942814311033675,0.043702194632588745,-0.007609696269751259,Ostsee-Sturmflut,64.98557298670048
15.60534775662084,-17.206541710990347,-0.06180893909307476,0.04075862718310842,-0.008663885090174111,seit ostsee+-+sturm+flut,53.36408064879266
58.07237402250318,-39.086644804907394,-0.008634756513922497,0.07251436634865382,0.041505177916363226,Oktober,101.13631297782891
6.715359691152241,-12.625784478886445,-0.0048782171263083976,0.070491891457913,0.051955809982472505,ostsee+-+sturm+flut oktober,43.363309211223
52.31031370146559,-36.11786116149677,-0.04431247298199204,0.06020358004182999,0.001986586134601169,2023,94.65441962739058
43.88052360609608,-31.77449343957136,-0.012446997721372557,0.07197435878523395,0.04050990877860849,oktober 2023,85.1714715881563
37.6865175517935,-28.583476902951112,-0.0036531318097945964,0.08235559988198887,0.05305670294016596,wurden,78.20380786569343
-1.5213024735654024,-8.38197649089624,-0.012608189680846075,0.06388782828016742,0.05704062334735258,2023 werd+en,34.09764690875026
-4.8265041668701585,-6.680474834205935,-0.03609392904117607,0.05916580337050028,0.10101159788938716,defekten,30.38018817569941
-4.8265041668701585,-6.680474834205935,-0.03609392904117607,0.05916580337050028,0.10101159788938716,werd+en defekt+en,30.38018817569941
-1.912002140947493,-8.187898561537395,-0.07150203321065157,0.05982526315389547,0.17630510442707414,defekt+en deich+e,33.661431507557786
-0.5378644657042173,-8.889478357053026,-0.03305280556026988,0.0703910024086834,0.08107458402649269,Millionen,35.204307546957594
-9.338626883244995,-4.355909952357202,-0.042084825521632147,0.052947930970770996,0.1039318527703657,deich+e million+en,25.304476850391467
-6.253104964232019,-5.9443700083541895,-0.03944293679538195,0.0576570907216617,0.0645949735774594,Euro,28.77487652455221
-6.253104964232019,-5.9443700083541895,-0.03944293679538195,0.0576570907216617,0.0645949735774594,million+en euro,28.77487652455221
-0.4525224894266806,-8.932731198741216,-0.013811695516569219,0.06476593480944016,0.061278619536135503,euro reparier+t,35.29998616940124
-12.78205869602969,-2.5811090822164715,-0.04339333661093575,0.04514205071877177,0.08618386074244368,gebaut,21.43057528323391
-3.2513253750872266,-7.492097018701779,0.0007965099579567182,0.11450452229704557,0.0743813811231001,Und,32.1521635272744
-4.741374140784455,-6.724326860057001,-0.03749355553435217,0.062036450492867275,0.099807478060999,Zukunft,30.47594847432554
-12.839074450049122,-2.5523939823340314,-0.04881042445511349,0.045189749822385335,0.10031901702949649,und zukunft,21.366737733105786
-14.180302914911195,-1.8758898125303123,-0.11729397393799815,0.03881372955958894,0.23610410672314122,zukunft küste+n+schutz,19.86459484048399
-16.21150265636362,-0.8132111945716272,-0.04021419384983302,0.03420211159218138,0.04635084175790275,kosten,17.572273010399886
-16.21150265636362,-0.8132111945716272,-0.04021419384983302,0.03420211159218138,0.04635084175790275,küste+n+schutz kost+en,17.572273010399886
-26.01561120976977,4.237261517279161,-0.046572212836008355,-0.012399039630215013,0.017406649613370684,Küstenschut…,6.5437847636752995
-26.01561120976977,4.237261517279161,-0.046572212836008355,-0.012399039630215013,0.017406649613370684,zukunft küstenschut…,6.5437847636752995
-26.180498137704582,4.322151700880259,-0.046670403367981124,-0.014282185048397969,0.015012128300754525,+2652,6.358329086237444
-26.180498137704582,4.322151700880259,-0.046670403367981124,-0.014282185048397969,0.015012128300754525,küstenschut… +2652,6.358329086237444
-26.244904543794117,4.3553080302832825,-0.04673519962022571,-0.015042433143756972,0.014102734230801956,+2652 char+s,6.28588951562074
-15.656678988798,-1.098716934577073,-0.019780534772335392,0.04216046407830973,0.03747839295539599,reparier+t hier,18.19624650074045
-3.8347862958202406,-7.199082671103996,-0.07853371108873282,0.05862708942926571,0.19374716861004387,thema küste+n+schutz,31.499288761682454
-23.1346962052286,2.7535999379439895,-0.039990290490645994,0.011837377996374424,0.03711067518739658,sie umwelt+minister,9.784290857014792
91.19007953502748,-56.15087273042278,0.03325894820307691,0.08561335113692548,0.054883807349610625,Nach,138.3917828081646
-6.411793319528893,-5.862319943034576,-0.05318876211279506,0.0414516691374198,0.01915796370316191,Angaben,28.596238897811205
-21.942251407237936,2.139578818412689,-0.02885139546607245,0.01938391933917609,0.023433467609977856,nach angabe+n,11.125539385010184
-23.04614163298995,2.7082028369792956,-0.03142441375725694,0.0130676417918629,0.019961129750246547,Schleswig-Holsteinischen,9.883805468849165
-23.04614163298995,2.7082028369792956,-0.03142441375725694,0.0130676417918629,0.019961129750246547,angabe+n schleswig-holsteinisch+en,9.883805468849165
-24.33804463717996,3.373561855097674,-0.03688191717705748,0.003855313374907604,0.0188355873069427,Umweltministers,8.43063274521488
-24.33804463717996,3.373561855097674,-0.03688191717705748,0.003855313374907604,0.0188355873069427,schleswig-holsteinisch+en umwelt+minister+s,8.43063274521488
-19.850439264056043,1.0611307378739925,-0.05999015790031599,0.01024669506283317,0.0009773779747903263,Tobias,13.478992749827
-23.990812636943208,3.1946677019373118,-0.0387993130274288,0.006258145489666821,0.026489291371864773,umwelt+minister+s tobias,8.821237537627535
-23.5169830539225,2.948565212162279,-0.08523690423172284,-0.017325361445556922,-0.019332814237055993,Goldschmidt,9.35517235573768
-23.5169830539225,2.948565212162279,-0.08523690423172284,-0.017325361445556922,-0.019332814237055993,tobias goldschmidt,9.35517235573768
-22.082700112811096,2.2115517077609166,-0.04084797441664485,0.01772990195507738,0.04752936401949562,goldschmidt großteil,10.967720853729087
6.245305136501468,-12.383589889477477,-0.00505846285341345,0.070196588638962,0.051788466925438814,sturm+flut oktober,42.834528143418915
-22.553395876455717,2.4544196964483627,-0.02985075180568718,0.01745122989978146,0.021232301720375123,2023 reparier+t,10.43806464006821
-23.365651686249343,2.873114401927017,-0.0263505720816976,0.0334795991949819,0.013291504105875497,Wir,9.524243895022902
-11.209314662950877,-3.3902643470185474,-0.031049637815186406,0.059188352066373406,0.01385663515941856,massive,23.199268435135508
-23.825808190053056,3.1100281687874753,-0.018279425346011593,0.06584210813816442,0.0028267853447901947,wir massiv+e,9.00667563014895
151.36837055049264,-87.176778597108,0.08186053343436236,0.26851476971713345,-0.004970931080420852,Schäden,206.09724394543633
-23.893642220723684,3.141467708540965,0.002475616537440807,0.1448982739687022,-0.016652094581094744,massiv+e schaden,8.931963168819275
-24.96909835435521,3.6991824621268425,-0.027409814765242596,0.03573175931184659,0.002879312337838405,+2760,7.720518042358239
-24.96909835435521,3.6991824621268425,-0.027409814765242596,0.03573175931184659,0.002879312337838405,schaden +2760,7.720518042358239
-25.12629427714906,3.7801206983093074,-0.02937391696048023,0.028954709097945654,0.0034085008426338707,+2760 chars,7.543709823449146
-22.27519625141991,2.311347777658937,-0.02326655953570131,0.04163895048036835,0.01654382257455706,Keine,10.750893934232991
22.49127360397721,-20.75379511034232,-0.009933395596145277,0.06117106486883717,0.035322394808917475,Fähren,61.10997434415203
-21.66496664112035,1.9968525012552378,-0.026261377162873866,0.028432107515569925,0.022348161165727777,kein+e fähre+n,11.43739943761827
-6.502990125791264,-5.814991286075822,-0.027604850773761833,0.04933066599170137,0.028138742837130918,Helgoland,28.493491126276318
-19.448810589278338,0.8550459434630593,-0.024219701156848017,0.030470997445165546,0.029552000346070088,fähre+n helgoland,13.930402440832912
-7.40749407427985,-5.349560491557259,0.045894921030357076,0.042229599394661296,0.034305823675289365,tobt,27.476266133757107
-18.463158169822467,0.34717975529684697,-0.02937453183120188,0.030157832139017633,0.024470367178126007,sturm+flut tob+t,15.039203464834342
-20.238768438187456,1.2560766555528886,-0.12353685306903357,-0.028371964727974958,-0.07562734389146498,tob+t nordseeküste,13.044515237414036
-22.27335816855298,2.309042188591614,-0.06235947696081235,-0.001195790690817794,-0.012155167217680337,Kurz,10.753593840761537
-22.27335816855298,2.309042188591614,-0.06235947696081235,-0.001195790690817794,-0.012155167217680337,nordseeküste kurz,10.753593840761537
-23.05693606799143,2.71305619400294,-0.053926065284392345,9.35377031815246e-05,-0.003807580357218159,Weihnachten,9.871991255007893
-23.05693606799143,2.71305619400294,-0.053926065284392345,9.35377031815246e-05,-0.003807580357218159,kurz weihnachten,9.871991255007893
-20.238768438187456,1.2560766555528886,-0.12353685306903357,-0.028371964727974958,-0.07562734389146498,weihnachten nordseeküste,13.044515237414036
-18.08395326423712,0.15091196661799522,-0.0614555069145989,0.012735909904730093,-0.00926595531093673,ungemütlich,15.466195129929243
-24.681321350213416,3.544762959024505,-0.11626523676296012,-0.04446976997731669,-0.07116608539635048,nordseeküste un+gemütlich,8.047082645401042
225.17008725078128,-125.18056809718598,0.04280559478087537,0.02967456619364706,0.030246642964747817,Das,289.1092147450528
-2.9239677329252594,-7.6590701684189,-0.02921799160174068,0.05692611132477367,0.02309402751480054,der wasser,32.5196580442382
-21.720490303277856,2.024696168799122,-0.05304664575372068,0.008228661908895374,-0.003124166517361259,tritt,11.375294925659576
-25.336643288437223,3.885589569780346,-0.07988667316310362,-0.028474777083131328,-0.033538415383959866,wasser tret,7.30842815397214
-20.87083128488763,1.586470376135491,-0.0642943604437021,0.0030499379624003703,-0.013387839274976842,vielerorts,12.33131031733638
-25.441712936046848,3.9400105763234556,-0.07547049465710291,-0.026763499657937923,-0.029014936805533357,tret vielerorts,7.1901007573983025
-18.69579146272855,0.46556455990527645,-0.06561571644567818,-0.0014674735759359764,-0.022319161966562685,Ufer,14.778193344163418
-25.071983815927574,3.7510761798023027,-0.04995106223573829,-0.009396086672112093,-0.0015732931514507442,vielerorts ufer,7.605298707328993
-14.889100508829916,-1.494182930136942,-0.020966421118184992,0.042539700025551797,0.03426548348471501,laufen,19.059710726706204
-24.7343584922427,3.577447882368711,-0.04354646487069049,-0.0033968478705581895,0.005590679726240416,fähre+n lauf+en,7.984951510211611
-21.979030935563287,2.1577922328671555,-0.054451903122792474,0.004541059504908289,-0.0036180299429128225,rummst,11.084507376013105
-21.979030935563287,2.1577922328671555,-0.054451903122792474,0.004541059504908289,-0.0036180299429128225,schleswig-holstein rumms+t,11.084507376013105
-19.385285840780366,0.8180365094148021,-0.10832613585600266,-0.017253755113081193,-0.0592045721273443,rumms+t nordseeküste,14.003839385599044
41.20934552732423,-30.398615672527228,0.003950877016371991,0.08135016811941434,0.05811594543153617,nordseeküste sturm+flut,82.16676685091389
57.421658151431274,-38.75760355525334,-0.042347544280134056,0.07883042338987517,0.17026123691098113,Warnung,100.40714021382138
-19.866503065656904,1.0675499675031466,-0.061393493932164575,0.026391247835433784,0.10556263807582747,der warnung,13.461758062850286
-21.96790814016162,2.152384904881635,-0.04123519707863521,0.018295114211495437,0.04920698571777736,warnung wetter+dienst+es,11.096863516307206
54.32612120634775,-37.15717319452577,0.008460475614513997,0.09354960941056488,0.05221316898007844,wurde,96.92237085339286
-23.27792148093686,2.8274308147046847,-0.03876469873058489,0.011042689290727735,0.03326148997287464,wetter+dienst+es werd+e,9.623156514999774
-24.036184703809113,3.2180383552382654,-0.038827612905721655,0.005930159913228185,0.026084248708972697,ostfriesischen,8.770200287260389
-24.036184703809113,3.2180383552382654,-0.038827612905721655,0.005930159913228185,0.026084248708972697,werd+e ostfriesisch+en,8.770200287260389
-11.958533923016013,-3.004146650945559,-0.014858534544297523,0.05653348332832172,0.041355045909442986,ostfriesisch+en insel+n,22.35640440435376
-25.0103650390883,3.7197635026170333,-0.04012017338496107,-0.0019166162628994551,0.017822649801576475,Borkum,7.674412806491166
-25.0103650390883,3.7197635026170333,-0.04012017338496107,-0.0019166162628994551,0.017822649801576475,insel+n borkum,7.674412806491166
22.747829078203278,-20.88645880835736,-0.00019270365787148538,0.0775289426119552,0.05646120844820368,Norderney,61.39879475663627
-25.20169753895857,3.818288456846566,-0.04052355236651037,-0.003664092604766314,0.016255230748645252,borkum norderney,7.459203427816291
-25.487375069125687,3.9653844990347364,-0.04121732348293719,-0.006422400293233467,0.013919301080094603,Wangerooge,7.137880538346019
-25.487375069125687,3.9653844990347364,-0.04121732348293719,-0.006422400293233467,0.013919301080094603,norderney wangerooge,7.137880538346019
-20.04789005491469,1.1633757712700872,-0.04265520445580374,0.018539020813899354,0.012621282508372033,nordfriesischen,13.256637921744865
-25.7098633699646,4.079934204941038,-0.04183501408664072,-0.008705959212067974,0.012092082917895392,wangerooge norden+friesisch+en,6.887635929591213
-25.941691048907757,4.1992819089037745,-0.042552976905134446,-0.01122460856164241,0.010168977228443971,Inse…,6.62689162904199
-25.941691048907757,4.1992819089037745,-0.042552976905134446,-0.01122460856164241,0.010168977228443971,norden+friesisch+en inse…,6.62689162904199
-22.22817865684553,2.2869272877927678,-0.029291680192475442,0.021734837251331185,0.023395088137773707,+966,10.803877686856657
-26.031502683499262,4.24551490197141,-0.0428521231550909,-0.012241541587251575,0.009416221049346123,inse… +966,6.525878936759978
-22.355791928910467,2.352661794633165,-0.029602708660139393,0.020827785820603545,0.02299099381900787,+966 chars,10.660329393590086
0.8886615187905385,-9.623588659394883,-0.007328238854530625,0.06629557475866216,0.04958052351055656,Angesagte,36.80864854285996
-8.571600121578548,-4.749210070325072,-0.012758124358763896,0.055846743035481296,0.043693179405654356,hochwasser an+ge+sag+t+e,26.166465522220058
24.647367300114173,-21.865178862669254,0.0005119436395399392,0.07809387118370119,0.056270713116437866,an+ge+sag+t+e sturm+flut,63.535647094654934
32.96662474010297,-26.151537356433558,-0.0009679648521004267,0.07320771670781617,0.0616616256699109,bleibt,72.89422146333256
-6.223512456144665,-5.959053830475694,-0.011179324763903488,0.05902255449868879,0.04547839076190882,hamburg bleib+t,28.807910834661868
-16.623065263834793,-0.6008091290738058,-0.023238355375541905,0.03791611348376425,0.031483892072769984,Ursprünglich,17.1091349071225
-22.466504068032684,2.4096326839262003,-0.03002332297357043,0.01652016058315986,0.021858017357828094,bleib+t ursprünglich,10.535819852455571
-5.280746641756338,-6.444811509796489,-0.010596048721733356,0.06016964866334822,0.04612410290178856,Montagmorgen,29.868461295369052
-13.176676012868747,-2.3764817356655445,-0.016538596933369905,0.04787651998021995,0.03922871462865492,ursprünglich montag+morgen,20.986065631821912
9.302276082461685,-13.958686807920063,-0.003932071356192143,0.0720036407874531,0.052812906696893626,erneut,46.27342305638799
-6.1156651868840015,-6.0146218386073205,-0.011111240871726952,0.05915720955029808,0.04555416482865346,montag+morgen erneut,28.929232014389818
24.647367300114173,-21.865178862669254,0.0005119436395399392,0.07809387118370119,0.056270713116437866,erneut sturm+flut,63.535647094654934
62.99802166620327,-41.625009818863795,0.007354812450124388,0.08292287424983394,0.05898856777756409,sturm+flut norden,106.6775459144148
-13.176676012868747,-2.3764817356655445,-0.016538596933369905,0.04787651998021995,0.03922871462865492,angesagt,20.986065631821912
-13.176676012868747,-2.3764817356655445,-0.016538596933369905,0.04787651998021995,0.03922871462865492,norden an+ge+sag+t,20.986065631821912
37.408287816920264,-28.440105274695753,0.006917928526708743,0.07338734077452405,0.06445779817248079,Doch,77.8908114907247
-7.086205388926313,-5.514553918973943,-0.01173729759419933,0.05791166568371114,0.04485351443840279,Ende,27.837437384795074
-16.90726308432914,-0.4543746635852077,-0.020606799280581053,0.03883070950353225,0.0341878608226988,doch ende,16.789429266664946
-6.20105664480797,-5.970584831779911,-0.032096686926523586,0.04702664351669487,0.0234116434611195,stieg,28.83315820523673
-17.550404570133672,-0.12301798348468651,-0.02144139289211611,0.03692455847703305,0.03312897332463959,ende steig,16.065946339781185
-11.82072364737482,-3.0751224064776874,-0.02735063404881833,0.04359243277266872,0.02800112607371636,steig wasser,22.511421553613804
-19.158261454094383,0.7053572034896263,-0.0237598437718062,0.0315500980462108,0.030149267262471326,weniger,14.257243912199833
-19.158261454094383,0.7053572034896263,-0.0237598437718062,0.0315500980462108,0.030149267262471326,wasser weniger,14.257243912199833
-16.003144008939778,-0.9211850915295567,-0.06291521477342907,0.022582948677870376,-0.017342229075208205,hoch,17.80695448053561
-19.713556693984266,0.9914346716763287,-0.025228292411769125,0.02912255544981269,0.02838065597752615,weniger hoch,13.632590131398999
1.6353836561154829,-10.00819679338612,-0.023741881472175066,0.06086710103677159,0.030068833968023807,zunächst,37.64860198724742
-20.20396882298521,1.243907041178569,-0.0370085435264867,0.02085725383757677,0.015734766757550357,hoch zunächst,13.081007442134014
-20.61283144487799,1.4541675278120945,-0.050127443025395096,0.012016384941516148,0.0016956521857877764,angenommen,12.62125162806242
-20.61283144487799,1.4541675278120945,-0.050127443025395096,0.012016384941516148,0.0016956521857877764,zunächst an+ge+nehm+en,12.62125162806242
-21.23315544980889,1.7736168869137146,-0.053151001680087226,0.008136426780432658,-0.0018130133996469636,blieb,11.923506477200613
-24.837380970839526,3.6234140930136736,-0.13019782197310903,-0.053360356219062155,-0.08606628352546494,kritischen,7.872333784242801
-24.837380970839526,3.6234140930136736,-0.13019782197310903,-0.053360356219062155,-0.08606628352546494,bleib kritisch+en,7.872333784242801
-16.86315584478707,-0.5270218378339147,-0.30303762038001,-0.12362823769344608,-0.2954191456245751,Pegel,16.861969504537985
-24.233799517225375,3.2929996863858566,-0.2338257531842908,-0.10677811827687703,-0.1948917127506408,kritisch+en pegel,8.56023762452207
-23.172364009320056,2.773085384506474,-0.03737810489752826,0.009029927856907968,0.013576615945160525,link ursprünglich,9.741884884785557
-25.76454270701659,4.108106853235951,-0.04016424753035666,-0.009121508881682568,0.00782448065930164,kritis…,6.826126150595847
-25.76454270701659,4.108106853235951,-0.04016424753035666,-0.009121508881682568,0.00782448065930164,bleib kritis…,6.826126150595847
-25.894667236366647,4.175093931359768,-0.04071231837324636,-0.010548425135965343,0.0070467474809172564,+853,6.679771924062545
-25.894667236366647,4.175093931359768,-0.04071231837324636,-0.010548425135965343,0.0070467474809172564,kritis… +853,6.679771924062545
-25.961767784605247,4.209635436515388,-0.0410014068724785,-0.011302700738727432,0.006635747959368381,+853 char+s,6.604302915401856
-22.466504068032684,2.4096326839262003,-0.03002332297357043,0.01652016058315986,0.021858017357828094,bleib+t hier,10.535819852455571
1.45402980614897,-9.918564958436644,0.016345624739460378,0.15536756208296426,0.02918922590239374,thema hochwasser,37.446319426692604
-18.489938366849145,0.36103773160362973,-0.022752216122176927,0.03389974427480176,0.03145091352766698,sie an+ge+sag+t+e,15.009048932039201
-22.54124761169884,2.446782072750789,-0.06707944205458671,-0.005048040993140303,-0.017319935461943225,der elbe,10.452369221682353
-20.743936328198494,1.515078856097265,-0.13352935205490674,-0.03563164283289667,-0.08642025718122587,elbe nordsee,12.476824394839792
6.77314557268414,-12.655479381535876,-0.00923842752988592,0.0684012966037753,0.047113544812172475,angekündigte,43.42827915048997
-19.390496186508983,0.8247597283589307,-0.03958685317535603,0.021805414346959786,0.013354387011728875,nordsee an+ge+kündig+t+e,13.996115176355763
41.20934552732423,-30.398615672527228,0.003950877016371991,0.08135016811941434,0.05811594543153617,an+ge+kündig+t+e sturm+flut,82.16676685091389
-20.40243860848691,1.3463380636978597,-0.02583378488591835,0.026651202821246528,0.027440383631827568,sturm+flut montag+morgen,12.857661857890735
-22.27018154634734,2.3085039597834784,-0.029574543921181376,0.017619444776193163,0.022462546352792313,ausgeblieben,10.756657879422269
-22.27018154634734,2.3085039597834784,-0.029574543921181376,0.017619444776193163,0.022462546352792313,montag+morgen aus+ge+bleib+en,10.756657879422269
-23.972345751138686,3.1852498025258003,-0.03393883856651965,0.0067963396318261385,0.016521945848951988,kletterte,8.841968283081354
-23.972345751138686,3.1852498025258003,-0.03393883856651965,0.0067963396318261385,0.016521945848951988,wasser kletter+te,8.841968283081354
-24.750219590079354,3.585847303912732,-0.036378130619280205,0.0006239071327552997,0.013144324862751394,kletter+te zunächst,7.967003452031686
286.2804220889643,-156.66705858134847,0.013990429661826367,0.04941818025406014,0.027867052327591724,erwartet,357.85418746210394
-24.99893984151136,3.713922717879246,-0.03723539456314631,-0.0015653602829083235,0.011947934033913598,zunächst erwart+et,7.687245023658743
4.6793428419496585,-11.577193896154487,0.040688968416326236,0.07185750430466684,0.03880165335330552,Stand,41.07313584541582
-25.421729675573527,3.9316147180600574,-0.03879406714226774,-0.005571980343657169,0.009760404879596746,erwart+et stand,7.211703096015137
-25.603588254514104,4.025244385960148,-0.039508135357372506,-0.007418635044943958,0.00875300260315931,"1,50",7.007157567100999
-25.603588254514104,4.025244385960148,-0.039508135357372506,-0.007418635044943958,0.00875300260315931,"stand 1,50",7.007157567100999
-25.68641791191274,4.067887279474698,-0.039842852101039855,-0.00828663144696938,0.008279659958115804,"1,50 meter",6.913995723771614
-26.03793815955766,4.248844684899774,-0.041335110561158246,-0.012174776757803013,0.0061606566437174895,Hochwasse…,6.518633466112178
-26.03793815955766,4.248844684899774,-0.041335110561158246,-0.012174776757803013,0.0061606566437174895,mittler+en hochwasse…,6.518633466112178
-26.177731369835847,4.320800874330692,-0.04196350076397949,-0.01382100387422898,0.005264099308483438,+681,6.3614084436925165
-26.177731369835847,4.320800874330692,-0.04196350076397949,-0.01382100387422898,0.005264099308483438,hochwasse… +681,6.3614084436925165
-26.231607537546033,4.348531490706426,-0.0422114136439304,-0.014471922230060039,0.004909698701688524,+681 chars,6.300814639394424
-22.224603763816585,2.28421328800062,-0.05565482370848802,0.011298772395022631,0.048710057046512524,deich+e schleswig-holstein,10.808296888225398
-19.053596639295677,0.6508823397493417,-0.05047025593066599,0.01650853580301604,0.0019950849391952054,schleswig-holstein seit,14.375240511601234
-16.93485680013102,-0.44168293241520296,-0.07355029283097034,0.008489600784647923,-0.021695545582232693,seit ostsee-sturmflut,16.75909717802628
-18.489938366849145,0.36103773160362973,-0.022752216122176927,0.03389974427480176,0.03145091352766698,ostsee-sturmflut reparier+t,15.009048932039201
-26.04586610287533,4.249185905484358,-0.08747750740648741,-0.015945594046359243,0.10259932502320504,kosten.Nach,6.511418101141399
-26.04586610287533,4.249185905484358,-0.08747750740648741,-0.015945594046359243,0.10259932502320504,küste+n+schutz kosten.nach,6.511418101141399
-26.21727191016828,4.338937448620922,-0.07725597586440532,-0.017229484125715025,0.07833881474096219,kosten.nach angabe+n,6.317943597874808
-26.355159689727543,4.4106132652861785,-0.07148226915247674,-0.018463811736732463,0.06392628466636281,+2610,6.162542455751465
-26.355159689727543,4.4106132652861785,-0.07148226915247674,-0.018463811736732463,0.06392628466636281,angabe+n +2610,6.162542455751465
-26.416311729897554,4.442310403002969,-0.06943307949741351,-0.01906293234272169,0.05858849810904195,+2610 chars,6.093664701294137
-26.183022099360397,4.323120281426123,-0.05134452372186447,-0.019271932689786442,-0.004657894780334185,Sich,6.355644778047307
-26.12679916953842,4.294166061126981,-0.05149365867234709,-0.018834164816738802,-0.004720351069124228,ans,6.41888522591241
-26.12679916953842,4.294166061126981,-0.05149365867234709,-0.018834164816738802,-0.004720351069124228,sich an,6.41888522591241
-0.8954375248363817,-8.705654658176783,0.0515209132211309,0.09354109982439264,0.04444275424748157,Meer,34.802253462464876
-26.07990329706974,4.270014216584165,-0.0516311506063879,-0.018482573050437268,-0.0047875667191611924,an meer,6.471634894975546
-25.980505972334612,4.218820695637505,-0.051963035946835,-0.017778177052149555,-0.004976514200040739,wünschen,6.583440872406399
-25.980505972334612,4.218820695637505,-0.051963035946835,-0.017778177052149555,-0.004976514200040739,meer wünsch+en,6.583440872406399
-25.07887856953575,3.7542473043191507,-0.05797628664031774,-0.014049951916599537,-0.010059465468849085,verfolgen,7.597718788624819
-25.07887856953575,3.7542473043191507,-0.05797628664031774,-0.014049951916599537,-0.010059465468849085,wünsch+en verfolg+en,7.597718788624819
-24.560233896062428,3.4867832047566996,-0.06482500873988364,-0.01446670628235569,-0.016692346277323505,eigene,8.181268248858608
-24.560233896062428,3.4867832047566996,-0.06482500873988364,-0.01446670628235569,-0.016692346277323505,verfolg+en eigen+e,8.181268248858608
-24.303553520894084,3.35430954524914,-0.06960646313965194,-0.015600518856793796,-0.02147251505752368,Schatten,8.47011835261078
-24.303553520894084,3.35430954524914,-0.06960646313965194,-0.015600518856793796,-0.02147251505752368,eigen+e schatten,8.47011835261078
101.37486585171986,-61.39815444339236,0.011542300285282584,0.08376630041810113,0.05248494726214298,Eine,149.84882557935066
-23.9033999226369,3.1475557818848285,-0.07973546977393776,-0.019039385352015256,-0.0317806326339172,schatten ein,8.920530454978458
-23.632202190652357,3.0071660741575243,-0.0892109925946902,-0.022939977306702705,-0.04154312589329846,Reise,9.225912271364017
-23.632202190652357,3.0071660741575243,-0.0892109925946902,-0.022939977306702705,-0.04154312589329846,ein reise,9.225912271364017
188.31107316054923,-106.19503950689727,-0.13552759254718977,-0.01475687412899146,-0.10997011740567544,Ostsee,247.64796049811883
-22.523237364976815,2.424895654034498,-0.17634701529951805,-0.0663677518055436,-0.13269849240523252,reise ostsee,10.478424404495415
-22.196584474143236,2.2679515360235083,-0.08689253300980271,-0.014837567238990726,-0.038009219736096805,führte,10.840666162478948
-22.196584474143236,2.2679515360235083,-0.08689253300980271,-0.014837567238990726,-0.038009219736096805,ostsee führ+te,10.840666162478948
-20.40243860848691,1.3463380636978597,-0.02583378488591835,0.026651202821246528,0.027440383631827568,Autorin,12.857661857890735
-20.40243860848691,1.3463380636978597,-0.02583378488591835,0.026651202821246528,0.027440383631827568,führ+te autor+in,12.857661857890735
-9.819612766445832,-4.106178112971714,-0.013681872992517233,0.05394408116965768,0.04262538012154767,autor+in sturm+flut,24.762533789152943
-18.840211749079927,0.5414989964804438,-0.02327192526504919,0.03269043802102313,0.03078078874656726,Strandkörben,14.615021676160534
-18.840211749079927,0.5414989964804438,-0.02327192526504919,0.03269043802102313,0.03078078874656726,sturm+flut strand+korb+en,14.615021676160534
-22.05647213122097,2.1984172628457452,-0.02909964003489732,0.01877917041522562,0.02310061585024259,Sätzen,10.997054760258363
-22.05647213122097,2.1984172628457452,-0.02909964003489732,0.01877917041522562,0.02310061585024259,strand+korb+en satz+en,10.997054760258363
-23.04614163298995,2.7082028369792956,-0.03142441375725694,0.0130676417918629,0.019961129750246547,Thomas,9.883805468849165
-23.04614163298995,2.7082028369792956,-0.03142441375725694,0.0130676417918629,0.019961129750246547,satz+en thomas,9.883805468849165
-23.50381069752501,2.943934873150037,-0.032620308561449346,0.010096756759943315,0.018330904107021043,Mann,9.36899499178768
-23.50381069752501,2.943934873150037,-0.032620308561449346,0.010096756759943315,0.018330904107021043,thomas mann,9.36899499178768
-23.382918179381708,2.8816678461092717,-0.03229606797429267,0.010904392525362558,0.018773900359872954,unerhörten,9.50498076525117
-23.382918179381708,2.8816678461092717,-0.03229606797429267,0.010904392525362558,0.018773900359872954,mann un+erhör+t+en,9.50498076525117
-22.558871568044935,2.4572120351662097,-0.030238790449014157,0.01599122653815603,0.021567238580464644,Echo,10.4319183452882
-22.558871568044935,2.4572120351662097,-0.030238790449014157,0.01599122653815603,0.021567238580464644,un+erhör+t+en echo,10.4319183452882
-20.960539715313047,1.633853303434213,-0.026862413445604014,0.024191821876238463,0.026082876685659125,Vergangenheit,12.229855270791823
-20.960539715313047,1.633853303434213,-0.026862413445604014,0.024191821876238463,0.026082876685659125,echo vergangenheit,12.229855270791823
73.73046304731598,-47.15477269488108,0.008743923928158554,0.08300608702435402,0.05901950749203913,ein sturm+flut,118.75080433904265
-8.998183261816028,-4.529594251212602,-0.04389703413863795,0.037527630302751205,0.010810342504627563,lässt,25.686675563012287
-18.489938366849145,0.36103773160362973,-0.022752216122176927,0.03389974427480176,0.03145091352766698,sturm+flut lass+st,15.009048932039201
-20.58573441432865,1.4339928642672728,-0.1303132210989866,-0.03329883168001575,-0.08294617627983437,lass+st ostsee,12.654594987736306
-14.516131762432462,-1.6873856614945186,-0.06673471688308763,0.028334851852696026,-0.018267036340094574,Travemünde,19.479755996715497
-22.14432140850239,2.242099179377224,-0.07107042067497557,-0.005623979815442694,-0.021268956253144258,ostsee travemünde,10.898962814807144
-23.38627427145678,2.882669980811162,-0.054485595962464696,-0.0018567421227457526,-0.00466091264254195,travemünde küste,9.501542675461993
-23.73108300744231,3.060385169372882,-0.05186770602218553,-0.0021687986648063207,-0.0021919069155214195,zurückerobern,9.113630514690284
-23.73108300744231,3.060385169372882,-0.05186770602218553,-0.0021687986648063207,-0.0021919069155214195,küste zurück+erober+n,9.113630514690284
-24.42793496374899,3.4194499217289653,-0.048277342914051204,-0.004151347169347716,0.0009270608270846789,Haben,8.329710943996242
-24.6322974965258,3.5247312451266253,-0.04758446395754714,-0.005049440786817586,0.001439369423871132,hab+en sie,8.099823716105892
-24.75602497268249,3.5884678343014538,-0.047234792853187754,-0.005660566746067276,0.0016702654767103142,sie schon,7.96064465096042
-25.241012535699326,3.8382740457811524,-0.046332925347686744,-0.008544960078500044,0.0020353747380580586,unbekannten,7.415103192901305
-25.241012535699326,3.8382740457811524,-0.046332925347686744,-0.008544960078500044,0.0020353747380580586,schon un+bekenn+t+en,7.415103192901305
-16.501682887703254,-0.663376016014265,-0.02738261363952486,0.03578393463792529,0.027140619080418718,Ort,17.245694417100793
-25.48322964900267,3.9630171391876963,-0.04614333918562159,-0.010281550324752087,0.0019121181941704063,un+bekenn+t+en ort,7.1426517753534835
-25.55574841539452,4.000362314463549,-0.04611859400202192,-0.010840906788758764,0.0018370309549172285,betreten,7.061082085073085
-25.55574841539452,4.000362314463549,-0.04611859400202192,-0.010840906788758764,0.0018370309549172285,ort betret+en,7.061082085073085
-22.029287759993533,2.1843551767979665,-0.03234051562430647,0.017024345647760453,0.019695946738136474,Wald,11.027661405324379
-25.81311131550028,4.132887850551338,-0.046146526757625095,-0.012977215542503202,0.0014305853986416733,betret+en wald,6.771602528559204
-25.96521244088352,4.211203064088765,-0.046246429751150904,-0.014354257537025392,0.0010882922003774692,Bergwiese,6.600523830020286
-25.96521244088352,4.211203064088765,-0.046246429751150904,-0.014354257537025392,0.0010882922003774692,wald berg+wiese,6.600523830020286
-26.20252394004141,4.333380548528424,-0.04652405940624282,-0.01668137065923682,0.0004025933322222251,Stelle,6.333608476446477
-26.20252394004141,4.333380548528424,-0.04652405940624282,-0.01668137065923682,0.0004025933322222251,berg+wiese stelle,6.333608476446477
-26.36396598630312,4.416488600448192,-0.04679725232654259,-0.01839530920663686,-0.00017054032157329951,stelle ufer,6.1520311096398865
-26.454650218447487,4.4631681619103025,-0.04698067127679942,-0.019406858150635448,-0.0005309167744480363,plötzlich…,6.050038150560002
-26.454650218447487,4.4631681619103025,-0.04698067127679942,-0.019406858150635448,-0.0005309167744480363,ufer plötzlich…,6.050038150560002
-26.554726716302206,4.514679373748573,-0.047208209983406704,-0.02056553727134469,-0.0009611874950091644,+9189,5.937483054726765
-26.554726716302206,4.514679373748573,-0.047208209983406704,-0.02056553727134469,-0.0009611874950091644,plötzlich… +9189,5.937483054726765
-26.60158740681646,4.538798300718913,-0.04732385776273177,-0.021123795121976346,-0.0011745476313975954,+9189 char+s,5.884779798977533
188.89580393498957,-106.4914238129778,0.02887303928457209,0.06019574634486401,0.038587340053354256,Sturm,248.3034768709326
28.088858633077766,-23.637865990771324,-0.01923979222315444,0.061927537723984405,0.024197141946144078,Norddeutschland,67.4068649328648
-4.2803113379326305,-6.9602836439066795,-0.010004936260845754,0.061316712510538086,0.04677027627679148,sturm norddeutschland,30.993886394076554
7.740656648721558,-13.154066374304183,-0.004494216190473588,0.07111333769959387,0.052308060878647374,norddeutschland sturm+flut,44.516702126208074
72.12570131887813,-46.33011736582445,-0.1082955212695422,0.016701298686722814,-0.06416381461881537,sturm+flut nordseeküste,116.94657817582795
30.950461372540392,-25.112964620394933,-0.005811437051149196,0.09216616952604847,0.030125340875942163,bringt,70.62628216615592
-8.341873273225843,-4.868100751284796,-0.03315457079998682,0.07592466820180913,-0.0020781211275505834,nordseeküste bring+t,26.425134313289185
44.09257849798321,-31.893142284786826,0.046113282331332744,0.208341958224236,0.017684589109154263,Fährausfälle,85.41429839140902
-8.005576542892015,-5.04417901774141,0.008333107067488396,0.14385684915947783,0.0022556104351570162,bring+t fähr+ausfall+e,26.804718021781774
74.97766717037766,-47.7979845619257,0.08403439696790482,0.023684980532443674,0.03669594367441466,Ein,120.15411627276575
-10.54060123597063,-3.7348230917486696,0.020434246361414228,0.03621732052962905,0.03293274113832011,fähr+ausfall+e ein,23.95153445421094
156.99894585571028,-90.08416790810391,0.3056552599421407,-0.11992383571563073,0.030183338909213066,Sturmtief,212.43421671995543
10.011353556873349,-14.353148432052887,0.28563194826605826,-0.1220800489575315,0.0280316967015228,ein sturm+tief,47.08447142271686
-19.567677383511466,0.9134334617530158,0.055411642214959464,-0.03447572631310944,0.006324780069056651,treibt,13.798011480604147
-19.567677383511466,0.9134334617530158,0.055411642214959464,-0.03447572631310944,0.006324780069056651,sturm+tief treib+t,13.798011480604147
-19.768435579280876,1.018485006740006,0.004013680739341307,-0.01802677383216944,-0.005058325658636242,treib+t wasser,13.571429924944495
8.334764571288755,-13.459877833787175,-0.014062036211596482,0.05834703164439894,0.03534905111447598,schleswig-holsteinische,45.18490127121262
-18.97267693796305,0.6086730182372495,-0.04276762802823701,-0.00519666968430766,-0.013999101205284286,wasser schleswig-holsteinisch+e,14.4665122408738
9.542934292628662,-14.092837717977467,-0.16978901664732535,-0.021356336259477138,-0.12214093143998414,schleswig-holsteinisch+e nordseeküste,46.54882954990197
34.74963819087094,-27.0699051414529,-0.0069461741273486085,0.07032776318975756,0.041577663464555284,Morgen,74.89985015936354
46.450659593380124,-33.09927046754418,0.03432539938298035,0.0793358807754128,0.0492033461740787,kommt,88.06294660087981
-10.361665809562364,-3.8268887586031255,-0.014104060138532253,0.05306429842752435,0.04213207088465025,morgen komm+t,24.15276024498015
7.740656648721558,-13.154066374304183,-0.004494216190473588,0.07111333769959387,0.052308060878647374,komm+t sturm+flut,44.516702126208074
-3.9667203935007436,-7.122068239250147,0.028244334790458007,0.03430049316186475,0.0467071883719843,Ausfällen,31.346757417968593
-10.361665809562364,-3.8268887586031255,-0.014104060138532253,0.05306429842752435,0.04213207088465025,sturm+flut ausfall+en,24.15276024498015
30.609177212890305,-24.937305391670442,0.006425886850713516,0.09414569036073639,0.05012812083534197,Fährverkehr,70.24244274484484
-9.047929462232943,-4.503783667167163,-0.013103102144546425,0.05513985381038058,0.043296312398957815,ausfall+en fähr+verkehr,25.63062639660366
-9.331025423243293,-4.357882638056216,-0.008476138246160994,0.04994510931021059,0.04197591088778976,fähr+verkehr insel+n,25.312146230969446
-7.160059335171841,-5.476502900389285,-0.03394965088605381,0.03817710687515899,0.01574780919509104,Halligen,27.754363618839122
-18.796197393366356,0.5187913052333899,-0.012472355811640693,0.0250725403056036,0.03077046117721633,insel+n hallige+n,14.664550239826765
-15.269360457340884,-1.2991800660203943,0.03149475951674521,0.00023286669373624724,0.03061425556682643,link ein,18.632376583535706
-24.457641840984557,3.4351792730411197,-0.03542021575837545,0.0030579834120292443,0.014475459425280257,Eine…,8.29609645870296
-24.689425943357378,3.554541291184073,-0.03617475257577156,0.0011417787518953962,0.013427449581673488,+952,8.035384127397789
-24.689425943357378,3.554541291184073,-0.03617475257577156,0.0011417787518953962,0.013427449581673488,eine… +952,8.035384127397789
-24.837423080721866,3.6307524874175026,-0.036674005276628244,-0.00013053129338112812,0.0127319487833658,+952 chars,7.868917324411097
-23.559338360640034,2.972624851341597,-0.0382819318208394,0.038401279019111355,-0.007367780356377387,fähr+ausfall+e hier,9.306490916064037
-14.441212527691455,-1.7249719525276905,-0.026960252940112988,0.03986476142469573,0.02802423855196355,thema sturm,19.563564092323258
-20.40243860848691,1.3463380636978597,-0.02583378488591835,0.026651202821246528,0.027440383631827568,sturm+flut morgen,12.857661857890735
-22.040353069912022,2.190011983583112,-0.03446822254942138,0.01575543867613545,0.017442636580769437,morgen schleswig-holsteinisch+e,11.015234477178913
1.3063176745404625,-9.839523419785344,-0.06868804460939354,0.03146009205922781,-0.015154286271457564,nordseeküste erreich+t,37.27883477201168
-3.2212706275616227,-7.505834907682624,-0.02166793473458209,0.05677363643090859,0.022665471343854684,Dagebüll,32.18518856572704
-14.59377562595008,-1.6466270243932435,-0.043828212205028125,0.029934586311170002,0.010196221514797935,Nordfriesland,19.392064123629403
-14.59377562595008,-1.6466270243932435,-0.043828212205028125,0.029934586311170002,0.010196221514797935,dagebüll nordfriesland,19.392064123629403
8.863490704017497,-13.732358981168886,-0.024691520012047267,0.06077213716570001,0.0304268670447244,etwa,45.77970962447324
-16.102703572736882,-0.8691256367510896,-0.040110052423880146,0.029285246699379965,0.013804862278881598,nordfriesland etwa,17.694603563174557
-21.599255393229107,1.962002250772648,-0.05807570822083061,0.003960032080623191,-0.007216716964231592,etwa steig,11.511781871891674
-22.25179507043706,2.2983919377638546,-0.052189570161536566,0.004710781620698205,-0.0014030251893575839,Rohdaten,10.777638237150352
-22.25179507043706,2.2983919377638546,-0.052189570161536566,0.004710781620698205,-0.0014030251893575839,wasser rohdat+en,10.777638237150352
-11.537385184544615,-3.2210914270092434,-0.02335596379791589,0.04626444805512808,0.03224912111642765,Bundesamts,22.830148859784956
-22.567658135213044,2.4611830491719067,-0.050040690585242194,0.004577178479649349,0.0006529848423114555,rohdat+en bund+es+amt+s,10.422292618189354
68.55926362954878,-44.490073215158056,-0.0011257909262593034,0.07770372379848751,0.0493100562976654,Seeschifffahrt,112.93342481217469
-13.171836102582102,-2.3789743198983437,-0.024134411475555388,0.043513842265107155,0.03121441368567262,bund+es+amt+s see+schiff+fahrt,20.991511149013828
50.53503415848111,-35.203546196396196,0.00424425183402807,0.08156688183650224,0.057301392982669966,Hydrographie,92.65751618888626
50.53503415848111,-35.203546196396196,0.00424425183402807,0.08156688183650224,0.057301392982669966,see+schiff+fahrt hydrographie,92.65751618888626
-26.493847118421836,4.483001606547244,-0.054144348345464825,-0.023928865883833098,-0.008175395895579435,BSH…,6.00611173555941
-26.493847118421836,4.483001606547244,-0.054144348345464825,-0.023928865883833098,-0.008175395895579435,hydrographie bsh…,6.00611173555941
-26.543399906092766,4.508520978846241,-0.05395095570456724,-0.024328912732366578,-0.008065577260369956,+797,5.95037387444482
-26.543399906092766,4.508520978846241,-0.05395095570456724,-0.024328912732366578,-0.008065577260369956,bsh… +797,5.95037387444482
-26.58306850614526,4.528949066114201,-0.05380909103323327,-0.024661976478043843,-0.007992512073607124,+797 chars,5.905754381687565
26.36845855097965,-22.75171608572234,-0.016477075991170296,0.0759756045420228,0.026111019748319548,Orkanböen,65.47165214212637
-18.101488179400185,0.16090604434151512,-0.02219617960027681,0.03518734186839762,0.03216489355972479,orkanbö+en norden,15.446022576623557
-9.819612766445832,-4.106178112971714,-0.013681872992517233,0.05394408116965768,0.04262538012154767,norden sturm+flut,24.762533789152943
-11.91823638014262,-3.0248630581399585,-0.022239412153642515,0.04639705436897841,0.033382480445569775,stoppt,22.40171765711636
-18.447139614311297,0.3388708037554826,-0.033299433671527004,0.027943353661979156,0.020333162925463735,sturm+flut stopp+t,15.057249443900245
-20.04766681342219,1.158041343238132,-0.11995841734427383,-0.025763743489222987,-0.0717630388402789,Nordsee-Fähren,13.259294804904044
-20.04766681342219,1.158041343238132,-0.11995841734427383,-0.025763743489222987,-0.0717630388402789,stopp+t nordsee+-+fähre+n,13.259294804904044
-22.222266255439607,2.279189151893023,-0.10946761432503799,-0.02771416434911718,-0.06186395033654765,nordsee+-+fähre+n der,10.812693822768063
-13.001408051362194,-2.473471190730537,-0.13534920248764554,-0.019218751391601646,-0.08611963250357364,Nordsee-Küste,21.18631440918556
-22.372797552914143,2.3481668735208663,-0.17217466761383504,-0.0633979016102265,-0.12818693363951705,der nordsee+-+küste,10.647299049283124
-15.674254488882475,-1.0899455075422644,-0.04358223765104254,0.028127105954310012,0.010237535767902595,nordsee+-+küste schleswig-holstein,18.176610307402118
-11.635821610992743,-3.1708710714993895,0.029022066364891,0.019075786348625903,0.040575534913628884,erlebt,22.719648554005396
-19.158261454094383,0.7053572034896263,-0.0237598437718062,0.0315500980462108,0.030149267262471326,schleswig-holstein erleb+t,14.257243912199833
-9.819612766445832,-4.106178112971714,-0.013681872992517233,0.05394408116965768,0.04262538012154767,erleb+t sturm+flut,24.762533789152943
-11.14248329085158,-3.430771273656532,0.03028651713993788,0.18031712661650937,0.00783119387998835,Fährverbindungen,23.277210515357062
-18.568610366508867,0.4012140158720525,-0.009942174623298727,0.08273710670291054,0.019447100464427235,sturm+flut fähr+verbindung+en,14.920705147078603
-21.98531407598918,2.161976175751847,-0.02435809295647043,0.036610242522082365,0.019025166613851445,fähr+verbindung+en werd+en,11.076998146548162
-12.198444522397402,-2.880454458620367,-0.006859198918480016,0.051765166952097555,0.03134777215011576,gestrichen,22.086486606095193
-22.617317514623426,2.4876123849849385,-0.022393138372379634,0.04603327433493134,0.013917973529347474,werd+en ge+streich+en,10.36603480356925
-23.27448068084304,2.8230084533716857,0.001324036250587645,0.13829317257691717,-0.01162089202175905,Hochwasserstände,9.628223133069326
-23.27448068084304,2.8230084533716857,0.001324036250587645,0.13829317257691717,-0.01162089202175905,ge+streich+en hochwasser+stand+e,9.628223133069326
-10.212493563165427,-3.9040970090822515,-0.012240865333784313,0.08242125694385145,0.027001648831197277,erreichen,24.320724859480766
-24.323658607439544,3.3666831619050965,-0.023658339511684702,0.04730378841799074,0.004371762651948163,hochwasser+stand+e erreich+en,8.446565566004391
28.406648796094107,-23.801951246534937,-0.020642929498181965,0.07885154144879501,0.026076026389229078,zwei,67.76451280565777
-24.685246394787967,3.5529429310907132,-0.02774353882291581,0.03323887241847222,0.005478284298424438,erreich+en zwei,8.039826728246483
-13.050128675300943,-2.4421304208025276,-0.0364956069799338,0.06824268884919671,-0.0011035974278959422,zwei meter,21.12862729158517
-20.557951122915775,1.4257686256690159,-0.012512371189358279,0.09194461083333003,0.003026060343284124,Normal,12.683030389310915
-20.557951122915775,1.4257686256690159,-0.012512371189358279,0.09194461083333003,0.003026060343284124,meter normal,12.683030389310915
-13.003592733139257,-2.4660510711835055,-0.0494046765367686,0.03434253021648091,0.001486684084878679,Kiel/Hamburg,21.18095682602811
-25.545767917409513,3.9956686944907047,-0.04277062754942709,0.005176059108937571,-0.0033269250621085662,kiel/hamburg der,7.072101623282885
-25.60957874822087,4.0283904950885345,-0.04612678391859253,0.0020267531151173385,-0.006526741340166769,Wassermassen,7.000391102605036
-25.60957874822087,4.0283904950885345,-0.04612678391859253,0.0020267531151173385,-0.006526741340166769,der wasser+masse+n,7.000391102605036
-25.48684523454053,3.9648101152016175,-0.05139641502719281,-0.007240503996149138,-0.0074312766469905416,türmen,7.138616810963658
-25.48684523454053,3.9648101152016175,-0.05139641502719281,-0.007240503996149138,-0.0074312766469905416,wasser+masse+n türm+en,7.138616810963658
-17.4333438218461,-0.18332015949423308,-0.026037105852942274,0.04153628132716913,0.024029278282382237,meterhoch,16.19762614183911
-25.263090374377118,3.8493043200644492,-0.05462289570582727,-0.012474442156112493,-0.007370482855639852,türm+en meter+hoch,7.390426704907425
-19.38838868037324,0.8238690567699845,-0.0324148535136896,0.0318527197374453,0.017287285364736886,brechen,13.998394483878329
-25.006955614913593,3.7172504345292205,-0.057162791659853135,-0.013073850251583884,-0.009111831341866859,meter+hoch brech+en,7.678599158172338
-24.66424344193607,3.540556627647062,-0.06104980880273829,-0.012978651410726107,-0.012819046291096484,Gewalt,8.064179919977798
-24.66424344193607,3.540556627647062,-0.06104980880273829,-0.012978651410726107,-0.012819046291096484,brech+en gewalt,8.064179919977798
-24.14636675135192,3.2733524585275564,-0.06969110283028679,-0.014709932574565307,-0.021404417994067625,gewalt küste,8.646928039559125
31.472818465055116,-25.382004886301388,0.011793738340472603,0.0825312003518952,0.05286326599902562,Land,71.21385292096795
-22.372797552914143,2.3481668735208663,-0.17217466761383504,-0.0633979016102265,-0.12818693363951705,land nordsee,10.647299049283124
-13.027875960573184,-2.453160835109486,-0.027029362605881548,0.042066351209850576,0.0281808087190908,Dienstagmorgen,21.153462768621655
-9.819612766445832,-4.106178112971714,-0.013681872992517233,0.05394408116965768,0.04262538012154767,dienstag+morgen sturm+flut,24.762533789152943
-19.385285840780366,0.8180365094148021,-0.10832613585600266,-0.017253755113081193,-0.0592045721273443,sturm+flut nordsee+-+küste,14.003839385599044
-23.695815275393635,3.042478651611038,-0.0451461774529741,0.0018782326602868535,0.004937711311656781,getroffen…,9.153181688095092
-23.695815275393635,3.042478651611038,-0.0451461774529741,0.0018782326602868535,0.004937711311656781,schleswig-holstein getroffen…,9.153181688095092
-24.249323876219087,3.3276166983736175,-0.043991625780182994,-0.0006005096809517663,0.00563656413010433,+1232,8.530546219147809
-24.249323876219087,3.3276166983736175,-0.043991625780182994,-0.0006005096809517663,0.00563656413010433,getroffen… +1232,8.530546219147809
-24.473961263457298,3.443326620516188,-0.0437228527146345,-0.0018217910199976664,0.005689068885698319,+1232 chars,8.277859415571392
24.647367300114173,-21.865178862669254,0.0005119436395399392,0.07809387118370119,0.056270713116437866,schleswig-holstein sturm+flut,63.535647094654934
68.45717134246514,-44.437625260795464,0.04515397819888915,0.06619659263226896,0.039678491058761034,sorgt,112.81865323916762
-22.064151830710124,2.201857908698922,-0.0531141380124319,0.028739478433079623,-0.016907465963914303,nordseeküste sorg+t,10.988653875985616
-12.79823019890884,-2.581554762694255,0.06990439136568498,0.2032918755477623,-0.011307546088546897,sorg+t fähr+ausfall+e,21.41638871883098
-20.19013068020847,1.2369622674461747,-0.025459583487108847,0.02754112513340495,0.02793198709337616,fähr+ausfall+e morgen,13.096487355259917
-9.819612766445832,-4.106178112971714,-0.013681872992517233,0.05394408116965768,0.04262538012154767,morgen sturm+flut,24.762533789152943
31.091605024004917,-25.185134453203567,0.01686576008678069,0.06124039076216084,0.044301048615932793,Teile,70.78481086090936
-18.489938366849145,0.36103773160362973,-0.022752216122176927,0.03389974427480176,0.03145091352766698,sturm+flut teil+e,15.009048932039201
-20.04766681342219,1.158041343238132,-0.11995841734427383,-0.025763743489222987,-0.0717630388402789,teil+e nordseeküste,13.259294804904044
-23.256868430731807,2.815963875183469,-0.05564188337555604,-0.0018671429200070033,-0.005776607579953633,Örtlich,9.647129763137503
-22.631792107759267,2.4915025051555384,0.11284191423050714,0.02873947532907051,0.025030836010953395,steht,10.351392375227709
-23.73108300744231,3.060385169372882,-0.051867706022185656,-0.002168798664806404,-0.0021919069155215583,örtlich steh+t,9.113630514690284
-24.16599426278108,3.284763571305822,-0.04661220334058141,0.006616075920333385,-0.002144784399390108,steh+t wasser,8.624248419244076
-24.404118206919634,3.4076627792008245,-0.042835503867325236,0.015690219298346686,-0.00356491408234667,rund,8.356278363105345
-14.961575004107594,-1.45682756808041,-0.021364721748104935,0.04861951655081639,0.029895022770577998,wasser rund,18.978174945074677
-24.542540121170855,3.4791296448130433,-0.03943912947296102,0.025608516503299195,-0.00559394994355503,rund zwei,8.200494552860501
-24.8768416935961,3.6503737477490557,-0.027086083685089607,0.08827407862460528,-0.028574911035058593,normalen,7.8248778672849895
-24.8768416935961,3.6503737477490557,-0.027086083685089607,0.08827407862460528,-0.028574911035058593,meter normal+en,7.8248778672849895
-24.744117179343124,3.5747589632189167,-0.010275023986012771,0.1846634064991356,-0.06312549996077221,Hochwasserstand,7.977481581585449
-24.744117179343124,3.5747589632189167,-0.010275023986012771,0.1846634064991356,-0.06312549996077221,normal+en hochwasser+stand,7.977481581585449
-24.168098023602425,3.2797064978398693,-0.041966175610087066,0.14889244240338534,-0.08300891429109541,Fährausfällen,8.624676962818544
-24.168098023602425,3.2797064978398693,-0.041966175610087066,0.14889244240338534,-0.08300891429109541,komm+t fähr+ausfall+en,8.624676962818544
-23.025405420990083,2.696327504263075,-0.06425724206434451,-0.005172659486225195,-0.014996180595120267,nordseeküste schleswig-holstein,9.907684136593076
-21.124670564676897,1.7184066725695137,-0.027178157262090417,0.023433124407929898,0.02566441246413879,schleswig-holstein komm+t,12.045225532763087
71.79027669520717,-46.15514980591371,0.008399769197848826,0.08454959867920575,0.05828530242268766,wegen,116.56824397918803
-19.158261454094383,0.7053572034896263,-0.0237598437718062,0.0315500980462108,0.030149267262471326,komm+t wegen,14.257243912199833
89.79122526184791,-55.42987226626359,0.010584828644988976,0.08256142163900834,0.0587359768337325,wegen sturm+flut,136.81804945936793
-19.448810589278338,0.8550459434630593,-0.024219701156848017,0.030470997445165546,0.029552000346070088,Verzögerungen,13.930402440832912
-19.448810589278338,0.8550459434630593,-0.024219701156848017,0.030470997445165546,0.029552000346070088,sturm+flut verzögerung+en,13.930402440832912
-22.370363743505322,2.360109533228619,-0.029802016757829574,0.01706265498752175,0.02215631664042158,verzögerung+en ausfall+en,10.64396547710073
-19.715661642422752,0.9925244539664879,-0.024654601378159807,0.02944665905500163,0.028985345097611453,morgen erreich+te,13.63021970302075
-9.819612766445832,-4.106178112971714,-0.013681872992517233,0.05394408116965768,0.04262538012154767,erreich+te sturm+flut,24.762533789152943
-8.157149062775712,-4.962704230717403,-0.02378148141935016,0.05109148500630317,0.031384953032147174,sturm+flut küste,26.632674918923033
-24.0626628566038,3.2317649900649803,-0.03420510377019849,0.006126743174504665,0.016155197984766577,+1447,8.740376898863957
-24.0626628566038,3.2317649900649803,-0.03420510377019849,0.006126743174504665,0.016155197984766577,etwa +1447,8.740376898863957
-24.30986335445457,3.3590749376240754,-0.034955586055402846,0.004233912938729066,0.015118921027512907,+1447 chars,8.462319972132253
0.8886615187905385,-9.623588659394883,-0.007328238854530625,0.06629557475866216,0.04958052351055656,sturm+flut sorg+t,36.80864854285996
-16.87713613371197,-0.4724818657427363,0.0484845302584957,0.10797265406173213,-0.008636026108951356,Überschwemmungen,16.82449787608229
-22.215285184398454,2.2804228789683982,-0.025826484250330992,0.031716496052662926,0.019237398304938515,fähr+ausfall+e überschwemmung+en,10.818317088950051
-19.448810589278338,0.8550459434630593,-0.024219701156848017,0.030470997445165546,0.029552000346070088,überschwemmung+en ein,13.930402440832912
7.368817625402169,-12.96280115170011,0.01314453650602146,0.08673263675930933,0.033413260613790664,heftige,44.09855530769452
-7.0331260754220395,-5.5419028603329075,-0.011702261953431659,0.05798179880193157,0.04489295116959316,ein heftig+e,27.89714815417897
7.740656648721558,-13.154066374304183,-0.004494216190473588,0.07111333769959387,0.052308060878647374,heftig+e sturm+flut,44.516702126208074
-13.32060466911419,-2.309524848356265,-0.13937104421226024,-0.021945646753122286,-0.09041270887552434,sorg+t nordseeküste,20.82747732521948
-17.011946285914526,-0.4011997315460176,-0.05734031238108377,0.01755033354194648,-0.00460793761610755,Chaos,16.672023920494134
-17.011946285914526,-0.4011997315460176,-0.05734031238108377,0.01755033354194648,-0.00460793761610755,nordseeküste chaos,16.672023920494134
-17.876368245452852,0.044390965994721476,-0.05045133856017076,0.019518253917576528,0.0024136408302450896,Zwischen,15.699512678521467
-11.678305080009828,-3.1485318202771744,-0.031340604573029035,0.04149360867667168,0.023807946489595097,vielen,22.67164709070908
-18.7518170803901,0.49556885847758103,-0.045391155844558315,0.0202228394079966,0.007465546488197802,zwischen viel+en,14.714640534707756
-19.306393502131698,0.7813467852435103,-0.04295686641558739,0.020110612365571368,0.009829929425781453,viel+en insel+n,14.090762169817575
0.11276706959970184,-9.223684710368527,-0.028300894075101553,0.04601503017336348,0.005747983174864923,fallen,35.9357674950751
-19.78076724035052,1.0257806053729723,-0.04126917501959457,0.019706672765577478,0.011420629109298103,insel+n fall+en,13.557115871841727
-20.405695198995005,1.3477741344972003,-0.03953026738283216,0.018767559814705095,0.012980653066804581,fall+en fähre+n,12.854111832618457
-21.128596736061453,1.7202269446610083,-0.0381235437399465,0.017125136148245533,0.014107471724110903,der hamburger,12.040903787742264
-14.00025154330606,-1.952149957805375,-0.025146226601816583,0.039924180737095645,0.018974947969707286,überflutet,20.059605898480875
-21.084536583457417,1.6977313831538883,-0.027100366880168057,0.02362020827851147,0.025767586136951015,fisch+markt überflutet,12.090371960690248
-21.21928505852327,1.7671048518026957,-0.03026263423075526,0.021318959675600088,0.02235793265656449,wasser komm+t,11.938814673069349
-17.574318539216847,-0.11138311661385902,0.04335804467265667,0.03308681011695638,0.01591198507198633,Richtung,16.03936396489983
-20.895089112004786,1.6001025148749548,-0.029184441592688296,0.023081578882773016,0.02366488142660779,komm+t richtung,12.303495990098723
-20.568267385710012,1.4317413337474054,-0.02830059461734444,0.02469098774246991,0.024758411791909945,richtung land,12.671133896674492
-20.222549390558545,1.2536411578830693,-0.02749834557582722,0.026265694316144155,0.025765368156683666,berichtet,13.060030155489985
-20.222549390558545,1.2536411578830693,-0.02749834557582722,0.026265694316144155,0.025765368156683666,land bericht+et,13.060030155489985
-22.466504068032684,2.4096326839262003,-0.03002332297357043,0.01652016058315986,0.021858017357828094,Henning,10.535819852455571
-22.466504068032684,2.4096326839262003,-0.03002332297357043,0.01652016058315986,0.021858017357828094,bericht+et henning,10.535819852455571
-21.565084293890926,1.945285840142338,-0.028057747949997533,0.021310452023652834,0.024494407052947843,Hünerbein,11.549808636576845
-21.565084293890926,1.945285840142338,-0.028057747949997533,0.021310452023652834,0.024494407052947843,henning hünerbein,11.549808636576845
-26.43602776676786,4.453554980124345,-0.04755709504015601,-0.01955090258934021,-0.0011054742088790759,Hen…,6.07099552907546
-26.43602776676786,4.453554980124345,-0.04755709504015601,-0.01955090258934021,-0.0011054742088790759,bericht+et hen…,6.07099552907546
-24.078658044170574,3.239906504451323,-0.037858814128182525,0.003930806137090376,0.012281164577470506,+74,8.722429854829379
-26.488010498027563,4.4803131017304345,-0.04764431631898202,-0.020128357953386272,-0.0012948311282964323,hen… +74,6.01253027482504
-26.521385264873633,4.497492302114095,-0.047704477394283386,-0.020505712207812637,-0.0014217127000342514,+74 char+s,5.974993713007445
-26.420123338282025,4.445175634848228,-0.051623358123450244,-0.021731748703033363,-0.005373354782695985,Wetterkapriolen,6.088972300113796
-11.523449835008151,-3.228295009120016,-0.028640301195804397,0.043247924978471346,0.026675007453925006,Wintersturm,22.845836975280026
-26.25611518467325,4.360719748757084,-0.05201750782170862,-0.020351728795192356,-0.005495339620740346,wetter+kapriole+n winter+sturm,6.273448240374085
7.749133291926018,-13.159023308220284,0.057331023631718075,0.04137089241599903,0.04486703308602757,fegt,44.526516172910654
-26.125074335563028,4.293232006361604,-0.05244356790277906,-0.019364384413203442,-0.005721229573958108,winter+sturm feg+t,6.420846498562916
134.67211447334088,-78.55388568484736,0.0535518527447081,0.059961503615113335,0.04128890076535624,Deutschland,187.30581882504626
-4.369236391431535,-6.9147780100083285,0.014325699167452532,0.07880854969187401,0.036802403925200323,feg+t deutschland,30.893993324055582
-25.81292882133697,4.132442376088775,-0.05389352916081779,-0.017429706690903796,-0.006754493275202448,Baustelle,6.771970284278034
-25.81292882133697,4.132442376088775,-0.05389352916081779,-0.017429706690903796,-0.006754493275202448,deutschland bau+stelle,6.771970284278034
-25.657170688635745,4.0521925360868325,-0.054870682554083304,-0.016690412736162563,-0.00755501046698125,brennt,6.947186158902663
-25.657170688635745,4.0521925360868325,-0.054870682554083304,-0.016690412736162563,-0.00755501046698125,bau+stelle brenn+t,6.947186158902663
-25.46260550412785,3.9519307907943597,-0.05636041558072257,-0.01598955335832404,-0.008853567563420105,brenn+t der,7.166065145104039
-21.12803403197544,1.7195780859394771,-0.05011017951243872,0.010254196623733725,0.0014534238820208857,kräftige,12.0417034960203
-21.12803403197544,1.7195780859394771,-0.05011017951243872,0.010254196623733725,0.0014534238820208857,erst+e kräftig+e,12.0417034960203
-20.740811251817867,1.5199943467763681,-0.052922044398518706,0.00998877899705524,-0.0013170479776085757,kräftig+e sturm,12.477335645209873
-13.504322558296352,-2.2077767913022885,-0.035434923442582256,0.035542792320003874,0.01843921026210528,neuen,20.617540679890666
-20.237120883245503,1.260331294905856,-0.05747092754823944,0.009034610394771457,-0.005880752158969622,sturm neu+en,13.044018507901026
-16.268674244617543,-0.7860457595819703,0.03231841084498176,-0.041944808887094384,0.038431153613212636,Jahres,17.50902600600777
-19.886882610513872,1.0797314322332747,-0.06135779805502666,0.007898259266400136,-0.009829710153024775,neu+en jahr+es,13.438078844357381
18.82684420970215,-18.86590553045744,0.013211412901648723,0.06277644195737976,0.042968225206709926,trifft,56.98781807718091
-19.41841185146795,0.8380826356296431,-0.06772855366940855,0.0056425424428067986,-0.016362013435579446,jahr+es treff+t,13.96520303590544
-18.49413884966296,0.36082770202018555,-0.08593131304992992,-0.0021979247504900837,-0.035236016667895984,Wucht,15.005423275996845
-18.49413884966296,0.36082770202018555,-0.08593131304992992,-0.0021979247504900837,-0.035236016667895984,treff+t wucht,15.005423275996845
-16.466006677104232,-0.6965131022624949,-0.18678357308665633,-0.053803375822579574,-0.14109038066064186,wucht nordseeküste,17.2926161915853
-12.852566707913404,-2.5434749828001735,-0.016235101366744796,0.04853330204114114,0.0395957697217396,hamburg erwart+et,21.350666053028625
-5.067864600103238,-6.554498492711328,-0.010467945223638798,0.0604195790495945,0.04626485497105166,erwart+et erst+e,30.107939826950517
7.275089867389067,-12.914271143023022,0.0014821957711897895,0.07822999087962927,0.046027933236387576,bereits,43.993008873876526
-9.194679055586437,-4.428171694945005,-0.013211232108933359,0.05491737611796863,0.04317144439332565,sturm+flut bereits,25.46554279674961
-14.772016849768079,-1.5545075840279896,-0.0181376020282685,0.044372766742396624,0.03727303844390879,bereits nacht,19.191420603173064
-15.967844541821394,-0.9383835518869255,-0.019467781245872506,0.04140595099737252,0.035620234029051644,facht,17.846202878578097
-15.967844541821394,-0.9383835518869255,-0.019467781245872506,0.04140595099737252,0.035620234029051644,nacht fach+t,17.846202878578097
7.740656648721558,-13.154066374304183,-0.004494216190473588,0.07111333769959387,0.052308060878647374,fach+t sturm,44.516702126208074
-18.668310048764717,0.4529352251502097,-0.023014626856214,0.0332898385833629,0.0311128873699193,Brand,14.80839613086904
-18.668310048764717,0.4529352251502097,-0.023014626856214,0.0332898385833629,0.0311128873699193,sturm brand,14.80839613086904
-14.998981522766996,-1.4380161480022782,-0.04964925912861577,0.025898962413807586,0.003975645361354734,link der,18.936312946232356
-24.421839291425652,3.4167415322818298,-0.03530650840422639,0.0033460503316719847,0.01463306491116994,+1378,8.336367629875395
-24.62634787969118,3.5220584848450507,-0.03596618243809574,0.001672265439163309,0.013717518919120786,+1378 chars,8.106334508650336
35.14071488116643,-27.274571331198736,-0.11117843529574777,0.01572315101914796,-0.06260054879416718,sturm+flut nordsee,75.34125424787447
-0.8108897413957692,-8.74792245314563,-0.004728406383223957,0.0720882822793016,0.022796901446056828,Mehrere,34.89677563579132
-21.567183786453654,1.9455718273512783,-0.057164866574353046,0.026262619055326997,-0.02430870888672314,nordsee mehrere,11.547814881175672
17.65039627409966,-18.2682862343969,0.05081817773419736,0.20079307239274743,0.01669780423122961,Verletzte,55.66828085737221
-6.09634639510865,-6.030840676926486,0.04521388382360437,0.1745960107638853,0.0008180538473884363,mehrere verletz+t+e,28.953818966039048
-8.333077872253476,-4.886568157190869,0.173981221692341,-0.10068260431048295,0.01696419505765157,Tief,26.44144902442502
-23.122545145263985,2.7385955724561857,0.12240674976725413,-0.08071679361928677,-0.005337203960547394,verletz+t+e tief,9.801992083999616
-9.088508728471808,-4.488458371443546,0.12774670393745494,-0.020122776293420325,0.020872470228984398,Bernd,25.58755568072442
-23.663901917097196,3.0236159836703402,0.05191214456346008,-0.039991901453577616,-0.003268110778561647,tief bernd,9.190202213725826
-5.201651876178545,-6.485634729438457,0.022910643522902133,0.04052582921238164,0.03755599487554921,Umgestürzte,29.95747553243421
-24.045221558960726,3.2211178758215784,0.02976665447530899,-0.030824604620889068,-0.0015328327071306123,bernd um+ge+stürz+t+e,8.760768776044028
27.216012391687112,-23.18855063986201,0.04079236254824418,0.04473561001889315,0.047639201375168666,Bäume,66.42516252365026
4.650710534478481,-11.562436702346229,0.04785791312309691,0.025503212271966405,0.04052001109920447,um+ge+stürz+t+e baum+e,41.04093304068192
-20.334010518507682,1.3087506129444506,0.054282760595566706,-0.025588879608973256,0.014360953230419264,verwehte,12.935720118905332
-20.334010518507682,1.3087506129444506,0.054282760595566706,-0.025588879608973256,0.014360953230419264,baum+e verweh+t+e,12.935720118905332
-20.657066441800822,1.473483613626695,0.07664964073884338,-0.04414483992969816,0.014907961629983271,Haltestelle,12.57309531424567
-20.657066441800822,1.473483613626695,0.07664964073884338,-0.04414483992969816,0.014907961629983271,verweh+t+e halt+e+stelle,12.57309531424567
-20.83003050874029,1.552518165123904,0.1620575104860489,-0.1058026267777048,0.015862664283407643,halt+e+stelle der,12.383155079051152
-8.760946333352326,-4.728615528954196,0.43325750893311726,-0.23871642082789418,0.031209376217777068,der sturm+tief,25.98878562338221
-14.12598211020353,-1.894056040428735,0.13334554007147734,-0.0332827626201983,0.017032330922987726,sturm+tief bernd,19.921249638271004
-16.297607377112982,-0.7698932549139226,0.03542994749484988,-0.012711404230565368,0.014528268198703452,führt,17.47590525771866
-21.82302975125549,2.073299194107861,0.08206486333043854,-0.055813725129969224,0.015022195260076764,bernd führ+t,11.261896534896799
28.406965437541448,-23.801755168620705,0.003031672371692362,0.05970718600053337,0.036501637958113724,Teilen,67.76470768026127
-22.116426796643733,2.226234212913428,0.06117717865120048,-0.039004501232299565,0.013957747866641392,führ+t teil+en,10.931032618917314
-22.309223786731906,2.3263686283186704,0.050390649154771594,-0.029334562163264882,0.013099698754877834,teil+en deutschland,10.713781674245238
-22.65604915059104,2.5060733592110767,0.03539852512716097,-0.013132694335684161,0.011095501493750194,chaotischen,10.323162430973412
-22.65604915059104,2.5060733592110767,0.03539852512716097,-0.013132694335684161,0.011095501493750194,deutschland chaotisch+en,10.323162430973412
-22.886665450878944,2.6253723820119417,0.02796462043140712,-0.0020545349404304594,0.009272147669777308,Szenen,10.063514495162762
-22.886665450878944,2.6253723820119417,0.02796462043140712,-0.0020545349404304594,0.009272147669777308,chaotisch+en szene+n,10.063514495162762
-12.337374707052646,-2.8089339705202647,0.007924261209511032,0.049436920532720585,0.03458947681035961,Einige,21.93022849334213
168.05269147769576,-95.75291568076945,0.039855518198761535,0.07412105404015146,0.03924778768736578,Menschen,224.85670788246082
-18.21088635711209,0.2172293880342684,0.009852986137895009,0.0340871677598363,0.024322790789595317,einig+e mensch+en,15.322978868621245
-2.1872342705394097,-8.038542137580118,0.0001706387861516983,0.03915497097602482,0.01662390236884185,verletzt,33.34838202942834
-19.713309753881095,0.9895193335084205,0.06741553316336285,0.00521703111573759,0.016814685150715943,mensch+en verletz+t,13.633695701203099
42.518894461994876,-31.072971931988924,-0.0015008726806475126,0.07311709223519244,0.0437329901477681,Auch,83.63975134636644
-21.840076896612402,2.08689396604795,0.016625667625734048,0.026561188999173656,0.013107678593048084,Bahnstrecken,11.240498593056254
-24.38155287390363,3.395915280599452,0.024566560543387572,0.015988884446234336,-0.0003430635523156769,auch bahn+strecke+n,8.381720008912001
5.696787140118733,-12.101031730682312,0.011883941162486061,0.06606046326023442,0.05667704070283342,müssen,42.217511031538315
-24.452159673243507,3.4323271485960363,0.027917058855970234,0.02919693763087879,-0.003881522888010667,bahn+strecke+n müss+en,8.302275331682106
-16.66489505216668,-0.5796535109651275,0.030831746332562256,0.03142675266337423,0.01799444408071816,gesperrt,17.062265449288727
-24.46951884097567,3.441164586512801,0.03244208349516076,0.04000734577586257,-0.006839891898929879,müss+en ge+sperr+t,8.282794766012017
-26.311602678011514,4.379503586581096,0.06889204246238308,0.19551890667104266,-0.05936576370799303,ge+sperr+t fähr+verbindung+en,6.215489080971434
-26.728951021477325,4.604508278964927,0.04217810334561396,0.03506747951932926,-0.027235907522521707,fähr+verbindung+en fall+en,5.741459757507581
-27.633031059482377,5.069010383347414,-0.003505746953350943,-0.04937021600491685,-0.012889783038788256,Fährv…,4.725046652370706
-27.633031059482377,5.069010383347414,-0.003505746953350943,-0.04937021600491685,-0.012889783038788256,ge+sperr+t fährv…,4.725046652370706
-27.654462275108692,5.080078866950036,-0.005502376730432979,-0.04906741077729694,-0.01292946212271592,+2245,4.700925843365954
-27.654462275108692,5.080078866950036,-0.005502376730432979,-0.04906741077729694,-0.01292946212271592,fährv… +2245,4.700925843365954
-27.670079291131337,5.088141289947272,-0.006903114151045846,-0.04887777881072203,-0.012962286748484129,+2245 char+s,4.68335039552059
-26.830054481007423,4.657198068488366,0.004468498841120067,0.011504891010415678,-0.024081955513942373,Fährhafen,5.627454524666886
-26.74662730189567,4.6141980547749135,0.011142571277935564,0.020635559137856006,-0.026554058038079063,fähr+hafen dagebüll,5.721310083267857
-26.65694828727459,4.567865062479472,0.01906169823854695,0.033115532446991974,-0.029853831132883032,dagebüll überschwemm+t,5.822249234576136
-26.430724328828735,4.449801193110185,0.04184388847806921,0.08091308965768869,-0.041687118215774616,überschwemm+t mehrere,6.077417877150156
-26.312663187923818,4.389380344652702,0.05421096897494386,0.039269385856959826,-0.035344456618032524,verletz+t+e norden,6.210048839535509
-26.019595508886372,4.224680014550898,0.1866001418137444,-0.0869084040897416,-0.02755012251313391,Westen,6.546032031589595
-26.263218599473994,4.363184717938319,0.06469083469502737,-0.004151669818799011,-0.028413742541229085,norden westen,6.266008036425802
28.921678567466383,-24.06697764366658,0.008459561412927686,0.06053412582175971,0.03238542833937457,Deutschlands,68.34373540702948
-26.196061609571416,4.327148353400661,0.08041509127020777,-0.028448784110156264,-0.02578669387751723,westen deutschland+s,6.342216839854727
-25.942396416996132,4.186721553711452,0.15933375000055175,-0.09800924374034792,-0.022222029921659166,deutschland+s der,6.632043882932673
-6.51245708844564,-5.815204907821247,0.08759648009682688,0.11175260343241224,-0.03158383028269056,mehreren,28.485172064407205
-25.82854218528202,4.140166165597093,0.044300777853194515,0.006995330200237869,-0.0293804523943826,bernd mehrere+n,6.754554411422119
-17.94579089602772,0.07907848794035299,0.028230855176192733,0.09554883597174664,-0.009453331274752733,Bundesländern,15.621902019296273
-17.94579089602772,0.07907848794035299,0.028230855176192733,0.09554883597174664,-0.009453331274752733,mehrere+n bund+es+land+ern,15.621902019296273
-25.159173140396845,3.7875015456288184,0.03706691779215825,0.18583078185542348,-0.06438786428714871,Verletzten,7.511082066156289
-25.159173140396845,3.7875015456288184,0.03706691779215825,0.18583078185542348,-0.06438786428714871,bund+es+land+ern verletz+t+en,7.511082066156289
-14.464709274090485,-1.7133815630952522,-0.003967349781550927,0.08697689347346076,0.017980218977530885,sowie,19.537361247817714
-25.266723720455637,3.850092600168083,-0.0013465504691110228,0.10120110013801895,-0.046070939134843,verletz+t+en sowie,7.386820542781772
-14.633175462686573,-1.6294200287898395,0.09683003347971013,0.07978619597060074,0.002230109580426319,zahlreichen,19.34915491770124
-25.185191588105653,3.8082194080656677,-0.009747425862256586,0.09938710771477277,-0.04617172607576035,sowie zahlreich+en,7.478476705764965
-24.74123432596907,3.5736088255654463,-0.003944216778445805,0.1783650169334776,-0.06570496088003315,zahlreich+en schaden,7.980572736544298
-19.750643314755834,1.0099707656627768,-0.04285993376553077,0.06054932477814146,-0.015793656536581335,Problemen,13.59113083139161
-24.830962946135546,3.626561106797228,-0.05030884185901572,0.06269951803554148,-0.04534876628297489,schaden problem+en,7.876573983080002
-18.874653955146535,0.5563803252566482,0.016584974061321398,0.10526201687398934,-0.043555530618222676,Verkehr,14.577584567745218
-24.581246389099263,3.4973942203461506,-0.07377225252277303,0.01428678991773967,-0.04722559864859853,problem+en verkehr,8.157727024437332
-24.345594435683722,3.374627956248776,-0.09184867690339805,-0.00963329750787803,-0.056711312979362355,geführt,8.423442259461936
-24.345594435683722,3.374627956248776,-0.09184867690339805,-0.00963329750787803,-0.056711312979362355,verkehr ge+führ+t,8.423442259461936
-23.06229203795376,2.714549050261006,-0.07701769178374031,-0.013116263878174508,-0.028196299362924632,nordseeküste werd+e,9.866550786227885
-22.339288456878137,2.343860269248184,-0.04043068037584145,0.011083037191271836,0.010954919385012616,Fähranleger,10.679034110923793
-22.339288456878137,2.343860269248184,-0.04043068037584145,0.011083037191271836,0.010954919385012616,werd+e fähr+anleger,10.679034110923793
-20.78623305224153,1.544057044259083,-0.02653386148713302,0.024979428831916714,0.026517441814571045,fähr+anleger dagebüll,12.4259320572799
-9.819612766445832,-4.106178112971714,-0.013681872992517233,0.05394408116965768,0.04262538012154767,dagebüll sturm+flut,24.762533789152943
-5.8460359114421365,-6.153516028223189,-0.01385977116584337,0.057810375364857294,0.042663860614279514,überspült,29.232533566540063
-18.489938366849145,0.36103773160362973,-0.022752216122176927,0.03389974427480176,0.03145091352766698,sturm+flut überspült,15.009048932039201
-20.40243860848691,1.3463380636978597,-0.02583378488591835,0.026651202821246528,0.027440383631827568,sturm+flut dienstag+morgen,12.857661857890735
-22.774387866374724,2.567833422107581,-0.0455863388181621,0.0061999513721065005,0.005209592305723296,dienstag+morgen schleswig-holsteinisch+e,10.189673236292291
-26.438145935988068,4.4541959413704175,-0.05660541640035648,-0.024777483408065543,-0.01067192039009537,Hydrograp…,6.06882077556486
-26.438145935988068,4.4541959413704175,-0.05660541640035648,-0.024777483408065543,-0.01067192039009537,see+schiff+fahrt hydrograp…,6.06882077556486
-26.53999125655698,4.506659339205238,-0.05596575086964657,-0.02545196646186082,-0.010188422321140232,+2448,5.954257014799526
-26.53999125655698,4.506659339205238,-0.05596575086964657,-0.02545196646186082,-0.010188422321140232,hydrograp… +2448,5.954257014799526
-26.587619034811016,4.531191274350679,-0.05570020712335733,-0.025797364095651615,-0.010000124246262208,+2448 char+s,5.900682624484034
24.647367300114173,-21.865178862669254,0.0005119436395399392,0.07809387118370119,0.056270713116437866,auch sturm+flut,63.535647094654934
7.740656648721558,-13.154066374304183,-0.004494216190473588,0.07111333769959387,0.052308060878647374,sturm+flut sturm,44.516702126208074
-6.130799808205371,-6.0070684107528525,-0.0058565003092640325,0.07910222328889432,0.04080411992398683,sturm sorg+t,28.91231555181624
-8.69021271977665,-4.692527440811583,0.015638453442399603,0.16355780822220017,0.01826205910659822,sorg+t schaden,26.035047555312957
-11.922983131031458,-3.023010607365345,-0.004647626033741092,0.09112364860434809,0.030870483233934952,Verkehrsprobleme,22.396642068825738
-11.922983131031458,-3.023010607365345,-0.004647626033741092,0.09112364860434809,0.030870483233934952,schaden verkehr+s+problem+e,22.396642068825738
-14.03459790457239,-1.9345068604149205,-0.012814585197539535,0.06337091753102708,0.03404964101452674,verkehr+s+problem+e norden,20.02098740870953
-15.64792708798121,-1.1032028070488469,-0.018449645229725767,0.0447011283673745,0.03548364358246111,norden hier,18.20608084062428
-15.971482511501614,-0.9365091795778717,-0.019472023186723624,0.04139641833550615,0.03561492799767043,thema auch,17.84211043728031
-22.10755931679182,2.224931829353805,-0.025418671040478704,0.03294142551541889,0.019403479639805224,sie sturm,10.939494897672494
-18.434617057898336,0.3323069845073148,-0.041268153000695196,0.03025536147492525,0.007723040593857474,heftiger,15.071388341082686
-25.072669421402303,3.752318056272711,-0.03284640331450195,0.015487756092200239,0.007154006073748085,ein heftig+er,7.604115362738302
-25.280485479512322,3.859291072868518,-0.03427405137151557,0.010994510947707092,0.006713949944168979,heftig+er sturm,7.370384033181034
-25.106674249609245,3.769556607686473,-0.0361650286991947,0.002994875044729124,0.010021918701656921,sturm nacht,7.565993359577455
-24.820949479824836,3.6224253379712055,-0.03512036686027009,0.005719565103672691,0.011385422015653037,nacht norddeutschland,7.887374503463933
-24.22082569219841,3.313007986285004,-0.005654731897137612,-0.007159210050417843,0.013342522691049493,gezogen,8.562572155192626
-24.286362048780084,3.3471544107213953,-0.03289952273658786,0.011973841156667983,0.013340060028507652,norddeutschland ge+zieh+en,8.488669921154141
-5.7828446351577405,-6.186126521699245,-0.010106459068932956,0.0625900302857712,0.04506553190104899,Verkehrsbehinderungen,29.303642152675785
-23.5238627774301,2.9544810802232266,-0.029779584077212425,0.02098633130096094,0.015527893535867247,geb verkehr+s+behinderung+en,9.346337848839646
-20.08130551844237,1.1802540641644104,-0.008015388937458005,0.09355582887886951,0.012315831976111975,verkehr+s+behinderung+en schaden,13.219190007446716
-9.819612766445832,-4.106178112971714,-0.013681872992517233,0.05394408116965768,0.04262538012154767,schaden sturm+flut,24.762533789152943
-20.40243860848691,1.3463380636978597,-0.02583378488591835,0.026651202821246528,0.027440383631827568,schleswig-holsteinischen,12.857661857890735
-20.40243860848691,1.3463380636978597,-0.02583378488591835,0.026651202821246528,0.027440383631827568,sturm+flut schleswig-holsteinisch+en,12.857661857890735
-22.795211639546366,2.563488371430509,-0.18420109844184787,-0.0719441977586582,-0.1411922170897978,schleswig-holsteinisch+en nordseeküste,10.173178574832393
-24.365086717552597,3.385677525987663,-0.07459416220011515,-0.018822322963877938,-0.026804067494581436,hamburg steig,8.401052789469524
-24.71133600163691,3.5644744235490755,-0.06694163942744166,-0.01665813743449379,-0.01909540461751413,Wa…,8.011363738874564
-24.71133600163691,3.5644744235490755,-0.06694163942744166,-0.01665813743449379,-0.01909540461751413,steig wa…,8.011363738874564
-24.859957032989143,3.641161906223854,-0.06435676744007168,-0.01617640289971646,-0.0165358060995203,+3233,7.84412359138384
-24.859957032989143,3.641161906223854,-0.06435676744007168,-0.01617640289971646,-0.0165358060995203,wa… +3233,7.84412359138384
-25.021495082236253,3.7244855656984184,-0.061929945538127223,-0.015907438145696395,-0.014165445692916948,+3233 char+s,7.662361519996622
-23.04614163298995,2.7082028369792956,-0.03142441375725694,0.0130676417918629,0.019961129750246547,norden um+ge+stürz+t+e,9.883805468849165
-13.176676012868747,-2.3764817356655445,-0.016538596933369905,0.04787651998021995,0.03922871462865492,beschädigte,20.986065631821912
-13.176676012868747,-2.3764817356655445,-0.016538596933369905,0.04787651998021995,0.03922871462865492,baum+e beschädig+t+e,20.986065631821912
-7.0331260754220395,-5.5419028603329075,-0.011702261953431659,0.05798179880193157,0.04489295116959316,Dächer,27.89714815417897
-7.0331260754220395,-5.5419028603329075,-0.011702261953431659,0.05798179880193157,0.04489295116959316,beschädig+t+e dach+er,27.89714815417897
7.740656648721558,-13.154066374304183,-0.004494216190473588,0.07111333769959387,0.052308060878647374,dach+er sturm+flut,44.516702126208074
-10.859226153094312,-3.570524383414302,-0.014503706423003502,0.05222583008705921,0.04166218250043621,sturm+flut verkehr+s+behinderung+en,23.593038213269143
2.5755744594128736,-10.492807288223922,-0.005699794517337711,0.07092576400203077,0.04956524876616393,ein sturm,38.706334772193834
-17.997561482412998,0.10736215675935856,-0.02205086628521035,0.0355227563303135,0.032350963441730475,sturm tob+t,15.562931460421646
-19.448810589278345,0.8550459434630646,-0.024219701156848145,0.030470997445165186,0.029552000346069807,tob+t nacht,13.930402440832902
-20.350749754927968,1.3197093282622872,-0.02574184949276996,0.026870081727717696,0.027561275314140012,nacht norden,12.91580668539431
-19.051504610415186,0.6503409316843287,-0.018856852785428986,0.026785687840533683,0.028399752706032233,kommenden,14.37734434186146
-21.38391216184877,1.8519556712737275,-0.02769002342270783,0.022199479706414085,0.0249842980278945,komm+end+en tag+en,11.753607003242834
-18.926021775713163,0.5854377168924181,0.004542219956504714,0.012191141135100482,0.03037372149362604,langsam,14.518621538378396
-21.296715406299477,1.8070362379391032,-0.027516012407325048,0.022619370212799535,0.02521574301741479,tag+en langsam,11.85169374930366
-24.750219590079354,3.585847303912732,-0.036378130619280205,0.0006239071327552997,0.013144324862751394,ruhiger,7.967003452031686
-24.750219590079354,3.585847303912732,-0.036378130619280205,0.0006239071327552997,0.013144324862751394,langsam ruhig+er,7.967003452031686
-23.04614163298995,2.7082028369792956,-0.03142441375725694,0.0130676417918629,0.019961129750246547,link um+ge+stürz+t+e,9.883805468849165
-25.852691835439003,4.153485690164178,-0.04053374109056887,-0.010083050721387814,0.007300366000618053,ru…,6.726982512039987
-25.852691835439003,4.153485690164178,-0.04053374109056887,-0.010083050721387814,0.007300366000618053,langsam ru…,6.726982512039987
-25.921923674045992,4.189124903259194,-0.040829204578844536,-0.010853263878151477,0.006880633545434084,+3117,6.64911614171784
-25.921923674045992,4.189124903259194,-0.040829204578844536,-0.010853263878151477,0.006880633545434084,ru… +3117,6.64911614171784
-26.000419527984008,4.229531855754918,-0.0411699936919266,-0.011743086472382647,0.006395820853276807,+3117 chars,6.5608309085555065
114.30383310649286,-68.05964298838492,0.012747747189760295,0.08117546275231648,0.057269506851443316,BSH,164.39302075628407
-10.828635146989939,-3.586293686390194,-0.013560849061263454,0.05576278518907865,0.04085720195477126,hochwasser bsh,23.62745395213817
126.99295539448262,-74.59739547300948,0.019353062146130445,0.0753906232831958,0.05622984267366586,warnt,178.6673355393941
59.27976355841821,-39.70921896400568,0.006836209576042661,0.08280444983061341,0.05892605576273055,bsh warn+t,102.4947601203051
168.9462401432229,-96.21328007803642,0.017384572542799813,0.07496211457551456,0.054187258936896396,warn+t sturm+flut,225.86187423662267
-21.531718442498395,1.9184523498800168,-0.15085636961449758,-0.04814018147095088,-0.1051420115752994,norden nordseeküste,11.591782617647551
-18.262110113200784,0.2429623800321643,-0.054933057769363816,0.01601863422758902,-0.00243920590261254,nordseeküste elbe,15.265661956325115
5.69236858781878,-12.099172241377698,0.01873140134796238,0.08838687001664838,0.047590142635973415,steigt,42.21272855677873
-17.80974573413527,0.010335300307835915,-0.04087847026773178,0.025155469526485227,0.0125376551646437,elbe steig+t,15.774332521102155
-16.46545912380065,-0.6820009354728569,-0.020059939329707427,0.040070987750968824,0.034877453945517,steig+t wasser,17.28642439445079
-14.999685804863123,-1.4372055860355797,-0.018381431498169523,0.04383234767019803,0.036971758781643424,Teils,18.935309604660134
-9.225895433946931,-4.412087619984208,-0.013234348138035966,0.05486975910826068,0.04314472113525357,teils morgen,25.430426434452514
7.740656648721558,-13.154066374304183,-0.004494216190473588,0.07111333769959387,0.052308060878647374,Sturmflutmarke,44.516702126208074
7.740656648721558,-13.154066374304183,-0.004494216190473588,0.07111333769959387,0.052308060878647374,morgen sturm+flut+mark+e,44.516702126208074
-11.318138844883073,-3.3340733150749795,-0.014883164684036701,0.051424762227281734,0.04121348518276176,sturm+flut+mark+e erreich+t,23.076792381065303
-3.402178275066632,-7.412935733004691,0.02836878425708131,0.03327775123164845,0.04559889647857507,Auswirkungen,31.98182598814522
-8.745634121329008,-4.659609269394213,0.013363114650644346,0.03446795806116888,0.041539458853309744,der auswirkung+en,25.970725561990278
-11.871532482332157,-3.0488936096431036,-0.015864796103109327,0.03918801801101073,0.0311528718197221,auswirkung+en fähr+verkehr,22.454242990627158
-24.204842478922657,3.2783931711041583,-0.23266714396323016,-0.10597230289655113,-0.19363729228578033,link nordseeküste,8.592668573523916
-24.97312510911311,3.700630086017434,-0.03714447237535426,-0.0013326782864005737,0.012075052277578172,Bunde…,7.716281056330972
-24.97312510911311,3.700630086017434,-0.03714447237535426,-0.0013326782864005737,0.012075052277578172,der bunde…,7.716281056330972
-25.168651543151483,3.801309257080436,-0.03784493149497532,-0.0031282080965232342,0.0110943506162215,+1060,7.496356773376581
-25.168651543151483,3.801309257080436,-0.03784493149497532,-0.0031282080965232342,0.0110943506162215,bunde… +1060,7.496356773376581
-25.300544512954453,3.869219786084336,-0.038333351149772314,-0.0043842145054161785,0.01040863717755482,+1060 char+s,7.348007506837768
-10.859226153094312,-3.570524383414302,-0.014503706423003502,0.05222583008705921,0.04166218250043621,sie bsh,23.593038213269143
29.097620697836984,-24.1576957211202,-0.024429770539564716,0.06430442725275289,0.029523778950175685,der bund+es+amt,68.54168696128883
51.94010330946804,-35.92724885608106,-0.0038660257733694947,0.07687625210974462,0.048574690137828044,bund+es+amt see+schiff+fahrt,94.23801285711696
33.914134079215586,-26.639817684496812,0.0025576047372986993,0.08021098783028185,0.05747188307437137,hydrographie bsh,73.96014360156342
-23.133569647622828,2.752624531790504,-0.05165708715656237,0.0010223948701066979,-0.0014710334256174268,nordseeküste hamburger,9.785745007910535
-23.703213065484796,3.045518625630037,-0.06263587543449275,-0.008182474057894414,-0.013539243835896702,hamburger elbe,9.145216485710343
-24.504539407027877,3.4509266378294474,-0.13871089194279285,-0.05594364811353607,-0.09468277806186935,morgen mehrere+n,8.247214446858742
-24.457845781357598,3.4043592884366523,-0.24863180596590545,-0.11620560814010253,-0.21077908251643124,Pegeln,8.310071619604539
-24.457845781357598,3.4043592884366523,-0.24863180596590545,-0.11620560814010253,-0.21077908251643124,mehrere+n pegel+n,8.310071619604539
-25.02510691425346,3.718417427684957,-0.14212911738506512,-0.06136315428328318,-0.09890039825828043,pegel+n elbe,7.661945436780893
-25.07726024111156,3.715254631461733,-0.2749246430631819,-0.13460745663646173,-0.23931504132895176,Pegelstand,7.617057599307586
-25.07726024111156,3.715254631461733,-0.2749246430631819,-0.13460745663646173,-0.23931504132895176,hamburg pegel+stand,7.617057599307586
-25.63362094914171,4.030821257191921,-0.14742404030785497,-0.06898362265983618,-0.10532080749821104,+910,6.977926600443292
-25.63362094914171,4.030821257191921,-0.14742404030785497,-0.06898362265983618,-0.10532080749821104,pegel+stand +910,6.977926600443292
-25.73817486010762,4.086746304040064,-0.13267766298166467,-0.06158048600091956,-0.08989280625768564,+910 chars,6.859366851133675
-15.971482511501614,-0.9365091795778717,-0.019472023186723624,0.04139641833550615,0.03561492799767043,wetter bsh,17.84211043728031
-9.819612766445832,-4.106178112971714,-0.013681872992517233,0.05394408116965768,0.04262538012154767,bsh sturm+flut+warnung,24.762533789152943
102.67542053440171,-62.0735453041968,-0.1443641848841499,-0.0037367834073299133,-0.10204473419744084,Ostseeküste,151.3143141259021
-21.168353915295363,1.732486139226455,-0.14257936304044103,-0.0421773106007072,-0.09619772501133683,sturm+flut+warnung ost+see+küste,11.99996696439753
-22.693640285109232,2.5249058495294836,-0.0733700246983627,-0.00931583719531457,-0.024069866644404306,ost+see+küste der,10.281120088060431
25.148391033952773,-22.122905168484014,-0.03144185444056314,0.05982561353984718,0.02252399413645042,Wasserstände,64.09907802111991
-18.466310760796656,0.34733724599954474,-0.07252722197533926,0.005479485378051541,-0.02107803071638779,der wasser+stand+e,15.036337152355976
-15.736116299910446,-1.0703004040003847,-0.17433207004685838,-0.04548879414852154,-0.12777087733737894,wasser+stand+e ost+see+küste,18.112645741147173
18.316278771851596,-18.602699083691608,-0.02891658912691727,0.055158252729557114,0.02174215917382684,sollen,56.41340369292407
-17.408132588421736,-0.1982098389072764,-0.07942597835432764,0.004107095909988791,-0.028028400809707425,ost+see+küste soll+en,16.22686830600645
-13.310157841660494,-2.3079185177448096,-0.03886740263612978,0.03472502458183565,0.004885966026010647,Abend,20.836010290988803
-16.224507274728403,-0.8063169065097835,-0.03736871306250343,0.03061389877514724,0.016669178871932415,soll+en abend,17.557559020150112
0.9670025759750622,-9.665006116951368,-0.06584828103755375,0.037330375771747214,-0.03421391209841637,steigen,36.897272077990486
-15.211518723742095,-1.328063017003842,-0.018612138457323932,0.0433195783305223,0.03668598225506231,abend steig+en,18.697013096800696
39.57371535247857,-29.555525408260223,-0.0036330583572785537,0.07249385411385925,0.04666903738708831,Samstag,80.32663721265844
7.740656648721558,-13.154066374304183,-0.004494216190473588,0.07111333769959387,0.052308060878647374,samstag sturm+flut,44.516702126208074
13.995852821502712,-16.377030425763092,0.0015865381307258002,0.07468316246060437,0.05248255140567857,rechnen,51.55338935180498
-10.361665809562364,-3.8268887586031255,-0.014104060138532253,0.05306429842752435,0.04213207088465025,sturm+flut rechn+en,24.15276024498015
2.922854945255647,-10.671930271522676,-0.013128347724883967,0.06748487089322941,0.06469364990679166,Vor,39.09708755461732
-15.971482511501621,-0.9365091795778682,-0.01947202318672371,0.04139641833550552,0.035614927997670354,östlich,17.842110437280304
-15.971482511501621,-0.9365091795778682,-0.01947202318672371,0.04139641833550552,0.035614927997670354,vor östlich,17.842110437280304
-17.17719452982458,-0.3153012886851707,-0.020951313688947433,0.03804578043781985,0.03375168883552333,Rügens,16.48577770288454
-17.17719452982458,-0.3153012886851707,-0.020951313688947433,0.03804578043781985,0.03375168883552333,östlich rügen+s,16.48577770288454
-18.840211749079927,0.5414989964804438,-0.023271925265049204,0.03269043802102342,0.030780788746567183,hoher,14.615021676160534
-18.840211749079927,0.5414989964804438,-0.023271925265049204,0.03269043802102342,0.030780788746567183,rügen+s hoch+er,14.615021676160534
-19.30671728287658,0.7818406926706531,-0.023993073200122297,0.031003323550683984,0.02984659428941953,Wert,14.090244472601587
-19.30671728287658,0.7818406926706531,-0.023993073200122297,0.031003323550683984,0.02984659428941953,hoch+er wert,14.090244472601587
-19.639774159909535,0.9533968729743867,-0.02758308409283897,0.027983799544283847,0.02592530006523781,wert erwart+et,13.715600997627432
-22.111877699056052,2.2269581259339164,-0.029221438219391264,0.018482087433654853,0.02293713389603468,Bundesamt…,10.934730215573603
-22.111877699056052,2.2269581259339164,-0.029221438219391264,0.018482087433654853,0.02293713389603468,der bundesamt…,10.934730215573603
-25.213903772306093,3.824609507773781,-0.03801101899194932,-0.0035549455846048614,0.01086134656866504,+624,7.445458292317873
-25.213903772306093,3.824609507773781,-0.03801101899194932,-0.0035549455846048614,0.01086134656866504,bundesamt… +624,7.445458292317873
-25.321444494302924,3.879980773204079,-0.03841197549110883,-0.0045867091063062915,0.010298108848149863,+624 char+s,7.324499938921539
3.813653445527958,-11.131456445600705,-0.07070414876193845,0.031609578407648324,-0.017353422118532424,sturm ostsee,40.09944181187888
7.740656648721558,-13.154066374304183,-0.004494216190473588,0.07111333769959387,0.052308060878647374,ostsee sturm+flut+warnung,44.516702126208074
10.342991912079885,-14.502759473920634,-0.07371157959209662,0.06601654820624442,0.18214297684624314,Sperrwerk,47.44773942167028
-4.383445307839448,-6.911388811375376,-0.05507264753660864,0.05878750206272028,0.1423352470974704,sturm+flut+warnung sperr+werk,30.87979977667576
4.40411113993969,-11.435100998129368,-0.02140290703428721,0.06445362844048448,0.06220209725778594,geschlossen,40.76338622458843
-9.214817248534139,-4.41817719947243,-0.03153331215251351,0.05029951695395267,0.06081235121834189,sperr+werk ge+schließ+en,25.443061730287724
-23.456356288868758,2.9193000891294654,-0.0403114436769988,0.009777879299428353,0.03486112069901911,ge+schließ+en hier,9.422460387486108
-9.819612766445832,-4.106178112971714,-0.013681872992517233,0.05394408116965768,0.04262538012154767,sie sturm+flut+warnung,24.762533789152943
-9.819612766445832,-4.106178112971714,-0.013681872992517233,0.05394408116965768,0.04262538012154767,nach sturm+flut+warnung,24.762533789152943
23.772102194792065,-21.41416497351833,-0.05689938929529195,0.04512801763174749,-0.0041918216702931076,deutsche,62.551024980677425
-21.577709206745478,1.950532920980529,-0.06568221811799924,-0.00030052306529262246,-0.015235142518269375,sturm+flut+warnung deutsch+e,11.536189804049096
-22.164671066053746,2.2420657694436867,-0.17464927881432385,-0.06067717737500432,-0.10891130954014658,deutsch+e ost+see+küste,10.88090509018757
-23.422395244526946,2.8924125331493054,-0.1433271279354975,-0.016174306859311566,0.13134426732977314,ost+see+küste sperr+werk,9.464955470023021
-24.133413846065938,3.2654308712402482,-0.0960273334407987,-0.013468220434060929,0.05455942469584078,Greifswald,8.66206108043596
-24.133413846065938,3.2654308712402482,-0.0960273334407987,-0.013468220434060929,0.05455942469584078,sperr+werk greifswald,8.66206108043596
-20.290800594219085,1.2883183069847401,-0.04901919929451533,0.019252018781034008,0.03825823810301299,Freitagabend,12.983475189474229
-24.689876949461876,3.553336711885103,-0.07689911578403795,-0.012648226779976159,0.03199016416616387,greifswald freitag+abend,8.035534102283403
-25.063475473884996,3.746141615882971,-0.06869729654209358,-0.013116199253795556,0.02357145373690643,vorsorglich,7.615119531345977
-25.063475473884996,3.746141615882971,-0.06869729654209358,-0.013116199253795556,0.02357145373690643,freitag+abend vorsorglich,7.615119531345977
-25.339584774429056,3.8885189840462435,-0.06418519243520779,-0.013966370342473458,0.018984944798100624,vorsorglich ge+schließ+en,7.304463553990057
-22.46431564230786,2.408255216385152,-0.04244169494391405,0.01202421928463604,0.025551720356760836,Schließung,10.538396166545603
-25.672997605264662,4.060361208867987,-0.06005512732853937,-0.015537256748053507,0.014503503927255985,der schließung,6.929372686683176
-25.842579791981443,4.147737353838774,-0.05840988553372742,-0.016558957675475133,0.012507926105617122,erfolgt,6.738604428543086
-25.842579791981443,4.147737353838774,-0.05840988553372742,-0.016558957675475133,0.012507926105617122,schließung erfolg+t,6.738604428543086
-8.268750027088185,-4.905265763486447,-0.01593481740869965,0.05504738893000043,0.044821598153783206,aufgrund,26.50715819719829
-25.953416404386132,4.204836725944411,-0.057479379346922314,-0.017307177497034698,0.011274814694938424,erfolg+t aufgrund,6.613924778138428
-20.39340328990447,1.3402606794916707,-0.04578240273238934,0.08758519522251111,-0.028075319506596235,vergleichsweise,12.868471390946132
-26.115127867016078,4.288133995717054,-0.056310093736380816,-0.01851311703059809,0.00955169541464921,aufgrund vergleichsweise,6.432021330920979
15.676530184944315,-17.244106956839204,0.007012204213547795,0.11267242108574624,0.045938222023433034,hohen,53.444545975156224
-26.28873826317381,4.377546417364211,-0.055284629830698706,-0.019960012711518496,0.007774837561217041,vergleichsweise hoch+en,6.236739608115676
-26.347831843289033,4.407977454648881,-0.05498648045310202,-0.020488908894721228,0.007182362178921171,Wasserstände…,6.170271002381969
-26.347831843289033,4.407977454648881,-0.05498648045310202,-0.020488908894721228,0.007182362178921171,hoch+en wasserstände…,6.170271002381969
-26.483569597033554,4.4778713672173485,-0.05439430849892826,-0.021774933566169247,0.005837484922135958,+928,6.017595631680868
-26.483569597033554,4.4778713672173485,-0.05439430849892826,-0.021774933566169247,0.005837484922135958,wasserstände… +928,6.017595631680868
-26.525429833397624,4.499424280508341,-0.05423691047853985,-0.0221917907063085,0.00542598940119875,+928 char+s,5.970512779130603
3.0164296309594114,-10.722863400683849,-0.06898198583108262,-0.02447348917246492,-0.06352130479057953,Über,39.203628120347815
-23.27421198066454,2.8219761694878667,-0.10730391776995772,-0.027584320980097526,-0.03573539662179352,ge+schließ+en über,9.628965059915672
-12.65964253246397,-2.6490474273799283,-0.13117526299046672,-0.016384738017977463,-0.08166536052301274,über ostsee,21.570540625160223
-18.939988675441562,0.5862095832708745,-0.13485677474671137,-0.029497253692245123,-0.07773676479052816,braut,14.505867522615583
-18.939988675441562,0.5862095832708745,-0.13485677474671137,-0.029497253692245123,-0.07773676479052816,ostsee brau+t,14.505867522615583
-15.893403514660193,-0.9770608930803526,-0.044509783439717725,0.02717607167381585,0.009209839262608668,brau+t sturm,17.9300964162527
-14.953778301820165,-1.461190749001961,-0.04718851191529154,0.028913852404973264,0.01627127149375633,zusammen,18.987108555540075
-17.58706682359159,-0.10437208718076718,-0.04012522247430764,0.026106898056548804,0.013399218368665188,sturm zusammen,16.024819153818267
-9.225895433946931,-4.412087619984208,-0.013234348138035966,0.05486975910826068,0.04314472113525357,samstag küste,25.430426434452514
24.647367300114173,-21.865178862669254,0.0005119436395399392,0.07809387118370119,0.056270713116437866,küste sturm+flut,63.535647094654934
95.01467652822681,-58.121072589939175,0.008251889448455913,0.08063933399001025,0.05553667297194799,sturm+flut erwart+et,142.69401815959446
-15.413964733252609,-1.2237570691086468,-0.01883618356558867,0.0428202983073085,0.036407806072451955,Blick,18.46927627166662
-15.413964733252609,-1.2237570691086468,-0.01883618356558867,0.0428202983073085,0.036407806072451955,auch blick,18.46927627166662
-17.550404570133672,-0.12301798348468651,-0.02144139289211611,0.03692455847703305,0.03312897332463959,havarierten,16.065946339781185
-17.550404570133672,-0.12301798348468651,-0.02144139289211611,0.03692455847703305,0.03312897332463959,blick havarier+t+en,16.065946339781185
-18.75587304169555,0.49804773383608403,-0.023145140124453678,0.03298596519248995,0.03094451294644819,Öltanker,14.709895361344685
-18.75587304169555,0.49804773383608403,-0.023145140124453678,0.03298596519248995,0.03094451294644819,havarier+t+en öl+tanker,14.709895361344685
-19.715661642422745,0.9925244539664808,-0.024654601378159762,0.029446659055002093,0.02898534509761147,Rügen,13.63021970302076
-19.715661642422745,0.9925244539664808,-0.024654601378159762,0.029446659055002093,0.02898534509761147,öl+tanker rügen,13.63021970302076
-16.314541443860982,-0.7597568828732628,-0.02254878670979198,0.0401017892337744,0.03157927018381019,Entwicklung,17.45619549762025
-24.930681701906106,3.6785215008414625,-0.04457208168540894,-0.005313511338289556,0.00427989244360048,rügen entwicklung,7.764138324052035
-24.728150742066283,3.573478044303916,-0.007658989351958844,-0.0227217237516794,0.055082984555902076,genau,7.992287373550316
-25.193878774709596,3.8134535036520587,-0.05825729990927205,-0.015043578482897654,-0.010501072856143812,entwicklung genau,7.46837289506574
-25.305804138676315,3.8706548277215242,-0.06596612800929971,-0.020290493854512898,-0.01879043697832641,beobachtet,7.342680057140332
-25.305804138676315,3.8706548277215242,-0.06596612800929971,-0.020290493854512898,-0.01879043697832641,genau beobacht+et,7.342680057140332
-24.661102431771507,3.5319381494555353,-0.13569825426116694,-0.0552675891834707,-0.0916737330083179,link über,8.070933766626302
-24.946885015048444,3.6871183405591186,-0.0370525247901037,-0.0010974891759762198,0.012203549242640527,Entwick…,7.745795568613238
-24.946885015048444,3.6871183405591186,-0.0370525247901037,-0.0010974891759762198,0.012203549242640527,rügen entwick…,7.745795568613238
-25.191445375971302,3.8130457754966622,-0.0379283990835734,-0.0033426182952458403,0.01097727634241652,+1111,7.470718871572293
-25.191445375971302,3.8130457754966622,-0.0379283990835734,-0.0033426182952458403,0.01097727634241652,entwick… +1111,7.470718871572293
-25.321444494302924,3.879980773204079,-0.03841197549110883,-0.0045867091063062915,0.010298108848149863,+1111 chars,7.324499938921539
2.036990762350687,-10.21561892162276,-0.02728610196522919,0.06490012025047256,0.06595026819111066,Unwetter,38.10060595629158
-12.819450111264757,-2.5648938299150537,-0.0626195805101451,0.04591587873589498,0.1379988606966458,unwetter warnung,21.389902994990067
11.479726970275028,-15.080612012582506,-0.0031900771328860524,0.0731417098818289,0.053458568469825066,leichter,48.722914219778104
1.9423593214496755,-10.166504850706573,-0.0068470311711800475,0.06714934687444454,0.05006330948100048,warnung leicht+er,37.993990903114664
41.20934552732423,-30.398615672527228,0.003950877016371991,0.08135016811941434,0.05811594543153617,leicht+er sturm+flut,82.16676685091389
-3.338742752636641,-7.449523468195066,-0.11606494879795871,0.0017866889584043227,-0.06510541999953387,sturm+flut ost+see+küste,32.0549879034132
-22.065860133636722,2.2021682718471363,-0.062151792646584055,-0.00021337743543268367,-0.011802163445905876,ost+see+küste hier,10.986997704600164
-22.25111874137314,2.297994889144137,-0.04657912862171934,0.016418352949481102,0.058274953076738314,thema unwetter,10.77841263521695
-20.769872896471007,1.532019223194161,-0.06964603611475895,0.022166142793022245,0.11750839982912448,sie warnung,12.445977777598667
-7.845484010257529,-5.123338337001021,-0.012249111674688406,0.05688149047886344,0.04427443912847373,bsh leicht+en,26.983298515169167
-4.114536450526675,-7.045616603268458,-0.030206368557455007,0.0498394414695873,0.025461758635118563,sturm+flut deutsch+en,31.180338705372243
1.2649266682348461,-9.823523269299326,-0.13666441056967335,-0.006733481918943671,-0.08686112225446603,deutsch+en ost+see+küste,37.23472508717783
-9.008923354676003,-4.523967705603809,-0.03733886361886691,0.048422871634883326,0.013368970413746743,Ausnahme,25.674549059464432
-17.359453080322616,-0.22246600404878691,-0.06429479859362555,0.012817207037369882,-0.01204421965517571,ost+see+küste ausnahme,16.28124845049664
-6.575326373240429,-5.777749076283969,-0.017047218266783494,0.059516955526905016,0.03672514176009789,Kieler,28.412128205933076
-15.52787142906925,-1.1650887716282252,-0.02806364137578524,0.044127645332001544,0.022469942877723525,ausnahme kieler,18.34114959646073
0.13692029464734645,-9.236218725915354,-0.011206114001225119,0.06613964887006693,0.04397888418429986,Bucht,35.96297165184409
-7.446178089916195,-5.329049420005754,-0.01669532508815544,0.05809471903168591,0.03754660863179684,kieler bucht,27.43247843113923
-8.824793340649531,-4.618806704295798,-0.03682236252148216,0.04176084778128101,0.01828697354180487,gewarnt,25.881668813292674
-24.484802762611004,3.4484918443688746,-0.05403609403955675,-0.007810830829225381,-0.005215453823003684,bucht ge+warn+t,8.265858177503167
-24.888706827795875,3.656624364898442,-0.05144000919846635,-0.008970689053222555,-0.002925163713629598,entspricht,7.81148213654656
-24.888706827795875,3.656624364898442,-0.05144000919846635,-0.008970689053222555,-0.002925163713629598,der entsprech+t,7.81148213654656
-16.607081087848414,-0.611483441567346,-0.059770229115325806,0.03457177516694395,0.10234001765194509,laut,17.128224461587003
-25.165874168214145,3.79941917587008,-0.0501624241368337,-0.010193960422527834,-0.0019139860941985963,entsprech+t laut,7.4996937644176995
-25.360427688653896,3.8996387194735904,-0.049480099077244,-0.011250914883781098,-0.0014462003976606144,laut bsh,7.280844608951657
-19.09588216755112,0.6731785947174656,-0.027990488610517127,0.02928654815519739,0.025707155692172752,Anstieg,14.327434699548993
-25.5500897629527,3.9973285025931786,-0.04897122774283839,-0.012436242529284838,-0.0011687783039774774,bsh anstieg,7.067502385198875
-25.73294646174363,4.091503707860258,-0.048617712210359425,-0.013723672451156556,-0.0010598624710866401,+943,6.861819524375606
-25.73294646174363,4.091503707860258,-0.048617712210359425,-0.013723672451156556,-0.0010598624710866401,anstieg +943,6.861819524375606
-25.808615824204015,4.130472392507819,-0.04850907859172629,-0.014298220843070239,-0.0010587927098797655,+943 chars,6.7767055346982366
-22.065860133636722,2.2021682718471363,-0.062151792646584055,-0.00021337743543268367,-0.011802163445905876,Kiel/Rostock,10.986997704600164
-22.065860133636722,2.2021682718471363,-0.062151792646584055,-0.00021337743543268367,-0.011802163445905876,ost+see+küste kiel/rostock,10.986997704600164
-23.335202523015553,2.8565364299784735,-0.05035884223993861,0.0007668458159686767,-0.0002611015779443761,kiel/rostock der,9.558911332533103
-23.95638250048407,3.1760963114625405,-0.05907123556502738,-0.007543360034614914,-0.01000554814257017,ausnahme kopier+e,8.860355988925658
-20.33963582978209,1.3136326590366876,-0.04366132542541912,0.016610493967037045,0.008650341263556512,wasser deutsch+en,12.928473001913655
-24.895504415908388,3.6537229174705455,-0.12717016203886966,-0.052057349189639834,-0.08293664895902604,ost+see+küste steig+t,7.806782881383969
-22.370363743505322,2.360109533228619,-0.029802016757829574,0.01706265498752175,0.02215631664042158,hydrographie warn+t,10.64396547710073
-17.46376233473104,-0.16776182679989748,-0.03269241146985745,0.030653129525386576,0.021279739451969388,teils,16.16346195554827
-21.69703949091092,2.0132614544966234,-0.02833098755034736,0.020648370197221887,0.02412969833852867,warn+t teils,11.401374103301924
-18.101488179400185,0.16090604434151512,-0.02219617960027681,0.03518734186839762,0.03216489355972479,teils leicht+en,15.446022576623557
-22.27018154634734,2.3085039597834784,-0.029574543921181376,0.017619444776193163,0.022462546352792313,Seeschifffah…,10.756657879422269
-22.27018154634734,2.3085039597834784,-0.029574543921181376,0.017619444776193163,0.022462546352792313,bund+es+amt seeschifffah…,10.756657879422269
-23.44425244978717,2.913258852889454,-0.03245979270373189,0.010496776217105333,0.018550302124299648,+1072,9.435988947904022
-23.44425244978717,2.913258852889454,-0.03245979270373189,0.010496776217105333,0.018550302124299648,seeschifffah… +1072,9.435988947904022
-23.777765064771955,3.0850345834721074,-0.03337884386851525,0.008201208716035475,0.017291692877090047,+1072 char+s,9.060839444105898
-26.497145636042735,4.467166654660687,-0.054674190594646385,-0.14760357446791017,-0.17801943180591706,sorgte,6.01047426718619
-26.83130556694535,4.6500710042576205,0.09203179338072927,-0.09491121921417836,-0.0063959748288965924,bernd sorg+te,5.6296275122252535
22.495701093718626,-20.756420181767286,-0.00653209524631238,0.06935369946052526,0.05760293883727151,heute,61.115108545985386
-26.83357255597614,4.653681321926642,0.0695190119356393,-0.077481031061408,-0.006556248406832426,sorg+te heute,5.625954725022327
-19.87778822552783,1.0758155192601127,0.010034724345882661,0.014151588884912816,0.026167334508349724,Warnemünde,13.447953940108357
-26.818284726123476,4.647662479127017,0.04957238770905678,-0.060822333983668014,-0.006710966561562923,heute warnemünde,5.642297722231362
-26.749422463404954,4.614234145790525,0.023365247025692024,-0.03505704132598375,-0.007105774611796661,warnemünde leicht+es,5.71881748506707
-26.7047919639019,4.591818166846856,0.01502838151543466,-0.024744485441733022,-0.007403537231950811,Sturmhochwasser,5.768756201334788
-26.7047919639019,4.591818166846856,0.01502838151543466,-0.024744485441733022,-0.007403537231950811,leicht+es sturm+hochwasser,5.768756201334788
-26.551757963961677,4.513980604900356,4.8375610957161405e-05,0.002720636377258605,-0.008991162835339146,Unterwarnow,5.940440231917731
-26.551757963961677,4.513980604900356,4.8375610957161405e-05,0.002720636377258605,-0.008991162835339146,sturm+hochwasser unterwarnow,5.940440231917731
-10.36491111729336,-3.8258468316064533,0.0019617889809581887,0.09254132025172221,0.03187800101549316,Rostock,24.149392387586296
-26.424436680767883,4.448735309998885,-0.004913286059127716,0.024178383084339512,-0.01126583102878145,unterwarnow rostock,6.0835011680534254
-26.340157904838094,4.405362479021928,-0.0058205460081887815,0.03968904364724609,-0.013437625443832441,rostock werd+e,6.17828302630061
-10.750150759969188,-3.627226229205471,0.006253221273245756,0.08662057056680374,0.03185130033894556,sogar,23.715965790274556
-26.26405448587648,4.36603334706571,-0.005203636854724909,0.055308763764845455,-0.015965756181796343,werd+e sogar,6.263945440169647
-3.226074160472919,-7.503734010147086,-0.0025257677030374147,0.08088824701449623,0.042743655337345934,zweite,32.179950107210765
-26.081901267713064,4.270876378022468,0.0013785091534328393,0.10076593992837378,-0.02446411370356581,sogar zweit+e,6.469445477362015
-25.77994322174714,4.107933290010021,0.023103995999524084,0.19570056306623654,-0.04395032227600591,Hochwasser-Warnstufe,6.8124848227693695
-25.77994322174714,4.107933290010021,0.023103995999524084,0.19570056306623654,-0.04395032227600591,zweit+e hochwasser+-+warn+stufe,6.8124848227693695
-25.946918790435824,4.202828093786255,-0.02458873652576754,0.05115086117001072,-0.008850620411013022,hochwasser+-+warn+stufe erreich+t,6.620611259213696
1.379262049008421,-9.876482600884756,-0.004153672224174422,0.07528613001620488,0.04767871452128555,Mit,37.360593001721
-20.108505003012148,1.1950380210115963,-0.020667800227842044,0.045561578182653696,0.02380763243650681,mit ausnahme,13.188247216308927
-20.90088235440841,1.6031802404710396,-0.025614119559190122,0.02878213611462852,0.025175231793309986,bucht bund+es+amt,12.296935353713664
-19.970445251062685,1.1237848404798907,-0.02508164545043737,0.02843729339857198,0.028427255858414772,bsh samstag,13.343612243410515
-19.275363409931444,0.7656874056760152,-0.023943516542105393,0.031119592484680898,0.029910949147509067,Tagesverlauf,14.125514743880979
-19.275363409931444,0.7656874056760152,-0.023943516542105393,0.031119592484680898,0.029910949147509067,samstag tag+es+verlauf,14.125514743880979
-18.101488179400185,0.16090604434151512,-0.02219617960027681,0.03518734186839762,0.03216489355972479,tag+es+verlauf leicht+en,15.446022576623557
-17.136283491452886,-0.33677658404104527,-0.04648490451072511,0.02348026758581928,0.006815107322769475,gesamten,16.531986253917847
-20.40243860848691,1.3463380636978597,-0.02583378488591835,0.026651202821246528,0.027440383631827568,sturm+flut ge+sam+t+en,12.857661857890735
-18.44736174964362,0.3367769544083812,-0.0852637907151839,-0.0017003358227015986,-0.03451547570228812,ge+sam+t+en deutsch+en,15.05802097018612
-23.46804461520705,2.9226148570395356,-0.08932829332071196,-0.02214244038447867,-0.041525524216847076,ost+see+küste ge+warn+t,9.410564805091836
-23.934568226892942,3.1639919484355232,-0.06174170396448057,-0.02451620831436474,-0.025585398275892447,Kräftiger,8.885296479620992
-24.318406087052225,3.3618926350896863,-0.035774068989756935,-0.034249535278540064,-0.01687775342408127,kräftig+er wind,8.453446170696884
-19.830210982523596,1.0500949655317182,0.00021298985251440826,-0.025629140420546162,-0.0014680917641331746,Bft,13.502038089516837
-24.553914420157177,3.482788615410899,-0.01323186812819522,-0.046494028360011,-0.012794927980278033,wind bft,8.18872275348193
-24.395191218887593,3.4003901290383616,0.019803430160049824,-0.054867650137436746,-0.0010662973286813086,bft nordwest,8.367559943195701
-23.63349770517407,2.9978736644836275,0.1401355427406696,-0.11412854786659021,0.016760022528290876,nordwest sturmbö+en,9.229034761971091
-24.553914420157177,3.482788615410899,-0.01323186812819522,-0.046494028360011,-0.012794927980278033,sturmbö+en bft,8.18872275348193
-23.038202325389264,2.7036850642196564,-0.0029605233104519468,-0.007497528730159381,0.019716306803203965,sorgt…,9.892937095798084
-23.038202325389264,2.7036850642196564,-0.0029605233104519468,-0.007497528730159381,0.019716306803203965,bft sorgt…,9.892937095798084
-16.09282918387786,-0.8739932934891268,-0.009533766376314746,0.03378477046277189,0.03535081920730422,11.,17.705608557332212
-22.531894262378657,2.443253605255176,-0.02100383239649424,0.009487315066233105,0.0215622289524446,sorgt… 11.,10.462294364247477
-0.38959571378210356,-8.96496850154131,-0.007938488874795297,0.06519374000226424,0.04895784321533164,Januar,35.370691232466555
-15.413964733252609,-1.2237570691086468,-0.01883618356558867,0.0428202983073085,0.036407806072451955,11. januar,18.46927627166662
-13.76960214869493,-2.070984837568261,-0.01711167875173734,0.046629017131922655,0.038531928064123006,2025,20.31906537355308
-13.76960214869493,-2.070984837568261,-0.01711167875173734,0.046629017131922655,0.038531928064123006,januar 2025,20.31906537355308
-19.158261454094383,0.7053572034896263,-0.0237598437718062,0.0315500980462108,0.030149267262471326,OlafLeichte,14.257243912199833
-19.158261454094383,0.7053572034896263,-0.0237598437718062,0.0315500980462108,0.030149267262471326,2025 olafleicht+e,14.257243912199833
-9.819612766445832,-4.106178112971714,-0.013681872992517233,0.05394408116965768,0.04262538012154767,olafleicht+e sturm+flut,24.762533789152943
-22.531894262378657,2.443253605255176,-0.02100383239649424,0.009487315066233105,0.0215622289524446,sturm+flut 11.,10.462294364247477
-22.466504068032684,2.4096326839262003,-0.03002332297357043,0.01652016058315986,0.021858017357828094,2025 warnemünde,10.535819852455571
-23.382918179381708,2.8816678461092717,-0.03229606797429267,0.010904392525362558,0.018773900359872954,warnemünde mit,9.50498076525117
-26.26281951362039,4.364596287763463,-0.04235654392436425,-0.014853354678731334,0.0047020485229633015,vo…,6.265711098842048
-26.26281951362039,4.364596287763463,-0.04235654392436425,-0.014853354678731334,0.0047020485229633015,tag+es+verlauf vo…,6.265711098842048
-26.313097397907615,4.390473784384006,-0.042592699877902616,-0.015474619606103232,0.004363874484612645,+3404,6.209164718229482
-26.313097397907615,4.390473784384006,-0.042592699877902616,-0.015474619606103232,0.004363874484612645,vo… +3404,6.209164718229482
-26.370740586569106,4.42014131434332,-0.04286712873890438,-0.01619750029969967,0.003970449419282086,+3404 chars,6.144335123118854
-7.4306631674384995,-5.337272267738406,-0.01837228303351645,0.057026372301590446,0.05811473016201327,gilt,27.45003437174155
-21.69491199457565,2.011454074512021,-0.04556254552952019,0.019356686689707612,0.060307378093941405,warnung gelt,11.404088774575598
-20.40243860848691,1.3463380636978597,-0.02583378488591835,0.026651202821246528,0.027440383631827568,ganzen,12.857661857890735
-20.40243860848691,1.3463380636978597,-0.02583378488591835,0.026651202821246528,0.027440383631827568,gelt ganz+en,12.857661857890735
119.3783532695427,-70.67364539095001,0.00577802134315486,0.07059437382731923,0.040723285768855595,Sonntag,170.10124313985744
-18.489938366849145,0.36103773160362973,-0.022752216122176927,0.03389974427480176,0.03145091352766698,ganz+en sonntag,15.009048932039201
41.20934552732423,-30.398615672527228,0.003950877016371991,0.08135016811941434,0.05811594543153617,Sturmflut-Gefahr,82.16676685091389
-9.819612766445832,-4.106178112971714,-0.013681872992517233,0.05394408116965768,0.04262538012154767,sonntag sturm+flut+-+gefahr,24.762533789152943
-18.847491140561516,0.5417867764708246,-0.0996751906246567,-0.010892835977289787,-0.04986820314823112,sturm+flut+-+gefahr ost+see+küste,14.608433563885072
-9.819612766445832,-4.106178112971714,-0.013681872992517233,0.05394408116965768,0.04262538012154767,ost+see+küste sturm+flut+-+gefahr,24.762533789152943
-11.394171549225387,-3.2994581292589498,-0.11680895644872048,-0.006599611697816796,-0.06634409954788786,sturm+flut+-+gefahr ostsee,22.993368802021475
-16.14257459399696,-0.8483583817963964,-0.019672947501586165,0.04094438726129768,0.03536335362828953,Hydrografie,17.64964480112282
-16.14257459399696,-0.8483583817963964,-0.019672947501586165,0.04094438726129768,0.03536335362828953,see+schiff+fahrt hydrografi+e,17.64964480112282
-13.176676012868747,-2.3764817356655445,-0.016538596933369905,0.04787651998021995,0.03922871462865492,hydrografi+e bsh,20.986065631821912
-9.819612766445832,-4.106178112971714,-0.013681872992517233,0.05394408116965768,0.04262538012154767,rostock sturm+flut+-+gefahr,24.762533789152943
-20.569980993634914,1.4325787609994514,-0.03132813256672077,0.02294364119213357,0.0215616470314401,Sonntagabend,12.66922762577064
-25.322406948809327,3.8801173840685275,-0.048118132128116976,-0.010179855062530302,4.3135256241798314e-05,bis sonntag+abend,7.32358367608943
11.400247861933781,-15.039623565695116,-0.006587669374950699,0.07156915241563264,0.05240209322926716,seien,48.633488687185036
-25.5437511449458,3.993471807281517,-0.060911603864097566,-0.01923944059577036,-0.013775000071700436,sonntag+abend sei,7.074905779895061
-25.63197787247114,4.0385065139418765,-0.06752258293146272,-0.023736273369675473,-0.020885951072708183,erhöhte,6.975851970020418
-25.63197787247114,4.0385065139418765,-0.06752258293146272,-0.023736273369675473,-0.020885951072708183,sei erhöh+t+e,6.975851970020418
-25.737391589766105,4.09210676203643,-0.07735613395481675,-0.03022727950142705,-0.03143143995516573,erhöh+t+e wasser+stand+e,6.857597385894693
-25.941125075876116,4.193858985236786,-0.11110184838019584,-0.05116250387598678,-0.06740755368854878,wasser+stand+e ge+sam+t+en,6.629892421399257
-26.01329414623827,4.22052092989045,-0.18018447660490758,-0.09052382819898078,-0.14054413196125418,deutsch+en küste,6.553539809295909
-25.800433415892275,4.07500830626507,-0.31037241475212246,-0.15930842519261165,-0.27784987631288915,küste ostsee,6.809431979416151
-26.19262454857276,4.311122210436588,-0.18844151595480582,-0.09677160832963308,-0.14958172664170116,erwar…,6.35263020492685
-26.19262454857276,4.311122210436588,-0.18844151595480582,-0.09677160832963308,-0.14958172664170116,ostsee erwar…,6.35263020492685
-26.33146369566849,4.388594147935062,-0.15552216776326488,-0.07980590602869245,-0.11502979585753856,+1515,6.193720666135221
-26.33146369566849,4.388594147935062,-0.15552216776326488,-0.07980590602869245,-0.11502979585753856,erwar… +1515,6.193720666135221
-26.41126745382006,4.432019394779518,-0.14028116354119796,-0.07206110820536314,-0.09906600893647,+1515 chars,6.102887416560984
-23.876342027575184,3.13458418202372,-0.05802033359264355,0.005590836862774964,0.06794426325871827,wirkt,8.95050956767885
-23.876342027575184,3.13458418202372,-0.05802033359264355,0.005590836862774964,0.06794426325871827,küste+n+schutz wirk+t,8.95050956767885
-23.589565534735225,2.987632457502621,-0.046719396521767056,0.00840004782123039,0.047031467634298336,Kein,9.272746209239036
-23.589565534735225,2.987632457502621,-0.046719396521767056,0.00840004782123039,0.047031467634298336,wirk+t kein,9.272746209239036
-23.331650627045644,2.855048653227392,-0.04047966619424764,0.010566519897911929,0.03636428432295394,Anlass,9.562744591884414
-23.331650627045644,2.855048653227392,-0.04047966619424764,0.010566519897911929,0.03636428432295394,kein anlass,9.562744591884414
-11.074766529728091,-3.4597690170863817,0.02580723492151729,0.026916322135052267,0.03732463016077153,Sorge,23.350713726547916
-22.558871568044935,2.4572120351662097,-0.030238790449014157,0.01599122653815603,0.021567238580464644,anlass sorge,10.4319183452882
-24.052682237610654,3.215135450110913,-0.11496908896500625,0.0011040975393623656,0.18677937612403916,sorge küste,8.756844906898317
-18.101488179400185,0.16090604434151512,-0.02219617960027681,0.03518734186839762,0.03216489355972479,küste leicht+er,15.446022576623557
61.616750404808045,-40.91279729098178,0.017284294614141157,0.06402585714031192,0.0478920374107691,Wochenende,105.12347360211625
-19.448810589278338,0.8550459434630593,-0.024219701156848017,0.030470997445165546,0.029552000346070088,sturm+flut woche+n+ende,13.930402440832912
-12.486118866285842,-2.7382063780421984,-0.12910634935079074,-0.014978490845306835,-0.07945794983558806,woche+n+ende ostsee,21.76562921785715
14.694323465546734,-16.73682739686792,-0.006341309488984836,0.07222821731729126,0.049906411789768096,leichte,52.33908384384695
-7.438953866402805,-5.33280147889033,-0.011972571880031037,0.05743941074486806,0.044588005946532686,ostsee leicht+e,27.44061835503289
-8.571600121578548,-4.749210070325072,-0.012758124358763896,0.055846743035481296,0.043693179405654356,gegeben,26.166465522220058
-8.571600121578548,-4.749210070325072,-0.012758124358763896,0.055846743035481296,0.043693179405654356,sturm+flut ge+geb+en,26.166465522220058
-14.041820205176204,-1.9307286933413668,-0.017382922077030752,0.04603530743435453,0.03820049899681992,hielt,20.012839368401647
-14.041820205176204,-1.9307286933413668,-0.017382922077030752,0.04603530743435453,0.03820049899681992,der halt,20.012839368401647
-16.61804820420157,-0.6033838184890756,-0.020246492677571875,0.039648676007138256,0.03464259502800694,Spitze,17.114773460898164
-16.61804820420157,-0.6033838184890756,-0.020246492677571875,0.039648676007138256,0.03464259502800694,halt spitze,17.114773460898164
-17.531580602986956,-0.13269393202477175,-0.020583372720565395,0.04014814527434321,0.03239326109565096,spitze etwa,16.08711103552076
-7.377247152256235,-5.36451716325508,-0.024713831916937323,0.0432213529423043,0.016197390044399684,Stunden,27.51000387530406
-18.314376133125734,0.27065268049094726,-0.018647210226725913,0.04912720552872144,0.028226827458627007,etwa stunde+n,15.206509348819031
-19.67292793203676,0.9687177334818484,-0.0006531365601761246,0.1204936753431441,0.0072031513607788734,hier werd+e,13.67909755522236
-1.6227350953014223,-8.338032603442091,0.023644710225840394,0.21118158783451427,0.028466390383826222,Sand,33.98732868617358
-19.570216320541697,0.909308645175261,0.02078569910874107,0.2014267638788493,-0.011446785996589676,werd+e sand,13.797600294528218
-1.4647534598301064,-8.412455893437059,0.017299941500244734,0.09208151616469223,0.09503339807803002,Küsten,34.161867304678296
-20.661961140243058,1.4792244989866514,-0.007051870644195024,0.09868610478991588,0.00910702050432086,sand küste+n,12.566085905411333
-21.024891777900173,1.666760057836136,-0.012081383479333225,0.08055407019284193,0.01214831620786238,abgetragen,12.157569536139741
-21.024891777900173,1.666760057836136,-0.012081383479333225,0.08055407019284193,0.01214831620786238,küste+n ab+ge+trag+en,12.157569536139741
-16.627476673616833,-0.5985771971830358,-0.01625878163213259,0.06355166213026678,0.025619334129819267,Grund,17.104187222400192
-21.44751582564701,1.8848141501205742,-0.02166071713179063,0.05882123682910741,0.010786677613069291,ab+ge+trag+en grund,11.682012113526358
-25.20298067234878,3.819261883079998,-0.04033166866380564,0.013813942766342763,-0.0031437347240246237,grund sorge,7.4576158424200605
-25.08233474298897,3.7569986740731567,-0.042073782235089056,0.008795416096821683,-0.0017950133383064296,sei,7.593381587689138
-25.08233474298897,3.7569986740731567,-0.042073782235089056,0.008795416096821683,-0.0017950133383064296,sorge sei,7.593381587689138
-23.38627427145678,2.882669980811162,-0.054485595962464696,-0.0018567421227457526,-0.00466091264254195,link woche+n+ende,9.501542675461993
-25.72485358440728,4.088350088914353,-0.03272564224363824,0.019032836669637395,0.001103061561234145,+1626,6.870452182173674
-25.72485358440728,4.088350088914353,-0.03272564224363824,0.019032836669637395,0.001103061561234145,grund +1626,6.870452182173674
-25.81857463032309,4.136572552883035,-0.03379205600042419,0.015442643912121815,0.0011893556573768886,+1626 char+s,6.765053397008456
-7.845484010257529,-5.123338337001021,-0.012249111674688406,0.05688149047886344,0.04427443912847373,küste+n+schutz nach,26.983298515169167
57.54918054574085,-38.817554953188996,0.0065873609894391075,0.08273136804891787,0.058886591324446916,nach sturm+flut,100.54797249755045
-0.9212877301496079,-8.691014972197522,-0.008201481418414716,0.06471254189912501,0.04868603881327692,Deckwerk,34.77257185896612
-0.9212877301496079,-8.691014972197522,-0.008201481418414716,0.06471254189912501,0.04868603881327692,sturm+flut deck+werk,34.77257185896612
-1.0740172421324665,-8.612422720250109,-0.014262239689280767,0.06337230456394241,0.05621034409287435,Langeneß,34.600806591828125
-7.759781880917913,-5.167496028785823,-0.012190322402729043,0.05700035167074457,0.04434123301900202,deck+werk langeneß,27.079707803593173
-10.174631323559009,-3.923257029394481,-0.013956868282626605,0.05337173306825703,0.04230442351053852,langeneß reparier+t,24.363161552148554
-18.101488179400185,0.16090604434151512,-0.02219617960027681,0.03518734186839762,0.03216489355972479,sie nach,15.446022576623557
-18.840211749079927,0.5414989964804438,-0.02327192526504919,0.03269043802102313,0.03078078874656726,bisherigen,14.615021676160534
-18.840211749079927,0.5414989964804438,-0.02327192526504919,0.03269043802102313,0.03078078874656726,der bisherig+en,14.615021676160534
477.9124397943188,-255.40240597533435,0.03410443731810589,0.022159633349015287,0.02281705069445454,Sturmfluten,573.4266799118083
-9.819612766445832,-4.106178112971714,-0.013681872992517233,0.05394408116965768,0.04262538012154767,bisherig+en sturm+flut+en,24.762533789152943
-20.78623305224153,1.544057044259083,-0.02653386148713302,0.024979428831916714,0.026517441814571045,Winters,12.4259320572799
-20.78623305224153,1.544057044259083,-0.02653386148713302,0.024979428831916714,0.026517441814571045,sturm+flut+en winter+s,12.4259320572799
28.20950471172196,-23.701433940820888,0.005610406588424249,0.1089801177506162,0.04887222395952822,größeren,67.54321689081847
-22.83441246297481,2.5994111668689133,-0.03029003421064138,0.053542650361464786,0.03153889936276243,winter+s groß+er+en,10.121840303414873
13.577116580980448,-16.16888840158042,0.026480781493925215,0.20258004429657203,0.031054800664794845,groß+er+en schaden,51.085803106739576
-17.42905302470924,-0.19446285740906166,-0.12231225453945599,0.04187103201635824,0.15965468737515723,Küstenschutzanlagen,16.206525561895287
-23.453086108396356,2.911088116045655,-0.12527435437885448,0.03678417659333368,0.1324714450033723,schaden küste+n+schutz+anlage+n,9.429109836878519
-23.97473192135095,3.1635094810839517,-0.2415908400409589,-0.08808386152144476,-0.15788709778550444,küste+n+schutz+anlage+n nordsee,8.849834901092262
-14.42659352904256,-1.7390567554035279,0.033949270968922786,0.15932423677139668,-0.045882322398771574,angerichtet,19.582998419088568
-23.973477206174834,3.179727421295701,-0.14532001893562138,-0.0392600351950573,-0.03600608107860084,nordsee an+ge+richt+et,8.843502657277929
-23.06010877342815,2.7072969918809386,-0.1226599544586823,-0.00526712964762787,0.13627290241209258,der küste+n+schutz+anlage+n,9.87179179207611
-21.912576969601403,2.124207755920474,-0.032915825614806965,0.0192112687441629,0.032165221052971725,küste+n+schutz+anlage+n sei,11.158957412981284
-21.124670564676897,1.7184066725695137,-0.027178157262090417,0.023433124407929898,0.02566441246413879,sei bisher,12.045225532763087
-19.715661642422752,0.9925244539664879,-0.024654601378159807,0.02944665905500163,0.028985345097611453,bisher gut,13.63021970302075
137.46444785591856,-79.99279712853522,0.014993000250917904,0.07872596031128903,0.05643006536228437,Sturmflutsaison,190.4470846017402
-9.819612766445832,-4.106178112971714,-0.013681872992517233,0.05394408116965768,0.04262538012154767,gut sturm+flut+saison,24.762533789152943
-20.19013068020847,1.2369622674461747,-0.025459583487108847,0.02754112513340495,0.02793198709337616,sturm+flut+saison ge+komm+en,13.096487355259917
-22.165660554973698,2.2546629786048653,-0.02934054791005047,0.01819132746326222,0.022777151409393542,+1574,10.87423107544191
-22.165660554973698,2.2546629786048653,-0.02934054791005047,0.01819132746326222,0.022777151409393542,ge+komm+en +1574,10.87423107544191
-22.733244183161023,2.54703194949231,-0.030653394996114608,0.01497137419891776,0.02100675664096131,+1574 chars,10.23577215147023
-14.777704614432935,-1.5515770711132113,-0.018143642509892727,0.04435939772846339,0.037265584156703814,Anfang,19.18502228068938
-21.822591959528236,2.077938239757816,-0.02859534858347682,0.020006608109678525,0.023776284040922052,reparier+t anfang,11.260142148242036
-12.852566707913404,-2.5434749828001735,-0.016235101366744796,0.04853330204114114,0.0395957697217396,anfang januar,21.350666053028625
-9.819612766445832,-4.106178112971714,-0.013681872992517233,0.05394408116965768,0.04262538012154767,januar geb,24.762533789152943
7.740656648721558,-13.154066374304183,-0.004494216190473588,0.07111333769959387,0.052308060878647374,geb sturm+flut,44.516702126208074
-15.455205654885845,-1.2114752208554798,-0.11776260702326365,0.02296378052049559,0.1585365800561276,der deich+e,18.426976939032752
-17.49885789384559,-0.16475669034785678,-0.1300590372511921,0.023323569348709515,0.21372992995408985,Küstenschutzbauwerke,16.13086420992372
-17.49885789384559,-0.16475669034785678,-0.1300590372511921,0.023323569348709515,0.21372992995408985,deich+e küste+n+schutz+bau+werk+e,16.13086420992372
-19.74521960082783,1.0055077281377693,-0.06839461509028293,0.020956073934816164,0.08747966098307035,hielten,13.597991411554395
-19.74521960082783,1.0055077281377693,-0.06839461509028293,0.020956073934816164,0.08747966098307035,küste+n+schutz+bau+werk+e halt+en,13.597991411554395
-20.238899624680542,1.260474048687236,-0.06215449048346527,0.020009351892226235,0.07525097087073929,halt+en stand,13.042360650635274
-20.608005122907187,1.4509635096530005,-0.058334911921039026,0.01915661809930724,0.06764885396484625,Kleinere,12.627000475730949
-21.018959680733396,1.6629546807937654,-0.054766982609993034,0.018055620437931217,0.0603485299273081,Schadstellen,12.16459071079158
-21.018959680733396,1.6629546807937654,-0.054766982609993034,0.018055620437931217,0.0603485299273081,klein+er+e schad+stelle+n,12.16459071079158
-21.582410656634202,1.9535827512114272,-0.04858965236571277,0.016960213485048316,0.05039558515057746,schad+stelle+n langeneß,11.53060360462273
-21.576072667774753,1.9507114960007232,-0.03833053631352432,0.01919213403360137,0.0379492671591377,aktuell,11.537554109871138
-21.576072667774753,1.9507114960007232,-0.03833053631352432,0.01919213403360137,0.0379492671591377,langeneß aktuell,11.537554109871138
-25.024340776434475,3.7270021938046063,-0.037325313742979815,-0.001795588482976812,0.011822165060837397,aktuell reparier+t,7.658674461987934
-24.23112256817123,3.318523463861516,-0.0347129895228888,0.004846668398919576,0.015454316665106658,der grund,8.550889194843322
-21.822591959528236,2.077938239757816,-0.02859534858347682,0.020006608109678525,0.023776284040922052,link anfang,11.260142148242036
-25.921316590720053,4.1883952106135585,-0.05587030235171237,-0.014313023692228824,0.024496966499634384,repari…,6.649988204767238
-25.921316590720053,4.1883952106135585,-0.05587030235171237,-0.014313023692228824,0.024496966499634384,aktuell repari…,6.649988204767238
-26.03820932385866,4.248611426895764,-0.055170680630892734,-0.015390903196668096,0.022232053970825626,+1760,6.518497607617567
-26.03820932385866,4.248611426895764,-0.055170680630892734,-0.015390903196668096,0.022232053970825626,repari… +1760,6.518497607617567
-26.110502922975996,4.285848788499606,-0.054784697612241855,-0.016084383573981537,0.02088057179329024,+1760 char+s,6.437177638297809
-9.562600641555914,-4.2386021056222845,-0.013486286314960655,0.054349527217792896,0.042852813342571947,Naturkatastrophen,25.051655367567356
10.372982847792255,-14.510240013716661,-0.010130204393719502,0.06884198703286237,0.04649224655652871,Historiker,47.477842616583935
-9.819612766445832,-4.106178112971714,-0.013681872992517233,0.05394408116965768,0.04262538012154767,natur+katastrophe+n historiker,24.762533789152943
24.647367300114173,-21.865178862669254,0.0005119436395399392,0.07809387118370119,0.056270713116437866,historiker sturm+flut,63.535647094654934
60.50777283936296,-40.341901799352634,0.005803287381274957,0.08221371300404895,0.05804240156575678,1825,103.87617054311261
33.842207438037875,-26.602733951199255,0.0017464487516206193,0.07973876046993925,0.056624344633734155,sturm+flut 1825,73.8792200647433
-2.863004937284984,-7.690969023495267,-0.019977560230875057,0.06215070699201761,0.07038877749070617,1825 bleib+t,32.58845477716724
-5.666014694372045,-6.251288368017919,-0.060140577507015056,0.05709947345769812,0.15066572345582877,bleib+t warnung,29.437330170165616
-1.5644518460196792,-8.360189977700824,-0.021626095372999657,0.06330052682938779,0.07606438703891129,Naturgewalt,34.04930865455346
-1.5644518460196792,-8.360189977700824,-0.021626095372999657,0.06330052682938779,0.07606438703891129,warnung natur+gewalt,34.04930865455346
-23.44473935909874,2.913241331573454,-0.042169677320814336,0.009706551942357582,0.03886135816446079,natur+gewalt hier,9.43556170025361
-22.370363743505322,2.360109533228619,-0.029802016757829574,0.01706265498752175,0.02215631664042158,thema natur+katastrophe+n,10.64396547710073
-19.158261454094383,0.7053572034896263,-0.0237598437718062,0.0315500980462108,0.030149267262471326,sie historiker,14.257243912199833
-11.938826949085168,-3.014523239806511,-0.0002944459884119902,0.07663154650767146,0.03304384742356652,verheerenden,22.378673073921906
-9.819612766445832,-4.106178112971714,-0.013681872992517233,0.05394408116965768,0.04262538012154767,verheerend+en sturm+flut,24.762533789152943
-21.416448526117428,1.859476609839387,-0.14817474643277928,-0.04621074568680132,-0.10224400200712228,1825 nordseeküste,11.721262345745409
-15.648200767205857,-1.1035177193999832,-0.04911450961234266,0.025012658162908465,0.004404899530132619,sieht,18.205987949003603
-22.926000183989373,2.6445275368005463,-0.0743147880707365,-0.010927577114400705,-0.025238061992027997,nordseeküste seh+t,10.019776923216511
-16.21104636655893,-0.8132800637261504,-0.038967082681047274,0.02985855250750862,0.015833947490569045,seh+t historiker,17.572714432639728
-24.097332018967002,3.2487506216261792,-0.06329250839235559,-0.0071050189721317825,0.009033373711181614,Heiko,8.70178058947367
-24.097332018967002,3.2487506216261792,-0.06329250839235559,-0.0071050189721317825,0.009033373711181614,historiker heiko,8.70178058947367
-24.096252498392662,3.248356743115765,-0.059768036532288335,-0.003606935957040286,0.02215210617309979,Suhr,8.702918620614932
-24.096252498392662,3.248356743115765,-0.059768036532288335,-0.003606935957040286,0.02215210617309979,heiko suhr,8.702918620614932
-23.401964573093263,2.8908402747285313,-0.0489307646709216,0.009465998156241419,0.05343731457356049,suhr heute,9.48384432406867
-22.974817738513792,2.6704132408444154,-0.05332753586522924,0.011816502444256353,0.06651167507501451,reichende,9.964510968572958
-22.974817738513792,2.6704132408444154,-0.05332753586522924,0.011816502444256353,0.06651167507501451,heute reich+end+e,9.964510968572958
-21.87632384089458,2.1003858064886964,-0.08170174058399281,0.016231405301044027,0.13537529177994737,reich+end+e warnung,11.202082664571162
57.54918054574085,-38.817554953188996,0.0065873609894391075,0.08273136804891787,0.058886591324446916,der sturm+flut,100.54797249755045
-13.914579274285217,-1.9973427623693034,-0.005770332594686849,0.10627181934385754,0.03321540511441758,Bedeutung,20.156449356671068
-21.565084293890926,1.945285840142338,-0.028057747949997533,0.021310452023652834,0.024494407052947843,1825 bedeutung,11.549808636576845
-23.25454775392779,2.815548273854687,-0.03195845879915868,0.011743637934422534,0.019234376861442897,Gegenwart,9.649378498865634
-23.25454775392779,2.815548273854687,-0.03195845879915868,0.011743637934422534,0.019234376861442897,bedeutung gegenwart,9.649378498865634
-24.018045841939234,3.208786380359598,-0.03407305317412303,0.006458949706316823,0.0163371417700734,+1592,8.790563415444343
-24.018045841939234,3.208786380359598,-0.03407305317412303,0.006458949706316823,0.0163371417700734,gegenwart +1592,8.790563415444343
-24.27092208777652,3.339020269387187,-0.03483518648639418,0.004538126634850773,0.015285425748490695,+1592 char+s,8.506121861660061
-19.448810589278338,0.8550459434630593,-0.024219701156848017,0.030470997445165546,0.029552000346070088,natur+gewalt ein,13.930402440832912
27.197400872263085,-23.181867052068963,0.0544676795516479,0.13067921092413148,0.02784170347412252,schwere,66.40554325093754
-7.0331260754220395,-5.5419028603329075,-0.011702261953431659,0.05798179880193157,0.04489295116959316,ein schwer+e,27.89714815417897
121.64321354550795,-71.84115069858318,0.013660721564763403,0.08030905110033078,0.05737644668422189,schwer+e sturm+flut,172.64930959856963
-7.840559634040382,-5.126516183120229,0.04730897960468813,0.05675904449646541,0.03537240711052546,traf,26.98913447505285
-8.571600121578548,-4.749210070325072,-0.012758124358763896,0.055846743035481296,0.043693179405654356,sturm+flut treff,26.166465522220058
0.7633064757248853,-9.558936011259338,-0.011516943148028065,0.06381298495250694,0.04516458391480653,200,36.6676038141935
-12.852566707913404,-2.5434749828001735,-0.016235101366744796,0.04853330204114114,0.0395957697217396,treff 200,21.350666053028625
46.967979212131326,-33.365772208452384,0.001124626454378828,0.08196066092958744,0.06342337974158849,Jahren,88.64487362728818
-6.2646836552305665,-5.937804436001205,-0.014763069355098425,0.05692280347802333,0.041696057583383225,200 jahr+en,28.761580084067543
-16.028638589712838,-0.9087369406909023,-0.07683398507764579,0.008493680008195864,-0.024934795284844827,jahr+en deutsch+e,17.778592808846565
13.019997178911328,-15.886119924147401,-0.18158942153467697,-0.026722461530080607,-0.13480887683856946,deutsch+e nordseeküste,50.461097435870556
10.754760578720433,-14.707157609924018,-0.016909779291748903,0.08250325063365363,0.028461625013930146,Hunderte,47.907412245586826
27.587686388094664,-23.380016928527454,-0.01193892954505671,0.08007487179362202,0.03755615235235367,hundert+e mensch+en,66.84324725633005
-20.22747108006501,1.2552457657882696,-0.060086624057400055,0.00757159814608898,-0.00863762504614327,Tiere,13.054926391692147
-20.22747108006501,1.2552457657882696,-0.060086624057400055,0.00757159814608898,-0.00863762504614327,mensch+en tier+e,13.054926391692147
-3.15052335471238,-7.544954049933555,0.05778639332788446,0.11336626700617601,0.01198718925399428,starben,32.265989273899045
-20.541923339071495,1.4173833419321555,-0.05673000088470265,0.008474994750884174,-0.0052403940196628675,tier+e sterb+en,12.701133925074586
37.39558635067084,-28.43353076264391,-0.005250120767263043,0.07741865356130107,0.05807761553696218,Katastrophe,77.87650892564936
-16.208987047077265,-0.814210629196678,-0.030559585308608295,0.034551888026622325,0.023858784123847825,damals,17.57496976508095
-21.671462035124023,1.9996744273947735,-0.0457269073940198,0.010751644451135287,0.005778878597044061,katastrophe damals,11.43033743776439
-21.66306845300313,1.9954778259453088,-0.04150531368937987,0.013205589883023047,0.010240773169060882,damals seh+t,11.4397201522703
-24.560835881536978,3.488321854383178,-0.03575215021354616,0.002216004948097393,0.014014885639874908,Bezug,8.180022789557984
-24.560835881536978,3.488321854383178,-0.03575215021354616,0.002216004948097393,0.014014885639874908,historiker bezug,8.180022789557984
-23.972345751138686,3.1852498025258003,-0.03393883856651965,0.0067963396318261385,0.016521945848951988,bezug heute,8.841968283081354
-23.67265646620813,3.030899186431835,-0.0330838039183085,0.0089395192561397,0.017696377681295505,reicht,9.179069797888467
-23.67265646620813,3.030899186431835,-0.0330838039183085,0.0089395192561397,0.017696377681295505,heute reich+t,9.179069797888467
-26.15803417658846,4.310176493309433,-0.052955642176709575,-0.019964601236415053,-0.006317895005173917,Be…,6.383786364424738
-26.15803417658846,4.310176493309433,-0.052955642176709575,-0.019964601236415053,-0.006317895005173917,historiker be…,6.383786364424738
-26.21290964768743,4.338439694355701,-0.05274528928601204,-0.020359001541515917,-0.006189405509980681,+1779,6.322060216182491
-26.21290964768743,4.338439694355701,-0.05274528928601204,-0.020359001541515917,-0.006189405509980681,be… +1779,6.322060216182491
-26.275631857489188,4.370742606914407,-0.05252816582266327,-0.02083274863855844,-0.006069210705004258,+1779 char+s,6.251508520784233
-3.918804486412945,-7.149105110255036,0.010255471108025733,0.13766821782069386,0.0291666785580718,Hochwasserschutz,31.401717251622486
7.740656648721558,-13.154066374304183,-0.004494216190473588,0.07111333769959387,0.052308060878647374,hochwasser+schutz sturmflutsaison,44.516702126208074
-3.7081285357563694,-7.255099739224079,-0.00967884774832399,0.0619425796035563,0.04712304645328112,verläuft,31.63755516037677
-3.7081285357563694,-7.255099739224079,-0.00967884774832399,0.0619425796035563,0.04712304645328112,sturmflutsaison verlauf+t,31.63755516037677
40.62651777942767,-30.098046426646107,-0.0010045662590572463,0.07557124837209366,0.047793967480902894,Niedersachsen,81.51100221952473
-8.722767200610576,-4.671321933446929,-0.012866628332482147,0.0556248895758639,0.043568605469116825,verlauf+t niedersachsen,25.996412505332533
-9.979318941688959,-4.02389048625542,-0.013804877518801696,0.05368840006243738,0.04248198700403522,niedersachsen bislang,24.58287496583264
-0.9246965717933797,-8.689145510975,-0.017971997599289517,0.059089379940035935,0.038379350201469827,ruhig,34.768687233503826
-8.51536717359577,-4.778183842067916,-0.012717989600587575,0.055928692108191895,0.04373919947370913,bislang ruhig,26.22972389133091
-23.999555042372748,3.199398246677993,-0.03251565157866561,0.012321248367460333,0.014990124716163391,ruhig hier,8.811299716533155
-20.273119684193354,1.2790214117827423,-0.007713254352150403,0.09518060136805806,0.011288910219663113,thema hochwasser+schutz,13.003440764618288
-9.819612766445832,-4.106178112971714,-0.013681872992517233,0.05394408116965768,0.04262538012154767,sie sturmflutsaison,24.762533789152943
-7.845484010257529,-5.123338337001021,-0.012249111674688406,0.05688149047886344,0.04427443912847373,aktuelle,26.983298515169167
-7.845484010257529,-5.123338337001021,-0.012249111674688406,0.05688149047886344,0.04427443912847373,der aktuell+e,26.983298515169167
7.740656648721558,-13.154066374304183,-0.004494216190473588,0.07111333769959387,0.052308060878647374,aktuell+e sturm+flut+saison,44.516702126208074
-21.377996301568743,1.84858568212596,-0.042761829401830855,0.013558850697883588,0.009076033090446328,Niedersachsens,11.760412283087602
-21.377996301568743,1.84858568212596,-0.042761829401830855,0.013558850697883588,0.009076033090446328,sturm+flut+saison niedersachsen+s,11.760412283087602
-22.523237364976815,2.424895654034498,-0.17634701529951813,-0.06636775180554368,-0.13269849240523263,niedersachsen+s nordseeküste,10.478424404495415
-23.9033999226369,3.1475557818848285,-0.07973546977393776,-0.019039385352015256,-0.0317806326339172,nordseeküste angabe+n,8.920530454978458
-24.41841044761659,3.413598661923727,-0.0673289894352769,-0.015004623155979238,-0.019185825482604366,Küstenschützern,8.3408613296628
-24.41841044761659,3.413598661923727,-0.0673289894352769,-0.015004623155979238,-0.019185825482604366,angabe+n küste+n+schütze+ern,8.3408613296628
-24.92410137149516,3.6744518808984625,-0.05969230545149378,-0.013946079260240732,-0.0116842475501867,küste+n+schütze+ern bislang,7.771854724130503
-22.808532404047043,2.5851984162206545,-0.021214273374871376,-0.010983336671956723,0.005486931621988444,eher,10.151371201639938
-25.127200810737506,3.779156573450917,-0.057489617310802626,-0.014118141767920589,-0.009605622009050654,bislang eher,7.54335416035071
-25.241663414280325,3.8381543805552183,-0.05642309840284292,-0.01434426591089849,-0.008624851447227227,eher ruhig,7.414581353057366
-20.857203246437557,1.5799566691009037,-0.05285714324952711,0.009629507616819917,-0.0013066396384417145,verlaufen,12.346406054449822
-20.857203246437557,1.5799566691009037,-0.05285714324952711,0.009629507616819917,-0.0013066396384417145,ruhig verlauf+en,12.346406054449822
-25.77057930688207,4.110687048172188,-0.052854308809083476,-0.01647414758031583,-0.005592362321497377,entlang,6.819580641232844
-25.77057930688207,4.110687048172188,-0.052854308809083476,-0.01647414758031583,-0.005592362321497377,ort entlang,6.819580641232844
-25.941137326287084,4.198543201148608,-0.05211009080724577,-0.01751456224279782,-0.005069194993891354,entlang küste,6.627724764006367
-26.018699944734024,4.238492557612176,-0.051828904284579876,-0.018042274805122965,-0.004896345488030852,küste geb,6.540478590249654
-26.10357225463887,4.282204076433951,-0.0515602521818859,-0.018658484837163147,-0.0047519087588313545,geb seit,6.445011399501655
-26.16084090155939,4.311697346726315,-0.05140133694829847,-0.019097107553780218,-0.004680193926332423,seit oktober,6.380594473704887
-26.247236348103257,4.35618841110663,-0.05119469887630494,-0.019793602987015893,-0.004610338418097746,oktober zwei,6.283416276901044
-26.33753223210335,4.402684907521647,-0.05102009476213753,-0.02056634777223207,-0.0045855280379265735,vier,6.181852308241797
-26.33753223210335,4.402684907521647,-0.05102009476213753,-0.02056634777223207,-0.0045855280379265735,zwei vier,6.181852308241797
-26.384858677533842,4.427053638728731,-0.05094504181831993,-0.0209897251138991,-0.004591825555065484,Sturmflu…,6.128620566011292
-26.384858677533842,4.427053638728731,-0.05094504181831993,-0.0209897251138991,-0.004591825555065484,vier sturmflu…,6.128620566011292
-26.482613371789334,4.477385372144445,-0.05082498911900528,-0.02190446695476117,-0.00464611622561514,+2873,6.018669567062933
-26.482613371789334,4.477385372144445,-0.05082498911900528,-0.02190446695476117,-0.00464611622561514,sturmflu… +2873,6.018669567062933
-26.532585624273896,4.503113469778157,-0.050781480695842277,-0.02239317591040453,-0.004695078106729009,+2873 chars,5.962463255134956
-11.318138844883073,-3.3340733150749795,-0.014883164684036701,0.051424762227281734,0.04121348518276176,Winterzeit,23.076792381065303
-19.96191564711006,1.119390545364313,-0.025067155977424985,0.028471597550439303,0.028446218424577195,ruhig winter+zeit,13.35320723238742
7.740656648721558,-13.154066374304183,-0.004494216190473588,0.07111333769959387,0.052308060878647374,Sturmflutzeit,44.516702126208074
7.740656648721558,-13.154066374304183,-0.004494216190473588,0.07111333769959387,0.052308060878647374,winter+zeit sturm+flut+zeit,44.516702126208074
-12.780411299858791,-2.5870002151698763,-0.1326349701921456,-0.017376308185262382,-0.08322296739687811,sturm+flut+zeit nordseeküste,21.434765658944794
-17.674804475715963,-0.05919217401597976,-0.04252906022539312,0.03994251898305615,0.0013909530285075196,Inselstränden,15.926130843345627
-18.920869809548115,0.5761419454118091,0.004172996522618112,0.18422691980571834,-0.023027657074751785,Hochwassern,14.527432591230843
-18.920869809548115,0.5761419454118091,0.004172996522618112,0.18422691980571834,-0.023027657074751785,insel+strand+en hochwasser+n,14.527432591230843
-20.086504094956375,1.1825767169270716,-0.017126386917785896,0.09780154034162536,-0.0031198337742442232,hochwasser+n schon,13.21350557886134
-20.42382312155113,1.356687654240818,-0.01887457702389847,0.08878780964306053,-0.0008986965889281537,Abbruchkanten,12.833903673576092
-20.42382312155113,1.356687654240818,-0.01887457702389847,0.08878780964306053,-0.0008986965889281537,schon abbruch+kanten,12.833903673576092
-13.255821096629521,-2.3384318967366013,0.0012839334904034966,0.1370588636217279,0.009987680617310792,sehen,20.89826975292735
-21.121173723169022,1.7159980459366446,-0.017641006142091915,0.08845928800797688,-0.0007856373158477981,abbruch+kanten seh+en,12.049428276407415
-21.12381210216029,1.7172517507199139,-0.013574185855614554,0.0935915721190751,0.0017993172033434722,Küstenschützer,12.04650756938739
-20.89245831205996,1.5967479717929818,-0.003328938246892954,0.12395947270755635,-0.0016696950283203761,küste+n+schütze+er seh+en,12.307355790579697
-10.173161459241587,-3.9361967095297796,0.03335604058974846,0.23693175587368404,-0.00205254031751324,Sandverluste,24.370366752213872
-20.261530449747283,1.2629185124075057,0.02342965025574615,0.222290596155723,-0.02195105716154808,seh+en sand+verlust+e,13.021099156109278
-24.087474808710315,3.244994244003306,-0.022496593133972516,0.05079641303590787,0.004969729094514184,sand+verlust+e bislang,8.712254505384998
-23.795995227327825,3.0948181053876374,-0.02698167553132516,0.03262772502018157,0.011145894801627077,gelassen,9.04014915533346
-23.795995227327825,3.0948181053876374,-0.02698167553132516,0.03262772502018157,0.011145894801627077,bislang ge+lass+en,9.04014915533346
-19.96191564711006,1.119390545364313,-0.025067155977424985,0.028471597550439303,0.028446218424577195,link winter+zeit,13.35320723238742
-25.860380334133097,4.157421035071767,-0.019994959345517753,0.08443269558586283,-0.02232686378716042,bislan…,6.718331657965042
-25.860380334133097,4.157421035071767,-0.019994959345517753,0.08443269558586283,-0.02232686378716042,sand+verlust+e bislan…,6.718331657965042
-26.020177007294468,4.240301693629911,-0.026019448223238578,0.06124778780002371,-0.01766322343861283,+3046,6.538324345092299
-26.020177007294468,4.240301693629911,-0.026019448223238578,0.06124778780002371,-0.01766322343861283,bislan… +3046,6.538324345092299
-26.107824782979975,4.285580531887102,-0.02861561632267615,0.05117253132438922,-0.015745012514549014,+3046 char+s,6.4396735476593285
-21.69703949091092,2.0132614544966234,-0.02833098755034736,0.020648370197221887,0.02412969833852867,Historische,11.401374103301924
-19.448810589278338,0.8550459434630593,-0.024219701156848017,0.030470997445165546,0.029552000346070088,historisch+e katastrophe,13.930402440832912
7.740656648721558,-13.154066374304183,-0.004494216190473588,0.07111333769959387,0.052308060878647374,katastrophe sturm+flut,44.516702126208074
-19.715661642422752,0.9925244539664879,-0.024654601378159807,0.02944665905500163,0.028985345097611453,sturm+flut 200,13.63021970302075
-21.602473052734194,1.9636574975424033,-0.058126354245520456,0.003918804385941527,-0.007272047520765903,veränderte,11.508163435774351
-21.602473052734194,1.9636574975424033,-0.058126354245520456,0.003918804385941527,-0.007272047520765903,jahr+en veränder+t+e,11.508163435774351
-20.04766681342219,1.158041343238132,-0.11995841734427383,-0.025763743489222987,-0.0717630388402789,veränder+t+e nordseeküste,13.259294804904044
-6.961669395373633,-5.578992180820979,-0.016811562587174075,0.009146143465973214,0.00044790266678716717,nordseeküste der,27.977670595192137
-12.302121931768696,-2.827563231536182,0.026248436833710725,0.07344966958971183,0.029084713807407705,hinterlässt,21.970095438310352
-12.852566707913404,-2.5434749828001735,-0.016235101366744796,0.04853330204114114,0.0395957697217396,1825 hinterlass+st,21.350666053028625
-3.2844964005442776,-7.474951798025465,0.03492543640508956,0.10915052502104541,0.02656040981210843,verheerende,32.114831019314025
-15.760460055404799,-1.0452586007595102,-0.026087407126817414,0.037997583586627096,0.028681072037974886,hinterlass+st verheerend+e,18.07950773711739
-8.231551908656517,-4.924548771082499,-0.042170923046166084,0.03932271506396671,0.012683014671506353,Spuren,26.5490628442833
-17.330017582564416,-0.23794537997613485,-0.07062257156129764,0.009282837678750114,-0.018714450179257842,verheerend+e spur+en,16.314505958552488
-14.712308476255831,-1.595187889202153,-0.15845025995460718,-0.034829826848421536,-0.11079208575576799,spur+en nordseeküste,19.263156985044418
-19.60042467679779,0.9293572527024718,-0.10292048160239668,-0.014828526717466484,-0.05358493337719933,800,13.761605440165631
-19.88057610857352,1.074514969179134,-0.09288395630318846,-0.009993059996585486,-0.04310741215708007,800 mensch+en,13.446080226303549
-17.8980946475516,0.054824704143330294,0.008863446680779274,-0.00941425497884181,-0.02005669642906738,sterben,15.675430180320395
-17.223785656993854,-0.2944673127584503,0.07824931495280626,0.03204491915454728,-0.0372004566821056,mensch+en sterb+en,16.434830784130657
-20.66315809295031,1.4793523292292594,-0.07037217279444652,0.0020061152633577967,-0.008648786839034705,10.000,12.564981385879598
-20.66315809295031,1.4793523292292594,-0.07037217279444652,0.0020061152633577967,-0.008648786839034705,sterb+en 10.000,12.564981385879598
8.659360906721592,-13.628520943631493,0.05956845713275864,0.08130078772018501,0.0371687633628797,Häuser,45.55068834342676
-20.373974186397405,1.3309570633669399,-0.057454156454782565,0.010510344323646614,0.006257909443814998,10.000 haus+er,12.89001423322501
-19.646954156721275,0.9569428170009298,-0.03644597511559146,0.0252816453739009,0.03184751079420282,unbewohnbar,13.70759383952279
-19.646954156721275,0.9569428170009298,-0.03644597511559146,0.0252816453739009,0.03184751079420282,haus+er un+bewohn+bar,13.70759383952279
-13.570778378560586,-2.1764095064440223,0.0844287530582879,0.10000176476388915,0.02209309464277982,Noch,20.544089865519158
-18.23022291209992,0.2270318224541219,-0.029509193054494922,0.03424154282989929,0.04691673209585209,noch heute,15.30129624494655
-17.579410316089895,-0.10833030068212501,-0.029922614985086,0.03622272960239292,0.05083099068387641,prägt,16.033432541752163
-17.579410316089895,-0.10833030068212501,-0.029922614985086,0.03622272960239292,0.05083099068387641,heute präg+t,16.033432541752163
-16.16786902767653,-0.8357744343655504,-0.03183878841093686,0.04002453943424497,0.06087681490169829,präg+t katastrophe,17.62139274364402
-11.87721406975598,-3.0496931080895777,-0.05752528846588182,0.047947483880988906,0.12998252169150085,katastrophe küste+n+schutz,22.449544505880148
-26.179733809527715,4.317280834735523,-0.10464982479589159,-0.02540539161517344,0.0949786212498118,Boy-Peter,6.361230710168031
-26.323116540831172,4.392768277886612,-0.09252859262406733,-0.025790307384486358,0.07017008721015648,Andres…,6.199200291382992
-26.323116540831172,4.392768277886612,-0.09252859262406733,-0.025790307384486358,0.07017008721015648,boy-peter andres…,6.199200291382992
-26.426378934585976,4.446646747176635,-0.08587344056939684,-0.02618546010633202,0.05685978987932942,+6353,6.082730393853772
-26.426378934585976,4.446646747176635,-0.08587344056939684,-0.02618546010633202,0.05685978987932942,andres… +6353,6.082730393853772
-26.487242652731908,4.478283097559872,-0.08259990255381999,-0.026469798059053556,0.050398336583847944,+6353 chars,6.014136889880639
-14.135186559841603,-1.883617316986184,-0.002355157288053746,0.10321236858142444,0.024386259642864755,Große,19.908255449256032
-23.67265646620813,3.030899186431835,-0.0330838039183085,0.0089395192561397,0.017696377681295505,Halligflut,9.179069797888467
-23.67265646620813,3.030899186431835,-0.0330838039183085,0.0089395192561397,0.017696377681295505,groß+e halligflut,9.179069797888467
9.565293107214796,-14.094190456494857,-0.004813517417143792,0.07165557320228608,0.052294179944268826,Februar,46.569293375264444
-22.370363743505322,2.360109533228619,-0.029802016757829574,0.01706265498752175,0.02215631664042158,halligflut februar,10.64396547710073
1.331955863539175,-9.851976405417588,-0.009046873351179579,0.0657288136569579,0.04884871571594883,februar 1825,37.307317729701104
-12.507319527709516,-2.721359578692006,-0.015919019428087572,0.04921439520567936,0.039976567649848714,1825 sterb+en,21.739045266249715
7.740656648721558,-13.154066374304183,-0.004494216190473588,0.07111333769959387,0.052308060878647374,sterb+en sturm+flut,44.516702126208074
4.58223894885511,-11.526492765642704,-0.026879411193854858,0.0569382656198273,0.0288447133217741,hunderte,40.96359570578919
-14.299041270605265,-1.7991442023940376,-0.06369223951522891,0.019098875744440507,-0.01071214234621928,nordsee hundert+e,19.72392545958149
-23.398290207247655,2.8890469162622976,-0.04998795643729975,0.0006593726417278428,7.87423714513312e-05,Computermodelle,9.487939590638817
-23.398290207247655,2.8890469162622976,-0.04998795643729975,0.0006593726417278428,7.87423714513312e-05,mensch+en computer+modell+e,9.487939590638817
-20.073914511604983,1.1769221323493957,-0.03621204774526102,0.021719720140663527,0.01663326745395278,rekonstruieren,13.227298355669708
-24.203033954327555,3.3036822930235323,-0.04653506642417155,-0.0017857943359111672,0.0029964539334864267,computer+modell+e rekonstruier+en,8.582658137982824
-23.67265646620813,3.030899186431835,-0.0330838039183085,0.0089395192561397,0.017696377681295505,rekonstruier+en katastrophe,9.179069797888467
-22.370363743505322,2.360109533228619,-0.029802016757829574,0.01706265498752175,0.02215631664042158,katastrophe februar,10.64396547710073
23.044161891118964,-21.039977689019405,-0.08382199047336286,0.03056053636104107,-0.019995277971532225,Jahre,61.73254672275611
-23.57662036183722,2.9809399328049766,-0.0490249012448695,0.0002870164821888732,0.000945396740650542,200 jahr+e,9.287325616579043
-23.891398689790396,3.143129404560824,-0.047610423589954355,-0.0006090840942351433,0.002158848356335258,später,8.933220041334149
-23.891398689790396,3.143129404560824,-0.047610423589954355,-0.0006090840942351433,0.002158848356335258,jahr+e spät+er,8.933220041334149
-24.203033954327555,3.3036822930235323,-0.04653506642417155,-0.0017857943359111672,0.0029964539334864267,spät+er soll+en,8.582658137982824
-24.46904770317072,3.440718556912089,-0.045849062220429455,-0.0030129597554466384,0.0034485540941456005,Computer,8.283422233718603
-24.46904770317072,3.440718556912089,-0.045849062220429455,-0.0030129597554466384,0.0034485540941456005,soll+en computer,8.283422233718603
-24.87502239505956,3.6498333068523454,-0.045178307126383724,-0.005280092543652047,0.003705201187344683,computer katastrophe,7.82675601638914
-25.176824858446192,3.805271991659768,-0.04495369336685656,-0.007279960061774636,0.0035745450120348785,katastrophe rekonstruier+en,7.487277543460012
-21.287485378237697,1.8023040787404927,-0.029394422009735178,0.0252704711755055,0.020959737529218807,geht,11.862066047486632
-25.592839303876396,4.019507071547005,-0.04500445593459614,-0.010497144916422674,0.002961522801384904,doch geh+t,7.019341606732552
-25.85810285194132,4.156091953907289,-0.04524778642492319,-0.012844849129297849,0.002311287958700458,langer,6.720979631486186
-25.85810285194132,4.156091953907289,-0.04524778642492319,-0.012844849129297849,0.002311287958700458,geh+t lang+er,6.720979631486186
-25.953689815287017,4.2053061318791265,-0.045375198381800624,-0.013750918742836286,0.002027172870868999,Zeit,6.613467497957085
-25.953689815287017,4.2053061318791265,-0.045375198381800624,-0.013750918742836286,0.002027172870868999,lang+er zeit,6.613467497957085
-26.24387056245177,4.354499815880283,-0.0514024538254266,-0.019240905887634316,-0.000662908997039937,nacht februar,6.287181124312232
-19.80976777527619,1.0409144099996723,-0.03205175301835837,0.025617610885114852,0.02561117053055433,kamen,13.524402107033762
-26.350664852630715,4.409110812244613,-0.060665121466013334,-0.024505731336084344,-0.0035087419733147752,1825 komm+en,6.167235279966083
-26.430311551210412,4.449728302652224,-0.06909558715457853,-0.029144101584710744,-0.00607035606613265,Zutaten,6.077831249666057
-26.430311551210412,4.449728302652224,-0.06909558715457853,-0.029144101584710744,-0.00607035606613265,komm+en zutaten,6.077831249666057
-26.535895699086407,4.503307843915062,-0.08365184079047114,-0.03686088011336837,-0.01048680038881675,zutaten katastrophe,5.959434037331982
-26.598196649174582,4.5346460945770835,-0.0955179185196044,-0.04292805462198081,-0.014136672428842822,katastrophe zusammen,5.889699720628547
-26.642235727089172,4.556530652162772,-0.10685278945103215,-0.04857716709184033,-0.01771165584952489,Immer,5.8405290572159325
-26.705642137691903,4.5867791283866115,-0.1358191589880278,-0.06256655872855818,-0.02748767540034427,immer heftig+e,5.770312785736141
-26.71917211293274,4.592243315089284,-0.15121295174014365,-0.069837523095747,-0.03318603371014932,Nordwestwinde,5.755784201610782
-26.71917211293274,4.592243315089284,-0.15121295174014365,-0.069837523095747,-0.03318603371014932,heftig+e nordwest+wind+e,5.755784201610782
-26.69354006517971,4.5708722228795065,-0.21582152073901448,-0.0999986138706146,-0.06219812717373621,Monaten,5.788364704031826
-26.69354006517971,4.5708722228795065,-0.21582152073901448,-0.0999986138706146,-0.06219812717373621,nordwest+wind+e monat+en,5.788364704031826
-26.628900609173357,4.529344216747916,-0.2636625976168159,-0.12247014789077401,-0.08970847426568325,zuvor,5.864851731321933
-26.628900609173357,4.529344216747916,-0.2636625976168159,-0.12247014789077401,-0.08970847426568325,monat+en zuvor,5.864851731321933
-26.31423554158404,4.324855851936517,-0.41619467986041875,-0.19551140583296478,-0.20783493954791155,zuvor nordsee,6.238251977782339
-26.40095723334492,4.394721413118445,-0.3295981092891748,-0.10656761434393977,0.16012317543199397,nordsee deich+e,6.12910689961185
-26.858860502264466,4.656346778268507,-0.22055270211180414,-0.08937395026496384,0.03154974147375428,Mündungen,5.602242781093638
-26.858860502264466,4.656346778268507,-0.22055270211180414,-0.08937395026496384,0.03154974147375428,deich+e mündung+en,5.602242781093638
-27.023337233498523,4.746009254549524,-0.18194232288439627,-0.07915940280009315,0.00986474472361264,Elb…,5.414967131359036
-27.023337233498523,4.746009254549524,-0.18194232288439627,-0.07915940280009315,0.00986474472361264,mündung+en elb…,5.414967131359036
-27.07460746478785,4.773594290515874,-0.17102675239896448,-0.07603319345437362,0.005541661728210433,+4445,5.356756641418605
-27.07460746478785,4.773594290515874,-0.17102675239896448,-0.07603319345437362,0.005541661728210433,elb… +4445,5.356756641418605
-27.11962977704584,4.797692338282721,-0.16201292499189188,-0.07340300221616744,0.0024828640428937246,+4445 chars,5.305697186019202
-26.534453869193236,4.503820772257021,-0.06062140014093128,-0.025004110996514478,0.004868038457680343,meisten,5.960477633883556
-26.534453869193236,4.503820772257021,-0.06062140014093128,-0.025004110996514478,0.004868038457680343,der meist+en,5.960477633883556
-26.466915003220524,4.469029324307695,-0.06130673562561341,-0.024506152610036303,0.005551489540069284,halbnackt,6.036450745940596
-26.466915003220524,4.469029324307695,-0.06130673562561341,-0.024506152610036303,0.005551489540069284,meist+en halbnack+t,6.036450745940596
-26.31829709943025,4.3924592855966935,-0.06301987952722246,-0.02353190898986883,0.0071005846840695615,durchnässt,6.203633619190766
-26.31829709943025,4.3924592855966935,-0.06301987952722246,-0.02353190898986883,0.0071005846840695615,halbnack+t durchnäss+t,6.203633619190766
-25.99135452264256,4.222813542732444,-0.013635577178391978,-0.05922039201903659,0.009716979925158596,Angst,6.57197571474409
-26.088987711611153,4.274279554070647,-0.06627968723785391,-0.022363647496453865,0.009676476433476446,durchnäss+t angst,6.461604399959224
-8.120674789974085,-4.992623495606633,0.1886724852984964,-0.032260410972193884,0.016664828905314427,Kälte,26.67882618437246
-25.96220612611957,4.208917996636458,-0.06844819212092834,-0.02189831504413857,0.011245608985558622,angst kälte,6.60424242521487
-25.879358103560573,4.166196396905248,-0.07002438922859032,-0.021666387501098477,0.012347756571713785,zitternd,6.697456629213859
-25.879358103560573,4.166196396905248,-0.07002438922859032,-0.021666387501098477,0.012347756571713785,kälte zitter+nd,6.697456629213859
-10.157509559355358,-3.9321461676620686,-0.02417947551466044,0.041559314360726955,0.04406396100343684,Während,24.382454893701585
-25.727790588300955,4.088015632230507,-0.07327105516473989,-0.021395274748834597,0.014568072819663807,zitter+nd während,6.867999286367089
-21.266977435508174,1.790098171699574,-0.07961902942401371,0.0036262510685392824,0.03862712568577975,napoleonischen,11.885887398946998
-21.266977435508174,1.790098171699574,-0.07961902942401371,0.0036262510685392824,0.03862712568577975,während napoleonisch+en,11.885887398946998
-20.562854675621796,1.426251007757699,-0.09766465104327433,0.000982286400418482,0.05268009506069404,Besatzung,12.678459201214869
-20.562854675621796,1.426251007757699,-0.09766465104327433,0.000982286400418482,0.05268009506069404,napoleonisch+en besatzung,12.678459201214869
-18.955972148093316,0.586315447259989,-0.17695958216722865,-0.007982048280099664,0.16087955774732787,besatzung küste+n+schutz,14.491578536990914
-17.609705679114242,-0.11146465249147486,-0.229112091815375,-0.07153797849045256,-0.1316317350421453,küste+n+schutz nordsee,16.007971233593995
-17.44874621964211,-0.17887882437423652,-0.10982066062097706,-0.009299967781898143,-0.03499915400983801,vernachlässigt,16.181913444128604
-17.44874621964211,-0.17887882437423652,-0.10982066062097706,-0.009299967781898143,-0.03499915400983801,nordsee vernachlässig+t,16.181913444128604
7.393970340523783,-12.975529841977533,-0.009124681929200441,0.08081444163536376,0.03987285977008817,worden,44.12674426719994
-15.736519811283774,-1.057639296895724,-0.03100020434848322,0.03522092010836215,0.023501853029298067,vernachlässig+t werd+en,18.106460766845395
-14.041820205176204,-1.9307286933413668,-0.017382922077030752,0.04603530743435453,0.03820049899681992,Daher,20.012839368401647
-12.138491588371785,-2.911394226820354,-0.015589225510821907,0.0499217863451874,0.04037223794399293,weitete,22.15395136413556
-12.138491588371785,-2.911394226820354,-0.015589225510821907,0.0499217863451874,0.04037223794399293,daher weit+ete,22.15395136413556
7.740656648721558,-13.154066374304183,-0.004494216190473588,0.07111333769959387,0.052308060878647374,weit+ete sturm+flut,44.516702126208074
-10.859226153094312,-3.570524383414302,-0.014503706423003502,0.05222583008705921,0.04166218250043621,3./4,23.593038213269143
-10.859226153094312,-3.570524383414302,-0.014503706423003502,0.05222583008705921,0.04166218250043621,sturm+flut 3./4,23.593038213269143
-17.429924289212135,-0.1850910647547508,-0.021281391311333282,0.03729120893167642,0.03333256502574867,1825 katastrophe,16.201476931228964
-24.30986335445457,3.3590749376240754,-0.034955586055402846,0.004233912938729066,0.015118921027512907,katastrophe hundert+e,8.462319972132253
-22.087385090540177,2.214581802722816,-0.0209377754290069,0.04992450626016466,0.015337453503560344,Opfer,10.962166544688682
-24.750219590079354,3.585847303912732,-0.036378130619280205,0.0006239071327552997,0.013144324862751394,hundert+e opfer,7.967003452031686
-24.920207533925208,3.6733812862294077,-0.03695952865626807,-0.0008597378562142585,0.012333455365394628,fielen,7.775802087926841
-24.920207533925208,3.6733812862294077,-0.03695952865626807,-0.0008597378562142585,0.012333455365394628,opfer fall+en,7.775802087926841
-25.20743944467354,3.821264417752765,-0.03934375286283358,-0.0036133427315829317,0.013721884817341164,Konsequenzen,7.452736469837132
-25.20743944467354,3.821264417752765,-0.03934375286283358,-0.0036133427315829317,0.013721884817341164,der konsequenz+en,7.452736469837132
-25.442651847407554,3.9421122986333432,-0.04968929127304122,-0.00926948419998392,0.01586206730450561,wirken,7.188296053891625
-25.442651847407554,3.9421122986333432,-0.04968929127304122,-0.00926948419998392,0.01586206730450561,konsequenz+en wirk+en,7.188296053891625
-25.60045668578568,4.022906694810695,-0.06268007884270443,-0.015955855927695092,0.015039584126658312,wirk+en heute,7.0110121953083535
-24.30986335445457,3.3590749376240754,-0.034955586055402846,0.004233912938729066,0.015118921027512907,Hunderte…,8.462319972132253
-24.30986335445457,3.3590749376240754,-0.034955586055402846,0.004233912938729066,0.015118921027512907,katastrophe hunderte…,8.462319972132253
-24.689425943357378,3.554541291184073,-0.03617475257577156,0.0011417787518953962,0.013427449581673488,+6619,8.035384127397789
-24.689425943357378,3.554541291184073,-0.03617475257577156,0.0011417787518953962,0.013427449581673488,hunderte… +6619,8.035384127397789
-24.865489857217092,3.6452052067071055,-0.0367702941177299,-0.00037631882937909367,0.01259762202775792,+6619 char+s,7.837348015312777
-25.457493089255458,3.9498283392313027,-0.04757643794835324,-0.006682614531137485,0.02758871872531819,Finanzieller,7.17156722713505
-25.184924051902772,3.809404773191783,-0.048536557673538414,-0.004192386618897238,0.033196815137401456,Kraftakt,7.478180931366696
-25.184924051902772,3.809404773191783,-0.048536557673538414,-0.004192386618897238,0.033196815137401456,finanziell+er kraft+akt,7.478180931366696
-24.90704189058276,3.666193276446535,-0.050080666038669716,-0.0018505105226096427,0.0398963039625012,Länder,7.790794508405311
-24.90704189058276,3.666193276446535,-0.050080666038669716,-0.0018505105226096427,0.0398963039625012,kraft+akt land+er,7.790794508405311
-24.667425180203217,3.542643946605156,-0.05201225927086685,1.254495486763263e-05,0.04678462792699856,Milliardeninvestitionen,8.06038671425981
-24.667425180203217,3.542643946605156,-0.05201225927086685,1.254495486763263e-05,0.04678462792699856,land+er milliarde+n+investition+en,8.06038671425981
-23.1766295577249,2.7671438295799,-0.09963923088650839,0.007866752541081434,0.16274910714125268,milliarde+n+investition+en küste+n+schutz,9.740795871801096
-22.632526342457645,2.494598210870568,-0.04543580644704148,0.014393632136355729,0.05281904019428723,notwendig,10.34931622651432
-22.632526342457645,2.494598210870568,-0.04543580644704148,0.014393632136355729,0.05281904019428723,küste+n+schutz notwendig,10.34931622651432
-21.279593693749394,1.7982159577498456,-0.027482066076018708,0.022701222306708634,0.025260865269459244,notwendig jahr+e,11.87095380176549
-1.0227542482818919,-8.6387700191716,-0.008538111852963574,0.06646655265367246,0.0498450633583597,großen,34.658444320355215
-6.1156651868840015,-6.0146218386073205,-0.011111240871726952,0.05915720955029808,0.04555416482865346,jahr+e groß+en,28.929232014389818
7.740656648721558,-13.154066374304183,-0.004494216190473588,0.07111333769959387,0.052308060878647374,groß+en sturm+flut,44.516702126208074
67.86919688179569,-44.134666223239016,0.0033980852373231944,0.08035229028796173,0.05417209156395751,1962,112.15721119027545
14.898353178962633,-16.842047162940066,-0.0021115221350884086,0.074715608231324,0.05435200206821142,sturm+flut 1962,52.5686463285453
-14.693658435521677,-1.5962531391952481,-0.04222081588909581,0.042970372841678345,0.08838038121774544,1962 thema,19.280190735912626
-17.611270058200265,-0.09323449032796383,-0.04812867038066155,0.03493977978742271,0.08911113847780529,aktueller,15.998192261326478
-17.611270058200265,-0.09323449032796383,-0.04812867038066155,0.03493977978742271,0.08911113847780529,küste+n+schutz aktuell+er,15.998192261326478
-12.86278565296135,-2.539633616432031,-0.040741261989683,0.0469405967347178,0.0913312406248534,Allein,21.33981629274686
-19.429205949226308,0.826259261370045,-0.12591767434988954,0.02567682359620276,0.2461634461522961,allein deich+e,13.960987934912621
-20.5554716767083,1.4207433566303926,-0.07426629881891252,0.02285675646961694,0.1286920454355511,deich+e laut,12.687533033058092
-3.5859977742100817,-7.318463464692474,-0.051404094705725045,0.045457417211888465,0.048968032622017044,Schleswig-Holsteins,31.775145679778024
-20.831553771125876,1.5641571441211024,-0.06736129607851413,0.0220193344809513,0.112262314287427,laut schleswig-holstein+s,12.376427946556579
-21.53920276958197,1.9301771736132318,-0.08482961590239115,-0.0046109642247434066,0.006092432488495499,schleswig-holstein+s umwelt+minister,11.579740925034205
-25.466503205035494,3.9543874974691477,-0.049629333637036116,-0.0069437486977641585,0.031752283594968386,2040,7.161469088806516
-25.466503205035494,3.9543874974691477,-0.049629333637036116,-0.0069437486977641585,0.031752283594968386,umwelt+minister 2040,7.161469088806516
-25.385538853302567,3.9128111349152404,-0.04643450877366013,-0.005891762724991735,0.02617621414393228,Milliardenbeträge,7.252485026494719
-25.385538853302567,3.9128111349152404,-0.04643450877366013,-0.005891762724991735,0.02617621414393228,2040 milliarde+n+betrag+e,7.252485026494719
-25.018721613653955,3.724094740147498,-0.038451565372853186,-0.001844959221256666,0.014239522550589578,nötig,7.665000945429263
-25.018721613653955,3.724094740147498,-0.038451565372853186,-0.001844959221256666,0.014239522550589578,milliarde+n+betrag+e nötig,7.665000945429263
108.69052251688792,-65.16722722685576,0.016481195422983933,0.07605567341012265,0.05181518594621157,Zur,158.07833142546556
108.69052251688792,-65.16722722685576,0.016481195422983933,0.07605567341012265,0.05181518594621157,link zu,158.07833142546556
110.82881880241926,-66.26893973210176,0.015965142930212728,0.07579279346188227,0.05137883499173988,Merkliste,160.4837589461663
110.82881880241926,-66.26893973210176,0.015965142930212728,0.07579279346188227,0.05137883499173988,zu merk+liste,160.4837589461663
118.67269563665515,-70.31033799630407,0.013897833004639763,0.0748917160993502,0.049925850116000356,hinzufügen,169.30755090758902
82.17421268826479,-51.50503746742873,0.014876913900186497,0.07452612549331683,0.05504554188297514,merk+liste hin+zu+füg+en,128.24931736099717
-21.279593693749394,1.7982159577498456,-0.027482066076018708,0.022701222306708634,0.025260865269459244,hin+zu+füg+en jahr+e,11.87095380176549
-25.548426625198747,3.995797188776188,-0.06235358268634656,-0.00878256225178995,0.05723722976078403,Umw…,7.069674541844255
-25.548426625198747,3.995797188776188,-0.06235358268634656,-0.00878256225178995,0.05723722976078403,schleswig-holstein+s umw…,7.069674541844255
-25.655741981676567,4.0512245467805865,-0.06056391636193995,-0.009730509185449494,0.05197173369315494,+3466,6.948891416047635
-25.655741981676567,4.0512245467805865,-0.06056391636193995,-0.009730509185449494,0.05197173369315494,umw… +3466,6.948891416047635
-25.754510169869043,4.1022058361533125,-0.059148249570581055,-0.010643010102293793,0.047580997542128384,+3466 chars,6.837742497388792
27.709029232687673,-23.442685510450175,0.0002803483895247299,0.07981137602736202,0.05557447545397005,schweren,66.97981589074504
1.9423593214496755,-10.166504850706573,-0.0068470311711800475,0.06714934687444454,0.05006330948100048,nach schwer+en,37.993990903114664
41.20934552732423,-30.398615672527228,0.003950877016371991,0.08135016811941434,0.05811594543153617,schwer+en sturm+flut,82.16676685091389
-15.657700874193615,-1.0995820502053224,-0.07223524038332292,0.011821632136430178,-0.01999743569549114,Reparaturarbeiten,18.195744725895135
-18.840211749079927,0.5414989964804438,-0.02327192526504919,0.03269043802102313,0.03078078874656726,sturm+flut reparatur+arbeit+en,14.615021676160534
-13.694266551439597,-2.1098003856492262,-0.017037537422149557,0.04679094043890338,0.038622339784552956,Deich,20.403812598795447
-22.466504068032684,2.4096326839262003,-0.03002332297357043,0.01652016058315986,0.021858017357828094,reparatur+arbeit+en deich,10.535819852455571
-23.225368649328487,2.8002277438130765,-0.042912939737422766,0.005588094060592311,0.007690148938785404,Schönhagen,9.68233621859761
-23.225368649328487,2.8002277438130765,-0.042912939737422766,0.005588094060592311,0.007690148938785404,deich schönhage+n,9.68233621859761
-23.779951950046687,3.084491993263887,-0.07210379175759492,-0.014006116058218762,-0.023607143613591623,schreiten,9.059151399216798
-23.779951950046687,3.084491993263887,-0.07210379175759492,-0.014006116058218762,-0.023607143613591623,schönhage+n schreit+en,9.059151399216798
-24.083475613994818,3.2376101631399825,-0.11163403505900259,-0.030266351516054682,-0.07053023581448158,voran,8.719212292478119
-24.083475613994818,3.2376101631399825,-0.11163403505900259,-0.030266351516054682,-0.07053023581448158,schreit+en voran,8.719212292478119
-24.159676577444692,3.2708039766188017,-0.15774344142658234,-0.05103242726538258,-0.12274745867610481,voran der,8.636278800658985
-8.180383406166001,-5.058617980060491,-0.4515656204084009,-0.16166378932132075,-0.430399092991059,Ostseesturmflut,26.656027895048286
-21.017963561000627,1.621662682973036,-0.29029388428234654,-0.08395051928599592,-0.2756258325922629,der ost+see+sturm+flut,12.184437351050068
-18.861820805441727,0.5211161094375454,-0.25633699691740564,-0.04353571709789836,-0.24821431773346736,ost+see+sturm+flut 2023,14.605185801454482
-15.552228256171237,-1.153018405514766,-0.04133906328780779,0.06179572730237565,-0.007011035707088924,2023 schwer+e,18.313968860840234
-19.640427908051436,0.8755604378334123,0.1863599746024064,0.4470176123183803,-0.18999011166867494,schwer+e schaden,13.750622273227815
-15.547213541660259,-1.1564736532130713,-0.03872137780111275,0.0905173210126001,-0.02081013563137454,hinterlassen,18.320005451198163
-22.56972718046925,2.457925498981721,-0.0675605949287374,0.1081817312315122,-0.08756228327853331,schaden hinterlass+en,10.421935173202552
-18.19614201649028,0.2092446357931701,-0.03735142104920253,0.06301515226016953,-0.006371569466336702,Zum,15.339739356690805
-21.937632618473696,2.13647763191059,-0.04958795791784589,0.05473265587098678,-0.027511644434404143,Teil,11.13106399344546
-21.937632618473696,2.13647763191059,-0.04958795791784589,0.05473265587098678,-0.027511644434404143,zu teil,11.13106399344546
-0.5271683090992596,-8.894191385297663,0.020757666154553562,0.04475539476366379,0.05589062524845305,immer,35.21598385812772
-22.355150911487602,2.3518555421056364,-0.04855199898034123,0.04180608652129182,-0.019465562332889905,teil immer,10.661268678858903
-22.629053325910967,2.4930632171366165,-0.04764579301126938,0.035411908471195686,-0.015192014420042515,sichtbar,10.353110171067645
-22.629053325910967,2.4930632171366165,-0.04764579301126938,0.035411908471195686,-0.015192014420042515,immer sicht+bar,10.353110171067645
1.2005120156677656,-9.784254361901294,0.00038191997376118246,0.07148569782447498,0.03162033003489069,große,37.15945489165976
-23.91588975934185,3.1553034456427316,-0.06261451297157877,0.026590707754307327,-0.03592108541291862,ein groß+e,8.905871601575098
-23.999390802096332,3.1983781140061796,-0.061812214434208215,0.024447958366723168,-0.03384350336730321,Deichbaustelle,8.811915166607061
-23.999390802096332,3.1983781140061796,-0.061812214434208215,0.024447958366723168,-0.03384350336730321,groß+e deich+bau+stelle,8.811915166607061
-24.227353024778296,3.315484563037085,-0.067978265463634,0.014095920671349682,-0.037196802617096986,demnächst,8.555635020891154
-24.227353024778296,3.315484563037085,-0.067978265463634,0.014095920671349682,-0.037196802617096986,deich+bau+stelle demnächst,8.555635020891154
-26.426924922644638,4.440403467980277,-0.14079405118774074,-0.05784604911562423,-0.10880204716677588,abgeschlossen,6.085127168926076
-26.54720351189482,4.509544655301996,-0.07517117345673997,-0.021878715548717356,-0.03966530016004641,demnächst ab+ge+schließ+en,5.946526190995371
12.65489447102205,-15.686031615448243,-0.0148018245824005,0.07586343356436165,0.036870227604305666,merk+liste hinzu+füg+en,50.04486505216796
-4.121615478893798,-7.04273983131465,-0.07142824377523141,0.04792478777941166,0.01139065863222977,hinzu+füg+en der,31.172728816850572
-27.461162714999205,4.9798866920951985,-0.07995403222918238,-0.018766837737658915,-0.057491266606311445,abgesc…,4.918644781562301
-27.461162714999205,4.9798866920951985,-0.07995403222918238,-0.018766837737658915,-0.057491266606311445,demnächst abgesc…,4.918644781562301
-27.492594344375863,4.996137404975681,-0.07873584428628018,-0.02045221197342635,-0.05507779723236965,+1050,4.883260826182631
-27.492594344375863,4.996137404975681,-0.07873584428628018,-0.02045221197342635,-0.05507779723236965,abgesc… +1050,4.883260826182631
-27.512671980811028,5.006513789667439,-0.07798592889152357,-0.021471787231940986,-0.053613685945284276,+1050 char+s,4.860660435700024
-12.687828785727824,-2.628354241923038,-0.016083370857576947,0.048860627130449696,0.03977875668061232,Brutal,21.535984809393533
-19.158261454094383,0.7053572034896263,-0.0237598437718062,0.0315500980462108,0.030149267262471326,sturm+flut brutal,14.257243912199833
-14.794895971138416,-1.5427195513646694,-0.018161915703299204,0.04431894893008724,0.03724303109764892,wichtig,19.165683252394704
-14.794895971138416,-1.5427195513646694,-0.018161915703299204,0.04431894893008724,0.03724303109764892,brutal wichtig,19.165683252394704
-16.847739047643827,-0.48504255900853366,-0.020531910800027198,0.039000970522749444,0.034282497255551485,Grundschüler,16.85638914396762
-16.847739047643827,-0.48504255900853366,-0.020531910800027198,0.039000970522749444,0.034282497255551485,wichtig grund+schüler,16.85638914396762
-4.70885946472065,-6.739449917035852,-0.006899122908867221,0.058411479973194985,0.04647241061410655,informieren,30.511786441767654
-18.388199546804223,0.30862149246498305,-0.022604573879306235,0.034242270489970104,0.031640798492748264,grund+schüler informier+en,15.123496433217163
-20.033293670740633,1.1561631495760283,-0.025188828584935055,0.028183412135003486,0.02828692592890876,informier+en deich,13.272913798951697
-24.27092208777652,3.339020269387187,-0.03483518648639418,0.004538126634850773,0.015285425748490695,deich hier,8.506121861660061
-20.60063250181095,1.448441811375142,-0.026191401722970572,0.025798325025555086,0.026969441094225825,thema nach,12.63471365198135
-22.27018154634734,2.3085039597834784,-0.029574543921181376,0.017619444776193163,0.022462546352792313,sie brutal,10.756657879422269
-25.14551368794526,3.789395529297415,-0.03776059887286555,-0.0029116734618770124,0.011212592308626906,Fasziniert,7.52238165601485
-16.651455438324987,-0.58617172775004,-0.02028765824399764,0.039555376135207154,0.03459071601864518,schauen,17.077192912200864
-25.382432633959287,3.9113819881826006,-0.0386433819547438,-0.005183181101556911,0.009972571229233316,faszinier+t schau+en,7.255902784634635
-18.517726645730782,0.3753759546209814,-0.015947095579814396,0.05982339801467202,0.02509584414140421,Kinder,14.97777564186846
-25.603588254514104,4.025244385960148,-0.039508135357372506,-0.007418635044943958,0.00875300260315931,schau+en kind+er,7.007157567100999
-25.838398548638033,4.146127662818174,-0.04047332381302844,-0.009925699689147437,0.0073861255821132225,kind+er groß+en,6.743058499611834
-19.86226576696322,1.068052662458154,-0.024898877824079978,0.028869709140250253,0.028666309054818304,Bagger,13.465303865614576
-25.9353413663962,4.196031959070332,-0.04088701642251871,-0.011004104706031095,0.00679844150242501,groß+en bagger,6.634025059154941
-9.09321434453831,-4.480621519831912,-0.0008883890607041273,0.05172855945948201,0.059379581110889174,Boden,25.579761285280256
-26.13285621624333,4.297702640297377,-0.0417594741681621,-0.013285927025721012,0.005555469987469634,bagger boden,6.411879173290509
-26.19956862921951,4.332040820945254,-0.042063592172343005,-0.014083704729319746,0.005121061929637405,boden wenig+e,6.336848331259167
-26.273045947331486,4.36985977764225,-0.04240433899687207,-0.01497903130764941,0.004633634803092139,wenig+e meter,6.254209639811683
-26.425670014578113,4.448411304506891,-0.04313238458289026,-0.01689716665344629,0.0035897210675858784,entfernt,6.082557999160264
-26.425670014578113,4.448411304506891,-0.04313238458289026,-0.01689716665344629,0.0035897210675858784,meter entfern+t,6.082557999160264
-26.503428312758935,4.488428957031792,-0.04351431755228605,-0.01790622810777487,0.0030407398223256388,verdichtet,5.995106745470612
-26.503428312758935,4.488428957031792,-0.04351431755228605,-0.01790622810777487,0.0030407398223256388,entfern+t verdicht+et,5.995106745470612
-19.971847012906665,1.115332715387372,0.15064603153100534,-0.04401788524792882,-0.016946954263740457,Als,13.34626172950827
-26.735936294222405,4.608076268617567,-0.0447040021243754,-0.021061695100481448,0.001324794896536599,Füßen,5.733620549766138
-26.735936294222405,4.608076268617567,-0.0447040021243754,-0.021061695100481448,0.001324794896536599,als fuß+en,5.733620549766138
-26.794964116514127,4.638448822422714,-0.04501808815407057,-0.021897872027304824,0.0008702769791565333,vibrieren,5.667237207549782
-26.794964116514127,4.638448822422714,-0.04501808815407057,-0.021897872027304824,0.0008702769791565333,fuß+en vibrier+en,5.667237207549782
-26.856834562525727,4.670282705574396,-0.04535284821936616,-0.022790515297621675,0.0003851540079953218,beginnt,5.597657633356899
-26.856834562525727,4.670282705574396,-0.04535284821936616,-0.022790515297621675,0.0003851540079953218,vibrier+en beginn+t,5.597657633356899
-26.90947741887742,4.697367647110667,-0.04564228356395744,-0.023563485116899055,-3.485764558243051e-05,fangen,5.538455931923486
-26.90947741887742,4.697367647110667,-0.04564228356395744,-0.023563485116899055,-3.485764558243051e-05,beginn+t fang+en,5.538455931923486
-27.01736413279132,4.752872374792094,-0.04624918551436803,-0.025187851697128977,-0.0009172799098964637,kichern,5.417129023162346
-27.01736413279132,4.752872374792094,-0.04624918551436803,-0.025187851697128977,-0.0009172799098964637,fang+en kicher+n,5.417129023162346
-27.081576348222505,4.785905508185208,-0.046619508719354025,-0.02618138797087688,-0.0014568672879839463,Mädchen,5.344918495296678
-27.081576348222505,4.785905508185208,-0.046619508719354025,-0.02618138797087688,-0.0014568672879839463,der mädchen,5.344918495296678
-27.132713976093743,4.812211311265761,-0.046919481642889574,-0.026987497984159364,-0.0018945858519881856,+3824,5.287411723284062
-27.132713976093743,4.812211311265761,-0.046919481642889574,-0.026987497984159364,-0.0018945858519881856,mädchen +3824,5.287411723284062
-27.159472636103732,4.825975815680654,-0.04707827872563769,-0.027414706058455765,-0.0021265322165913807,+3824 chars,5.25732051263916
-20.40243860848691,1.3463380636978597,-0.02583378488591835,0.026651202821246528,0.027440383631827568,Ich,12.857661857890735
-20.40243860848691,1.3463380636978597,-0.02583378488591835,0.026651202821246528,0.027440383631827568,1962 ich,12.857661857890735
-21.124670564676897,1.7184066725695137,-0.027178157262090417,0.023433124407929898,0.02566441246413879,wusste,12.045225532763087
-21.124670564676897,1.7184066725695137,-0.027178157262090417,0.023433124407929898,0.02566441246413879,ich wiss+e,12.045225532763087
-23.25454775392779,2.815548273854687,-0.03195845879915868,0.011743637934422534,0.019234376861442897,Kraft,9.649378498865634
-23.25454775392779,2.815548273854687,-0.03195845879915868,0.011743637934422534,0.019234376861442897,wiss+e kraft,9.649378498865634
-23.617935492725454,3.0027152581753214,-0.03293220090543789,0.0093183889430511,0.017904086688066423,kraft wasser,9.240622275430573
-23.319716139585687,2.849114582761845,-0.032129003167241585,0.01131990661348474,0.019001866073686945,Jedes,9.576073651888068
-23.319716139585687,2.849114582761845,-0.032129003167241585,0.01131990661348474,0.019001866073686945,wasser jed+es,9.576073651888068
-22.895190454892152,2.6304497416373556,-0.031047985088450775,0.013998243072211841,0.02047216520446997,Frühjahr,10.053604543457798
-22.895190454892152,2.6304497416373556,-0.031047985088450775,0.013998243072211841,0.02047216520446997,jed+es frühjahr,10.053604543457798
-21.03025080581105,1.6577446899853463,0.17010942422897998,-0.07422500708746096,0.048238329958545254,treffen,12.156965764278555
-22.05647213122097,2.1984172628457452,-0.02909964003489732,0.01877917041522562,0.02310061585024259,frühjahr treff+en,10.997054760258363
-19.158261454094383,0.7053572034896263,-0.0237598437718062,0.0315500980462108,0.030149267262471326,treff+en hamburg,14.257243912199833
-9.819612766445832,-4.106178112971714,-0.013681872992517233,0.05394408116965768,0.04262538012154767,Sturmflut-Überlebenden,24.762533789152943
-9.819612766445832,-4.106178112971714,-0.013681872992517233,0.05394408116965768,0.04262538012154767,hamburg sturm+flut+-+überleb+ende+n,24.762533789152943
-18.489938366849145,0.36103773160362973,-0.022752216122176927,0.03389974427480176,0.03145091352766698,sturm+flut+-+überleb+ende+n 1962,15.009048932039201
-22.895190454892152,2.6304497416373556,-0.031047985088450775,0.013998243072211841,0.02047216520446997,erzählen,10.053604543457798
-22.895190454892152,2.6304497416373556,-0.031047985088450775,0.013998243072211841,0.02047216520446997,und erzähl+en,10.053604543457798
-23.925517217355566,3.1611318830190918,-0.03380238797431338,0.0071390802844165935,0.016709703025535323,erzähl+en nacht,8.89464253577544
-24.689425943357378,3.554541291184073,-0.03617475257577156,0.0011417787518953962,0.013427449581673488,Nachbarn,8.035384127397789
-24.689425943357378,3.554541291184073,-0.03617475257577156,0.0011417787518953962,0.013427449581673488,nacht nachbar+n,8.035384127397789
-24.97312510911311,3.700630086017434,-0.03714447237535426,-0.0013326782864005737,0.012075052277578172,Freunde,7.716281056330972
-24.97312510911311,3.700630086017434,-0.03714447237535426,-0.0013326782864005737,0.012075052277578172,nachbar+n freund+e,7.716281056330972
-25.191445375971302,3.8130457754966622,-0.0379283990835734,-0.0033426182952458403,0.01097727634241652,Geschwister,7.470718871572293
-25.191445375971302,3.8130457754966622,-0.0379283990835734,-0.0033426182952458403,0.01097727634241652,freund+e geschwister,7.470718871572293
-9.942840861702248,-4.042607954942273,-0.00877141486325253,0.039204686848662545,0.033521905990684144,letzten,24.62387871663787
-25.51555227953005,3.979919848692385,-0.039158967268633674,-0.006514782894858025,0.00924601588933387,geschwister letzt+en,7.106175762096805
-16.405179780597543,-0.7130581704150583,-0.019986899988556926,0.040236105533689906,0.03496929566332859,Mal,17.354234021835996
-25.653877116532723,4.051134563631384,-0.039710624155455176,-0.007943553078232524,0.00846673706343027,letzt+en mal,6.950595597035717
-25.71820665969156,4.084252640429426,-0.03997295006248995,-0.00862441417698595,0.008095487112286488,sahen,6.878241792139937
-25.71820665969156,4.084252640429426,-0.03997295006248995,-0.00862441417698595,0.008095487112286488,mal seh+en,6.878241792139937
4.476756267318724,-11.472414874735243,-0.007531611976228963,0.0755481133494594,0.04667682361217758,Auf,40.845054126502
-25.88082347360782,4.167967430640426,-0.04065323191980762,-0.01039439772728503,0.007130685597522914,auf zwei,6.695342267853404
-25.948621950491116,4.202868398551365,-0.040944415275953924,-0.011153912326875036,0.006716815539989405,Billardtischen,6.619088201307722
-25.948621950491116,4.202868398551365,-0.040944415275953924,-0.011153912326875036,0.006716815539989405,zwei billard+tisch+en,6.619088201307722
-26.129757268726397,4.296155583040048,-0.04139855111513278,-0.011925933750652241,0.005241077275151249,breitet,6.415342332728467
-26.129757268726397,4.296155583040048,-0.04139855111513278,-0.011925933750652241,0.005241077275151249,billard+tisch+en breit+et,6.415342332728467
30.561613003620263,-24.912624511627193,0.05265614160508107,0.04675847647302394,0.051844825765225463,Detlef,70.1888668061929
-26.212359399050936,4.338759489339674,-0.04113855876989668,-0.010485201851268652,0.004088006790704701,breit+et detlef,6.322400267393657
-26.279615085702037,4.373454003635621,-0.04086881801008556,-0.00908533695812775,0.0030784172468700174,Baade,6.246722949923406
-26.279615085702037,4.373454003635621,-0.04086881801008556,-0.00908533695812775,0.0030784172468700174,detlef baad+e,6.246722949923406
-26.333856763425526,4.401439645379385,-0.04060362368649095,-0.007771010416487069,0.0022082600064244964,Zeitungsmeldungen,6.185687127873767
-26.333856763425526,4.401439645379385,-0.04060362368649095,-0.007771010416487069,0.0022082600064244964,baad+e zeitung+s+meldung+en,6.185687127873767
-26.54432175727434,4.5100793980308564,-0.038935083889604635,-0.00020070397255680938,-0.0018735863413038081,vergilbtem,5.948835896456331
-26.54432175727434,4.5100793980308564,-0.038935083889604635,-0.00020070397255680938,-0.0018735863413038081,auf vergilbt+em,5.948835896456331
-26.616200998103153,4.547208343289628,-0.037962599928067914,0.003931815649802391,-0.003689651038189346,Papier,5.8679330906910545
-26.616200998103153,4.547208343289628,-0.037962599928067914,0.003931815649802391,-0.003689651038189346,vergilbt+em papier,5.8679330906910545
-14.23044802862945,-1.8340150519868903,-0.006986995919545769,0.08495979790651578,0.018701765622654232,stehen,19.800858625552983
-26.65811115125858,4.5688647841966965,-0.03722189713140418,0.007006267629780891,-0.004924028476887731,papier steh+en,5.820757903697435
-26.718001344948803,4.599822975129404,-0.03580914995523679,0.012753556837837285,-0.007039260385737229,Schlagzeilen,5.753338737501661
-26.718001344948803,4.599822975129404,-0.03580914995523679,0.012753556837837285,-0.007039260385737229,steh+en schlag+zeile+n,5.753338737501661
-26.78722278177765,4.6356142044480215,-0.033179685747164525,0.02319863874701295,-0.010455332110926096,schlag+zeile+n der,5.675410314018547
-26.82709707603768,4.6562106362619,-0.03041991803966698,0.03395973287797335,-0.013620023058041695,wasser geb+t,5.6305292314458875
-26.850236648081356,4.668095148681212,-0.02725453928387697,0.04615862501407523,-0.016946939494241576,geb+t opfer,5.604514338054064
-26.858661503500993,4.6723139733415895,-0.024388243799029652,0.057122518404911005,-0.01978466210472007,frei,5.5950911771877765
-26.858661503500993,4.6723139733415895,-0.024388243799029652,0.057122518404911005,-0.01978466210472007,opfer frei,5.5950911771877765
-26.855301761120565,4.670117329767748,-0.018875214221558474,0.0780762607495866,-0.024955698431560976,Abschied,5.599080720605181
-26.855301761120565,4.670117329767748,-0.018875214221558474,0.0780762607495866,-0.024955698431560976,frei abschied,5.599080720605181
-13.200409644138151,-2.381353976957742,0.04238566767428422,0.2708396159211661,-0.012580041560603706,Toten,20.967165115193417
-26.57941007493663,4.514205798746342,0.024029404654686712,0.2391160793429658,-0.060774971380039206,abschied tot+en,5.915718048002134
-26.980136408203794,4.734039889815028,-0.016333044842789593,0.08853657228744494,-0.029059696006522643,tot+en komm,5.458830740958433
-27.08381476307015,4.788212904583897,-0.024150254810576983,0.059476609556971996,-0.02313308393886949,Katast…,5.341858930110495
-27.08381476307015,4.788212904583897,-0.024150254810576983,0.059476609556971996,-0.02313308393886949,komm katast…,5.341858930110495
-27.14691590415856,4.820876579091317,-0.028021040386276883,0.04516038785216314,-0.020358362458547666,+377,5.270807319883289
-27.14691590415856,4.820876579091317,-0.028021040386276883,0.04516038785216314,-0.020358362458547666,katast… +377,5.270807319883289
-27.17744325331436,4.83662562993366,-0.029666984139771712,0.03909727434833144,-0.019232414326370028,+377 char+s,5.236457859590546
-24.82774264180056,3.6216848383606655,-0.0841902594275361,-0.003597722321820318,0.11256708675826681,Störsperrwerk,7.881663754018159
-24.82774264180056,3.6216848383606655,-0.0841902594275361,-0.003597722321820318,0.11256708675826681,küste+n+schutz stör+sperr+werk,7.881663754018159
-24.188365806920995,3.293319425586163,-0.07597475968433247,0.0020945756654243072,0.10252205506494902,stör+sperr+werk jahr+e,8.60043084427479
-23.8787500253072,3.13199468497496,-0.08638847577951714,0.003762620451370026,0.12779360825653338,jahr+e der,8.949547740728091
-17.97987153537192,0.08607592880601356,-0.10336545935740099,0.0313392839575319,0.205193852139973,der sperr+werk,15.588385039991069
-16.89458156938185,-0.4614431211537475,-0.03428818245147376,0.03790182085671903,0.0630415862069347,Störmündung,16.803936392686094
-16.89458156938185,-0.4614431211537475,-0.03428818245147376,0.03790182085671903,0.0630415862069347,sperr+werk stör+mündung,16.803936392686094
-14.999685804863123,-1.4372055860355797,-0.018381431498169523,0.04383234767019803,0.036971758781643424,schützt,18.935309604660134
-14.999685804863123,-1.4372055860355797,-0.018381431498169523,0.04383234767019803,0.036971758781643424,stör+mündung schütz+t,18.935309604660134
-11.318138844883073,-3.3340733150749795,-0.014883164684036701,0.051424762227281734,0.04121348518276176,Hinterland,23.076792381065303
-11.318138844883073,-3.3340733150749795,-0.014883164684036701,0.051424762227281734,0.04121348518276176,schütz+t hinterland,23.076792381065303
7.740656648721558,-13.154066374304183,-0.004494216190473588,0.07111333769959387,0.052308060878647374,hinterland sturm+flut+en,44.516702126208074
-16.765209822207098,-0.5275632014956919,-0.020428712192944634,0.03923538154293983,0.0344128050582327,Bestehens,16.949228076672174
-16.765209822207098,-0.5275632014956919,-0.020428712192944634,0.03923538154293983,0.0344128050582327,jahr+en besteh+ens,16.949228076672174
4.576674527788914,-11.524765665542251,0.05172932852543715,0.08075312440677054,0.03170783653882811,mehr,40.95785598438382
-18.922542397302397,0.5839156186570191,-0.02339672738792866,0.03239921352064726,0.030619472889127263,besteh+ens mehr,14.522406923838668
-19.584990219992633,0.9252042247277652,-0.024440097452226466,0.02995234651650186,0.029265050641689366,1000,13.77721289269753
-19.584990219992633,0.9252042247277652,-0.024440097452226466,0.02995234651650186,0.029265050641689366,mehr 1000,13.77721289269753
-19.902135162626845,1.0885927020979906,-0.024965984966494832,0.028711011680247096,0.02857857011541788,1000 mal,13.420454579274635
-24.720099484357075,3.5703368452924664,-0.036277074524456894,0.0008813040899834923,0.013285040177842234,mal ge+schließ+en,8.000882514466898
-24.720099484357075,3.5703368452924664,-0.036277074524456894,0.0008813040899834923,0.013285040177842234,geschlosse…,8.000882514466898
-24.720099484357075,3.5703368452924664,-0.036277074524456894,0.0008813040899834923,0.013285040177842234,mal geschlosse…,8.000882514466898
-25.073945338785116,3.752544389538934,-0.03750222902578446,-0.0022488883271178997,0.011574561798808586,+1562,7.602880160349697
-25.073945338785116,3.752544389538934,-0.03750222902578446,-0.0022488883271178997,0.011574561798808586,geschlosse… +1562,7.602880160349697
-25.213903772306093,3.824609507773781,-0.03801101899194932,-0.0035549455846048614,0.01086134656866504,+1562 char+s,7.445458292317873
-8.416898565310525,-4.828919354001636,-0.01264800487906707,0.056071443828706734,0.04381937019975586,Entgegen,26.340494604870763
-2.4278890111865046,-7.914740965846686,-0.008978437049748541,0.063269558358347,0.04787146832042195,Trend,33.077742229686656
-2.4278890111865046,-7.914740965846686,-0.008978437049748541,0.063269558358347,0.04787146832042195,entgegen trend,33.077742229686656
4.454346136482766,-11.4608018162358,-0.005771079524899153,0.06900732462230733,0.05111481316383244,Ruhige,40.819814600327206
-6.1156651868840015,-6.0146218386073205,-0.011111240871726952,0.05915720955029808,0.04555416482865346,trend ruhig+e,28.929232014389818
24.647367300114173,-21.865178862669254,0.0005119436395399392,0.07809387118370119,0.056270713116437866,ruhig+e sturm+flut+saison,63.535647094654934
43.27640447903933,-31.46310255372373,-0.03826117100611065,0.05720107132879596,0.013361071046911761,Nord-,84.49182651379999
-5.114216232539839,-6.530595515190553,-0.03570910977325791,0.04588924588316311,0.01963510972167303,sturm+flut+saison norden+-,30.055792752879288
32.91753712585876,-26.135462906889288,-0.167075991791609,-0.015404984836977442,-0.12130556455754668,norden+- ostsee,72.84325454902061
-15.14679848118223,-1.3631401683575692,-0.07839308722463055,0.009274047845097992,-0.026387892095039337,ostsee hier,18.770623126021103
-21.942251407237936,2.139578818412689,-0.02885139546607245,0.01938391933917609,0.023433467609977856,thema entgegen,11.125539385010184
-17.17719452982459,-0.3153012886851645,-0.020951313688947475,0.038045780437819976,0.03375168883552355,sie ruhig+e,16.48577770288453
-21.41090761066134,1.8657834189454139,-0.0325612712498084,0.01929634950472707,0.019826741138284337,sturm+flut+saison deutsch+en,11.723277194275047
-22.423075969424914,2.3853667583986553,-0.07616241163420738,-0.009706066186215459,-0.026829696620010068,deutsch+en norden+-,10.58554801747038
-22.8579243422735,2.595421487778599,-0.18607167336819436,-0.07326964982172195,-0.14321534452073797,Ostseeküsten,10.10280503235184
-22.8579243422735,2.595421487778599,-0.18607167336819436,-0.07326964982172195,-0.14321534452073797,norden+- ost+see+küste+n,10.10280503235184
-24.063022006624703,3.2292768054259158,-0.0861637971262132,-0.02360629224731818,-0.038721755638171054,ost+see+küste+n vergleichsweise,8.741207256563499
-24.67685781427985,3.5466039081425693,-0.06883493266888632,-0.017513372933484747,-0.02105657576770503,vergleichsweise ruhig,8.050198212914438
-25.234144908992917,3.8340971306634164,-0.059983289344895344,-0.0163295274097269,-0.012376219912842944,einzige,7.423123842003107
-25.234144908992917,3.8340971306634164,-0.059983289344895344,-0.0163295274097269,-0.012376219912842944,der einzig+e,7.423123842003107
-25.401943722056718,3.9206025146771943,-0.05812849007025604,-0.016533259991795682,-0.010638699697871446,Auffälligkeit,7.2343391623662185
-25.401943722056718,3.9206025146771943,-0.05812849007025604,-0.016533259991795682,-0.010638699697871446,einzig+e auffälligkeit,7.2343391623662185
-25.910550695512853,4.182694360051409,-0.05415528511339026,-0.018421661459976618,-0.007182004581883481,Sommersturmflut,6.662173925067843
-25.910550695512853,4.182694360051409,-0.05415528511339026,-0.018421661459976618,-0.007182004581883481,auffälligkeit sommer+sturm+flut,6.662173925067843
-26.15803417658846,4.310176493309434,-0.05295564217670987,-0.01996460123641508,-0.00631789500517407,23.,6.383786364424736
-26.15803417658846,4.310176493309434,-0.05295564217670987,-0.01996460123641508,-0.00631789500517407,sommer+sturm+flut 23.,6.383786364424736
-26.202130876073916,4.332888278094906,-0.05278508838954386,-0.020280051028443324,-0.0062129090312180064,August,6.334184563671981
-26.202130876073916,4.332888278094906,-0.05278508838954386,-0.020280051028443324,-0.0062129090312180064,23. august,6.334184563671981
-12.437756557190355,-2.757303546853466,-0.03528091593822288,0.03486724650697464,0.018577314218167933,vergangenen,21.817350205990532
-26.27563185748919,4.370742606914408,-0.05252816582266347,-0.020832748638558468,-0.006069210705004258,august vergeh+en+en,6.251508520784232
-26.391920565990162,4.430628360510879,-0.05218916640131802,-0.021775619632688384,-0.0059195148848459715,vergeh+en+en jahr+es,6.12070591812207
-26.48063968739825,4.476312345803096,-0.0519840492251911,-0.022551273993262427,-0.005867345086347047,+3027,6.020915744567986
-26.48063968739825,4.476312345803096,-0.0519840492251911,-0.022551273993262427,-0.005867345086347047,jahr+es +3027,6.020915744567986
-26.530718865501317,4.50209795087732,-0.05188805536713543,-0.02301066910844088,-0.005861003244948242,+3027 chars,5.964588032487037
-17.12983336912861,-0.34057583496407506,-0.0600647332608094,0.015738906404515578,-0.007515423651691295,Klimawissenschaftler,16.53946277471159
-22.626297139552975,2.4885747095687147,-0.09556658944078894,-0.021617609492016188,-0.047460817273734426,ostsee klima+wissenschaftler,10.357628797303743
-14.777704614432935,-1.5515770711132113,-0.018143642509892727,0.04435939772846339,0.037265584156703814,gehen,19.18502228068938
-14.777704614432935,-1.5515770711132113,-0.018143642509892727,0.04435939772846339,0.037265584156703814,klima+wissenschaftler geh+en,19.18502228068938
-13.176676012868747,-2.3764817356655445,-0.016538596933369905,0.04787651998021995,0.03922871462865492,geh+en davon,20.986065631821912
7.740656648721558,-13.154066374304183,-0.004494216190473588,0.07111333769959387,0.052308060878647374,davon sturm+flut+en,44.516702126208074
-3.8786762181876853,-7.167133583026574,-0.028960541320539837,0.05073438018050917,0.02677975054658939,sturm+flut+en norden+-,31.445661671860915
-13.065399940591156,-2.435650906068714,-0.08160608122613396,0.012011318130663397,-0.03010367944481186,stärker,21.112096579761186
-15.812044426201144,-1.0209038560735682,-0.0860463610922312,0.003695880362230425,-0.034607668916118856,ostsee stark+er,18.022508791905086
-5.397596269375448,-6.384576308167167,-0.02735082753280427,0.058440153891545235,0.023580425462301075,häufiger,29.73700213624305
-17.618723097733678,-0.08865493456710105,-0.05883652746412614,0.015335432211402322,-0.006358669409995157,stark+er häufig+er,15.989483406128027
-20.003782060687417,1.1406127000924071,-0.04428786887515103,0.01785316500196448,0.011648206314768032,doch vergeh+en+en,13.306273489658922
-20.6109257679094,1.4534046841619128,-0.045158158170670794,0.01691667303938864,0.01998757462060429,Saison,12.623292264779803
-20.6109257679094,1.4534046841619128,-0.045158158170670794,0.01691667303938864,0.01998757462060429,vergeh+en+en saison,12.623292264779803
-20.908805916667262,1.6068318471011631,-0.0464004198590777,0.01623711097628023,0.025148088554846654,saison geb,12.288220932492758
2.874374008172037,-10.648050885512525,0.002012904723889696,0.11599986533192305,0.04363133473062054,größere,39.0430473156992
-25.34771410470714,3.8924312406800285,-0.06813002696646431,-0.012222417091534314,0.04079759904028092,geb groß+er+e,7.295442266796785
-25.46008356184163,3.949724806245149,-0.07514451653635877,-0.013417170680653727,0.05675190923175971,Bewährungsprobe,7.169308962383987
-25.46008356184163,3.949724806245149,-0.07514451653635877,-0.013417170680653727,0.05675190923175971,groß+er+e bewährung+s+probe,7.169308962383987
-25.10312373140502,3.7500016189520116,-0.13932729891351223,-0.009167062268761468,0.2235955945277622,bewährung+s+probe küste+n+schutz,7.578081054782879
-23.561678438345485,2.973739966509923,-0.03277773912073609,0.00970405033344452,0.01811554859166863,hin+zu+füg+en klima+wissenschaftler,9.303902698252218
-25.341048501839865,3.8896778783568062,-0.04904514040146136,-0.010853681034034293,-0.0009608805496095045,+2958,7.302633729489869
-25.341048501839865,3.8896778783568062,-0.04904514040146136,-0.010853681034034293,-0.0009608805496095045,geb +2958,7.302633729489869
-25.45930034647702,3.9505862015574023,-0.048741862114408153,-0.011588640782339656,-0.000800179878971647,+2958 chars,7.1696176142911066
-20.011526126454115,1.1450676900027545,-0.021234874291795956,0.04316688641750947,0.024705113998975705,Klimaforscher,13.297343540901263
-19.158261454094383,0.7053572034896263,-0.0237598437718062,0.0315500980462108,0.030149267262471326,alarmiert,14.257243912199833
-19.158261454094383,0.7053572034896263,-0.0237598437718062,0.0315500980462108,0.030149267262471326,klima+forscher alarmier+t,14.257243912199833
-9.819612766445832,-4.106178112971714,-0.013681872992517233,0.05394408116965768,0.04262538012154767,alarmier+t sturm+flut+en,24.762533789152943
-20.41770546090131,1.3478445650000035,-0.12698524312536874,-0.03088115925138407,-0.07935160661503239,sturm+flut+en nordsee,12.843419859800942
-22.55850929026206,2.4559775609035555,-0.061294259968522065,-0.0018214819790880465,-0.011223274527621212,nordsee heftig+er,10.43281178133038
-18.547998732664247,0.3907397699387909,-0.030744114093351205,0.019387547104276502,0.011108902797818423,Wissenschaftler,14.943837245690638
-23.251408586765393,2.8133075707194983,-0.05315347642336448,0.002023540055997357,-0.004652136567056198,heftig+er wissenschaftler,9.653199114635598
-4.155099872692251,-7.024765907782141,-0.01583366840010832,0.0634150652200468,0.03736730945368366,warnen,31.134726738845576
-24.02952237660879,3.2147779140731396,-0.041457497015704003,0.024650404868528313,-0.005397221517453015,wissenschaftler warn+en,8.777615972362144
-24.36177200230663,3.3860205780084547,-0.03184741458814706,0.05338872876807319,-0.011133738506988396,steigender,8.403828368926165
-24.36177200230663,3.3860205780084547,-0.03184741458814706,0.05338872876807319,-0.011133738506988396,warn+en steig+end+er,8.403828368926165
-24.381488053632623,3.3918961736909545,-0.0118519247000979,0.1474754235829306,-0.04076161882846149,Hochwasser-Gefahr,8.3835970718554
-24.381488053632623,3.3918961736909545,-0.0118519247000979,0.1474754235829306,-0.04076161882846149,steig+end+er hochwasser+-+gefahr,8.3835970718554
-25.148886351741652,3.789593832740144,-0.07591260270045534,0.015242534778380938,-0.0539450301708289,hochwasser+-+gefahr norddeutschland,7.519295331968573
-25.40078655002037,3.910117401530535,-0.1514609218820908,-0.05141988512148024,-0.13033149199494554,wie hoch,7.240186981397392
-25.23688656955651,3.797719328677995,-0.2662033027102723,-0.12334935368524425,-0.25497202055638324,hoch nordsee,7.43738851531722
-25.61529483055355,4.017593066186949,-0.15871082883972193,-0.07652238785568369,-0.14590566017942852,nordsee steig+en,7.000281773177543
-11.314512822965515,-3.3359664527039588,-0.02022425030427073,0.05758890928032235,0.01609216751411067,viele,23.080884270998073
-25.99440906112892,4.221531165460635,-0.07975692919012817,-0.060370265958994876,-0.07743484614961113,steig+en viel+e,6.569855518603549
-26.06693863535028,4.25949902765506,-0.06652150354853356,-0.06158324511039061,-0.06891567641468214,viel+e mensch+en,6.4879906184871805
-26.197095636251632,4.327017759578734,-0.04049704008775046,-0.0682505668890011,-0.05598771019868801,betrifft,6.341364345619403
-26.197095636251632,4.327017759578734,-0.04049704008775046,-0.0682505668890011,-0.05598771019868801,mensch+en betreff+t,6.341364345619403
-26.357625963972442,4.407361266758085,0.02359933688451713,-0.10113848172726145,-0.04122542997608132,norddeutschland der,6.161869883877979
-26.365337447520375,4.410136702846871,0.03917539736771964,-0.11074903050236454,-0.039626629654512135,menschengemachte,6.153745742134529
-26.365337447520375,4.410136702846871,0.03917539736771964,-0.11074903050236454,-0.039626629654512135,der mensch+en+ge+mach+t+e,6.153745742134529
-13.340637638638142,-2.346960150243362,0.354263285267329,-0.21160203946059875,0.033754884100243736,Klimawandel,20.82685275518022
-26.12574748799952,4.256117686474823,0.22537555703638587,-0.23105149849553835,-0.03229765799789057,mensch+en+ge+mach+t+e klima+wandel,6.437298657172019
-26.66341210992564,4.564230954815166,0.041657643007932184,-0.10674537982930574,-0.029806523396285197,Treibgas-Ausstoß,5.818194686159778
-26.66341210992564,4.564230954815166,0.041657643007932184,-0.10674537982930574,-0.029806523396285197,klima+wandel treib+gas+-+ausstoß,5.818194686159778
0.3819760638231706,-9.362383323749075,0.012633070138102453,0.043520394096858386,0.04105632374937335,macht,36.238603243769234
-26.33074106053791,4.385285899833317,0.10221464506268246,-0.15126899836954305,-0.0358784431102962,treib+gas+-+ausstoß mach+t,6.195891269553879
-26.865154947945264,4.671017939466996,0.0066961534001688874,-0.08148084583169127,-0.026651560681005406,unserer,5.589940245781836
-26.865154947945264,4.671017939466996,0.0066961534001688874,-0.08148084583169127,-0.026651560681005406,mach+t unser+er,5.589940245781836
-26.920470006061514,4.6999495439330925,4.802335217512013e-05,-0.0766422556072599,-0.02576703120961475,Umwelt,5.527515901232461
-26.920470006061514,4.6999495439330925,4.802335217512013e-05,-0.0766422556072599,-0.02576703120961475,unser+er umwelt,5.527515901232461
-26.96517121617962,4.723263485236176,-0.004643777148210955,-0.07324155423848576,-0.025069358294731,extrem,5.477100005923235
-26.96517121617962,4.723263485236176,-0.004643777148210955,-0.07324155423848576,-0.025069358294731,umwelt extrem,5.477100005923235
-13.609165087490798,-2.1536579212650864,-0.003274704231772509,0.030975817870308894,0.03189167252495868,schaffen,20.499554650154074
-27.024268492392334,4.754014485953255,-0.010060381989340925,-0.06935066934657456,-0.024181276576083623,extrem schaff+en,5.410480386112455
-24.594905861722342,3.505717033883544,-0.012301453227340909,-0.004143682589307002,-0.0036457504970764977,stark,8.141773148145614
-27.099524263742055,4.793083161246205,-0.015891683689167223,-0.06524389924023181,-0.023120982220362078,wie stark,5.325687068901285
-27.221947716290803,4.856486202187687,-0.023439337438967273,-0.060183878230955945,-0.021594428824867628,Meere,5.187818512482538
-27.221947716290803,4.856486202187687,-0.023439337438967273,-0.060183878230955945,-0.021594428824867628,stark meer+e,5.187818512482538
-27.247642796380333,4.869775768094234,-0.024784013413967444,-0.059332198976806694,-0.021307443480309437,auswirkt,5.158889957816037
-27.247642796380333,4.869775768094234,-0.024784013413967444,-0.059332198976806694,-0.021307443480309437,meer+e aus+wirk+t,5.158889957816037
-27.312311047792914,4.9032010948525375,-0.027874282454221248,-0.05746038880423081,-0.020637938540741894,aus+wirk+t wissenschaftler,5.086093647808456
-27.386322333848078,4.941424226129749,-0.030972206978164416,-0.05574027491272361,-0.019964773297071105,Norddeutsc…,5.002794460449156
-27.386322333848078,4.941424226129749,-0.030972206978164416,-0.05574027491272361,-0.019964773297071105,wissenschaftler norddeutsc…,5.002794460449156
-27.430944256466542,4.964455770570364,-0.032650898409421855,-0.05489412054409892,-0.019606705375953108,+2389,4.952579004263054
-27.430944256466542,4.964455770570364,-0.032650898409421855,-0.05489412054409892,-0.019606705375953108,norddeutsc… +2389,4.952579004263054
-27.45071180756792,4.974655925916247,-0.033354781722642945,-0.05456103831541628,-0.01945947690840914,+2389 char+s,4.930334823636244
277.9881640552153,-152.39521272997104,0.02415910140158857,0.05837167980386999,0.04432712617384859,hochwasser sturm+flut,348.52625815286024
1.7700925039857047,-10.077759018479266,-0.006574782379878156,0.06833816624006375,0.049672938690693766,Portal,37.80020818113507
-9.225895433946931,-4.412087619984208,-0.013234348138035966,0.05486975910826068,0.04314472113525357,sturm+flut portal,25.430426434452514
4.335615206501711,-11.399663305668657,-0.00504590716156564,0.07185731116202498,0.0503763783217079,Bürger,40.68626661693085
-3.0622341962911683,-7.587915886304097,-0.008678377035019384,0.06505967454292214,0.04692951712464259,portal bürger,32.364153596787226
16.111987883568506,-17.467424103358187,0.00023100134591317635,0.07844818023990713,0.05371498975713912,besser,53.933931613358894
-4.379089429661274,-6.909416318209969,-0.009118156323648456,0.06478645109175538,0.04585764737512717,bürger gut+er,30.882779640429238
-1.6457929719133233,-8.317797262961589,-0.0065935191683006555,0.07152332296778273,0.04652918677248574,Naturgefahren,33.95758666096223
-12.367914704305736,-2.7931884515121936,-0.014805957857102287,0.05323360425942551,0.0392275798380155,gut+er natur+gefahr+en,21.89586647532468
-2.946947247649092,-7.647414360061195,-0.006499892285564518,0.07319958594232681,0.04509665133346395,vorbereiten,32.493887229693954
-12.194143796906342,-2.8827380987436424,-0.013529176050987388,0.057824537286535506,0.038393102027212495,natur+gefahr+en vor+bereit+en,22.091353511610148
-24.126493221959997,3.2648047955060493,-0.032551277127205125,0.012673375319683891,0.014146029784245236,vor+bereit+en hier,8.668501574544587
-22.165660554973698,2.2546629786048653,-0.02934054791005047,0.01819132746326222,0.022777151409393542,sie portal,10.87423107544191
-22.04736599949354,2.193721691530609,-0.027560054459761053,0.01772386594464136,0.0231123297262025,mit neu+en,11.007300494560814
-7.077861452297139,-5.518879514260195,-0.009650314397943876,0.06264727942913244,0.04360769952722184,Internetportal,27.846835186852093
-25.402213181532876,3.9215663590875307,-0.03871907435189559,-0.005378444489586166,0.009866013820807776,neu+en internet+portal,7.233654428316292
-25.670243396575355,4.0595603075355795,-0.03977700864643466,-0.008115764570109346,0.008372829777595264,internet+portal soll+en,6.932187806957381
-22.860976144432463,2.6128208682388134,-0.029707222422589365,0.013292492756656074,0.020573517922109062,soll+en mensch+en,10.092093617811503
-26.01304883446992,4.236032863712869,-0.04122541126717562,-0.011887932443733318,0.006316912893049417,mensch+en deutschland,6.5466266318151565
-10.133237397785333,-3.944556618767418,-0.006911509847048084,0.04837340642113384,0.042286253829257686,künftig,24.409715154136578
-26.155498009784974,4.309356931698618,-0.04186213870900744,-0.013555104048249209,0.005408887668661263,deutschland künftig,6.386414100092296
-6.43545939881751,-5.84985730911445,-0.00840043059329226,0.061295362619991536,0.04438401957669082,künftig gut+er,28.569487920903093
-23.6191973445974,3.0033596588717693,-0.031925016848794514,0.008574420987735497,0.01788878426305727,extreme,9.239205588285301
-23.6191973445974,3.0033596588717693,-0.031925016848794514,0.008574420987735497,0.01788878426305727,gut+er extrem+e,9.239205588285301
-26.434576142702333,4.452994855498456,-0.043175743427065115,-0.017011623021955274,0.0035274446232010787,Naturereignisse,6.0725416380007085
-26.434576142702333,4.452994855498456,-0.043175743427065115,-0.017011623021955274,0.0035274446232010787,extrem+e natur+ereignis+se,6.0725416380007085
-26.568313557323552,4.52182024593584,-0.04383897298812654,-0.01876547861586314,0.002573361283198114,natur+ereignis+se informier+en,5.922133859779752
-24.131543817959795,3.2672342806693724,-0.03356522850720456,0.0049926574808387275,0.015862310612943506,darauf,8.66290035072691
-26.687625224947844,4.583217092444684,-0.04445068070199741,-0.02038823409942714,0.0016909246645428547,informier+en darauf,5.787952122739797
-26.735936294222405,4.608076268617567,-0.0447040021243754,-0.021061695100481448,0.001324794896536599,darauf vor+bereit+en,5.733620549766138
-23.243091131963133,2.809687018766084,-0.03145478251810223,0.013622310194785082,0.01882842323923139,Naturgefahrenportal,9.662247051344227
-26.915160254902034,4.700291423816273,-0.0456737865475482,-0.023647683711326153,-8.060493052642129e-05,mit natur+gefahr+en+portal,5.532065092730321
-27.022458645716814,4.75549324389383,-0.04627831342366325,-0.025265933600781013,-0.0009596898954046772,natur+gefahr+en+portal lass+st,5.411399905299209
-27.076787177911186,4.783441843151106,-0.04659164733356533,-0.026106576498342998,-0.0014162410519070363,präzi…,5.350304179491708
-27.076787177911186,4.783441843151106,-0.04659164733356533,-0.026106576498342998,-0.0014162410519070363,lass+st präzi…,5.350304179491708
-27.114438556894427,4.802810351983695,-0.046811754839825734,-0.026697870862643122,-0.0017373260188731782,+2278,5.307963267542268
-27.114438556894427,4.802810351983695,-0.046811754839825734,-0.026697870862643122,-0.0017373260188731782,präzi… +2278,5.307963267542268
-27.14171936862913,4.81684367103528,-0.0469727814628258,-0.02713085247082196,-0.0019724202281073792,+2278 chars,5.277284773252051
-10.013549188222886,-4.007647984617261,0.0020935567588280836,0.11401689452514376,0.028138405322702214,vor+bereit+en hochwasser,24.54499766330115
4.107360560105757,-11.28500820627466,0.09779976389453879,-0.0044108949227922925,0.05430435319710269,Starkregen,40.43086439033554
-2.2171607322316085,-8.025717551268857,0.08356541481206789,-0.002487666404892813,0.047500236893128864,sturm+flut stark+reg+en,33.315912300853874
-8.182820188715173,-4.949667868787696,0.019039501913569745,0.03371408452652555,0.04378008341822842,stark+reg+en mensch+en,26.603887142231564
-3.1492688967481293,-7.543077670474382,0.006952897235289031,0.0639679871953187,0.04472479233764043,betroffenen,32.26624897072512
-11.243564851496195,-3.3725177185774626,0.004312879385183271,0.03775202484828466,0.04113844264290711,mensch+en betreff+en+en,23.160695833006297
-10.523644819732368,-3.743450519307178,0.0014997157915563643,0.05889713078409997,0.03837628707586859,Gebieten,23.970553774685914
-10.523644819732368,-3.743450519307178,0.0014997157915563643,0.05889713078409997,0.03837628707586859,betreff+en+en gebiet+en,23.970553774685914
-14.348502887208003,-1.7727130880270892,-0.006427776264397967,0.03720565856694655,0.03772448813974659,gebiet+en soll+en,19.667844055419202
-15.518893876843233,-1.1696920379404876,-0.009858235934593939,0.03597919136849281,0.036184410172232374,soll+en künftig,18.351239100385726
-16.64930704489251,-0.587277418384403,-0.012972553537898656,0.03426898085678039,0.034530557517977775,darüber,17.07961037549882
-16.64930704489251,-0.587277418384403,-0.012972553537898656,0.03426898085678039,0.034530557517977775,gut+er darüber,17.07961037549882
-17.146741459095026,-0.33099088282213973,-0.014297628272286277,0.03334684871118332,0.03374345703751174,darüber informier+en,16.520035960478616
-17.99249645910375,0.10476516557297533,-0.017735705767611507,0.03377309411335263,0.03204749363410092,Dabei,15.568623949015734
-18.05912225759939,0.13909278669746428,-0.018548349292823875,0.03421692577768762,0.031907116505233174,helfen,15.493674656533832
-18.05912225759939,0.13909278669746428,-0.018548349292823875,0.03421692577768762,0.031907116505233174,dabei helf+en,15.493674656533832
-21.426400891228568,1.8738769085202982,-0.02532623557905393,0.022921548193608053,0.02429450263677135,helf+en internet+portal,11.705796647068796
-9.289208942731637,-4.380710045668188,0.0014789765045903434,0.11073862593381348,0.029828789820540293,hin+zu+füg+en hochwasser,25.359764321462457
-25.928541639396645,4.192488622308574,-0.03724118799547767,-0.01356684033790631,0.006798196498425366,+2459,6.641693140069197
-25.928541639396645,4.192488622308574,-0.03724118799547767,-0.01356684033790631,0.006798196498425366,helf+en +2459,6.641693140069197
-26.00666993627119,4.232707805122452,-0.037759953897386234,-0.014323734309725444,0.006316729623060492,+2459 chars,6.553820614910515
-23.999555042372748,3.199398246677993,-0.03251565157866561,0.012321248367460333,0.014990124716163391,Neues,8.811299716533155
-23.999555042372748,3.199398246677993,-0.03251565157866561,0.012321248367460333,0.014990124716163391,natur+gefahr+en neu+es,8.811299716533155
-23.703933952496783,3.0471532526727163,-0.03145038267033845,0.015275068476543842,0.015952054976769235,neu+es portal,9.143820303978869
-21.494139130357176,1.9089238893925913,-0.023559315401235202,0.03822495553915894,0.020630168908045705,gut+er vor+bereit+en,11.629526668713648
-26.308163077688086,4.387898306101959,-0.03976776939913591,-0.0174596998518326,0.00436389480381379,Inter­netportal,6.214731127207838
-26.308163077688086,4.387898306101959,-0.03976776939913591,-0.0174596998518326,0.00436389480381379,neu+en inter­netportal,6.214731127207838
-26.456566594231894,4.464278908547168,-0.04076396172970605,-0.019136351554634362,0.003342666667327028,inter­netportal soll+en,6.047825580964452
-26.65541782804307,4.566613924867489,-0.042112898856554976,-0.02153165368745784,0.001905582334546494,Deutsch­land,5.824187475864245
-26.65541782804307,4.566613924867489,-0.042112898856554976,-0.02153165368745784,0.001905582334546494,mensch+en deutsch­land,5.824187475864245
-26.7460590446261,4.613256495190125,-0.0427347638717724,-0.02268329654170184,0.0012224769786361063,deutsch­land künftig,5.722249745646223
-26.91804777966024,4.701751223174904,-0.043929906199176735,-0.024978229235840088,-0.00012589930825183254,Natur­ereig­nisse,5.528829945336077
-26.91804777966024,4.701751223174904,-0.043929906199176735,-0.024978229235840088,-0.00012589930825183254,extrem+e natur­ereig­niss+e,5.528829945336077
-27.019974734871482,4.754191126381358,-0.04464921202215258,-0.026409828654500478,-0.0009593924049642183,infor­mieren,5.414204621206431
-27.019974734871482,4.754191126381358,-0.04464921202215258,-0.026409828654500478,-0.0009593924049642183,natur­ereig­niss+e infor­mier+en,5.414204621206431
-27.102893403837335,4.796848341639158,-0.045241358036749765,-0.02761591093027621,-0.001657573383706444,infor­mier+en darauf,5.320957171974671
-27.135033837993063,4.81338205960831,-0.04547271123978143,-0.028093756849392165,-0.0019332503888694376,vorbe­reiten,5.284813533796855
-27.135033837993063,4.81338205960831,-0.04547271123978143,-0.028093756849392165,-0.0019332503888694376,darauf vorbe­reit+en,5.284813533796855
-27.265273839788506,4.880375323842223,-0.04642164587039821,-0.03009171390619611,-0.0030806077230719174,Natur­gefah­renportal,5.138353960460149
-27.265273839788506,4.880375323842223,-0.04642164587039821,-0.03009171390619611,-0.0030806077230719174,mit natur­gefah­renportal,5.138353960460149
-27.3474261948668,4.922628780287301,-0.047030499069925465,-0.03140495848543655,-0.003830491577271642,lässt…,5.045972674590182
-27.3474261948668,4.922628780287301,-0.047030499069925465,-0.03140495848543655,-0.003830491577271642,natur­gefah­renportal lässt…,5.045972674590182
-27.375481062054497,4.937057437386081,-0.04724039828168228,-0.03186321221373137,-0.004091430904231499,+2658,5.01442502327229
-27.375481062054497,4.937057437386081,-0.04724039828168228,-0.03186321221373137,-0.004091430904231499,lässt… +2658,5.01442502327229
-27.3959371205274,4.947577746272836,-0.047394107760226414,-0.03220055847806573,-0.004283292385210694,+2658 char+s,4.991422344253087
-24.797632773988383,3.610370677438604,-0.035520673507167554,0.004094043891124791,0.011952401825572709,Deutscher,7.913623203262864
-24.47893281824666,3.44626255480343,-0.034293160276968965,0.007439242037683612,0.01324663400082613,deutsch+er wetter+dienst,8.272093005847015
-13.550777019460533,-2.183739826200659,-0.024218369426416884,0.04526279697852477,0.03292562121739899,wetter+dienst warn+t,20.56523288059301
-17.73246142504074,-0.02917366572111746,-0.01952726491348828,0.04456907143181454,0.030826990972053922,warn+t internet+portal,15.861124691379477
-21.760584652356748,2.0461824410190754,-0.02455704792485567,0.0351927580746407,0.020304696721725964,internet+portal natur+gefahr+en,11.329805501463117
-18.87667435699859,0.5598833837780601,-0.009607046946639742,0.08468797467403116,0.01811942584274371,natur+gefahr+en hochwasser,14.57418021896827
66.65558731574687,-43.509389953649446,0.052264681848469746,0.05553840156280059,0.04438210229942395,Regen,110.79200115539034
-18.840211749079927,0.5414989964804438,-0.02327192526504919,0.03269043802102313,0.03078078874656726,sturm+flut regen,14.615021676160534
-22.370363743505322,2.360109533228619,-0.029802016757829574,0.01706265498752175,0.02215631664042158,Wetterereignissen,10.64396547710073
-22.370363743505322,2.360109533228619,-0.029802016757829574,0.01706265498752175,0.02215631664042158,regen wetter+ereignis+sen,10.64396547710073
-23.953341809170357,3.1755988603555263,-0.03234781126868898,0.01278508854204817,0.015146025290554543,wetter+ereignis+sen warn+t,8.863281090084474
-24.920207533925208,3.6733812862294077,-0.03695952865626807,-0.0008597378562142585,0.012333455365394628,internet+portal deutsch+en,7.775802087926841
-25.62055360262558,4.033978692866621,-0.039576196641621486,-0.007595010425724427,0.008656811298675949,bürger find+en,6.988075913293522
-25.88082347360782,4.167967430640426,-0.04065323191980762,-0.01039439772728503,0.007130685597522914,Hinweise,6.695342267853404
-25.88082347360782,4.167967430640426,-0.04065323191980762,-0.01039439772728503,0.007130685597522914,find+en hinweis+e,6.695342267853404
-23.007840553838612,2.6884745332602273,-0.03132809419786618,0.013305970440312294,0.020091989118820142,schützen,9.926888802934993
-26.1666649606946,4.315104793124024,-0.04191298052954902,-0.013688458654745918,0.005336271966718924,hinweis+e schütz+en,6.373854725906523
-13.09903676941546,-2.4165228558326,-0.01090004784398584,0.02504793826491379,0.02259460308525519,DWD,21.073428364108157
-26.20499984524971,4.3349206416075265,-0.041482478199741095,-0.01183731868932298,0.004500756581422422,wetter+dienst dwd,6.330700947898555
-26.068375557627803,4.264602168213484,-0.040805335385764016,-0.00999239285785044,0.00532795210760794,dwd freitag,6.484358847708714
-25.915108012274324,4.18571282439013,-0.04006480958299663,-0.0079733568010402,0.006215501348102847,freitag natur+gefahr+en+portal,6.656737228779967
-25.560011590377844,4.0029214586334625,-0.0384173265801383,-0.0034719664248686333,0.008119668644910882,Internet,7.056118401987536
-25.560011590377844,4.0029214586334625,-0.0384173265801383,-0.0034719664248686333,0.008119668644910882,natur+gefahr+en+portal internet,7.056118401987536
-25.39198067317006,3.916417497207963,-0.037666541106970625,-0.0014140560382340725,0.008951937810088541,freigeschaltet,7.245108208592827
-25.39198067317006,3.916417497207963,-0.037666541106970625,-0.0014140560382340725,0.008951937810088541,internet frei+ge+schalt+et,7.245108208592827
-24.508207140890335,3.461379944675223,-0.03393737771393128,0.008914501100234694,0.012689560183828583,Bürgerinnen,8.239145565366846
-24.508207140890335,3.461379944675223,-0.03393737771393128,0.008914501100234694,0.012689560183828583,damit bürger+in+nen,8.239145565366846
-24.508207140890335,3.461379944675223,-0.03393737771393128,0.008914501100234694,0.012689560183828583,bürger+in+nen bürger,8.239145565366846
-23.467706123066527,2.925545750032425,-0.029777349577625692,0.020794925704373905,0.015877199597128668,jederzeit,9.409510806558849
-23.467706123066527,2.925545750032425,-0.029777349577625692,0.020794925704373905,0.015877199597128668,bürger jederzeit,9.409510806558849
-20.278400731863528,1.2796608810294705,-0.09128217151924355,-0.0007563899234018512,-0.0474759024555052,beispielsweise,12.998475143169044
-22.76114390835837,2.561632775100387,-0.026901211177835886,0.029345304264981942,0.01733312732121478,jederzeit beispielsweise,10.204281284920445
-19.875805423783902,1.0744345553605532,-0.008322763228685177,0.09188608305017651,0.013382137616714198,beispielsweise hochwasser,13.450335280109861
-20.19013068020847,1.2369622674461747,-0.025459583487108847,0.02754112513340495,0.02793198709337616,+2413,13.096487355259917
-20.19013068020847,1.2369622674461747,-0.025459583487108847,0.02754112513340495,0.02793198709337616,sturm+flut +2413,13.096487355259917
-21.279593693749394,1.7982159577498456,-0.027482066076018708,0.022701222306708634,0.025260865269459244,+2413 chars,11.87095380176549
-15.831661066423742,-1.00913495281449,-0.041215187460292166,0.04421690061180931,-0.019378511082276364,Wer,17.999672522372116
-24.538204329850807,3.476342537923639,-0.04570357380281535,-0.003365399078083843,0.0035284605560527253,Urlaub,8.205629579478174
-24.538204329850807,3.476342537923639,-0.04570357380281535,-0.003365399078083843,0.0035284605560527253,wer urlaub,8.205629579478174
-24.283169993460028,3.3449653632080474,-0.046306801338719596,-0.0021339964393257,0.0031572917191892147,urlaub mach+t,8.492513441286329
-23.985861926151195,3.1917981129638244,-0.04725191545784278,-0.0009357705262623278,0.0024493733969974014,übt,8.826956515043278
-23.985861926151195,3.1917981129638244,-0.04725191545784278,-0.0009357705262623278,0.0024493733969974014,mach+t üb+t,8.826956515043278
-23.335202523015553,2.8565364299784735,-0.05035884223993861,0.0007668458159686767,-0.0002611015779443761,Verzicht,9.558911332533103
-23.335202523015553,2.8565364299784735,-0.05035884223993861,0.0007668458159686767,-0.0002611015779443761,üb+t verzicht,9.558911332533103
-22.57328096861277,2.463821403627601,-0.05629750583929637,0.0009698453890539319,-0.005957462852665057,verzicht der,10.416087035074735
-22.176579820342884,2.2592718626532307,-0.060713790533097466,0.00015055273683987208,-0.010354516018359048,der hallige+n,10.862419571311449
-14.891427069592286,-1.5033144575334827,-0.1611065021697706,-0.03661673621964055,-0.11363093861047993,hallige+n nordsee,19.06185166204611
-9.819612766445832,-4.106178112971714,-0.013681872992517233,0.05394408116965768,0.04262538012154767,nordsee sturm+flut+en,24.762533789152943
1.71782644567838,-10.050849334153433,-0.006146709191896927,0.07000832024189373,0.049244965485420684,fast,37.741421268586784
-19.158261454094383,0.7053572034896263,-0.0237598437718062,0.0315500980462108,0.030149267262471326,sturm+flut+en fast,14.257243912199833
11.68306686211417,-15.185305893736224,-0.008210545026815445,0.07294622936834523,0.04655593441941075,komplett,48.95162409656418
-13.452426446111978,-2.2344050396550426,-0.016802172086544175,0.04730393586539317,0.038908835103920944,fast komplett,20.675865694974558
-15.595162200907243,-1.1304110381685533,-0.023923306443202973,0.039555165594778854,0.031000935082948503,komplett überspült,18.265448958414815
-16.47611847642449,-0.677669231003625,0.038957257455081676,-0.0024133408520647034,0.034424496874132675,Hooge,17.274974785682463
-19.158261454094383,0.7053572034896263,-0.0237598437718062,0.0315500980462108,0.030149267262471326,merkwürdigen,14.257243912199833
-19.158261454094383,0.7053572034896263,-0.0237598437718062,0.0315500980462108,0.030149267262471326,hooge merkwürdig+en,14.257243912199833
2.7676431426817096,-10.591733142183688,-0.009909248840363349,0.07201363763805294,0.04304865330110689,Orte,38.92238307029617
-20.02057075857481,1.1496085533650424,-0.025167070584906664,0.02823496709152452,0.0283154209185356,merkwürdig+en ort+e,13.287225852178208
-24.946885015048444,3.6871183405591186,-0.0370525247901037,-0.0010974891759762198,0.012203549242640527,Gespräch,7.745795568613238
-24.946885015048444,3.6871183405591186,-0.0370525247901037,-0.0010974891759762198,0.012203549242640527,ein gespräch,7.745795568613238
-25.25784711634444,3.8472355428891483,-0.03817378260690631,-0.00397351149521339,0.010632832194981411,Buchautor,7.39603213632375
-25.25784711634444,3.8472355428891483,-0.03817378260690631,-0.00397351149521339,0.010632832194981411,gespräch buch+autor,7.39603213632375
-25.459994006687925,3.9513155083776215,-0.038942004067988756,-0.005953990226063285,0.009551965812442532,Jan,7.16866506434666
-25.459994006687925,3.9513155083776215,-0.038942004067988756,-0.005953990226063285,0.009551965812442532,buch+autor jan,7.16866506434666
-25.533602575866816,3.989212988598048,-0.03923001608882849,-0.00669856468594518,0.009145760856460933,Keith,7.0858736974497525
-25.533602575866816,3.989212988598048,-0.03923001608882849,-0.00669856468594518,0.009145760856460933,jan keith,7.0858736974497525
-21.291419868452657,1.8000781514491164,0.027003235073090597,0.06478643923568149,0.16309197872120706,steigenden,11.859566560104946
-25.779642468495823,4.115880259061966,-0.04022701827761983,-0.009284728975334194,0.007735503886997144,keith steig+end+en,6.809143003654169
4.702796767302065,-11.592118658362146,0.07412416877187421,0.12336275419157941,0.08298393894652474,Meeresspiegel,41.10080733213445
-22.53892563404799,2.4471529383645354,-0.026470598474287992,0.030271333456767514,0.01814361652925092,steig+end+en meer+es+spiegel,10.454254215842266
-25.382432633959287,3.9113819881826006,-0.0386433819547438,-0.005183181101556911,0.009972571229233316,Frage,7.255902784634635
-25.382432633959287,3.9113819881826006,-0.0386433819547438,-0.005183181101556911,0.009972571229233316,meer+es+spiegel frage,7.255902784634635
-16.89972555216371,-0.4588412737545067,-0.03507695183668193,0.03783503015082373,0.06468343855679322,warum,16.798171795970486
-25.23603501883519,3.8360047229795966,-0.03809280805442446,-0.003765230272399722,0.010746539051268131,frage warum,7.42056571392824
-24.750219590079354,3.585847303912732,-0.036378130619280205,0.0006239071327552997,0.013144324862751394,Weltabgeschiedenheit,7.967003452031686
-24.750219590079354,3.585847303912732,-0.036378130619280205,0.0006239071327552997,0.013144324862751394,warum welt+abgeschiedenheit,7.967003452031686
-23.67265646620813,3.030899186431835,-0.0330838039183085,0.0089395192561397,0.017696377681295505,langweilig,9.179069797888467
-23.67265646620813,3.030899186431835,-0.0330838039183085,0.0089395192561397,0.017696377681295505,welt+abgeschiedenheit langweilig,9.179069797888467
-20.960539715313047,1.633853303434213,-0.026862413445604014,0.024191821876238463,0.026082876685659125,sie meer,12.229855270791823
-19.96191564711006,1.119390545364313,-0.025067155977424985,0.028471597550439303,0.028446218424577195,umflossen,13.35320723238742
-19.96191564711006,1.119390545364313,-0.025067155977424985,0.028471597550439303,0.028446218424577195,meer um+fließ+en,13.35320723238742
-9.819612766445832,-4.106178112971714,-0.013681872992517233,0.05394408116965768,0.04262538012154767,um+fließ+en sturm+flut,24.762533789152943
-21.124670564676897,1.7184066725695137,-0.027178157262090417,0.023433124407929898,0.02566441246413879,sturm+flut fast,12.045225532763087
-23.53077130659245,2.955110735814249,-0.08692854323442781,-0.02110713269938745,-0.03904454836594215,überspült hallige+n,9.339920269767223
-25.597486294217735,4.020703309685626,-0.06821864368954124,-0.023854675995513677,-0.02157166882422015,Kenner,7.014667277088247
-25.597486294217735,4.020703309685626,-0.06821864368954124,-0.023854675995513677,-0.02157166882422015,ein kenner,7.014667277088247
-25.714493416744382,4.081089177222312,-0.06596387996663625,-0.023523305478111822,-0.019360011401174913,verrät,6.882996578430619
-25.714493416744382,4.081089177222312,-0.06596387996663625,-0.023523305478111822,-0.019360011401174913,kenner verrat,6.882996578430619
-25.948218526611093,4.201648383252746,-0.06226775888859568,-0.023407679640669726,-0.01581354749970552,besonderen,6.62000972143416
-25.948218526611093,4.201648383252746,-0.06226775888859568,-0.023407679640669726,-0.01581354749970552,verrat besonder+en,6.62000972143416
-26.087162658689714,4.273285728310041,-0.060501651216804966,-0.023643425403120685,-0.014173037517658253,Reiz,6.463685048717552
-26.087162658689714,4.273285728310041,-0.060501651216804966,-0.023643425403120685,-0.014173037517658253,besonder+en reiz,6.463685048717552
-26.145510205221203,4.303362713855285,-0.059843352496848363,-0.023803916279065668,-0.013575122842430318,ausmacht.H…,6.398041596275954
-26.145510205221203,4.303362713855285,-0.059843352496848363,-0.023803916279065668,-0.013575122842430318,reiz ausmacht.h…,6.398041596275954
-26.285221486809682,4.375368014674672,-0.05844851935957161,-0.02432709789212567,-0.012342596143222261,+11382,6.240866528250893
-26.285221486809682,4.375368014674672,-0.05844851935957161,-0.02432709789212567,-0.012342596143222261,ausmacht.h… +11382,6.240866528250893
-26.354142007271392,4.410882434854267,-0.05784800815360774,-0.024654341974979677,-0.01183116496545961,+11382 char+s,6.163333901853677
-27.1051655830376,4.798040234727066,-0.04675731764033674,-0.02655157237039764,-0.001657886422670514,Business,5.318391176802654
-27.01736413279132,4.752872374792094,-0.04624918551436803,-0.025187851697128977,-0.0009172799098964637,Schweizer,5.417129023162346
-27.01736413279132,4.752872374792094,-0.04624918551436803,-0.025187851697128977,-0.0009172799098964637,wie schweizer,5.417129023162346
-26.964896919248375,4.72588002777113,-0.04595169041828529,-0.0243910061029394,-0.0004844371690101504,Financier,5.47613217257968
-26.964896919248375,4.72588002777113,-0.04595169041828529,-0.0243910061029394,-0.0004844371690101504,schweizer financier,5.47613217257968
-26.850812894284456,4.667184468998344,-0.04532001276101861,-0.022702893920601472,0.00043276941783905107,Fussball-Dreieck,5.604429579994642
-26.850812894284456,4.667184468998344,-0.04532001276101861,-0.022702893920601472,0.00043276941783905107,financier fussball+-+dreieck,5.604429579994642
-15.297063659813151,-1.2839878049312485,-0.01870637966982451,0.043109720859683745,0.036569049301034405,Biel,18.60078134291228
-26.680541324889695,4.579571901182099,-0.044413813778367256,-0.020290292900183873,0.0017441751961507213,fussball+-+dreieck biel,5.795918845459508
-26.63702946834625,4.557181468293445,-0.04418889797127453,-0.019693165968480045,0.0020688568924354944,Clermont,5.844853481529521
-26.63702946834625,4.557181468293445,-0.04418889797127453,-0.019693165968480045,0.0020688568924354944,biel clermont,5.844853481529521
-26.536342316138793,4.50536734169408,-0.04367831537747857,-0.0183400996357201,0.0028047296844164286,Lustenau,5.9580900933645236
-26.536342316138793,4.50536734169408,-0.04367831537747857,-0.0183400996357201,0.0028047296844164286,clermont lust+en+au,5.9580900933645236
-26.425670014578113,4.448411304506891,-0.04313238458289026,-0.01689716665344629,0.0035897210675858784,Trudeln,6.082557999160264
-26.425670014578113,4.448411304506891,-0.04313238458289026,-0.01689716665344629,0.0035897210675858784,lust+en+au trudel+n,6.082557999160264
-26.35183877369358,4.410413113890916,-0.04277670185125578,-0.015959194003797736,0.00410013943540297,gerät,6.165593390041227
-26.35183877369358,4.410413113890916,-0.04277670185125578,-0.015959194003797736,0.00410013943540297,trudel+n gerat,6.165593390041227
-21.17882579315326,1.7463050341352888,-0.027283732771803022,0.023179049217465508,0.02552430834094354,Ahmet,11.984306735485966
-26.29324009232565,4.380253516197949,-0.04249907681555209,-0.015228233066902255,0.004497984535384084,gerat ahm+et,6.231497737575931
-21.328534199138588,1.8234277230033813,-0.02757929061357791,0.022466739463603735,0.02513160738490249,Schaefer,11.815901100360408
-21.328534199138588,1.8234277230033813,-0.02757929061357791,0.022466739463603735,0.02513160738490249,ahm+et schaefer,11.815901100360408
-22.37023233579864,2.360041843122696,-0.0298017163043033,0.017063390963668067,0.02215672137426217,Unternehmen,10.644113294160938
-25.948621950491116,4.202868398551365,-0.040944415275953924,-0.011153912326875036,0.006716815539989405,schaefer unternehmen,6.619088201307722
-25.779642468495823,4.115880259061966,-0.04022701827761983,-0.009284728975334194,0.007735503886997144,Fussballklubs,6.809143003654169
-25.779642468495823,4.115880259061966,-0.04022701827761983,-0.009284728975334194,0.007735503886997144,unternehmen fussball+klub+s,6.809143003654169
-25.402213181532876,3.9215663590875307,-0.03871907435189559,-0.005378444489586166,0.009866013820807776,Nichts,7.233654428316292
-25.402213181532876,3.9215663590875307,-0.03871907435189559,-0.005378444489586166,0.009866013820807776,fussball+klub+s nichts,7.233654428316292
-25.168651543151483,3.801309257080436,-0.03784493149497532,-0.0031282080965232342,0.0110943506162215,Blühen,7.496356773376581
-25.168651543151483,3.801309257080436,-0.03784493149497532,-0.0031282080965232342,0.0110943506162215,nichts blüh+en,7.496356773376581
27.19385425266501,-23.17782273031891,0.006772198215948214,0.10017810542031322,0.05167554770728612,gebracht,66.40053965542963
-24.99893984151136,3.713922717879246,-0.03723539456314631,-0.0015653602829083235,0.011947934033913598,blüh+en ge+bring+t,7.687245023658743
-17.027468764205747,-0.39256660930666953,-0.03412841490193437,0.030798416329996844,0.019885590537580877,Erfolg,16.654266741513787
-24.385293300798935,3.39792080567647,-0.035191198391297626,0.003637988783654747,0.014792803744359396,fliessen,8.377475091199099
-24.385293300798935,3.39792080567647,-0.035191198391297626,0.003637988783654747,0.014792803744359396,erfolg fließ+en,8.377475091199099
-24.018045841939234,3.208786380359598,-0.03407305317412303,0.006458949706316823,0.0163371417700734,fließ+en million+en,8.790563415444343
-11.614507627600602,-3.185229121930087,0.09269650380453817,-0.02606751667078598,0.04031097166512285,Jetzt,22.74518227450215
-11.235060708044486,-3.3768786267713296,-0.014813673056177862,0.051571820026365,0.04129583889705329,jetzt droh+t,23.170249668911282
-14.11816669808022,-1.8913940243591867,-0.023008080789285918,0.042673664865932465,0.03225166379372709,Frankreich,19.92695682080734
-22.27018154634734,2.3085039597834784,-0.029574543921181376,0.017619444776193163,0.022462546352792313,droh+t frankreich,10.756657879422269
-19.96191564711006,1.119390545364313,-0.025067155977424985,0.028471597550439303,0.028446218424577195,Österreich,13.35320723238742
-19.96191564711006,1.119390545364313,-0.025067155977424985,0.028471597550439303,0.028446218424577195,frankreich österreich,13.35320723238742
-9.819612766445832,-4.106178112971714,-0.013681872992517233,0.05394408116965768,0.04262538012154767,österreich sturm+flut,24.762533789152943
-18.840211749079927,0.5414989964804438,-0.02327192526504919,0.03269043802102313,0.03078078874656726,Nur,14.615021676160534
-20.60063250181095,1.448441811375142,-0.026191401722970572,0.025798325025555086,0.026969441094225825,nur biel,12.63471365198135
-21.42615220699524,1.873715564334531,-0.0277750052838,0.021994228650123026,0.0248711789157444,scheint,11.706091641048928
-21.42615220699524,1.873715564334531,-0.0277750052838,0.021994228650123026,0.0248711789157444,biel schein+t,11.706091641048928
-19.99207843948721,1.1349298554194398,-0.02511845538323548,0.028350127261792684,0.028379073811854862,Sonne,13.31927697742964
-22.733244183161023,2.54703194949231,-0.030653394996114608,0.01497137419891776,0.02100675664096131,schein+t sonne,10.23577215147023
10.24010282335141,-14.444071744149305,0.0938848548994881,0.06182342019271227,0.06976140924758734,Was,47.32941571084826
-23.877512146346007,3.136407843057409,-0.03366362574885853,0.007487347351214313,0.016900510754356855,passiert,8.948640275649609
-23.877512146346007,3.136407843057409,-0.03366362574885853,0.007487347351214313,0.016900510754356855,was passier+t,8.948640275649609
-24.837423080721866,3.6307524874175026,-0.036674005276628244,-0.00013053129338112812,0.0127319487833658,aufgewachsen,7.868917324411097
-24.837423080721866,3.6307524874175026,-0.036674005276628244,-0.00013053129338112812,0.0127319487833658,schaefer auf+ge+wachs+en,7.868917324411097
-25.321444494302924,3.879980773204079,-0.03841197549110883,-0.0045867091063062915,0.010298108848149863,Zürcher,7.324499938921539
-25.321444494302924,3.879980773204079,-0.03841197549110883,-0.0045867091063062915,0.010298108848149863,auf+ge+wachs+en zürcher,7.324499938921539
-25.478753138842805,3.960973758500622,-0.03901497244848146,-0.0061425226625720294,0.009449103488360412,Goldküste,7.147565659205974
-25.478753138842805,3.960973758500622,-0.03901497244848146,-0.0061425226625720294,0.009449103488360412,zürcher gold+küste,7.147565659205974
-25.670243396575355,4.0595603075355795,-0.03977700864643466,-0.008115764570109346,0.008372829777595264,gold+küste heute,6.932187806957381
-25.921923674045992,4.189124903259194,-0.040829204578844536,-0.010853263878151477,0.006880633545434084,heute unternehmen,6.64911614171784
-26.121378153731282,4.291794551725079,-0.041707643185757017,-0.013150084323436603,0.005629447750825398,kleinen,6.42478849425467
-26.121378153731282,4.291794551725079,-0.041707643185757017,-0.013150084323436603,0.005629447750825398,unternehmen klein+en,6.42478849425467
-26.221021601875897,4.343082856988499,-0.04216244361907815,-0.014343282050534784,0.004979734091293257,Fussball,6.312720473648203
-26.221021601875897,4.343082856988499,-0.04216244361907815,-0.014343282050534784,0.004979734091293257,klein+en fussball,6.312720473648203
-13.13625680819419,-2.4060433757194293,0.03815511831972609,-0.10970864169079034,-0.0590648960320759,unterwegs,21.03557803458795
-26.313097397907615,4.390473784384006,-0.042592699877902616,-0.015474619606103232,0.004363874484612645,fussball unterwegs,6.209164718229482
-26.425670014578113,4.448411304506891,-0.04313238458289026,-0.01689716665344629,0.0035897210675858784,Alles,6.082557999160264
-26.478095325708004,4.475391739557956,-0.04338904489207887,-0.01757504697485797,0.003220905588857126,alle+s gut,6.0235975264196
-16.75272383735546,-0.5348858292985179,-0.014907167162104216,0.020588760457604473,0.0766779080950793,beim,16.963680255766242
-26.511747769336914,4.4927103916357805,-0.04355563751997756,-0.018015510457858805,0.002981292093240731,gut bei,5.985750275335864
-26.576164384742487,4.525860357764168,-0.04387863080434479,-0.018870534466203653,0.0025162235793118257,bei biel,5.913304503383588
-26.65172916452184,4.5647457410170995,-0.0442645882958782,-0.019894041145484778,0.0019596283693049665,der sonne,5.8283217654050254
-26.694662531608127,4.586838291498713,-0.0444873750309315,-0.020485734545653847,0.0016379148847302759,lacht,5.780037807649403
-26.694662531608127,4.586838291498713,-0.0444873750309315,-0.020485734545653847,0.0016379148847302759,sonne lach+t,5.780037807649403
-26.7625827885718,4.6217872769552075,-0.0448451575454957,-0.021437326317544275,0.0011206043302648058,lach+t erfolg,5.7036535379825235
-26.541810505999358,4.495154811813678,0.12106771601823338,-0.1365428593031744,0.0013943977230888652,Manchmal,5.957934347263059
-26.94309891618872,4.714665473872756,-0.04582940796626239,-0.02406380681582039,-0.00030668385675994975,einfach…,5.500645742843002
-26.94309891618872,4.714665473872756,-0.04582940796626239,-0.02406380681582039,-0.00030668385675994975,manchmal einfach…,5.500645742843002
-26.996714349924407,4.742248996376763,-0.046131560351027966,-0.02487265214414558,-0.0007460733224121767,+11370,5.440351125063513
-26.996714349924407,4.742248996376763,-0.046131560351027966,-0.02487265214414558,-0.0007460733224121767,einfach… +11370,5.440351125063513
-27.032567835055282,4.760693878155255,-0.046336240809522096,-0.02542125001241434,-0.0010440476339561612,+11370 char+s,5.400031465818801
-25.021438258238966,3.725269012712872,-0.04211098840175931,0.058438703350875865,-0.03221721898206714,Gewaltige,7.6620419166492315
-24.50652450929052,3.4558954346771986,-0.02288399256025349,0.1446438274974669,-0.055226684791739464,gewaltig+e schaden,8.243135772382907
-24.465957714088873,3.438734992637525,-0.05867490198593356,0.03706175916769196,-0.03942774658096217,schaden million+en,8.287074408801743
-23.78257770095845,3.0836214097665477,-0.10277031246312152,-0.018779956775616766,-0.0638331365952404,Damp,9.057220367669245
-23.78257770095845,3.0836214097665477,-0.10277031246312152,-0.018779956775616766,-0.0638331365952404,euro damp,9.057220367669245
-23.02582033133089,2.6809967696348824,-0.19076461136159306,-0.07438965572259502,-0.14970531131875955,damp ostseesturmflut,9.914360841933563
-21.904219821180448,2.119712829224804,-0.04130270685023435,0.012377162059856978,0.01031092522500296,ostseesturmflut oktober,11.168448644380682
-7.365336220145178,-5.370732710532115,-0.011923117096578381,0.05753886454028625,0.04464391358484959,richtete,27.523433401864395
-10.859226153094312,-3.570524383414302,-0.014503706423003502,0.05222583008705921,0.04166218250043621,2023 richt+ete,23.593038213269143
7.740656648721558,-13.154066374304183,-0.004494216190473588,0.07111333769959387,0.052308060878647374,richt+ete sturm+flut,44.516702126208074
-8.467912290158772,-4.802708594499807,-0.009891681085759923,0.06659296254759747,0.041251795711055236,sturm+flut groß+e,26.28313971888717
-6.1128676226051795,-6.023185391581416,0.017419732436975095,0.19303317364212558,0.004748764539958764,groß+e schaden,28.935621466369366
-14.876143046968274,-1.5106678484180875,-0.1576073004833422,-0.017966854359251258,-0.12013830380433968,schaden ost+see+küste,19.078803615008542
-18.99131387639092,0.618769489764853,-0.05282191013073729,0.022363318965803725,-0.004779971950508052,sie heute,14.445314174653795
-19.841724771289726,1.0570771611945835,-0.04705103978652716,0.021856626294789346,0.0018223093262023232,heute komplett,13.48859420024808
-20.355119966379732,1.321641395170003,-0.044485106320907394,0.021000007903888753,0.004753082291103966,behoben,12.91103992797544
-20.355119966379732,1.321641395170003,-0.044485106320907394,0.021000007903888753,0.004753082291103966,komplett beheb+en,12.91103992797544
-20.96728446262604,1.6370735432084427,-0.042143601378515985,0.019513349115875375,0.0074067155210444865,nun geb+t,12.222387109046204
-21.286903819162973,1.801754150688092,-0.041189724064508854,0.018549860426291188,0.008472974594283946,gute,11.862837164849191
-21.286903819162973,1.801754150688092,-0.041189724064508854,0.018549860426291188,0.008472974594283946,geb+t gut+e,11.862837164849191
-24.594268263950624,3.5046906299666976,0.0005441849617963575,0.05450600971271997,0.10786183485354689,Nachrichten,8.142787009865268
-25.444860100337007,3.94317528329639,-0.05010061855740723,-0.009123240770809206,-0.004165774726828223,gut+e nachricht+en,7.185848371155661
6.583930639840457,-12.55799471364907,-0.02088805746042384,0.0695925676571136,0.03949859800290352,besonders,43.215428393937515
-25.655556844467352,4.051793133381978,-0.04584783876334917,-0.010679909729155328,0.0014749462344695388,nachricht+en besonders,6.948801869894596
-25.49727082215996,3.970507641734681,-0.03908728973619593,-0.006329444436709297,0.009347125204582835,besonders betreff+en+en,7.12673785018738
-25.25784711634444,3.8472355428891483,-0.03817378260690631,-0.00397351149521339,0.010632832194981411,Jachthafen,7.39603213632375
-25.25784711634444,3.8472355428891483,-0.03817378260690631,-0.00397351149521339,0.010632832194981411,betreff+en+en jacht+hafen,7.39603213632375
-21.942251407237936,2.139578818412689,-0.02885139546607245,0.01938391933917609,0.023433467609977856,hin+zu+füg+en oktober,11.125539385010184
-25.444860100337007,3.94317528329639,-0.05010061855740723,-0.009123240770809206,-0.004165774726828223,Nachrich…,7.185848371155661
-25.444860100337007,3.94317528329639,-0.05010061855740723,-0.009123240770809206,-0.004165774726828223,gut+e nachrich…,7.185848371155661
-25.641256797994544,4.044329038607008,-0.04950207014122995,-0.01068602093877278,-0.0035972124610756766,+3124,6.964932931462395
-25.641256797994544,4.044329038607008,-0.04950207014122995,-0.01068602093877278,-0.0035972124610756766,nachrich… +3124,6.964932931462395
-25.737744891832442,4.094020815139974,-0.04927226454200218,-0.011508973104099263,-0.0033975850669390635,+3124 char+s,6.856400937827879
-22.72005183890733,2.526188235872266,0.22375050191106172,0.05301335234132938,-0.02557030512548399,Trump,10.257052472639035
-23.67265646620813,3.030899186431835,-0.0330838039183085,0.0089395192561397,0.017696377681295505,schickte,9.179069797888467
-23.67265646620813,3.030899186431835,-0.0330838039183085,0.0089395192561397,0.017696377681295505,trump schick+te,9.179069797888467
-14.668305457273696,-1.6091433867954716,-0.06121190128022471,0.004334072001546757,-0.015018550116584092,Meteorologen,19.30865022342463
-23.117879382805363,2.7451536522481996,-0.03160632769095793,0.012617132275248806,0.019713801075130113,schick+te meteorologe+n,9.803110673778402
-21.565084293890926,1.945285840142338,-0.028057747949997533,0.021310452023652834,0.024494407052947843,Rente,11.549808636576845
-21.565084293890926,1.945285840142338,-0.028057747949997533,0.021310452023652834,0.024494407052947843,meteorologe+n rente,11.549808636576845
-20.40243860848691,1.3463380636978597,-0.02583378488591835,0.026651202821246528,0.027440383631827568,Hätten,12.857661857890735
-20.40243860848691,1.3463380636978597,-0.02583378488591835,0.026651202821246528,0.027440383631827568,rente hab+en,12.857661857890735
-3.0307261373677896,-7.604352505031418,-0.0049099370998529485,0.07931294962677127,0.04358229314928886,Texas,32.39968854962171
-16.618048204201564,-0.6033838184890801,-0.020246492677571826,0.03964867600713835,0.03464259502800717,hab+en texas,17.11477346089817
-9.819612766445832,-4.106178112971714,-0.013681872992517233,0.05394408116965768,0.04262538012154767,texas sturm+flut,24.762533789152943
-12.238736529117325,-2.859730361180313,-0.024175125512873194,0.03866464053738215,0.026236598381284226,früher,22.041179766065678
-18.489938366849145,0.36103773160362973,-0.022752216122176927,0.03389974427480176,0.03145091352766698,sturm+flut früh+er,15.009048932039201
-19.944375156807553,1.1091067776269457,-0.0013696152825865542,0.0046469715722384924,0.08063439179959843,vorhersagen,13.373509289655967
-20.40243860848691,1.3463380636978597,-0.02583378488591835,0.026651202821246528,0.027440383631827568,früh+er vorher+sag+en,12.857661857890735
-23.50381069752501,2.943934873150037,-0.032620308561449346,0.010096756759943315,0.018330904107021043,Texas-Flut,9.36899499178768
-23.50381069752501,2.943934873150037,-0.032620308561449346,0.010096756759943315,0.018330904107021043,nach texas+-+flut,9.36899499178768
-24.0626628566038,3.2317649900649803,-0.03420510377019849,0.006126743174504665,0.016155197984766577,texas+-+flut steh+en,8.740376898863957
-24.347977298517563,3.378703404015779,-0.03507424013234425,0.00393390579139713,0.014954735184976838,Warnsysteme,8.419448732287384
-24.347977298517563,3.378703404015779,-0.03507424013234425,0.00393390579139713,0.014954735184976838,steh+en warn+system+e,8.419448732287384
-24.946885015048444,3.6871183405591186,-0.0370525247901037,-0.0010974891759762198,0.012203549242640527,Kritik,7.745795568613238
-24.946885015048444,3.6871183405591186,-0.0370525247901037,-0.0010974891759762198,0.012203549242640527,warn+system+e kritik,7.745795568613238
-25.14551368794526,3.789395529297415,-0.03776059887286555,-0.0029116734618770124,0.011212592308626906,Schlüsselstellen,7.52238165601485
-25.14551368794526,3.789395529297415,-0.03776059887286555,-0.0029116734618770124,0.011212592308626906,kritik schlüssel+stelle+n,7.52238165601485
-25.48906166114459,3.9663810312328796,-0.038229665484214505,-0.003098990372429722,0.00860198430280672,schlüssel+stelle+n bei,7.135924893061153
-25.572234626998224,4.009275234640336,-0.03793812387615865,-0.001585578710125518,0.007545796908582477,US-Wetterdienst,7.042342402792561
-25.572234626998224,4.009275234640336,-0.03793812387615865,-0.001585578710125518,0.007545796908582477,bei us+-+wetter+dienst,7.042342402792561
-25.87887983021808,4.16747517447125,-0.03603442216532696,0.007205685307561507,0.0027214356683647953,us+-+wetter+dienst wegen,6.697292861686103
-25.948217844301233,4.203262754413224,-0.03528599065020094,0.01041728519082244,0.0012946436076158377,Trumps,6.619263552662889
-25.948217844301233,4.203262754413224,-0.03528599065020094,0.01041728519082244,0.0012946436076158377,wegen trump+s,6.619263552662889
-26.022249342855332,4.2414799968185415,-0.034238473517659726,0.014797863644204684,-0.0004796784520875244,Frühpensionierungen,6.535949004114466
-26.022249342855332,4.2414799968185415,-0.034238473517659726,0.014797863644204684,-0.0004796784520875244,trump+s frühpensionierung+en,6.535949004114466
-26.193117243795598,4.329683907912651,-0.02959685639080567,0.03339846991198531,-0.0067472699484001745,unbesetzt,6.343655581153277
-26.193117243795598,4.329683907912651,-0.02959685639080567,0.03339846991198531,-0.0067472699484001745,frühpensionierung+en un+besetz+t,6.343655581153277
-20.685370564099873,1.4920618865643602,-0.01472607137262567,0.06960760164597407,0.01601878592319884,Video,12.53940094976195
-26.240122273068057,4.351495569934183,-0.006777083708434016,0.12043359660997909,-0.028677142053149685,oben,6.291867504978687
-26.240122273068057,4.351495569934183,-0.006777083708434016,0.12043359660997909,-0.028677142053149685,video oben,6.291867504978687
-11.470792867690772,-3.3009001434290592,0.20489052634850347,0.3634300543594692,-0.049995034170994185,Tote,22.925856271538432
-26.059418898570833,4.250075655595468,0.01784708048695103,0.2128029518977391,-0.04910717318040396,oben tot+e,6.498940326415328
-23.253332489152513,2.8117223579534425,0.002845406657079892,0.1439883430377285,-0.012866549750553288,Sturzflut,9.652191019948392
-26.417984196587433,4.44424070537168,-0.013102240525274405,0.09740592411255927,-0.02485930061730186,tot+e sturz+flut,6.091283167073233
-26.598914108591245,4.538559397060681,-0.024081072534231925,0.05670728545407614,-0.01672980600485002,sturz+flut texas,5.887253528288571
-26.678563700065776,4.579701473215476,-0.027672013060932962,0.04351422188646554,-0.014319128211889114,texas viel+e,5.797607868856589
-22.150171057995244,2.2468971585824242,-0.019460385100144934,0.05573150410675585,0.013651263441141351,viel+e kind+er,10.891551537137737
-22.966325244382197,2.6674187339297797,-0.023883316295343293,0.04150368140997978,0.013354983499965993,vermisst,9.97343318313847
-26.87109809947091,4.67878257445606,-0.03406941673175183,0.020330742108030295,-0.010708912796265905,kind+er vermiss+t,5.581078593257964
-26.928564887636345,4.708311055765462,-0.035534381236923235,0.01511103502902543,-0.010075351234046657,/li,5.5164701849161375
-26.928564887636345,4.708311055765462,-0.035534381236923235,0.01511103502902543,-0.010075351234046657,vermiss+t /li,5.5164701849161375
-26.958652561022078,4.723767595028887,-0.036242451360850955,0.012604252520331219,-0.009804437329792966,/ul,5.482645005100753
-26.958652561022078,4.723767595028887,-0.036242451360850955,0.012604252520331219,-0.009804437329792966,/li /ul,5.482645005100753
-26.98189234025384,4.735705039184399,-0.03676488234445387,0.010762058207540656,-0.009620812649568235,/ul nach,5.456518912167267
-27.031770011433387,4.7613227711460215,-0.03782178226991684,0.007055842333843508,-0.00929508132771761,nach verheerend+en,5.400447752679598
-26.417984196587433,4.44424070537168,-0.013102240525274405,0.09740592411255927,-0.02485930061730186,verheerend+en sturz+flut,6.091283167073233
-27.1605314243293,4.827446940231871,-0.04022177252602238,-0.0012446331043760375,-0.008814612685128686,texanischen,5.255701574558183
-27.1605314243293,4.827446940231871,-0.04022177252602238,-0.0012446331043760375,-0.008814612685128686,sturz+flut texanisch+en,5.255701574558183
-27.21374487187994,4.854772551562373,-0.04110522726434727,-0.004254881764178889,-0.008740607436227388,Hill,5.195882763974392
-27.21374487187994,4.854772551562373,-0.04110522726434727,-0.004254881764178889,-0.008740607436227388,texanisch+en hill,5.195882763974392
-27.234941504683015,4.86565713631585,-0.041442881729555875,-0.005398439403521263,-0.008728348147419556,Country,5.172055034149096
-27.234941504683015,4.86565713631585,-0.041442881729555875,-0.005398439403521263,-0.008728348147419556,hill country,5.172055034149096
-26.349987347820157,4.387221853887331,0.20905965076617913,0.19746607337228778,-0.07941923888693737,mindestens,6.177838571741286
-27.303186132440732,4.900701015610505,-0.042482126794953966,-0.008893035669490963,-0.008749015372466657,country mindestens,5.095339353316883
-26.454517212463912,4.443297796643689,0.1987687627956275,0.18731125148470812,-0.07702246141927528,mindestens mensch+en,6.059235017148644
-10.404343645016603,-3.806419880138204,0.057674083985157804,0.08092245133648812,0.013674083919053809,ums,24.105447257216433
-12.285895335592166,-2.8371845102544917,0.06143801976311332,0.0808351516169889,0.00894404390757475,mensch+en um,21.988928678810723
-9.113477936751718,-4.4711303808652865,0.05692780183226563,0.0731861693341908,0.04367254732696092,Leben,25.5574006071595
-9.50080732408917,-4.271755247279222,0.05315916066056518,0.0796808285124656,0.01554055957112777,um leben,25.12177129874276
-27.431284950216853,4.966480423332728,-0.044272580900060664,-0.014821287863151983,-0.009003215107649235,+4079,4.951339748052679
-27.431284950216853,4.966480423332728,-0.044272580900060664,-0.014821287863151983,-0.009003215107649235,leben +4079,4.951339748052679
-27.450795945689165,4.976499449380819,-0.0445304334012225,-0.015665177041128103,-0.009063594544415864,+4079 chars,4.929406849515463
-17.00714531241574,-0.4054993806306886,0.004675634676840155,0.13495821716061804,0.011011203614121064,Zahl,16.67823926713608
-15.835854014235187,-1.0185635444243832,0.031817959818649016,0.23540008897033105,-0.009601714475423555,zahl tot+en,18.00022903613508
-14.314172847138408,-1.7904117871443486,0.003975425862963835,0.0530282811584818,0.03302756833439154,100,19.706465718260993
-23.760663730650904,3.076653889769787,-0.024133161933786652,0.04333702960535954,0.008710786954221183,tot+en 100,9.07987473127301
-21.17923200752918,1.74666355336233,-0.018664363363827992,0.05596181697787454,0.0175212399906235,gestiegen,11.983776449774187
-23.587137541907737,2.9872302193589517,-0.02625533759063424,0.03462885884284979,0.011818894181135298,100 ge+steig+en,9.275088471576865
-22.879911422479886,2.6226618739731204,-0.02992507732344657,0.018223445850634092,0.01950288145565114,ge+steig+en heftig+e,10.070753066818268
-7.532657851249489,-5.286026815148496,0.047461663976038106,0.008341857440435203,0.07556842182564857,Regenfälle,27.335904915318697
-12.975931967947467,-2.4799125465436695,-0.016349833277334743,0.04828533618962553,0.039457171986800585,heftig+e regen+fall+e,21.21188870048891
-20.60063250181095,1.448441811375142,-0.026191401722970572,0.025798325025555086,0.026969441094225825,regen+fall+e erwart+et,12.63471365198135
-18.101488179400185,0.16090604434151512,-0.02219617960027681,0.03518734186839762,0.03216489355972479,erwart+et nach,15.446022576623557
-19.448810589278338,0.8550459434630593,-0.024219701156848017,0.030470997445165546,0.029552000346070088,sturm+flut texas,13.930402440832912
-20.78623305224153,1.544057044259083,-0.02653386148713302,0.024979428831916714,0.026517441814571045,texas steig+t,12.4259320572799
-24.576482619289944,3.4966566639753145,-0.018011006018387607,0.06981140586424468,-0.0027892305973371244,steig+t zahl,8.162286012698873
-23.910313915220783,3.1537477742739393,-0.025115612396241264,0.0401565086091968,0.008633949250759037,Unter,8.911534450068832
-24.348484562944808,3.379408358641905,-0.028839538886871716,0.027683239663859688,0.009055484784158043,Opfern,8.418671329649667
-24.348484562944808,3.379408358641905,-0.028839538886871716,0.027683239663859688,0.009055484784158043,unter opfer+n,8.418671329649667
-24.756997526824502,3.5897413208521494,-0.03173268575347242,0.018352353838662912,0.00868064071420747,opfer+n viel+e,7.959192049306074
-25.245009272019896,3.840967456045601,-0.034803578227319235,0.008812916448068406,0.007530373171875927,noch immer,7.4103132026150025
-25.5061620458788,3.9753932039122444,-0.03635625152429023,0.004124657649060337,0.0066525004441708654,immer mensch+en,7.116594814897117
-25.662477127546794,4.055849875495854,-0.0372706379357971,0.0014018336970871154,0.0060463891233670485,mensch+en vermiss+t,6.9407895787176495
-0.29234126540956495,-9.014922259511252,0.0015802946224300254,0.04056532773445291,0.04483083821878259,drohen,35.48002999816912
-25.920112845891328,4.188559355826414,-0.037745388867572484,0.0008964915358792361,0.003938163289523674,vermiss+t droh+en,6.650983122150935
-26.00103521849184,4.230317722433382,-0.037136127207219455,0.0036418571153606985,0.002515086853744228,weitere,6.559921334759013
-26.00103521849184,4.230317722433382,-0.037136127207219455,0.0036418571153606985,0.002515086853744228,droh+en weit+er+e,6.559921334759013
-3.9834239367294053,-7.113398006249296,0.01381672263941364,0.0340750724787114,0.055795239491073595,starke,31.32793635571204
-26.09554677179109,4.279101112336858,-0.03617958609864311,0.0077900566781451755,0.0005962444947992807,weit+er+e stark+e,6.453561758260157
-26.162119731337043,4.313472662946767,-0.03526829161587948,0.01162250926837878,-0.0009974475037952887,stark+e regen+fall+e,6.378638899232475
-26.306252611207903,4.38790575464717,-0.03191772262246696,0.02518329215790323,-0.005806116649288453,regen+fall+e bereits,6.216419407111805
-26.356776546338526,4.413980979372182,-0.02968124303932296,0.03398582167264029,-0.00851623394000425,bereits betreff+en+en,6.159562315877659
-26.40530181386454,4.437465153935947,-0.011630754142559622,0.10292494104571547,-0.02608161127705966,der zahl,6.105659552743796
-26.619335509027838,4.5485672184180235,-0.018076149263244932,0.07967296414150896,-0.022650963182970853,tot+en verheerend+en,5.864512851161834
-23.77128439847649,3.0821108282382745,-0.022547810868020705,0.04940749960180747,0.007160300325038418,Sturzfluten,9.067933273651127
-26.76098042338396,4.622101898003519,-0.026184887824930014,0.04967757897059941,-0.016790230667271953,verheerend+en sturz+flut+en,5.70492311819769
-26.88025175526646,4.683578937453968,-0.031163505182962715,0.03146022901830584,-0.01361687784123412,US-Bundesstaat,5.570743026943204
-26.88025175526646,4.683578937453968,-0.031163505182962715,0.03146022901830584,-0.01361687784123412,sturz+flut+en us+-+bund+es+staat,5.570743026943204
-26.97805656441314,4.7338651267588645,-0.034323452131581084,0.02004316953571556,-0.011917975670778975,us+-+bund+es+staat texas,5.460770006247677
-27.05767278255859,4.774762893487211,-0.03645531771297217,0.012434738498974286,-0.010978354659415348,104,5.371265074248439
-27.05767278255859,4.774762893487211,-0.03645531771297217,0.012434738498974286,-0.010978354659415348,texas 104,5.371265074248439
-27.07885410521647,4.785640445051188,-0.036969872499257844,0.010612340180823271,-0.010782586270364155,104 ge+steig+en,5.347454276728806
-27.194641859361823,4.8450913657308465,-0.039477397028386034,0.0018242294988442403,-0.010036533330062495,besonders stark,5.217297466636034
-27.221044340052348,4.858646181945572,-0.03998905796267444,5.209622806158498e-05,-0.009931992619146023,stark betreff+en+en,5.187619123159178
-27.271318166742123,4.884455753925263,-0.04091362423144293,-0.0031299497655126324,-0.009789277759014507,Kerr,5.131107864169563
-27.271318166742123,4.884455753925263,-0.04091362423144293,-0.0031299497655126324,-0.009789277759014507,betreff+en+en kerr,5.131107864169563
-27.29135392071096,4.894741589011357,-0.0412657331325055,-0.004334657630103794,-0.00975135293585774,County,5.108586335590283
-27.29135392071096,4.894741589011357,-0.0412657331325055,-0.004334657630103794,-0.00975135293585774,kerr county,5.108586335590283
-27.318577574943017,4.908717464476514,-0.04173070293620465,-0.00591924626270357,-0.009715789076354637,county werd+en,5.077985137032318
-27.359552523123785,4.929752877681288,-0.042403879040062535,-0.008200387781256764,-0.009694625620363825,Leichen,5.0319265534708455
-27.359552523123785,4.929752877681288,-0.042403879040062535,-0.008200387781256764,-0.009694625620363825,werd+en leiche+n,5.0319265534708455
-27.412216373150653,4.956789194604484,-0.04322754891598781,-0.010969869317045383,-0.009719621631479065,leiche+n mensch+en,4.972728773524757
-27.44220807385839,4.972186301612483,-0.04367822900015216,-0.012474868781629844,-0.009757893030239006,geborgen,4.939015983841492
-27.44220807385839,4.972186301612483,-0.04367822900015216,-0.012474868781629844,-0.009757893030239006,mensch+en ge+borg+en,4.939015983841492
-27.47424388864769,4.988632911560996,-0.04414650633027029,-0.014030725445411535,-0.009816618103214016,Behördenang…,4.903005413466793
-27.516998952534372,5.010582740885829,-0.04475246190429318,-0.016031914570269826,-0.009921894397017138,+3171,4.854945553416487
-27.516998952534372,5.010582740885829,-0.04475246190429318,-0.016031914570269826,-0.009921894397017138,behördenang… +3171,4.854945553416487
-27.534627107626868,5.0196328239567585,-0.04499653432097432,-0.016834086250323857,-0.009973777269512343,+3171 chars,4.8351301774547935
-22.370363743505322,2.360109533228619,-0.029802016757829574,0.01706265498752175,0.02215631664042158,Von,10.64396547710073
-2.2655652387783434,-7.998224545048039,-0.0165991288614789,0.05706775123588234,0.023059844512163714,Tag,33.260279460308354
-21.942251407237936,2.139578818412689,-0.02885139546607245,0.01938391933917609,0.023433467609977856,von tag,11.125539385010184
-21.42615220699524,1.873715564334531,-0.0277750052838,0.021994228650123026,0.0248711789157444,eins,11.706091641048928
-21.42615220699524,1.873715564334531,-0.0277750052838,0.021994228650123026,0.0248711789157444,tag eins,11.706091641048928
-19.96191564711006,1.119390545364313,-0.025067155977424985,0.028471597550439303,0.028446218424577195,eigentlich,13.35320723238742
-19.96191564711006,1.119390545364313,-0.025067155977424985,0.028471597550439303,0.028446218424577195,eins eigentlich,13.35320723238742
-9.819612766445832,-4.106178112971714,-0.013681872992517233,0.05394408116965768,0.04262538012154767,Sturmflut-Moment,24.762533789152943
-9.819612766445832,-4.106178112971714,-0.013681872992517233,0.05394408116965768,0.04262538012154767,eigentlich sturm+flut+-+moment,24.762533789152943
-21.69703949091092,2.0132614544966234,-0.02833098755034736,0.020648370197221887,0.02412969833852867,Koalition,11.401374103301924
-21.69703949091092,2.0132614544966234,-0.02833098755034736,0.020648370197221887,0.02412969833852867,sturm+flut+-+moment koalition,11.401374103301924
-22.815675377707095,2.5894920430625756,-0.030853069662627144,0.01447924449321001,0.020736378372144898,koalition der,10.1430481559004
-23.117879382805363,2.7451536522481996,-0.03160632769095793,0.012617132275248806,0.019713801075130113,Wahl,9.803110673778402
-23.117879382805363,2.7451536522481996,-0.03160632769095793,0.012617132275248806,0.019713801075130113,der wahl,9.803110673778402
-16.792916946676115,-0.5132879529991952,-0.020463276990154926,0.039156896825667656,0.03436917392443108,drei,16.91805972305385
-23.67265646620813,3.030899186431835,-0.0330838039183085,0.0089395192561397,0.017696377681295505,wahl drei,9.179069797888467
-23.925517217355566,3.1611318830190918,-0.03380238797431338,0.0071390802844165935,0.016709703025535323,Verfassungsrichtern,8.89464253577544
-23.925517217355566,3.1611318830190918,-0.03380238797431338,0.0071390802844165935,0.016709703025535323,drei verfassung+s+richter+n,8.89464253577544
-24.77980298746907,3.60108128461888,-0.03647795155884383,0.000369515227899464,0.013005263462860302,Bundestag,7.9337281238065405
-24.77980298746907,3.60108128461888,-0.03647795155884383,0.000369515227899464,0.013005263462860302,verfassung+s+richter+n bundestag,7.9337281238065405
-25.14551368794526,3.789395529297415,-0.03776059887286555,-0.0029116734618770124,0.011212592308626906,geplatzt,7.52238165601485
-25.14551368794526,3.789395529297415,-0.03776059887286555,-0.0029116734618770124,0.011212592308626906,bundestag ge+platz+t,7.52238165601485
-23.17354656460023,2.7738266168676775,-0.031748864918056466,0.012263783827765766,0.01951984368990538,SPD,9.740493077609377
-25.62055360262558,4.033978692866621,-0.039576196641621486,-0.007595010425724427,0.008656811298675949,ge+platz+t spd,6.988075913293522
-23.427120226350727,2.904434703538347,-0.032413900263844456,0.010611072859721377,0.018612996203791272,Kandidatin,9.455260108440239
-25.76454270701659,4.108106853235951,-0.04016424753035666,-0.009121508881682568,0.00782448065930164,spd kandidat+in,6.826126150595847
-23.698666030067535,3.0442952891090913,-0.03315633886901259,0.0087581268774954,0.017596942422076045,Frauke,9.149813167584703
-25.921923674045992,4.189124903259194,-0.040829204578844536,-0.010853263878151477,0.006880633545434084,kandidat+in frauke,6.64911614171784
-23.804696963312335,3.0989055308356166,-0.03345526957716177,0.008009750195362007,0.017186767595587727,Brosius-Gersdorf,9.030545425903268
-23.804696963312335,3.0989055308356166,-0.03345526957716177,0.008009750195362007,0.017186767595587727,frauke brosius-gersdorf,9.030545425903268
-26.25250516427228,4.359287521447818,-0.04230846029270994,-0.014726949916929036,0.00477086065561513,Unionsfraktion,6.277311447104437
-26.25250516427228,4.359287521447818,-0.04230846029270994,-0.014726949916929036,0.00477086065561513,brosius-gersdorf union+s+fraktion,6.277311447104437
-26.398530861012436,4.434443965972586,-0.043000865876032315,-0.01655014279085712,0.0037785489102401815,persönlich,6.113080367447275
-26.398530861012436,4.434443965972586,-0.043000865876032315,-0.01655014279085712,0.0037785489102401815,union+s+fraktion persönlich,6.113080367447275
-26.49504694541364,4.484115640798275,-0.043472780282164905,-0.01779639377456864,0.003100489286562959,vorstellen,6.00453285297197
-26.49504694541364,4.484115640798275,-0.043472780282164905,-0.01779639377456864,0.003100489286562959,persönlich vor+stell+en,6.00453285297197
-26.666231636320788,4.572208456168104,-0.04433955582258362,-0.020093072464534872,0.0018514071614924889,stößt,5.812011885249899
-26.666231636320788,4.572208456168104,-0.04433955582258362,-0.020093072464534872,0.0018514071614924889,doch stoß+t,5.812011885249899
-26.807639273469473,4.644970618790533,-0.04508620110700346,-0.02207937708906753,0.0007716274664515618,Widerstand,5.652982659543717
-26.807639273469473,4.644970618790533,-0.04508620110700346,-0.02207937708906753,0.0007716274664515618,stoß+t widerstand,5.652982659543717
-26.903762167643755,4.694427180475676,-0.04561065203829569,-0.023478956061271414,1.1069982565059533e-05,Koalitionsstreit,5.544883230596493
-26.903762167643755,4.694427180475676,-0.04561065203829569,-0.023478956061271414,1.1069982565059533e-05,der koalition+s+streit,5.544883230596493
-26.996714349924407,4.742248996376763,-0.046131560351027966,-0.02487265214414558,-0.0007460733224121767,koalition+s+streit droh+t,5.440351125063513
-27.067135879719775,4.778476951754039,-0.04653561937479824,-0.02595616484334813,-0.0013345584494789363,verschärfen,5.361157606572724
-27.067135879719775,4.778476951754039,-0.04653561937479824,-0.02595616484334813,-0.0013345584494789363,droh+t verschärf+en,5.361157606572724
-27.146189613681216,4.8191431443840225,-0.04699929266229916,-0.02720217047752728,-0.002011141555824811,der spd,5.272257797323015
-27.163858308965363,4.8282317498751635,-0.04710442689662963,-0.02748508349320805,-0.0021647407593397908,beharrt,5.25238865805228
-27.163858308965363,4.8282317498751635,-0.04710442689662963,-0.02748508349320805,-0.0021647407593397908,spd beharr+t,5.25238865805228
-27.19821139266702,4.845902228233593,-0.04731044645831436,-0.028039894955002934,-0.002465934610896378,weiterhin,5.21375746216953
-27.19821139266702,4.845902228233593,-0.04731044645831436,-0.028039894955002934,-0.002465934610896378,beharr+t weiterhin,5.21375746216953
-27.278807086750373,4.8873566767486025,-0.047802327579484,-0.029366776255474042,-0.0031861361318198562,weiterhin kandidat+in,5.1231259221299155
-27.349149218489387,4.923534531221797,-0.04824175495083035,-0.030554833637538983,-0.00383083282462705,Verfassungsgericht,5.044025955768257
-27.349149218489387,4.923534531221797,-0.04824175495083035,-0.030554833637538983,-0.00383083282462705,kandidat+in verfassung+s+gericht,5.044025955768257
-27.417501812542504,4.9586866230630555,-0.04867816979460659,-0.03173724218441404,-0.004472321482763077,verfassung+s+gericht frauke,4.96716439121314
-22.314990842735767,2.3303673063036445,-0.06469240701087099,-0.002704458611454373,-0.014645950624169988,wahrscheinlich,10.706817967277598
-27.50770165678606,5.005070198616712,-0.04926890903459747,-0.03334173345159179,-0.005342577015731171,wie wahrscheinlich,4.865737746744367
-27.596893069133618,5.050930393077673,-0.04987045548103529,-0.03498025904299466,-0.006231029534264371,Union,4.765447266640898
-27.596893069133618,5.050930393077673,-0.04987045548103529,-0.03498025904299466,-0.006231029534264371,wahrscheinlich union,4.765447266640898
-27.635491006186093,5.070775000921191,-0.05013637913227411,-0.03570610219246437,-0.00662451731438812,Sommerpause,4.722046888464106
-27.635491006186093,5.070775000921191,-0.05013637913227411,-0.03570610219246437,-0.00662451731438812,union sommer+pause,4.722046888464106
-27.68178264157881,5.094573905904463,-0.05045993009447446,-0.036590484913426105,-0.007103882256640059,Personalie,4.669996149965353
-27.68178264157881,5.094573905904463,-0.05045993009447446,-0.036590484913426105,-0.007103882256640059,sommer+pause personalie,4.669996149965353
-27.70735801792319,5.107721780634799,-0.050640896965441794,-0.03708572929405152,-0.007372288345017092,zustimmt,4.641239254483544
-27.70735801792319,5.107721780634799,-0.050640896965441794,-0.03708572929405152,-0.007372288345017092,personalie zu+stimm+t,4.641239254483544
-27.729881180959445,5.119300180036251,-0.05080159494698075,-0.03752586307829585,-0.007610806584080424,Reporter…,4.615914437279416
-27.753898786658922,5.131646418460518,-0.0509743462413112,-0.03799938560296205,-0.007867398259336498,+75,4.58890946967542
-27.753898786658922,5.131646418460518,-0.0509743462413112,-0.03799938560296205,-0.007867398259336498,reporter… +75,4.58890946967542
-27.762443610835675,5.136038779100149,-0.05103615670645103,-0.038168906764222924,-0.00795925293895067,+75 chars,4.57930186871208
-26.370740586569106,4.42014131434332,-0.04286712873890438,-0.01619750029969967,0.003970449419282086,Hamburg-Wilhelmsburg,6.144335123118854
-26.1442289590718,4.3035564874953725,-0.041810971285943674,-0.013420930188357903,0.005481951835055648,Wohnungsbaupläne,6.399088318838306
-26.1442289590718,4.3035564874953725,-0.041810971285943674,-0.013420930188357903,0.005481951835055648,hamburg-wilhelmsburg wohnung+s+bau+plan+e,6.399088318838306
-25.9353413663962,4.196031959070332,-0.04088701642251871,-0.011004104706031095,0.00679844150242501,bedrohen,6.634025059154941
-25.9353413663962,4.196031959070332,-0.04088701642251871,-0.011004104706031095,0.00679844150242501,wohnung+s+bau+plan+e bedroh+en,6.634025059154941
-16.176094089376257,-0.8310883446998734,-0.019712642505225034,0.040854966445097646,0.03531359488814769,Wilden,17.61193791718961
-25.794574852418805,4.12356745580185,-0.040289304068343954,-0.009446740567367884,0.007647189644134748,bedroh+en wild+en,6.792348130829708
-25.68641791191274,4.067887279474698,-0.039842852101039855,-0.00828663144696938,0.008279659958115804,wild+en wald,6.913995723771614
-25.586414904592683,4.016402942560477,-0.03943949649921227,-0.007240826574285125,0.008849980103287833,wald auf,7.026473192743432
-21.461573430078758,1.8919627118252489,-0.027846618515427524,0.021821170067389005,0.02477580999269615,auf hamburger,11.666246715369446
-17.034320032745693,-0.38891264214759325,-0.020767950851367022,0.038463886975165326,0.033983999923962636,Elbinsel,16.646500197832843
-21.084536583457417,1.6977313831538883,-0.027100366880168057,0.02362020827851147,0.025767586136951015,hamburger elbinsel,12.090371960690248
-20.6949210579214,1.4970162391068014,-0.02636444434885957,0.02538480544672264,0.026741172337182227,kämpft,12.528648645494297
-20.6949210579214,1.4970162391068014,-0.02636444434885957,0.02538480544672264,0.026741172337182227,elbinsel kämpf+t,12.528648645494297
-20.078135947969912,1.1792649921953533,-0.025265760117486623,0.028001053858015833,0.028186140287924995,Bürgerinitiative,13.222470558593312
-20.078135947969912,1.1792649921953533,-0.025265760117486623,0.028001053858015833,0.028186140287924995,kämpf+t bürger+initiative,13.222470558593312
-18.300916490477924,0.26365282487979425,-0.02247906016078225,0.03453309942239311,0.03180205131320792,Erhalt,15.221682476350617
-18.300916490477924,0.26365282487979425,-0.02247906016078225,0.03453309942239311,0.03180205131320792,bürger+initiative erhalt,15.221682476350617
-19.539754320485866,0.9018992084985191,-0.02436653405074492,0.030125565664233397,0.029360877825682214,erhalt wild+en,13.828099100107556
-15.971482511501621,-0.9365091795778682,-0.01947202318672371,0.04139641833550552,0.035614927997670354,Waldes,17.842110437280304
-15.971482511501621,-0.9365091795778682,-0.01947202318672371,0.04139641833550552,0.035614927997670354,wild+en wald+es,17.842110437280304
-13.481748384840497,-2.2192973199451593,-0.016830497052132472,0.0472422836583572,0.03887439915456947,wächst,20.642880572922124
-7.845484010257529,-5.123338337001021,-0.012249111674688406,0.05688149047886344,0.04427443912847373,wachs+t seit,26.983298515169167
-19.715661642422752,0.9925244539664879,-0.024654601378159807,0.02944665905500163,0.028985345097611453,1962.,13.63021970302075
-19.715661642422752,0.9925244539664879,-0.024654601378159807,0.02944665905500163,0.028985345097611453,sturm+flut 1962.,13.63021970302075
-20.960539715313047,1.633853303434213,-0.026862413445604014,0.024191821876238463,0.026082876685659125,1962. mehr,12.229855270791823
-21.565084293890926,1.945285840142338,-0.028057747949997533,0.021310452023652834,0.024494407052947843,...,11.549808636576845
-21.565084293890926,1.945285840142338,-0.028057747949997533,0.021310452023652834,0.024494407052947843,mehr ...,11.549808636576845
-22.45697618011223,2.402667013534984,0.02878239713824192,-0.0313165322654429,0.0549212292345347,warnung mehr,10.547487199121212
-21.868861981572948,2.0959831371510784,0.09122320552942886,-0.0634510956231236,0.038860442215063705,mehr stark+reg+en,11.210763711043294
-20.490940933273194,1.3920715737471472,-0.011731939578163271,0.034630104109566476,0.023299299400666686,stark+reg+en über,12.758041001556231
-16.91991261975494,-0.4478550570756372,-0.015407249086702764,0.0586106643994502,0.02938190216708552,220,16.775195449387027
-19.32304163055569,0.7903267814817827,-0.017657662154014087,0.05512559284291256,0.023939545194993972,über 220,14.07184261843634
-17.852914244337995,0.032569178328491155,-0.010628987351425194,0.07861414651253817,0.022323561220018842,220 tot+e,15.725764528914182
-9.819612766445832,-4.106178112971714,-0.013681872992517233,0.05394408116965768,0.04262538012154767,tot+e sturm+flut,24.762533789152943
-16.89024390060522,-0.463143262150588,-0.020585347751244203,0.03887949344706411,0.03421497555170159,Pakistan,16.808574513541174
-19.448810589278338,0.8550459434630593,-0.024219701156848017,0.030470997445165546,0.029552000346070088,sturm+flut pakistan,13.930402440832912
-19.264849644744693,0.7602707871632974,-0.023926934948334276,0.03115848508694391,0.02993247705547291,Indien,14.137341780319536
-19.264849644744693,0.7602707871632974,-0.023926934948334276,0.03115848508694391,0.02993247705547291,pakistan indien,14.137341780319536
-18.845684452101253,0.5443185273443616,-0.023280189224485427,0.032671163937812005,0.030770111640104722,Heftige,14.60886536436693
-22.558871568044935,2.4572120351662097,-0.030238790449014157,0.01599122653815603,0.021567238580464644,indien heftig+e,10.4319183452882
-20.80850451381722,1.5555305072042733,-0.026575461486836694,0.02487981106916696,0.0264624685096496,Himalaya-Raum,12.400878970755706
-20.80850451381722,1.5555305072042733,-0.026575461486836694,0.02487981106916696,0.0264624685096496,regen+fall+e himalaya-raum,12.400878970755706
-21.421238729931982,1.8711843969848418,-0.027765096697688948,0.022018166567738567,0.024884371177975265,himalaya-raum erneut,11.711618756122096
-21.846515667789802,2.0902621800016155,-0.028646217097176085,0.01988298598249153,0.02370821748601399,erneut katastrophe,11.233230780519111
-22.206535300065305,2.2757184774673576,-0.029431656865351426,0.01796876430315852,0.02265470558983489,ausgelöst,10.828252016330612
-22.206535300065305,2.2757184774673576,-0.029431656865351426,0.01796876430315852,0.02265470558983489,katastrophe aus+ge+lös+t,10.828252016330612
-26.478095325708004,4.475391739557956,-0.04338904489207887,-0.01757504697485797,0.003220905588857126,Bei,6.0235975264196
-26.478095325708004,4.475391739557956,-0.04338904489207887,-0.01757504697485797,0.003220905588857126,aus+ge+lös+t bei,6.0235975264196
-26.511747769336914,4.4927103916357805,-0.04355563751997756,-0.018015510457858805,0.002981292093240731,Erdrutschen,5.985750275335864
-26.511747769336914,4.4927103916357805,-0.04355563751997756,-0.018015510457858805,0.002981292093240731,bei erd+rutsch+en,5.985750275335864
-26.63702946834625,4.557181468293445,-0.04418889797127453,-0.019693165968480045,0.0020688568924354944,erd+rutsch+en sturz+flut+en,5.844853481529521
-26.74266147671379,4.611536748151341,-0.04473953067164791,-0.02115621608186803,0.0012734124016582915,sturz+flut+en pakistan,5.726057306967924
-26.92642991757555,4.706089544130457,-0.04573641088085428,-0.023815099550327512,-0.00017156396318537478,indien 220,5.519391402212978
-26.948593629778834,4.71749239104745,-0.045860160317884126,-0.024146074480759297,-0.0003513774568504255,220 mensch+en,5.4944664967042165
-27.04753552254287,4.768393869485001,-0.0464223225384895,-0.025652135739950913,-0.0011694448535474501,leben ge+komm+en,5.383199366239273
9.172027842935915,-13.891627008998245,-0.006297518210396742,0.08085328195722226,0.03375625812579308,Besonders,46.12692560349802
4.085336750407226,-11.270501973442471,-0.029713316325403537,0.05811283158373102,0.024038505517069157,betroffen,40.40462986161161
-3.52209986672489,-7.350875696747558,-0.01945279902706589,0.06000363915174285,0.03465961170666186,besonders betreff+en,31.846792571608294
-27.189742929167842,4.84154628639148,-0.047259461279677124,-0.027902540002617604,-0.002391370914102176,war…,5.223280509979492
-27.189742929167842,4.84154628639148,-0.047259461279677124,-0.027902540002617604,-0.002391370914102176,betreff+en war…,5.223280509979492
-27.214916120582714,4.854494575289099,-0.04741140372080959,-0.02831197582895674,-0.002613628984427647,+1959,5.194972527581442
-27.214916120582714,4.854494575289099,-0.04741140372080959,-0.02831197582895674,-0.002613628984427647,war… +1959,5.194972527581442
-27.239410360180457,4.867093341019187,-0.04756036994725267,-0.028713684674604847,-0.0028316755076918144,+1959 char+s,5.167428180655626
-21.279593693749394,1.7982159577498456,-0.027482066076018708,0.022701222306708634,0.025260865269459244,Wetterextreme,11.87095380176549
-17.17719452982459,-0.3153012886851645,-0.020951313688947475,0.038045780437819976,0.03375168883552355,Höhere,16.48577770288453
-17.17719452982459,-0.3153012886851645,-0.020951313688947475,0.038045780437819976,0.03375168883552355,wetter+extrem+e hoch+er+e,16.48577770288453
-9.819612766445832,-4.106178112971714,-0.013681872992517233,0.05394408116965768,0.04262538012154767,hoch+er+e sturm+flut+en,24.762533789152943
-17.62392777744955,-0.08557626203614799,-0.04319334266101308,0.034542816702455695,-0.010450181607893298,Klimakrise,15.983444021985276
-22.728953800621973,2.543804171659059,-0.053526381126659396,0.005657216558999485,-0.02938653176094048,ostsee klima+krise,10.2410710549367
-23.225191097340957,2.8000029305565626,0.00467022552326893,0.03749100245623507,-0.02826160644772051,klima+krise der,9.682596601641851
21.91016348914169,-20.476839582675137,0.16871045365807988,0.26072426725569825,0.005878926792476497,Folgen,60.46652154972807
7.217102607342635,-12.890865051373986,0.03489024327271854,0.18741365754676415,0.020502352501762765,der folge+n,43.930724507974915
-10.677832125298345,-3.734566951342746,0.5079551856666084,-0.08221089569534851,0.036772421687236975,Klimawandels,23.829463978830816
-15.417413296667188,-1.3187802888993456,0.6027744632350659,-0.07101452923015014,0.01526098969147713,folge+n klima+wandel+s,18.50977644039017
-19.913717568000813,1.0943454727031234,-0.03831656035349894,0.02100140441042076,0.014481148314422692,klima+wandel+s norden+-,13.407526192247468
-17.667230823529323,-0.06282763302154581,-0.02159821852381564,0.03656463423570399,0.032929156276842314,spüren,15.934526293143593
-17.667230823529323,-0.06282763302154581,-0.02159821852381564,0.03656463423570399,0.032929156276842314,ostsee spür+en,15.934526293143593
-19.158261454094383,0.7053572034896263,-0.0237598437718062,0.0315500980462108,0.030149267262471326,sturm+flut+en lauf+en,14.257243912199833
-13.255374362286958,-2.3361032882577195,-0.039518274813211594,0.034562124313221254,0.014968832968159488,höher,20.89761769183965
-20.78623305224153,1.544057044259083,-0.02653386148713302,0.024979428831916714,0.026517441814571045,lauf+en hoch+er,12.4259320572799
-22.50679815849507,2.430595476272053,-0.026569910179367034,0.02979188317635192,0.0184084560660151,führen,10.49039737964294
-22.50679815849507,2.430595476272053,-0.026569910179367034,0.02979188317635192,0.0184084560660151,hoch+er führ+en,10.49039737964294
-22.999916229860457,2.684726062621314,-0.02282969849220931,0.04562389064889138,0.012179431713701797,führ+en häufig+er,9.93564503977674
-23.392445952363765,2.8839953699659526,0.0003208682119213123,0.13490147285305415,-0.01144006007014484,häufig+er schaden,9.495426222951238
-24.127222680600106,3.26530324335138,-0.028330419540280823,0.05316331126085164,-0.004912139454341009,Küstenorten,8.66761949689463
-24.127222680600106,3.26530324335138,-0.028330419540280823,0.05316331126085164,-0.004912139454341009,schaden küste+n+ort+en,8.66761949689463
-23.997332688920444,3.197882443651559,-0.04917281310457573,0.013847929907820182,-0.009462683258602968,der klima+krise,8.81397142262799
-23.47562405492732,2.928563704198523,-0.05881946734980465,-0.0010726212802043625,-0.011615599057356183,klima+krise führ+t,9.401096155712942
-22.508846203238882,2.429438157309729,-0.07778541684961786,-0.011004186204230632,-0.02860223528735339,führ+t norden+-,10.489118071483167
-19.675589033985972,0.9717247129569238,-0.03547936407228661,0.023340059908200542,0.0175757323964892,ostsee immer,13.675370683721884
-17.667230823529323,-0.06282763302154581,-0.02159821852381564,0.03656463423570399,0.032929156276842314,höheren,15.934526293143593
-17.667230823529323,-0.06282763302154581,-0.02159821852381564,0.03656463423570399,0.032929156276842314,immer hoch+er+en,15.934526293143593
-9.819612766445832,-4.106178112971714,-0.013681872992517233,0.05394408116965768,0.04262538012154767,hoch+er+en sturm+flut+en,24.762533789152943
-21.565084293890926,1.945285840142338,-0.028057747949997533,0.021310452023652834,0.024494407052947843,Extremen,11.549808636576845
-21.565084293890926,1.945285840142338,-0.028057747949997533,0.021310452023652834,0.024494407052947843,sturm+flut+en extrem+en,11.549808636576845
-22.815675377707095,2.5894920430625756,-0.030853069662627144,0.01447924449321001,0.020736378372144898,beiden,10.1430481559004
-22.815675377707095,2.5894920430625756,-0.030853069662627144,0.01447924449321001,0.020736378372144898,extrem+en beide+n,10.1430481559004
-23.319716139585687,2.849114582761845,-0.032129003167241585,0.01131990661348474,0.019001866073686945,Meeren,9.576073651888068
-23.319716139585687,2.849114582761845,-0.032129003167241585,0.01131990661348474,0.019001866073686945,beide+n meer+en,9.576073651888068
-24.018045841939234,3.208786380359598,-0.03407305317412303,0.006458949706316823,0.0163371417700734,Einschätzung,8.790563415444343
-24.018045841939234,3.208786380359598,-0.03407305317412303,0.006458949706316823,0.0163371417700734,nach einschätzung,8.790563415444343
-24.658181495203248,3.538451640212784,-0.036071132909744744,0.0014054064715138745,0.013571594746463954,Bundesamtes,8.070527945099144
-24.658181495203248,3.538451640212784,-0.036071132909744744,0.0014054064715138745,0.013571594746463954,einschätzung bund+es+amt+es,8.070527945099144
-25.09816998524596,3.765017937915027,-0.0375892663891982,-0.0024720583822003747,0.011452673165670967,bund+es+amt+es see+schiff+fahrt,7.575632776006552
-25.88082347360782,4.167967430640426,-0.04065323191980762,-0.01039439772728503,0.007130685597522914,diese…,6.695342267853404
-25.88082347360782,4.167967430640426,-0.04065323191980762,-0.01039439772728503,0.007130685597522914,bsh diese…,6.695342267853404
-25.98766435364792,4.22296602169135,-0.041114190637565516,-0.011597274510530296,0.006475257930249445,+574,6.5751767659221105
-25.98766435364792,4.22296602169135,-0.041114190637565516,-0.011597274510530296,0.006475257930249445,diese… +574,6.5751767659221105
-26.050202215759732,4.255157577982829,-0.041389402314287005,-0.012316799656395656,0.0060832948545028985,+574 chars,6.504840035348679
-24.42379984977169,3.4181328859639675,-0.03880490124135121,0.02918361825013248,0.029920889619190632,Steigender,8.333980873313838
-23.94421071951114,3.1711079522788737,-0.03772783698231654,0.04460694015280232,0.036396426074289064,steig+end+er meer+es+spiegel,8.873446505674288
-22.797905002836433,2.578799320188768,-0.026950436711517176,0.126081773085231,0.0475006093139078,meer+es+spiegel sand,10.163718649591866
-22.18434453445246,2.2598745538725256,-0.07760088117773546,0.05022648627335461,0.13534268814004108,sand deich+e,10.855214905020048
-19.69259996097309,0.9485258655315656,-0.06461688137378378,0.05909141632860964,0.36508866002369683,sichern,13.670827764086557
-19.69259996097309,0.9485258655315656,-0.06461688137378378,0.05909141632860964,0.36508866002369683,deich+e sicher+n,13.670827764086557
-20.93036477645682,1.61822860400222,-0.03062091871198126,0.02403197124640091,0.03415770565618332,sicher+n haus+er,12.263834467004447
8.484272181408965,-13.537362796886196,-0.005000092493211036,0.07741266419056479,0.05614288870710147,Sylt,45.3532889004424
-18.101488179400185,0.16090604434151512,-0.02219617960027681,0.03518734186839762,0.03216489355972479,haus+er sylt,15.446022576623557
-9.819612766445832,-4.106178112971714,-0.013681872992517233,0.05394408116965768,0.04262538012154767,Sturmflut-Folgen,24.762533789152943
-9.819612766445832,-4.106178112971714,-0.013681872992517233,0.05394408116965768,0.04262538012154767,sylt sturmflut-folg+en,24.762533789152943
-4.94332903457698,-6.62307195108021,-0.05541890863874862,0.06603980643353119,0.1445679928024274,Küstenschutzmaßnahmen,30.250039183854902
-19.97617637758769,1.1245126976891537,-0.05778495223932473,0.045713573714196654,0.10342503657021972,sturmflut-folg+en küste+n+schutz+maßnahme+n,13.338171529658988
-10.877551686974368,-3.561364268929866,-0.02252361842418379,0.0542602687900957,0.05936468694587694,bewahren,23.5725497409797
-10.877551686974368,-3.561364268929866,-0.02252361842418379,0.0542602687900957,0.05936468694587694,küste+n+schutz+maßnahme+n bewahr+en,23.5725497409797
-6.135532133381545,-6.0043973486886735,-0.011660482126544223,0.05909634859164059,0.04667262734148982,bewahr+en sylt,28.906888301656647
-7.870779301506875,-5.110341525819273,-0.013830394108152257,0.056740223791534865,0.04755298398984834,sylt haus+er,26.954859280986657
-3.593836816530679,-7.313988339040112,-0.009614709449740133,0.06206508797661604,0.04719211497788358,haus+er mensch+en,31.766125981745418
7.740656648721558,-13.154066374304183,-0.004494216190473588,0.07111333769959387,0.052308060878647374,mensch+en sturm+flut+en,44.516702126208074
-3.419044532751826,-7.404430907360821,-0.00313320135334295,0.08645135235922355,0.041571835826138014,deren,31.96292692422995
-3.419044532751826,-7.404430907360821,-0.00313320135334295,0.08645135235922355,0.041571835826138014,sturm+flut+en der,31.96292692422995
-12.09710950281389,-2.9328515305636262,-0.010219654650240703,0.07024273699145639,0.03557228970157762,steigendem,22.200562403118084
-12.09710950281389,-2.9328515305636262,-0.010219654650240703,0.07024273699145639,0.03557228970157762,besonders steig+end+em,22.200562403118084
-13.705831472412118,-2.103894423317028,-0.014248628807351666,0.061417380565670796,0.03733985330134841,steig+end+em meer+es+spiegel,20.390824496557716
-15.159457226024031,-1.3549903076593335,-0.021261887976612638,0.053958286028935966,0.04586281903362731,hängt,18.755622870686565
-15.159457226024031,-1.3549903076593335,-0.021261887976612638,0.053958286028935966,0.04586281903362731,meer+es+spiegel häng+t,18.755622870686565
-20.16653516091698,1.2243528946793738,-0.039031316918116434,0.03619512859216398,0.05957829477579505,häng+t zukunft,13.123232140787506
-18.819922978214663,0.5300617394449496,0.030926880039707227,0.09107332030981778,0.06344984941859182,Insel,14.638282867044682
-24.90477788009398,3.6623384469348097,-0.07890862174051819,0.0024425198063774897,0.10241744758388285,zukunft insel,7.794563920654054
-24.82137003100707,3.607319133323673,-0.13027391903712515,-0.0001119774190142045,0.2123758361739636,insel küste+n+schutz,7.893895016179972
-23.88015062956684,3.1270147599682305,-0.11169248502900464,0.0025221797247563446,0.18159881670425396,hin+zu+füg+en küste+n+schutz+maßnahme+n,8.950576940028663
-24.81484372336868,3.619332653198555,-0.03454663007800468,0.007879562268832796,0.010888984958385639,Zu…,7.894218346724314
-24.81484372336868,3.619332653198555,-0.03454663007800468,0.007879562268832796,0.010888984958385639,häng+t zu…,7.894218346724314
-24.95267653625701,3.6902985418277,-0.03517838796137253,0.00607064696792229,0.010370963661966836,+4392,7.739189569521639
-24.95267653625701,3.6902985418277,-0.03517838796137253,0.00607064696792229,0.010370963661966836,zu… +4392,7.739189569521639
-25.10371275807317,3.7680598205133227,-0.03587450541420431,0.004088802436128754,0.009770264146560473,+4392 char+s,7.569311344383543
-22.558871568044935,2.4572120351662097,-0.030238790449014157,0.01599122653815603,0.021567238580464644,wachsende,10.4319183452882
-22.558871568044935,2.4572120351662097,-0.030238790449014157,0.01599122653815603,0.021567238580464644,der wachs+end+e,10.4319183452882
-21.42615220699524,1.873715564334531,-0.0277750052838,0.021994228650123026,0.0248711789157444,wachs+end+e sorge,11.706091641048928
-18.101488179400185,0.16090604434151512,-0.02219617960027681,0.03518734186839762,0.03216489355972479,nächsten,15.446022576623557
-18.101488179400185,0.16090604434151512,-0.02219617960027681,0.03518734186839762,0.03216489355972479,sorge nächst+en,15.446022576623557
-9.819612766445832,-4.106178112971714,-0.013681872992517233,0.05394408116965768,0.04262538012154767,nächst+en sturm+flut,24.762533789152943
-18.221742023192583,0.22128682860562243,-0.04906639719537185,0.032973596670233085,0.08821131826587589,sturm+flut küste+n+schutz+maßnahme+n,15.311461561281078
-19.96191564711006,1.119390545364313,-0.025067155977424985,0.028471597550439303,0.028446218424577195,mensch+en seit,13.35320723238742
-16.857550458784214,-0.48748780341349907,-0.01842495830757119,0.052761421524402205,0.19711508095991417,jeher,16.848766586365965
-16.857550458784214,-0.48748780341349907,-0.01842495830757119,0.052761421524402205,0.19711508095991417,seit jeher,16.848766586365965
-9.819612766445832,-4.106178112971714,-0.013681872992517233,0.05394408116965768,0.04262538012154767,jeher sturm+flut+en,24.762533789152943
-25.105234626492198,3.768726341088797,-0.04916919985131226,0.014705792953363245,0.041075206725293516,Ortschaften,7.567647289581668
-25.105234626492198,3.768726341088797,-0.04916919985131226,0.014705792953363245,0.041075206725293516,zukunft ortschaft+en,7.567647289581668
-25.352178776155387,3.893701112533155,-0.07648521845299967,0.03195947247588335,0.10172175094165174,richtigen,7.290876432673823
-25.352178776155387,3.893701112533155,-0.07648521845299967,0.03195947247588335,0.10172175094165174,ortschaft+en richtig+en,7.290876432673823
-25.169025463442466,3.7872139056004026,-0.12879841842019984,0.04652646328073494,0.2199534630673558,richtig+en küste+n+schutz,7.502444602417856
33.35787143877671,-26.366991085718787,0.04554988698769117,0.2520957094327685,0.023861611310593348,Wellen,73.34067119656613
-17.594942115297876,-0.10494673498703744,0.0017609311520143164,0.1743540677069645,0.027876263740225348,wind welle+n,16.018053569811244
-25.797229609127477,4.124860911963011,-0.03880541534501264,0.1058400016069546,0.039625588445734425,nagen,6.789370620593344
-25.797229609127477,4.124860911963011,-0.03880541534501264,0.1058400016069546,0.039625588445734425,welle+n nag+en,6.789370620593344
-26.076947079852992,4.269819633532768,-0.045507163325262966,0.058415275017641224,0.03581764223683471,nag+en küste+n,6.4743331714382135
-26.235970886609458,4.351763325831012,-0.04702147503433965,0.04048669876738561,0.03153845756153333,küste+n sylt,6.295442195698693
-26.343620941768666,4.407164664611315,-0.04759366217770792,0.03088661304718406,0.028427105078770196,tragen,6.174374763865801
-26.343620941768666,4.407164664611315,-0.04759366217770792,0.03088661304718406,0.028427105078770196,sylt trag+en,6.174374763865801
-26.41820511964736,4.445531024392203,-0.04787099214398425,0.02513793588862429,0.026276355276885863,jährlich,6.090502515226103
-26.41820511964736,4.445531024392203,-0.04787099214398425,0.02513793588862429,0.026276355276885863,trag+en jährlich,6.090502515226103
-26.505271886912727,4.490306726595369,-0.04812224583390381,0.01917210171479729,0.02381796576033945,jährlich teil+e,5.992598439092023
-26.59282166814408,4.535322209599602,-0.04833092486848723,0.01383148707622106,0.021428284394236254,teil+e insel,5.89415504353266
-26.746010206067755,4.61407408987367,-0.04866097633464763,0.005708640615735401,0.017478541687950034,Abbruch,5.7219113563931385
-26.800799357537024,4.642237568460304,-0.048780883531869185,0.0031021010067316876,0.016138828030683637,auszugleichen,5.660308183908877
-26.800799357537024,4.642237568460304,-0.048780883531869185,0.0031021010067316876,0.016138828030683637,abbruch aus+zu+gleich+en,5.660308183908877
-26.975957586428752,4.732267911624904,-0.04920450050871777,-0.004441916399138296,0.012097310065123934,Westküste,5.463368855437089
-26.975957586428752,4.732267911624904,-0.04920450050871777,-0.004441916399138296,0.012097310065123934,aus+zu+gleich+en west+küste,5.463368855437089
-27.029368606089086,4.759719080217991,-0.049350290918450924,-0.006548593706554029,0.010932169928955664,west+küste seit,5.403316900070309
-27.054942765429786,4.77286291855739,-0.0494232904633621,-0.007530856208483636,0.010384417322858053,seit mehr,5.374563061260657
-27.113518462555966,4.802967226312216,-0.0495986683356187,-0.009722279094379567,0.009153208234400124,mehr jahr+en,5.308704839343304
-27.164041720456765,4.828932319402723,-0.049759416344690534,-0.011553274994230804,0.008115906330595397,jahr+en groß+en,5.251900522109562
-27.194756053323864,4.844716789637877,-0.04986155752988735,-0.012642230894288169,0.0074957696207876845,Rohren,5.217367932744211
-27.194756053323864,4.844716789637877,-0.04986155752988735,-0.012642230894288169,0.0074957696207876845,groß+en rohr+en,5.217367932744211
-27.224433756996095,4.859968266379264,-0.04996348363572541,-0.013678462015843842,0.00690368922763793,regelmäßig,5.184000955134124
-27.224433756996095,4.859968266379264,-0.04996348363572541,-0.013678462015843842,0.00690368922763793,rohr+en regelmäßig,5.184000955134124
-27.26912059296944,4.882932498852113,-0.05012303495420069,-0.015211381244849831,0.006024709629879901,viel…,5.133759258328437
-27.26912059296944,4.882932498852113,-0.05012303495420069,-0.015211381244849831,0.006024709629879901,regelmäßig viel…,5.133759258328437
-27.29640025240132,4.896951014076073,-0.050224066514006266,-0.016132202756440825,0.005495153049430396,+3871,5.103088695074882
-27.29640025240132,4.896951014076073,-0.050224066514006266,-0.016132202756440825,0.005495153049430396,viel… +3871,5.103088695074882
-27.319111250539766,4.9086216000598295,-0.050310296919726265,-0.016890764553101456,0.005058147340260718,+3871 chars,5.07755476439592
-4.673044333193541,-6.758060931291503,-0.006971269156427274,0.07324628590004208,0.04358519250986044,hochwasser erwart+et,30.55214576269371
-7.0331260754220395,-5.5419028603329075,-0.011702261953431659,0.05798179880193157,0.04489295116959316,erwart+et leicht+e,27.89714815417897
-4.814068544188441,-6.685266350073604,-0.01031688610393012,0.06071334848728207,0.046430324699148304,Ausfälle,30.39344399035331
-4.814068544188441,-6.685266350073604,-0.01031688610393012,0.06071334848728207,0.046430324699148304,droh+t ausfall+e,30.39344399035331
-9.562600641555914,-4.2386021056222845,-0.013486286314960655,0.054349527217792896,0.042852813342571947,Inselfähren,25.051655367567356
-9.562600641555914,-4.2386021056222845,-0.013486286314960655,0.054349527217792896,0.042852813342571947,ausfall+e insel+fähre+n,25.051655367567356
-0.5776147804631719,-8.86810929487239,-0.010578404918727077,0.07021589756695354,0.04213311708548895,möglich,35.159189492562746
-12.095935424039027,-2.933320856302707,-0.015551681187360219,0.05000210353804106,0.04041717329311696,insel+fähre+n möglich,22.201824135994475
-23.766292657862106,3.0792066795814144,-0.032440978121409114,0.011731326155855613,0.01648057051079541,möglich hier,9.073706502831248
7.511573010195807,-13.03701995988856,0.022062420276040683,0.058008654330322415,0.09763471054102753,Wegen,44.25944875146792
28.08618583771408,-23.637008667130903,0.0013131780200849406,0.07898201952886988,0.05677494407321822,erwarteten,67.40409013246713
1.8200037932768645,-10.103461354693835,-0.006901948077859052,0.0670526025753316,0.050008590342444884,wegen erwart+et+en,37.85634879273006
-24.750219590079354,3.585847303912732,-0.036378130619280205,0.0006239071327552997,0.013144324862751394,Herbststurmes,7.967003452031686
-24.750219590079354,3.585847303912732,-0.036378130619280205,0.0006239071327552997,0.013144324862751394,erwart+et+en herbst+sturm+es,7.967003452031686
-25.213903772306093,3.824609507773781,-0.03801101899194932,-0.0035549455846048614,0.01086134656866504,höherer,7.445458292317873
-25.213903772306093,3.824609507773781,-0.03801101899194932,-0.0035549455846048614,0.01086134656866504,herbst+sturm+es hoch+er+er,7.445458292317873
-25.382432633959287,3.9113819881826006,-0.0386433819547438,-0.005183181101556911,0.009972571229233316,hoch+er+er wasser+stand+e,7.255902784634635
-25.73382814091188,4.092294763616071,-0.04003722114759369,-0.008791370244172883,0.008004461943946425,wasser+stand+e küste,6.860671789635491
-17.57207887761811,-0.11185109902787449,-0.021470362426230724,0.036858112647721056,0.033092082020517374,küste müss+en,16.04156449978396
-17.984388869977046,0.10057551068675519,-0.022032548979096955,0.035565004395752484,0.03237440277507261,Urlauber,15.577749556715798
-17.984388869977046,0.10057551068675519,-0.022032548979096955,0.035565004395752484,0.03237440277507261,müss+en urlauber,15.577749556715798
-26.1442289590718,4.3035564874953725,-0.041810971285943674,-0.013420930188357903,0.005481951835055648,Insulaner,6.399088318838306
-26.1442289590718,4.3035564874953725,-0.041810971285943674,-0.013420930188357903,0.005481951835055648,urlauber insulaner,6.399088318838306
-26.35183877369358,4.410413113890916,-0.04277670185125578,-0.015959194003797736,0.00410013943540297,insulaner woche+n+ende,6.165593390041227
-17.601760627601003,-0.09655868327219341,-0.021510127154268165,0.03676687618283788,0.03304142892438473,mögliche,16.008174938944865
-26.486602882647958,4.479770038779995,-0.04343102348257348,-0.017686001933233886,0.003160543516505746,woche+n+ende möglich+e,6.014029480460775
-4.716787972167182,-6.735345744028477,-0.017383736774377115,0.06325827223565031,0.0302900847698201,Einschränkungen,30.502859220291562
-26.560406625317857,4.517751243071859,-0.043799114527557005,-0.018659912154263075,0.002630778033168496,möglich+e einschränkung+en,5.931026322443515
-26.701653761627643,4.590435764500373,-0.04452389831961398,-0.020582798117940337,0.0015851437309893565,einschränkung+en fähr+verkehr,5.772175318917368
46.51666920857711,-33.1330328852425,-0.00024142610696449747,0.08044536635646203,0.05219863748564069,einstellen,88.13708750280337
-26.782132123818045,4.631846270513266,-0.044949375049731205,-0.02171482946198175,0.0009697659512095703,fähr+verkehr ein+stell+en,5.681668160701983
-26.880570658486107,4.6824951431705335,-0.04548282007837958,-0.023137483883744578,0.00019661203348193823,der insel,5.570964165150674
-26.915160254902034,4.700291423816273,-0.0456737865475482,-0.023647683711326153,-8.060493052642129e-05,La…,5.532065092730321
-26.915160254902034,4.700291423816273,-0.0456737865475482,-0.023647683711326153,-8.060493052642129e-05,insel la…,5.532065092730321
-26.94309891618872,4.714665473872756,-0.04582940796626239,-0.02406380681582039,-0.00030668385675994975,+1997,5.500645742843002
-26.94309891618872,4.714665473872756,-0.04582940796626239,-0.02406380681582039,-0.00030668385675994975,la… +1997,5.500645742843002
-26.97561784758905,4.731395620675362,-0.046012113793750725,-0.02455275728765134,-0.0005723052770351365,+1997 chars,5.464075676850887
-21.40789993362348,1.8644376504852769,-0.02531812981825891,0.03129180028969193,0.022662597326640464,Ausgerechnet,11.726564904114863
-23.777765064771955,3.0850345834721074,-0.03337884386851525,0.008201208716035475,0.017291692877090047,möglich ausgerechnet,9.060839444105898
-22.106099648416894,2.2241605122695205,-0.02595986906301593,0.030877805003719908,0.019915778476395554,langen,10.94114604886868
-22.106099648416894,2.2241605122695205,-0.02595986906301593,0.030877805003719908,0.019915778476395554,ausgerechnet lang+en,10.94114604886868
-22.346314756908484,2.347925834294725,-0.02608279510687754,0.03114398596429965,0.01880013694338778,Feiertagswochenende,10.6709218612163
-22.346314756908484,2.347925834294725,-0.02608279510687754,0.03114398596429965,0.01880013694338778,lang+en feiertags+woche+n+ende,10.6709218612163
-23.116134073805796,2.7446004057428786,-0.0229127991514656,0.04569945863370186,0.011579006951810914,feiertags+woche+n+ende niedersächsisch+en,9.80491053682752
-17.810695757999305,0.010944025686782766,-0.010622078048628846,0.0719336799884648,0.023763188044212284,Herbststurm,15.773200155457067
-23.508265604281558,2.9462215723320817,-0.015039168645584827,0.07700037279782737,0.0018846933648615609,küste herbst+sturm,9.363977339708814
-18.432398629744434,0.331235247917828,-0.01234038638137087,0.07333739854792917,0.022073175635996672,herbst+sturm erwart+et,15.073842531273606
-23.946259283955758,3.169468297008981,-0.0010835555669955668,0.1315987359933711,-0.013783636221595171,folge+n fähr+verkehr,8.872366896308133
-26.482460049647777,4.47871720937953,-0.029484943065311207,0.035451793060397224,-0.010180263425239876,worauf,6.018186417445402
-26.482460049647777,4.47871720937953,-0.029484943065311207,0.035451793060397224,-0.010180263425239876,fähr+verkehr worauf,6.018186417445402
-26.549401598805673,4.513168796834569,-0.031398526061004156,0.028553302944455575,-0.009163376132159885,Ausflügler,5.942900874320905
-26.549401598805673,4.513168796834569,-0.031398526061004156,0.028553302944455575,-0.009163376132159885,worauf ausflügler,5.942900874320905
-26.713368888895523,4.597473356894708,-0.03521644452545153,0.014984523337156844,-0.007549568193419887,ausflügler ein+stell+en,5.7585325517355805
-22.1509117169009,2.2464144054621125,-0.05592291269597632,0.019080542112072225,-0.01663703580277102,sollten,10.891123304075098
-26.791384140358478,4.637565253075615,-0.03671647419698229,0.009744656681124404,-0.007112505879278624,ein+stell+en soll+ten,5.67081952328742
-27.13137908295512,4.812374695669172,-0.04073227377040934,-0.0033868186347957158,-0.007896419112518174,hin+zu+füg+en ausgerechnet,5.288519982965045
-27.46184318556396,4.982661420650981,-0.022560798567862958,0.06813400772728585,-0.03043568135544093,ha…,4.916751571223319
-27.46184318556396,4.982661420650981,-0.022560798567862958,0.06813400772728585,-0.03043568135544093,fähr+verkehr ha…,4.916751571223319
-27.490421051712733,4.997561113389164,-0.024953537752062382,0.05923499079111194,-0.028621794473506924,+2208,4.884524543330096
-27.490421051712733,4.997561113389164,-0.024953537752062382,0.05923499079111194,-0.028621794473506924,ha… +2208,4.884524543330096
-27.52038101961986,5.013113134357164,-0.027257887560816364,0.05068122957906917,-0.02691270030172756,+2208 chars,4.850770077225573
22.75328341759373,-20.889262969368385,4.607972116598032e-05,0.07754479555864348,0.05595887654462382,Schwere,61.40492777002373
-7.0331260754220395,-5.5419028603329075,-0.011702261953431659,0.05798179880193157,0.04489295116959316,wetter schwer+e,27.89714815417897
15.19722833224591,-16.998035247768705,0.08946321715147874,0.009682472944648107,0.05400639711425889,sturm+flut sturmbö+en,52.90578984620344
5.459108216533448,-11.986017511391754,-0.13732710094478667,-0.028804225091346433,-0.10480568941937024,sturmbö+en nordseeküste,41.95358035773242
5.29071494478006,-11.891853221132497,-0.04811113046851652,0.030423012096868377,-0.005671743933375318,nordseeküste erwart+et,41.76074020296245
-18.374457890392797,0.30064173093970314,-0.04969524159313477,0.0038721511904909814,-0.009149196359646259,erwart+et der,15.139376215921352
-21.751153982675774,2.040299938049956,-0.01643055895735687,-0.014280985672751517,0.0025886121640759895,der letzt+en,11.340894641398226
-22.04114360317118,2.189552792847806,-0.006873315912946227,-0.019002316533937844,0.005066255833685942,letzt+en tag+en,11.014750856772883
-17.931198159841124,0.07266013905555102,-0.005267019997010415,0.0004711813483441185,0.01329804545992134,ruhige,15.637828063109364
-17.931198159841124,0.07266013905555102,-0.005267019997010415,0.0004711813483441185,0.01329804545992134,tag+en ruhig+e,15.637828063109364
22.973443334053652,-21.002499337636895,0.006430809893517235,0.06853588473968883,0.052250458816794895,Herbstwetter,61.652503972226185
-18.25586015945254,0.2396742568876924,0.0063166324631012405,-0.006744496016223435,0.014672980500716717,ruhig+e herbst+wetter,15.272728192155832
-18.941117233642082,0.5900624918318851,0.06062406619190004,-0.043542823745899906,0.017175732143173805,herbst+wetter woche+n+ende,14.503098053516407
-16.810019866534063,-0.5148536758006159,0.1448464979857486,-0.07920492258023104,0.032754777809762325,woche+n+ende sturmbö+en,16.903601062056676
-19.208006875120024,0.7207658323379444,0.13387313171555695,-0.08722310661036214,0.02389694892205483,durcheinandergewirbelt,14.2059937181597
-19.208006875120024,0.7207658323379444,0.13387313171555695,-0.08722310661036214,0.02389694892205483,sturmbö+en durcheinander+ge+wirbel+t,14.2059937181597
-18.442499324880202,0.3364606231587528,-0.015666841851899985,0.01741113837666681,0.021999567001629382,hin+zu+füg+en der,15.062480669316137
-27.445324229574048,4.969838911023229,0.01854336718343717,-0.08419688147472987,-0.007934411587406567,Fährver…,4.937336310949532
-27.445324229574048,4.969838911023229,0.01854336718343717,-0.08419688147472987,-0.007934411587406567,auswirkung+en fährver…,4.937336310949532
-27.482632114355955,4.989436432294258,0.01225314482762406,-0.08041693050534904,-0.008166120199963236,+1604,4.895194827826778
-27.482632114355955,4.989436432294258,0.01225314482762406,-0.08041693050534904,-0.008166120199963236,fährver… +1604,4.895194827826778
-27.50372010028713,5.000481422781043,0.009001513026434625,-0.0785008117303998,-0.008300712649405687,+1604 char+s,4.871389558509669
-11.824616755323266,-3.0732162726211847,-0.03518014161756539,0.034339109712301766,0.015837209800942387,erwart+et hier,22.507090596943257
-17.667230823529323,-0.06282763302154581,-0.02159821852381564,0.03656463423570399,0.032929156276842314,sie schwer+e,15.934526293143593
-15.196762493354473,-1.335668304408136,-0.021579094219446857,0.04163846022242093,0.033558032319723145,Stürmisches,18.71361446901832
6.484220943759642,-12.506488558659903,-0.03365831948960152,0.054345341856640444,0.021327512612637167,stürmisch+es wetter,43.10320589532934
121.64321354550795,-71.84115069858318,0.013660721564763403,0.08030905110033078,0.05737644668422189,wetter sturm+flut,172.64930959856963
10.699318748422659,-14.678281439125552,-0.03117671058789528,0.06067401332302497,0.021663260091750996,sorgen,47.8449062097081
-8.571600121578548,-4.749210070325072,-0.012758124358763896,0.055846743035481296,0.043693179405654356,sturm+flut sorg+en,26.166465522220058
-13.176676012868747,-2.3764817356655445,-0.016538596933369905,0.04787651998021995,0.03922871462865492,sorg+en niedersachsen,20.986065631821912
-5.256624974672178,-6.4570933309346685,-0.002509161130281169,0.03512782066162381,0.03029684000458938,Bremen,29.895536106593575
-10.443250309452505,-3.784909425181638,-0.0039170062322302366,0.02115101198779649,0.02197959914313681,niedersachsen bremen,24.06101756472453
-11.156744475774467,-3.4171962818004804,-0.009942873626092525,0.04637763021444574,0.03981164578767615,ungemütliches,23.25833583848542
-18.580828622833025,0.4078646449115837,-0.02288535601577204,0.033590473420250844,0.031279493731542256,bremen un+gemütlich+es,14.906805188769678
-15.501585551849196,-1.1786123946016893,-0.018934257613129526,0.042601338108431745,0.036285836944577265,un+gemütlich+es woche+n+ende,18.370709345864327
-21.697039490910925,2.0132614544966234,-0.02833098755034716,0.020648370197221627,0.024129698338528557,Bewohner,11.401374103301922
-21.697039490910925,2.0132614544966234,-0.02833098755034716,0.020648370197221627,0.024129698338528557,urlauber bewohner,11.401374103301922
-21.971299826983024,2.1545425551837347,-0.028914169141815757,0.019231092241283585,0.02334934393638248,bewohner sogar,11.092863374000828
-22.244470323721956,2.2952596024555394,-0.0295166710712622,0.017760967861993986,0.022540394223522567,möglichen,10.78557980870466
-22.244470323721956,2.2952596024555394,-0.0295166710712622,0.017760967861993986,0.022540394223522567,sogar möglich+en,10.78557980870466
-22.489939699077258,2.4217046282706587,-0.03007772500185736,0.016386683222243723,0.021784632913416636,möglich+en einschränkung+en,10.509457778486656
-22.895190454892152,2.630449741637353,-0.03104798508845066,0.013998243072211598,0.020472165204469817,Fährverkehr…,10.053604543457801
-22.895190454892152,2.630449741637353,-0.03104798508845066,0.013998243072211598,0.020472165204469817,einschränkung+en fährverkehr…,10.053604543457801
-26.361327860245087,4.4152968762662015,-0.04282204404408429,-0.016078672901955166,0.004035116257251222,+1424,6.15492131109791
-26.361327860245087,4.4152968762662015,-0.04282204404408429,-0.016078672901955166,0.004035116257251222,fährverkehr… +1424,6.15492131109791
-26.416694377318393,4.4437919581251,-0.04308878709249883,-0.01678210540618187,0.0036523282661948334,+1424 char+s,6.092652544762191
-24.26882535589375,3.336921441580408,-0.052012250677879145,-0.015976889350182016,-0.01158887022344247,der vergeh+en+en,8.508953318624512
-24.69170935172751,3.5549304210550368,-0.04911469925264752,-0.014993604124509646,-0.007353090472521747,vergeh+en+en tag+en,8.03318099843817
-25.63606403885956,4.039973576003864,0.005141483661071313,-0.05329687462810351,-0.0025963201816675795,woche+n+ende niedersachsen,6.971553538579752
-19.398499261016706,0.8267359923260731,0.055073713284253534,-0.02624784623820188,0.029071680764069702,bremen sturmbö+en,13.988106080395191
-26.361327860245087,4.4152968762662015,-0.04282204404408429,-0.016078672901955166,0.004035116257251222,+1384,6.15492131109791
-26.361327860245087,4.4152968762662015,-0.04282204404408429,-0.016078672901955166,0.004035116257251222,fährverkehr… +1384,6.15492131109791
-26.416694377318393,4.4437919581251,-0.04308878709249883,-0.01678210540618187,0.0036523282661948334,+1384 char+s,6.092652544762191
-7.05428592601443,-5.5309378786338375,-0.025240711420452554,0.05017772209937363,0.030608820708779013,Hagel,27.873318713106006
-19.715661642422752,0.9925244539664879,-0.024654601378159807,0.02944665905500163,0.028985345097611453,sturm+flut hagel,13.63021970302075
1.1442978872574905,-9.755106361858356,-0.004864587090111293,0.058150774922412655,0.03500308041369653,Orkantief,37.096135387784805
-21.124670564676897,1.7184066725695137,-0.027178157262090417,0.023433124407929898,0.02566441246413879,hagel orkan+tief,12.045225532763087
-22.370363743505322,2.360109533228619,-0.029802016757829574,0.01706265498752175,0.02215631664042158,orkan+tief feg+t,10.64396547710073
-21.405103650544987,1.8625594747557788,-0.042440127846361995,0.013643160550964678,0.009400638055326323,110,11.729915107890143
-23.561678438345485,2.973739966509923,-0.03277773912073609,0.00970405033344452,0.01811554859166863,feg+t 110,9.303902698252218
-23.38807154345359,2.875904561163951,0.10762881501239427,-0.08922278375547038,0.017776796104903743,km/h,9.50306282806012
-23.777765064771955,3.0850345834721074,-0.03337884386851525,0.008201208716035475,0.017291692877090047,110 km/h,9.060839444105898
-24.221041005340638,3.3132119372559314,-0.03898324455377525,0.0024483263599384894,0.010954390158767039,km/h norddeutschland,8.562284715184482
-9.819612766445832,-4.106178112971714,-0.013681872992517233,0.05394408116965768,0.04262538012154767,norddeutschland sturm,24.762533789152943
-20.441230815916413,1.3648017017260932,-0.07112329311218278,0.0005961358235411288,-0.020387316522024353,sturm regen,12.81472985927579
-15.67975004717307,-1.0870477045331182,-0.04066162185556048,0.029788757288166094,0.013318513471542916,regen hagel,18.170397264207015
-20.898947377692913,1.5971055418463758,-0.1144243574670347,-0.025446110466757904,-0.0663275898923572,hagel wer,12.301455210902265
-21.02575127128813,1.6577951796975592,-0.15142807379023973,-0.04659858759298949,-0.10546454258657939,wer norden+-,12.16094394142673
-21.459577068233493,1.8755323627082943,-0.1854786363797256,-0.0670436207293439,-0.14166135934580457,lebt,11.675576759094486
-21.459577068233493,1.8755323627082943,-0.1854786363797256,-0.0670436207293439,-0.14166135934580457,ostsee leb+t,11.675576759094486
-19.92110893154273,1.0962006388026504,-0.0818783597958626,-0.0038808356400878707,-0.03150666190185046,stürmischen,13.400114357801467
-22.428903754292378,2.386206281287481,-0.10338176545812865,-0.025164635394739288,-0.05557599277230693,leb+t stürmisch+en,10.579988138029844
-22.72360577544172,2.539118444848678,-0.0904549794954911,-0.019161772849217842,-0.042132736264564874,stürmisch+en tag,10.247976150972566
-22.81206779287148,2.584935573069444,-0.0872223926487304,-0.017734386831727914,-0.03878369224963232,tag ein+stell+en,10.148352865666507
-23.27442629294638,2.8224449042907533,-0.09477084101713867,-0.02424156975477866,-0.04711285969298691,besonders windig,9.628560914447446
-17.86548247344225,0.037952304420154626,-0.06988619376265172,0.008462054000898424,-0.018095831147954846,Orkanartige,15.712142254091463
3.7578530430253174,-11.102349450561142,-0.030020014591378315,0.014700866710128858,-0.02672159596260065,Böen,40.03651246482198
-23.631567257221466,2.9913928477647014,-0.19891208007607436,-0.06808876534946166,-0.16741676759685808,orkan+artig+e böe+n,9.233719944272076
-27.319728422679034,4.905396930138439,-0.09004997260966961,-0.054158940490948534,-0.04796106982229141,böe+n teils,5.078494679145467
-27.36884918929958,4.930954581352726,-0.0869196503958722,-0.05303379049151706,-0.04477952130693576,teils 110,5.023122796339082
-27.383335729468815,4.9384840509131305,-0.0860629375553497,-0.05274178854312059,-0.04391198722903837,Kilometer,5.006796333678207
-27.383335729468815,4.9384840509131305,-0.0860629375553497,-0.05274178854312059,-0.04391198722903837,110 kilo+meter,5.006796333678207
-22.413707568076422,2.3812229079324885,0.017089997489071404,-0.020265592774848032,0.0017820228944888175,pro,10.595775791421838
-27.41837586567191,4.956683185050988,-0.08410505037719605,-0.05210449844843375,-0.041935398223394774,kilo+meter pro,4.967311847468044
-22.261935263600225,2.30248441723288,0.031673061516949624,-0.027441972760969574,0.002487238407356155,Stunde,10.766758089825203
-22.261935263600225,2.30248441723288,0.031673061516949624,-0.027441972760969574,0.002487238407356155,pro stunde,10.766758089825203
-27.45512804542068,4.9757533956777165,-0.08221249835073499,-0.0515339000402857,-0.04003388651360536,ziehen,4.925906502293372
-27.45512804542068,4.9757533956777165,-0.08221249835073499,-0.0515339000402857,-0.04003388651360536,stunde zieh+en,4.925906502293372
-24.176884484457357,3.2863423045781905,-0.10373342988432008,-0.034459581802158065,-0.05757547101940619,übe…,8.61385654653636
-27.477160285231708,4.987176417876772,-0.08079552155747877,-0.051465354499412044,-0.03895023245941194,zieh+en übe…,4.901089062560019
-27.495379655239002,4.996617459512732,-0.07953700483843305,-0.051515699832861056,-0.038089802664656974,+2034,4.880568871034404
-27.495379655239002,4.996617459512732,-0.07953700483843305,-0.051515699832861056,-0.038089802664656974,übe… +2034,4.880568871034404
-27.51315520344533,5.005824558578082,-0.0783384242461006,-0.05158890841469577,-0.037286438470616856,+2034 chars,4.8605503703167345
-25.045434038589566,3.7371681200144606,0.014571171733742887,-0.021673853396918435,0.007437381462436395,böe+n 100,7.63527349163518
-24.935149826752436,3.680181678848294,0.020640470092352304,-0.023680386140903648,0.00770847021370432,Kilometern,7.759411217182934
-24.935149826752436,3.680181678848294,0.020640470092352304,-0.023680386140903648,0.00770847021370432,100 kilo+meter+n,7.759411217182934
-24.569277397013234,3.490567752844358,0.04761118594359246,-0.035245547192798765,0.008449869511553555,kilo+meter+n pro,8.171500465851718
-23.86119862818233,3.1152596903134597,0.15638128144247554,-0.09890936805434161,0.009694755938620039,stunde sturm+tief,8.97285519667039
-15.893714807280086,-0.9800577499404888,0.09985985600001618,-0.004432480811372735,0.02700751664448115,sturm+tief feg+t,17.931200954376266
-15.864690245572392,-0.9973719577234998,0.021664519806680695,0.17699084289799807,0.0029378451071116578,deutschland verletz+t+e,17.964898417536038
-13.2912971911137,-2.3205774496569855,0.008982129214678457,0.1448148364899744,0.016078204607554984,verletz+t+e fähr+ausfall+e,20.858553986323344
-21.565084293890926,1.945285840142338,-0.028057747949997533,0.021310452023652834,0.024494407052947843,küste erreich+t,11.549808636576845
-24.23112256817123,3.318523463861516,-0.0347129895228888,0.004846668398919576,0.015454316665106658,doch bislang,8.550889194843322
-21.178998720802422,1.7458372138107254,-0.03820793818323871,0.008118660125348877,-0.010485416746232563,stürmischer,11.984373767587327
-24.629398457889906,3.523871559757151,-0.03343075853952081,0.01134590839976337,0.011286217541657796,bislang stürmisch+er,8.102790838396903
-24.928088389834045,3.67791009494672,-0.027236550871308562,0.017997622817324914,0.006799540530113706,stürmisch+er tag,7.766719581079117
-25.078225132659327,3.7553356230625003,-0.01812744464741592,0.022243074132307437,0.003335169960610177,Buche,7.5977941936863695
-25.17008182922902,3.8026872611860134,-0.010162451067612124,0.027574707363447307,0.00024817266143057487,buch+e steh+en,7.4944505383424485
-25.251390769661775,3.8445207178565384,0.0010712087635834627,0.03803504987728596,-0.004347262629474092,steh+en bereits,7.403009974471453
-2.2221316540030926,-8.021071847788802,0.0033824113903367196,0.08333983399695119,0.0422397800699246,mehrere,33.309347491608875
-25.291613887868547,3.8647314959568915,0.018792328347391245,0.06284743155858724,-0.01258083108007892,bereits mehrere,7.357993857949809
-25.669375476278613,4.057305894536819,0.07235306847555582,-0.006812283371549661,-0.009951700010498634,Sachschäden,6.933997355653365
-25.669375476278613,4.057305894536819,0.07235306847555582,-0.006812283371549661,-0.009951700010498634,verletz+t+e sachschäden,6.933997355653365
-21.909703222850332,2.120384834670908,0.07943452410978703,-0.0003079693597002123,0.00470701966814948,sturm+tief deutschland,11.163273362699949
-22.03924407466603,2.1886157094697616,0.04819145765289999,0.01989743349979981,0.0009672514204650019,hinweggefegt,11.016863588478884
-22.03924407466603,2.1886157094697616,0.04819145765289999,0.01989743349979981,0.0009672514204650019,deutschland hinweg+ge+feg+t,11.016863588478884
-21.757367328833247,2.0440797230037733,0.011570091885041274,0.056551037278358404,-0.007267727975140966,hinweg+ge+feg+t mehrere+n,11.33362884883886
-20.482464428077463,1.3781649968089695,0.01961719797196647,0.20274123451284953,-0.03737116664004024,bund+es+land+ern schaden,12.771921777272961
-19.655412931999862,0.9482504481857692,0.09714287951231015,0.20483318980485424,-0.04923846899918721,schaden an+ge+richt+et,13.704035368408135
-12.651579249670796,-2.6504880808018036,0.058127138726221536,0.12256310818582479,-0.004429845175198063,Mindestens,21.578339779944322
-19.85171637836138,1.062234358840361,-0.04717103690641235,0.03707270314213245,-0.007709080844581013,mindestens zwei,13.477348347303607
-1.998756659683231,-8.135635791734675,-0.00901971549534289,0.05103733382178266,0.027809673654525673,zwei mensch+en,33.560394724033294
-12.3128732030798,-2.8217129317010112,-0.04043009934090697,0.039132823492607646,0.011870687632241538,mensch+en werd+en,21.9578648126888
-14.524245396923462,-1.6828477670734046,-0.05697294210633287,0.02254619340622727,-0.0036622415828035625,werd+en verletz+t,19.470464779462883
-13.922328507393424,-1.9924753963927682,-0.03951448968301831,0.03351979178517776,0.014866771586336588,nordseeküste geb,20.14734599340946
-10.361665809562364,-3.8268887586031255,-0.014104060138532253,0.05306429842752435,0.04213207088465025,geb sonntag,24.15276024498015
153.22963947083556,-88.11555996749763,0.016227868005888362,0.07692909539420874,0.05535854715188718,sonntag sturm+flut,208.1818116955558
-19.715661642422752,0.9925244539664879,-0.024654601378159807,0.02944665905500163,0.028985345097611453,+4112,13.63021970302075
-19.715661642422752,0.9925244539664879,-0.024654601378159807,0.02944665905500163,0.028985345097611453,sturm+flut +4112,13.63021970302075
-20.960539715313047,1.633853303434213,-0.026862413445604014,0.024191821876238463,0.026082876685659125,+4112 chars,12.229855270791823
9.642461515042054,-14.134417762154044,0.004410779001118897,0.07676736870758781,0.0745872525676563,Experten,46.656313363695915
-15.607707125601411,-1.123935673282885,-0.01905395027435103,0.04233378151162666,0.03613681886889333,wetter experte+n,18.251330467708193
-6.223512456144665,-5.959053830475694,-0.011179324763903488,0.05902255449868879,0.04547839076190882,experte+n rechn+en,28.807910834661868
1.9423593214496755,-10.166504850706573,-0.0068470311711800475,0.06714934687444454,0.05006330948100048,rechn+en leicht+en,37.993990903114664
24.647367300114173,-21.865178862669254,0.0005119436395399392,0.07809387118370119,0.056270713116437866,leicht+en sturm+flut+en,63.535647094654934
9.495760187811324,-14.058453372570543,-0.0026128819631347283,0.0768489337207709,0.05175923796141373,sturm+flut+en küste,46.491113509641075
-21.279593693749394,1.7982159577498456,-0.027482066076018708,0.022701222306708634,0.025260865269459244,küste norderney,11.87095380176549
-18.840211749079927,0.5414989964804438,-0.02327192526504919,0.03269043802102313,0.03078078874656726,norderney lni,14.615021676160534
-15.211518723742088,-1.3280630170038492,-0.01861213845732359,0.043319578330522676,0.036685982255062304,lni der,18.697013096800706
7.740656648721558,-13.154066374304183,-0.004494216190473588,0.07111333769959387,0.052308060878647374,der sturm+flut+en,44.516702126208074
-11.318138844883073,-3.3340733150749795,-0.014883164684036701,0.051424762227281734,0.04121348518276176,sturm+flut+en woche+n+ende,23.076792381065303
-15.345698765008635,-1.270387928757291,-0.16807085173727807,-0.041293811290644786,-0.12107574611313854,woche+n+ende nordseeküste,18.551346998484373
-17.642016839724405,-0.07765132041195333,-0.0783163489512512,0.004199132988738391,-0.026925824427609855,nordseeküste soll+en,15.96374048834249
-18.939760469829892,0.5918966867267166,-0.05931982855870716,0.011761521908632312,-0.007304012845667816,schwächer,14.50345249317181
-18.939760469829892,0.5918966867267166,-0.05931982855870716,0.011761521908632312,-0.007304012845667816,soll+en schwach+er,14.50345249317181
-18.682958156232374,0.4568986185723718,0.044502585072783825,0.1158720784083944,-0.03287828629735588,ausfallen,14.793553322879278
-19.675032706724938,0.9709567117443276,-0.052582086376284115,0.013541816598855345,-0.00047719072030469323,schwach+er aus+fall+en,13.676220276629678
-20.478264083264463,1.3849380852564552,-0.04732900112055061,0.01406129520994031,0.004714050301151844,aus+fall+en bisher,12.772582029846298
-20.810512507742715,1.5561537833578054,-0.04565770986313352,0.013911244504889696,0.006317123016459047,bisher erwart+et,12.398812187425186
-21.37601763637329,1.8475486107988974,-0.04336942393317553,0.013217627897973781,0.008435671971612706,Niedersächsische,11.762646316307482
-21.37601763637329,1.8475486107988974,-0.04336942393317553,0.013217627897973781,0.008435671971612706,der niedersächsisch+e,11.762646316307482
-25.694264632819525,4.071414937908335,-0.0523627256048606,-0.015555182772030926,-0.004959489337942279,niedersächsisch+e kopier+e,6.905407134891899
-26.23398191573566,4.343814664486543,-0.11767717797919715,-0.05757911235662477,-0.07484960822301852,hin+zu+füg+en orkan+artig+e,6.300878828879656
-26.284520125849692,4.361914559791563,-0.17015067433790224,-0.08750641626950248,-0.13040908174107405,böe+n sorg+en,6.247673217028039
-26.040361448849897,4.192713783524464,-0.32513109391823825,-0.16928813271026255,-0.2938655605499736,sorg+en nordsee,6.542241571084974
-26.45298729195295,4.444975118430298,-0.1886527887257662,-0.0994702119609665,-0.15028655733240817,windiges,6.059876130201701
-26.45298729195295,4.444975118430298,-0.1886527887257662,-0.0994702119609665,-0.15028655733240817,nordsee windig+es,6.059876130201701
-26.5804094054195,4.516503315173377,-0.15638121022323748,-0.082839966094092,-0.1164151391550777,windig+es wetter,5.913838139858974
-26.746463524335283,4.606486412624159,-0.1256973973035556,-0.06740325058181658,-0.0843144593039146,laut aktuell+en,5.725006186169079
-26.824010916397164,4.6477087059546065,-0.11511104616982533,-0.062290951824851865,-0.07328718477587078,aktuell+en prognose+n,5.637188595388782
-26.94361941943584,4.710690458001965,-0.10226994871952268,-0.05639271395451248,-0.05997414588408642,jedoch,5.5020145269609575
-26.94361941943584,4.710690458001965,-0.10226994871952268,-0.05639271395451248,-0.05997414588408642,prognose+n jedoch,5.5020145269609575
-27.007909801080253,4.74433524039493,-0.09674190437602254,-0.05401484911164639,-0.054275608308150355,jedoch leicht+e,5.429453235268535
-27.051461882096195,4.767066728471716,-0.09343699223121756,-0.05266072162288615,-0.050882277041275986,leicht+e überschwemmung+en,5.380325968916693
-20.422193355796956,1.3561792585750831,-0.04336132350426389,0.01668168293554677,0.009980345592690697,geben,12.835596815724696
-27.136679886539106,4.8114348056663445,-0.08783268592509398,-0.0505197139901187,-0.045158967098961514,überschwemmung+en geb+en,5.2842497974596725
-27.205009097533367,4.846926594278361,-0.084032385392895,-0.04921691506239337,-0.04130759065612652,+1153,5.207252604897808
-27.205009097533367,4.846926594278361,-0.084032385392895,-0.04921691506239337,-0.04130759065612652,der +1153,5.207252604897808
-27.23080421077799,4.860309571462342,-0.0827351106807167,-0.04880815273815772,-0.04000002370097733,+1153 char+s,5.17819239830227
-22.27018154634734,2.3085039597834784,-0.029574543921181376,0.017619444776193163,0.022462546352792313,sie experte+n,10.756657879422269
-25.696775773490288,4.072768184387622,-0.05107504550129599,-0.014836046827043023,-0.0036026839501520046,Landesbetrieb,6.902554819102221
-25.696775773490288,4.072768184387622,-0.05107504550129599,-0.014836046827043023,-0.0036026839501520046,niedersächsisch+e land+es+betrieb,6.902554819102221
-25.957660199725083,4.207135354430439,-0.05031054869314533,-0.01662568213018635,-0.0031939558570539643,Wasserwirtschaft,6.609101195518003
-25.957660199725083,4.207135354430439,-0.05031054869314533,-0.01662568213018635,-0.0031939558570539643,land+es+betrieb wasser+wirtschaft,6.609101195518003
-26.174593332202395,4.318847918001227,-0.0499198178778398,-0.018373449207788176,-0.0031380141970726687,Küsten-,6.365093998838826
-26.174593332202395,4.318847918001227,-0.0499198178778398,-0.018373449207788176,-0.0031380141970726687,wasser+wirtschaft küste+n+-,6.365093998838826
-26.300535452028605,4.383695972001448,-0.04978867991506533,-0.019497411955378866,-0.0032182076991510676,Naturschutz,6.223437294672589
-26.300535452028605,4.383695972001448,-0.04978867991506533,-0.019497411955378866,-0.0032182076991510676,küste+n+- natur+schutz,6.223437294672589
-26.42338716625419,4.44694730593702,-0.04972576163309848,-0.02067249641310255,-0.0033739677682597564,NLWKN,6.085259126892892
-26.42338716625419,4.44694730593702,-0.04972576163309848,-0.02067249641310255,-0.0033739677682597564,natur+schutz nlwkn,6.085259126892892
-26.484495233214908,4.478407293382561,-0.04971781896202809,-0.021286407166889912,-0.0034795587507258467,nlwkn warn+t,6.016528431762408
-26.558495087690336,4.516502417285837,-0.049728620345237465,-0.022056403223509366,-0.0036322039287302148,+998,5.93329869572538
-26.558495087690336,4.516502417285837,-0.049728620345237465,-0.022056403223509366,-0.0036322039287302148,warn+t +998,5.93329869572538
-26.59757224895691,4.53661848982499,-0.049743257361282815,-0.022474899866796128,-0.0037237110812214404,+998 chars,5.889347895869983
-10.585874416136953,-3.7308678841900296,0.24683178855108934,-0.06377416804781355,0.01841261637880704,wetter sturm+tief,23.90950528527287
-6.534696664292202,-5.7986672332946085,-0.0068746169534825785,0.0375407203123761,0.044246205567885166,Europa,28.457830206761482
-14.123913658697038,-1.888492636951792,-0.016393823218950457,0.02465176332850835,0.021349032396649547,sturm+tief europa,19.92052402832968
-6.553676290289918,-5.790122893775241,-0.07394466905206824,0.022862410520782243,-0.020752688216756552,europa nordsee,28.437052750130402
24.647367300114173,-21.865178862669254,0.0005119436395399392,0.07809387118370119,0.056270713116437866,nordsee sturm+flut,63.535647094654934
-10.567720817194118,-3.7207203540220757,-0.014268121184014208,0.052720750911581314,0.04193951242499973,Flugzeuge,23.920962151136344
-12.852566707913404,-2.5434749828001735,-0.016235101366744796,0.04853330204114114,0.0395957697217396,erwart+et flugzeug+e,21.350666053028625
18.661426218473533,-18.780880334906545,0.003745110148693786,0.07507121147860937,0.04968016694715601,bleiben,56.8018244924275
-13.135813617028326,-2.3975355546524497,-0.01649996310939256,0.047960276856083756,0.03927551555100209,flugzeug+e bleib+en,21.032032976486274
-14.91452740288733,-1.4810817672971481,-0.018289734908665534,0.044035766242983304,0.037085151866247605,bleib+en boden,19.031106593637983
-15.747097620360574,-1.052117993193452,-0.019212706508359517,0.04197834680912408,0.03593889205098499,boden fähre+n,18.094526571758834
-3.2522068124098027,-7.490012592577351,-0.00942491710437217,0.062426444007256145,0.047395874216963174,Hafen,32.15043773733141
-16.69128826251049,-0.5656490519690651,-0.0203368947386657,0.03944373144265456,0.034528640033940565,fähre+n hafen,17.03238407767589
-8.311653852714684,-4.8835397256295074,0.014956975414193358,0.015649290551709896,0.0502767713405757,Stürme,26.459076022471677
-16.048363066438306,-0.8968984275031211,-0.019561961625821488,0.041194200879252595,0.03550237738693607,sturm+e etwa,17.75562562465883
-10.270824983579228,-3.873642841160061,-0.010994103556766145,0.04668269676740364,0.03864070476572623,Großbritannien,24.25492845216798
-16.413330752421274,-0.7088586101652394,-0.01999675482409774,0.04021383445511485,0.03495690755468218,etwa großbritannien,17.34506480443386
7.579090467554945,-13.070755468226661,-0.0005649861176680402,0.06780630692059766,0.05058783107531656,Norwegen,44.33492206507287
-13.665196522966838,-2.124773400635842,-0.020000652771498276,0.04513106668771576,0.03550030477073104,großbritannien norwegen,20.436512667438723
-5.491143948720186,-6.336568777735241,0.0250730894003491,0.034461391406299335,0.043624210145927406,Niederlanden,29.63185925443211
-14.7352408428711,-1.573444625969211,-0.01763322341255701,0.04091601341793343,0.03469221128977901,norwegen niederlanden,19.23278683248879
-15.40948112435904,-1.2260571402705356,-0.015006036605435265,0.037239292825643415,0.03406879055378685,schwer,18.474316851680246
-15.40948112435904,-1.2260571402705356,-0.015006036605435265,0.037239292825643415,0.03406879055378685,niederlanden schwer,18.474316851680246
-15.86323029397964,-0.9922815844733925,-0.012560186705527469,0.03418337816809393,0.03359668101783237,schwer schaff+en,17.963887046764942
-20.732199592877272,1.5160181115344953,-0.00454731221076355,0.009374622525629143,0.026451733178511235,auch norden,12.486810706216144
14.450874879855515,-16.611027316151286,-0.0004701199328857337,0.05362482862034796,0.028460655735703062,norden deutschland+s,52.065059332463846
-23.06648880391074,2.7175474737252836,0.017564520154427037,-0.02251576476276601,0.01944588481708713,deutschland+s geb+t,9.86144631375058
-23.15686994599327,2.763368194491197,0.03227553777100148,-0.03381018522047703,0.01901791665375576,geb+t auswirkung+en,9.76011856856115
-26.40289019898588,4.431302728902424,0.09455627902925803,-0.06695557963990764,-0.007921508935059458,derzeit,6.1106591354913355
-26.491845815621048,4.4744585451543575,0.08338870287629703,-0.10910460305048492,0.0019587952191499614,feg+t derzeit,6.011822955781917
-26.64576212981197,4.557147975379019,0.04744150080351833,-0.08614107086124081,0.001072617047015622,Nordwesteuropa,5.837121531755631
-26.64576212981197,4.557147975379019,0.04744150080351833,-0.08614107086124081,0.001072617047015622,derzeit nordwest+europa,5.837121531755631
-18.078596140339556,0.1465472714475231,0.08269638498285188,0.03665664881689253,-0.012087210904761964,hinweg,15.47295694498879
-26.7759819167812,4.625755961856015,0.025734431339639034,-0.07289058503065665,0.00025554960695746073,nordwest+europa hinweg,5.689936790016246
-26.855901222911235,4.667507705619915,0.015412685447036431,-0.06692515506659102,-0.00028159245362551627,hinweg bring+t,5.599768647602079
-26.90220703337688,4.69161689158745,0.01024610097124002,-0.06406382517910908,-0.00060518004584292,teilweise,5.54756231732859
-26.90220703337688,4.69161689158745,0.01024610097124002,-0.06406382517910908,-0.00060518004584292,bring+t teilweise,5.54756231732859
-26.986788786475827,4.735541330110651,0.002056855452098853,-0.05975972387670593,-0.001219053228052578,teilweise verkehr,5.4522547810518605
-27.052501262688462,4.769590566136311,-0.0033899867309901462,-0.05710012281140424,-0.001715796839991686,Erliegen,5.3782443590072635
-27.052501262688462,4.769590566136311,-0.0033899867309901462,-0.05710012281140424,-0.001715796839991686,verkehr erlieg+en,5.3782443590072635
-27.155869379021873,4.823055761552473,-0.01069176004439942,-0.053879250184050126,-0.0025312841123542144,während großbritannien,5.261867234179752
-27.22665345261551,4.8596177432088155,-0.014978145243822114,-0.05222683882961954,-0.0031133405471195676,Irland,5.182197804782752
-27.22665345261551,4.8596177432088155,-0.014978145243822114,-0.05222683882961954,-0.0031133405471195676,großbritannien irland,5.182197804782752
-27.287883244276216,4.891219992147297,-0.018307653881760935,-0.051097413379619094,-0.0036322091236222036,irland niederlanden,5.1132933553815905
-27.33748023076919,4.916804469235041,-0.020784504422753085,-0.050360628318796063,-0.004062964915714933,niederlanden bereits,5.057486144831521
-13.886497561957455,-2.011101619034635,0.022458547867661376,0.021557054348668007,0.03612023439767296,Stromausfälle,20.187730701030624
-27.366566911564345,4.931803777132284,-0.022155505678529863,-0.04999568761329541,-0.004319961618799956,bereits strom+ausfall+e,5.024759709172119
-22.44514734774024,2.398449866389912,-0.011935962589547395,0.003559432913699208,0.02175121411864646,Flugausfälle,10.559929723343593
-27.418441946434157,4.958546411978716,-0.024465804897623532,-0.04945780559838872,-0.0047863882546209345,strom+ausfall+e flug+ausfall+e,4.966397033263252
-27.4734523129856,4.98689532531897,-0.026745848233637896,-0.049032639478886086,-0.005292427639691209,Ver…,4.904511548585296
-27.4734523129856,4.98689532531897,-0.026745848233637896,-0.049032639478886086,-0.005292427639691209,flug+ausfall+e ver…,4.904511548585296
-27.491544423863658,4.996206542115877,-0.027156824675878224,-0.04914501886884862,-0.005465181362049824,+3562,4.884164017210597
-27.491544423863658,4.996206542115877,-0.027156824675878224,-0.04914501886884862,-0.005465181362049824,ver… +3562,4.884164017210597
-27.5091317008601,5.005254931540449,-0.027474341533196032,-0.049316566586102756,-0.005635201291806179,+3562 char+s,4.864385647830092
-19.448810589278338,0.8550459434630593,-0.024219701156848017,0.030470997445165546,0.029552000346070088,unwetter woche+n+ende,13.930402440832912
-9.819612766445832,-4.106178112971714,-0.013681872992517233,0.05394408116965768,0.04262538012154767,woche+n+ende sturm+flut+-+warnung,24.762533789152943
-20.71562509069093,1.5006183561393538,-0.1371146976630681,-0.03582415283507459,-0.07876227655204358,sturm+flut+-+warnung nordseeküste,12.508613702365862
-17.667230823529323,-0.06282763302154581,-0.02159821852381564,0.03656463423570399,0.032929156276842314,nordseeküste schwer+e,15.934526293143593
-19.448810589278338,0.8550459434630593,-0.024219701156848017,0.030470997445165546,0.029552000346070088,nordseeküste woche+n+ende,13.930402440832912
-23.808745706230617,3.1005130791937336,-0.03353718633600625,0.06007570977522335,-0.03198492773787394,woche+n+ende droh+t,9.026205750189462
-23.81630491822004,3.1011886072135155,-0.011172526459961524,0.13629341159044284,-0.04532538473174698,droh+t hochwasser,9.019164533652146
-24.709545154387573,3.5647347551588595,-0.025534249269007953,0.06924344215150958,-0.024693080301747047,hochwasser meter,8.012822329191959
-24.337138983050075,3.367750292087584,0.006352312774936513,0.1699977513538533,-0.028599283701498588,normal fähr+verbindung+en,8.43407511357908
-23.9455485135828,3.1718377292641344,-0.028014626235676097,0.029255721907894685,0.011115329579632502,fähr+verbindung+en insel+n,8.871929052856382
-23.63452082188521,3.0114844749709366,-0.030018639875089004,0.020474376023995596,0.015050399475327943,insel+n brech+en,9.22186072754781
-21.69703949091092,2.0132614544966234,-0.02833098755034736,0.020648370197221887,0.02412969833852867,norderney niedersachsen,11.401374103301924
-18.489938366849145,0.36103773160362973,-0.022752216122176927,0.03389974427480176,0.03145091352766698,niedersachsen der,15.009048932039201
-19.715661642422752,0.9925244539664879,-0.024654601378159807,0.02944665905500163,0.028985345097611453,Herbstes,13.63021970302075
-19.715661642422752,0.9925244539664879,-0.024654601378159807,0.02944665905500163,0.028985345097611453,sturm+flut herbst+es,13.63021970302075
-21.416761532202955,1.868869985710008,-0.02489352358169006,0.019961889033850707,0.024868656403088416,herbst+es komm+t,11.716659252738664
-22.361596415075084,2.3550221810115852,0.0049673971817012046,-0.008038571827696593,0.021863883955113017,Dreierpack,10.654095106741156
-22.361596415075084,2.3550221810115852,0.0049673971817012046,-0.008038571827696593,0.021863883955113017,komm+t dreierpack,10.654095106741156
2.1222947066790034,-10.261126842064904,0.08197967030380857,0.010267302281915427,0.04731329671035761,sturm+tief detlef,38.197295633533926
-24.104379537774193,3.2519735853987126,0.01331882321182841,-0.0309643340776712,0.013656284886834584,detlef sorg+t,8.694046036432724
-24.44406190202461,3.4270665787530965,-0.011380815088452699,-0.031182754643593755,0.0004125706870018002,sorg+t woche+n+ende,8.311892783077623
-24.86249056353794,3.641655784004696,-0.04696857381998277,-0.0401489507352491,-0.026000348670742638,woche+n+ende heftig+e,7.841651340945109
-25.02942840643841,3.7264328486173466,-0.06789462932743778,-0.04860536611120357,-0.044490495214261766,heftig+e böe+n,7.654426668983794
-25.13048691006707,3.776970003975258,-0.08673615846117008,-0.05728980952280767,-0.06226683402899684,Dauerregen,7.541447491357891
-25.13048691006707,3.776970003975258,-0.08673615846117008,-0.05728980952280767,-0.06226683402899684,böe+n dauer+regen,7.541447491357891
13.364162435774059,-16.05443051278039,-0.08309666281408641,0.07782075162654092,-0.0644765047270523,hohe,50.844105785003535
-25.237393540285588,3.819749328256787,-0.17332921202023807,-0.10150412921502447,-0.14972654448960296,dauer+regen hoch+e,7.426835047309201
-25.10281176219908,3.7293137318274505,-0.2585506412972288,-0.14569477670834435,-0.23855610464326266,hoch+e pegel,7.587906972732132
12.132591333168545,-15.417241508024087,-0.05050276519290528,0.04394416241685825,-0.019669069292590855,Für,49.4574678150891
-25.584935954789227,4.004361024868297,-0.14364324502386103,-0.08406177999489026,-0.11580058827725753,für niedersachsen,7.033328156552926
-26.173560242402022,4.315282185670564,-0.08339740757159347,-0.05019027908350075,-0.048902901591433165,+3335,6.367655490364042
-26.173560242402022,4.315282185670564,-0.08339740757159347,-0.05019027908350075,-0.048902901591433165,bremen +3335,6.367655490364042
-26.24244959770806,4.351088636377272,-0.0799188985999021,-0.04827581087475498,-0.04486362678284181,+3335 chars,6.290016094484132
-5.782361208517475,-6.18635583225311,-0.0109030806921619,0.05956767102150769,0.04578518332470553,wetter bund+es+amt,29.30417738066395
19.159231978538774,-19.03744650455382,-0.0008922566937378962,0.0763700586023038,0.055291616265195014,bund+es+amt warn+t,57.36185628539192
-20.91088616357921,1.6079785484519151,-0.04168558894917533,0.01584426461940755,0.010459830525086287,hamburg der,12.285848369846951
10.855729691229339,-14.75909933855294,-0.0033980146706155175,0.07282716099493752,0.05328008119247728,nordseeküste sonntag,48.02095775502674
36.95542453260684,-28.20681872089701,0.0031584120337869413,0.08073429396184975,0.05776810466152785,sturm+flut ein+stell+en,77.38139169756558
24.546406623489847,-21.81315946913833,0.00048757307602675937,0.07806573030395642,0.05625473249540876,Betroffen,63.422073006617765
1.9869621152903285,-10.189486370715297,-0.006827073291002773,0.06718446094908163,0.05008317100768775,betreff+en sei,38.044166181277745
-2.673267294918837,-7.788310202767155,-0.009109688929740211,0.06302273543063197,0.04773221084630977,sei fluss+e,32.801707441181996
2.0844253172182086,-10.239704133025253,-0.006783575735259725,0.06726090811112176,0.05012641318769963,fluss+e elbe,38.15380602303396
5.814179317896706,-12.161437275520775,-0.006022394164865722,0.06946115220076371,0.050791805754922634,Weser,42.349532233923476
5.814179317896706,-12.161437275520775,-0.006022394164865722,0.06946115220076371,0.050791805754922634,elbe weser,42.349532233923476
3.168455671670234,-10.798160053962754,-0.011762132565477658,0.06494730026088896,0.044842129359124905,Ems,39.37323082563671
3.168455671670234,-10.798160053962754,-0.011762132565477658,0.06494730026088896,0.044842129359124905,weser ems,39.37323082563671
-3.4264226096881956,-7.400248209009812,-0.009521345107352018,0.062243067012868365,0.04729246679578532,teilte,31.954456182279447
-7.5638443145139895,-5.2684521269681195,-0.012056903830355773,0.057269592789158816,0.04449255158711239,ems teil+te,27.300124757375624
-25.000343809279787,3.7148776836001343,-0.035001764155919254,0.006953730359818326,0.009808510152266095,teil+te kopier+e,7.685558299654126
-24.67239433827829,3.5450067858681895,-0.030628060410368464,0.08608999406695986,-0.031126968169091242,hin+zu+füg+en orkanbö+en,8.054880434186783
-9.727851001627016,-4.1608644006130735,0.017240772731124836,0.19498421967089966,0.0008205396723169264,orkanbö+en fähr+ausfall+e,24.869131220785896
-11.255934119186733,-3.375279306610027,0.0033977752481354657,0.20566563661349171,-0.026332263813109647,fähr+ausfall+e hochwasser,23.150941045345327
-11.646027777270252,-3.1670249302709905,-0.07574243762343208,0.05154363898301192,-0.044561739531384995,hochwasser deutsch+en,22.708814227635006
0.4898909399101221,-9.417973274517614,-0.029191195433972198,0.05350798527805877,0.02652585971053112,nordseeküste droh+t,36.35999298367244
6.715359691152241,-12.625784478886445,-0.0048782171263083976,0.070491891457913,0.051955809982472505,droh+t sonntag,43.363309211223
-1.853190070150422,-8.210904427533308,-0.012049250085679601,0.07226939220674088,0.038330595256439975,Welche,33.72426423917789
-8.524378374397603,-4.773550664579931,-0.01796726780193039,0.062462478701300714,0.032376030740763714,welche ort+e,26.219591240217518
-9.941855662098533,-4.043187390185905,-0.01982239365397036,0.058296344353528366,0.031243890431044252,ort+e besonders,24.625016204130283
-23.925517217355566,3.1611318830190918,-0.03380238797431338,0.0071390802844165935,0.016709703025535323,deutsc…,8.89464253577544
-23.925517217355566,3.1611318830190918,-0.03380238797431338,0.0071390802844165935,0.016709703025535323,der deutsc…,8.89464253577544
-24.30986335445457,3.3590749376240754,-0.034955586055402846,0.004233912938729066,0.015118921027512907,+1902,8.462319972132253
-24.30986335445457,3.3590749376240754,-0.034955586055402846,0.004233912938729066,0.015118921027512907,deutsc… +1902,8.462319972132253
-24.527116600701174,3.470957308708288,-0.03564299556405773,0.0024930574130916303,0.014166423310318303,+1902 char+s,8.217950513737712
-18.489938366849145,0.36103773160362973,-0.022752216122176927,0.03389974427480176,0.03145091352766698,sturm+flut hier,15.009048932039201
-20.960539715313047,1.633853303434213,-0.026862413445604014,0.024191821876238463,0.026082876685659125,sie bund+es+amt,12.229855270791823
-12.68272922481474,-2.6309817313408583,-0.016078700613168705,0.048870691168213125,0.03978438343663977,teil+te bund+es+amt,21.541721462896916
-26.062348482165415,4.261409806138447,-0.0414433286625052,-0.012457905689062777,0.006006435174719337,+1753,6.491179098400016
-26.13285621624333,4.297702640297377,-0.0417594741681621,-0.013285927025721012,0.005555469987469634,+1753 chars,6.411879173290509
-18.489938366849145,0.36103773160362973,-0.022752216122176927,0.03389974427480176,0.03145091352766698,sturm+flut orkanbö+en,15.009048932039201
-26.062348482165415,4.261409806138447,-0.0414433286625052,-0.012457905689062777,0.006006435174719337,+1805,6.491179098400016
-26.13285621624333,4.297702640297377,-0.0417594741681621,-0.013285927025721012,0.005555469987469634,+1805 chars,6.411879173290509
-20.960539715313047,1.633853303434213,-0.026862413445604014,0.024191821876238463,0.026082876685659125,deutschland+s bund+es+amt,12.229855270791823
31.14503490618213,-25.22838762439038,-0.20401645430643733,-0.03572476849255217,-0.16007417823071912,Pegelstände,70.85215138650855
-18.20246131117205,0.21026707797133604,-0.09011981784245159,-0.0038342335006654113,-0.03955960766093028,sturm+flut pegel+stand+e,15.333668076961688
-22.52153258846879,2.4376579348841876,-0.043230672938960074,0.008686263283572755,0.007875430060847819,zweieinhalb,10.474069167843515
-22.52153258846879,2.4376579348841876,-0.043230672938960074,0.008686263283572755,0.007875430060847819,pegel+stand+e zweieinhalb,10.474069167843515
-14.304252267267426,-1.7962385326617891,-0.05864214127183569,0.028687173173180813,-0.009492390529400898,Metern,19.717960563178828
-23.349140849215914,2.862844864491465,-0.06817082905938993,-0.009491962897741714,-0.01908240030713469,zweieinhalb meter+n,9.543635017725462
-23.52854810436127,2.953902267091479,-0.08773406342132375,-0.021552907477104713,-0.039893370075669454,meter+n der,9.34245022165048
-23.27761629084796,2.8241830653904403,-0.09365965572100673,-0.023627868496523985,-0.04594193543430898,der deutsch+en,9.624928870523608
-20.960539715313047,1.633853303434213,-0.026862413445604014,0.024191821876238463,0.026082876685659125,sturm+flut fluss+e,12.229855270791823
-23.828279501021832,3.1110513876142134,-0.033522472310182044,0.007841325443355855,0.017094471458747026,ems betreff+en,9.00401891531255
-24.440044391675606,3.4258805560693766,-0.04306981645817647,-0.0012346091131492723,0.0064145490492871216,Fährbetrieb,8.316000019539878
-24.440044391675606,3.4258805560693766,-0.04306981645817647,-0.0012346091131492723,0.0064145490492871216,der fähr+betrieb,8.316000019539878
-24.799574160176043,3.609943306304329,-0.06646175835424303,-0.0169716121248817,-0.018689186565682057,fähr+betrieb vielerorts,7.9120995176275475
-24.43643200077519,3.4224328458975637,-0.0743873850355578,-0.019146080747164423,-0.026660305837336005,eingestellt,8.320796360494672
-24.43643200077519,3.4224328458975637,-0.0743873850355578,-0.019146080747164423,-0.026660305837336005,vielerorts ein+ge+stell+t,8.320796360494672
-22.6037177836735,2.48031260069632,-0.03034443002984243,0.01573163044665009,0.02142454995160047,+1642,10.3814722070588
-22.733244183161027,2.5470319494923155,-0.030653394996114695,0.014971374198917496,0.021006756640961206,+1642 chars,10.235772151470222
-20.64816720864801,1.471667117380556,-0.06625765380754461,0.0026856392817905875,-0.015349829680067591,nennt,12.581828146523447
-20.64816720864801,1.471667117380556,-0.06625765380754461,0.0026856392817905875,-0.015349829680067591,bund+es+amt nenn+t,12.581828146523447
-19.12784175536373,0.6858144285403851,-0.10410208069719805,-0.014151332194462643,-0.0546454537936054,nenn+t pegel+stand+e,14.29325161797795
-9.819612766445832,-4.106178112971714,-0.013681872992517233,0.05394408116965768,0.04262538012154767,pegel+stand+e sturm+flut,24.762533789152943
-22.88170269971595,2.62233573702502,-0.015187094425142992,-0.025241107511942376,-0.002472410949876172,erwart+et ein,10.069321183542643
-17.174430663460463,-0.3180422917850221,0.019509102324387177,-0.0180684916151677,0.011282074826497141,aktuelles,16.48950440409852
-17.174430663460463,-0.3180422917850221,0.019509102324387177,-0.0180684916151677,0.011282074826497141,ein aktuell+es,16.48950440409852
-17.6582894776461,-0.07989120858383192,0.14550403201306594,-0.10236144731798766,0.01527645959015675,aktuell+es sturm+tief,15.950323486609946
-15.731248334878952,-1.0679885200066614,0.14365278232010031,-0.014343501204570286,-0.0282039766050069,sturm+tief sorg+t,18.115907671805765
-20.363775145052085,1.3256232775733077,0.00803998774617579,-0.009581444845188997,0.017419070787836215,starken,12.90152823437268
-20.363775145052085,1.3256232775733077,0.00803998774617579,-0.009581444845188997,0.017419070787836215,sorg+t stark+en,12.90152823437268
-20.763485575046715,1.531728633383377,0.0013674474498855463,-0.005815448148445389,0.0175138650048895,stark+en wind,12.451807591981321
-21.11157337257302,1.7111650959553035,-0.0035030242546327433,-0.003365827748174198,0.017497781403536052,wind norden,12.060191672732618
-20.813460298595174,1.5579481125130226,-0.009000339856691283,0.01211953663196507,0.026288649107537296,morgigen,12.395369242256816
-20.426153859582058,1.3585299538637692,-0.01833431215853832,0.02108188722636429,0.02731421515907351,morgig+en sonntag,12.83099755319707
-9.81646978650599,-4.107797514451679,-0.013679463681608082,0.05394908389774765,0.042628186023475,rechnet,24.76606943267967
-20.02057075857481,1.1496085533650424,-0.025167070584906664,0.02823496709152452,0.0283154209185356,sonntag rechn+et,13.287225852178208
-10.028126760664318,-3.9987425642026952,-0.013842697099354876,0.05360967996219395,0.04243784325085938,rechn+et bund+es+amt,24.52796941964801
7.740656648721558,-13.154066374304183,-0.004494216190473588,0.07111333769959387,0.052308060878647374,hydrographie sturm+flut,44.516702126208074
-22.663683347979962,2.496484684580156,-0.18035139251433815,-0.06921315657876237,-0.13702880889167876,betreff+en nordseeküste,10.320787762973392
-24.46314022043517,3.4363677825255388,-0.04374452596046344,-0.03321648599135901,-0.020115029524007056,nordseeküste fluss+e,8.290674739888871
-23.58771607753517,2.9575092676138226,0.3025238345525554,-0.0627234818824762,-0.05000695136290512,Region,9.288222637642404
-24.827374473072304,3.623328736070295,-0.007418302649212209,-0.0525810454623873,-0.013230761005078587,fluss+e region,7.881263857263836
-22.815675377707095,2.5894920430625756,-0.030853069662627144,0.01447924449321001,0.020736378372144898,di…,10.1430481559004
-22.815675377707095,2.5894920430625756,-0.030853069662627144,0.01447924449321001,0.020736378372144898,betreff+en di…,10.1430481559004
-23.18730694534974,2.780914265804034,-0.03178428639434533,0.012175926031584253,0.019471621531151125,+1896,9.725014634875885
-23.18730694534974,2.780914265804034,-0.03178428639434533,0.012175926031584253,0.019471621531151125,di… +1896,9.725014634875885
-23.561678438345485,2.973739966509923,-0.03277773912073609,0.00970405033344452,0.01811554859166863,+1896 char+s,9.303902698252218
-26.93201735200288,4.708964200754851,-0.04576753419788236,-0.023898321740398368,-0.00021677841792209704,hin+zu+füg+en flugzeug+e,5.5131078672427725
-27.521819215169785,5.012310923424841,-0.04971948152656392,-0.03380335450580045,-0.00585831799960115,+3657,4.849871790531107
-27.521819215169785,5.012310923424841,-0.04971948152656392,-0.03380335450580045,-0.00585831799960115,norden +3657,4.849871790531107
-27.53843201767907,5.020830786915125,-0.050253202131510875,-0.0343499300310091,-0.006469243745661799,+3657 chars,4.831201860055907
-26.56247534234527,4.5130778542527334,0.05613314475011247,-0.09643429621412636,-0.002918101835989017,Vekehrsbehinderungen,5.931346291681667
-26.56247534234527,4.5130778542527334,0.05613314475011247,-0.09643429621412636,-0.002918101835989017,strom+ausfall+e vekehrsbehinderung+en,5.931346291681667
-26.015020198734554,4.200660074496444,0.2386806232924881,-0.21556711412771357,-0.00023029856498968382,vekehrsbehinderung+en sturm+tief,6.561123438821914
-14.937091257780441,-1.4695663425545096,0.012063162885251884,0.03115177468916291,0.03296805024660967,detlef feg+t,19.005778212716738
-26.17127013770058,4.31483133725734,0.018228332807337315,-0.06524434969204156,-0.0017782231817850165,feg+t norden,6.36989865259936
-26.119933937435512,4.2890875333003455,0.006395353146445487,-0.05636384555183506,-0.0016846149361418768,norden fähre+n,6.427322669236386
-20.652712509295693,1.4750579891622788,-0.008422491647729522,0.00856171447772859,0.023345218090522347,fähre+n fall+en,12.576231029942985
-13.039215833664922,-2.4475312435204533,0.016064417734539933,0.024153903980501674,0.03659537092229056,Flüge,21.1408076448922
-21.00193474164501,1.6550241188770993,-0.015033492753117522,0.010564845659168765,0.02193106740401921,fall+en flug+e,12.183364248395925
-21.205248759480885,1.7596598905556533,-0.010349287931958422,0.004995139084135736,0.02058532721476224,flug+e ge+streich+en,11.954705978631008
-5.023935344306821,-6.577018427981301,-0.005386091551830707,0.04840253690665441,0.041255853161040724,Straßen,30.157307943553935
-21.275283036682108,1.7954615656631052,-0.00023151964923437234,-0.004691096652363905,0.018714190693665943,ge+streich+en straße+n,11.876054049783823
-21.26262492041984,1.7885990027212744,0.0051751707531719,-0.014026501939048738,0.014172079914335955,straße+n ge+sperr+t,11.890452003050342
-4.385077380849761,-6.907951480002058,0.06624062026751315,0.00045988847975429736,0.02663048135974457,Europas,30.87680244305013
-20.51134843862537,1.4002326577273054,0.03196505320338617,-0.035747602041467555,0.010153476734209545,norden europa+s,12.736178059411447
-20.008159120194698,1.1393012681248216,0.05765621599024888,-0.05393568317434329,0.008993029070986758,europa+s sorg+t,13.303000271628486
-18.917440241302373,0.5643736066471083,0.16613767374946609,-0.12871614078416177,0.0074430456090815375,sorg+t sturm+tief,14.535931949586063
-18.550432474410854,0.3906157567710169,0.009076929101138442,-0.02689463008706164,0.00021624817718727402,ungemütliche,14.941741782928874
-18.550432474410854,0.3906157567710169,0.009076929101138442,-0.02689463008706164,0.00021624817718727402,sturm+tief un+gemütlich+e,14.941741782928874
-17.388780357225563,-0.20734019343904997,-0.046937163933068037,-0.0014310403488324713,-0.013523538956608846,un+gemütlich+e stunde+n,16.24825368943064
-18.489938366849145,0.36103773160362973,-0.022752216122176927,0.03389974427480176,0.03145091352766698,sturm+flut ge+warn+t,15.009048932039201
-21.822591959528236,2.077938239757816,-0.02859534858347682,0.020006608109678525,0.023776284040922052,04.10.2025,11.260142148242036
-21.822591959528236,2.077938239757816,-0.02859534858347682,0.020006608109678525,0.023776284040922052,stand 04.10.2025,11.260142148242036
-22.895190454892152,2.6304497416373556,-0.031047985088450775,0.013998243072211841,0.02047216520446997,21:00,10.053604543457798
-22.895190454892152,2.6304497416373556,-0.031047985088450775,0.013998243072211841,0.02047216520446997,04.10.2025 21:00,10.053604543457798
-0.9698024260263551,-8.666728198796724,0.053408134046764505,0.05768880633118293,0.028313541603719416,Uhr,34.71832688762724
-23.319716139585687,2.849114582761845,-0.032129003167241585,0.01131990661348474,0.019001866073686945,21:00 uhr,9.576073651888068
-23.617935492725454,3.0027152581753214,-0.03293220090543789,0.0093183889430511,0.017904086688066423,uhr fähre+n,9.240622275430573
-9.819612766445832,-4.106178112971714,-0.013681872992517233,0.05394408116965768,0.04262538012154767,Sturmflut…,24.762533789152943
-9.819612766445832,-4.106178112971714,-0.013681872992517233,0.05394408116965768,0.04262538012154767,nordseeküste sturmflut…,24.762533789152943
-19.158261454094383,0.7053572034896263,-0.0237598437718062,0.0315500980462108,0.030149267262471326,+2439,14.257243912199833
-19.158261454094383,0.7053572034896263,-0.0237598437718062,0.0315500980462108,0.030149267262471326,sturmflut… +2439,14.257243912199833
-20.60063250181095,1.448441811375142,-0.026191401722970572,0.025798325025555086,0.026969441094225825,+2439 char+s,12.63471365198135
-21.813506201929144,2.0671809639804497,0.08840208683339006,-0.06953401748360977,0.03814144262621197,wetter tief,11.273164879242774
-20.782127385324742,1.541432444500125,-0.01669566188182146,0.007797278538235336,0.05270584096916857,tief europa,12.430784494287034
-18.868449960926434,0.5541041328982894,-0.053557842619649854,0.030535883770997207,0.09446032543658879,europa warnung,14.584138432066505
7.740656648721558,-13.154066374304183,-0.004494216190473588,0.07111333769959387,0.052308060878647374,warnung sturm+flut,44.516702126208074
-19.417513404587524,0.838819331548823,-0.03251819099652373,0.025786786528520966,0.020805027924748424,deutscher,13.965657514359881
-19.417513404587524,0.838819331548823,-0.03251819099652373,0.025786786528520966,0.020805027924748424,sturm+flut deutsch+er,13.965657514359881
-21.03448181531798,1.663931515796789,-0.13965589581761348,-0.04006582663396416,-0.09303901253449597,deutsch+er nordseeküste,12.150370217049046
-22.703459497576286,2.5301642524157035,-0.07006136581439337,-0.007474893814646298,-0.020583124808661108,nordseeküste sturm+e,10.269982300633613
-23.241236740708487,2.807639048277169,-0.061346774549260415,-0.005052972896769911,-0.011788475352426709,machten,9.664839443967127
-23.241236740708487,2.807639048277169,-0.061346774549260415,-0.005052972896769911,-0.011788475352426709,sturm+e mach+ten,9.664839443967127
-23.873857248708322,3.1338046486654374,-0.05458613059638262,-0.004511504311184127,-0.005192040514606342,mach+ten samstag,8.953085609544118
-24.230256059683427,3.3174841191376463,-0.05195975341525203,-0.00506108263863405,-0.0027599983418521955,samstag bereits,8.552138834464827
-16.789885053910737,-0.5149220854588963,-0.03049911127705083,0.03339173558122168,0.02377858336346027,Ländern,16.92150530004295
-24.527669504608884,3.4707346279573486,-0.05027987954904844,-0.005926634028170542,-0.0012938326605430317,bereits land+ern,8.217563829252938
-24.89460561044218,3.6597772583027317,-0.04875490463040223,-0.0074692898840876334,-9.578949396212011e-05,land+ern großbritannien,7.804793864709569
-26.076113697851667,4.268266454251206,-0.047170623322637176,-0.015881975768014478,-6.798096178231225e-05,Fähr-,6.475803271260771
-26.076113697851667,4.268266454251206,-0.047170623322637176,-0.015881975768014478,-6.798096178231225e-05,schaff+en fahr+-,6.475803271260771
-26.19034945852618,4.327080639099541,-0.04725193877043891,-0.016985857062232962,-0.000345711949335286,Flugverbindungen,6.347316483836939
-26.19034945852618,4.327080639099541,-0.04725193877043891,-0.016985857062232962,-0.000345711949335286,fahr+- flug+verbindung+en,6.347316483836939
-26.41118246857852,4.440305057282032,-0.056791803543832745,-0.024613754801434753,-0.010819018932965326,flug+verbindung+en ge+streich+en,6.099152012784184
-26.5241377129988,4.497951193440124,-0.06525077591921394,-0.03061861239370897,-0.01997131073090862,ge+streich+en frankreich,5.972340151461269
-2.8816757198474185,-7.682394341349756,0.05260495248971028,0.09646472237876572,0.04741485791071878,kommen,32.56792865022209
-20.024862437970306,1.1516485546929998,-0.03634164384971929,0.0217963394139441,0.016517906504667425,frankreich komm+en,13.282478595550398
-19.53818325763973,0.9009109088873934,-0.03665986214044874,0.023062368942849833,0.016385408398277637,komm+en zwei,13.829950714914006
-21.467254760082984,1.8932978303862047,-0.07333643517115461,0.02539578775028614,-0.04148994553960762,deutschland+s sonntag,11.660590056612925
-26.864609221250443,4.658584746026114,-0.17883482632986256,-0.09852384049743168,-0.1407576979439311,Einschränkun…,5.596129778203313
-26.864609221250443,4.658584746026114,-0.17883482632986256,-0.09852384049743168,-0.1407576979439311,sonntag einschränkun…,5.596129778203313
-26.55011208147384,4.435447953660821,-0.36993736379917175,-0.19788370135605865,-0.3422569182365865,einschränkun… nordsee,5.977934919816546
-26.8550526628132,4.6354420919112105,-0.2538372850067352,-0.1396288579838492,-0.22006939629267525,nordsee fall+en,5.615238756666787
-26.96038201709075,4.6995666702501575,-0.2164481294961014,-0.12045505268940485,-0.18075871296931498,fall+en beispielsweise,5.492230067681273
-27.109896858051858,4.785350405423645,-0.17536542343841238,-0.09956165584940393,-0.13766011729914734,beispielsweise samstag,5.320022088560234
-26.862942356695175,4.663485934861138,-0.1459927352709537,-0.08015280574212744,-0.10602414967862075,samstag sonntag,5.595360481005462
-27.234644251284614,4.852866397639514,-0.1566659081229322,-0.09071691371232535,-0.11819297174690005,Fahrten,5.178202040997483
-27.234644251284614,4.852866397639514,-0.1566659081229322,-0.09071691371232535,-0.11819297174690005,sonntag fahrt+en,5.178202040997483
-27.2802743084193,4.876783300924904,-0.15393931057489632,-0.08979096303450054,-0.11542645235371102,Halunder,5.12668476322504
-27.2802743084193,4.876783300924904,-0.15393931057489632,-0.08979096303450054,-0.11542645235371102,fahrt+en halunder,5.12668476322504
-27.310429882007334,4.892342663061132,-0.15359232760616073,-0.08999974772203997,-0.11513819335065831,Jet,5.092751731044371
-27.310429882007334,4.892342663061132,-0.15359232760616073,-0.08999974772203997,-0.11513819335065831,halunder jet,5.092751731044371
-27.359222846619147,4.916959634931214,-0.1563350388443484,-0.09219978429158085,-0.11816884417415766,jet helgoland,5.038103213764114
-27.408580222131345,4.940374080596888,-0.16733192146361833,-0.09903735331533739,-0.12993559313725653,Reederei,4.983505311545245
-27.408580222131345,4.940374080596888,-0.16733192146361833,-0.09903735331533739,-0.12993559313725653,helgoland reederei,4.983505311545245
-27.421769392993816,4.94578993831057,-0.1745421560297631,-0.10324744214760004,-0.1375996308358693,FRS,4.9693017320478985
-27.421769392993816,4.94578993831057,-0.1745421560297631,-0.10324744214760004,-0.1375996308358693,reederei fr+s,4.9693017320478985
-27.426214526015585,4.947307244876093,-0.17845893854103792,-0.10549310718297628,-0.14175563935732033,Helgoline,4.964656060980664
-27.426214526015585,4.947307244876093,-0.17845893854103792,-0.10549310718297628,-0.14175563935732033,fr+s helgoline,4.964656060980664
-27.42844701652724,4.941939029141904,-0.20847736082364446,-0.12217098800768927,-0.17352214562249033,Homepage,4.965135894035264
-27.42844701652724,4.941939029141904,-0.20847736082364446,-0.12217098800768927,-0.17352214562249033,helgoline homepage,4.965135894035264
-27.340531157077617,4.894372733917157,-0.22188997202025076,-0.09499624450557209,-0.2084325499579408,mitteilte,5.065072634717783
-27.409400797170704,4.926112327497868,-0.23249846989731293,-0.13511017966345173,-0.19888724020416526,homepage mit+teil+te,4.989320243109711
-27.068603809711455,4.676359859886723,-0.41970277059757344,-0.22962356632177477,-0.39616311466182386,auch ostsee,5.406693564339524
-27.446064050315712,4.93775963919798,-0.25771604396619774,-0.14938613686124658,-0.22567945641031406,+2791,4.95139882278147
-27.446064050315712,4.93775963919798,-0.25771604396619774,-0.14938613686124658,-0.22567945641031406,ostsee +2791,4.95139882278147
-27.503001667538324,4.9739183275974685,-0.23342978029830666,-0.1369610984996741,-0.20014015116223016,+2791 chars,4.884218860203218
-20.40243860848691,1.3463380636978597,-0.02583378488591835,0.026651202821246528,0.027440383631827568,norddeutschland möglich+e,12.857661857890735
-17.667230823529323,-0.06282763302154581,-0.02159821852381564,0.03656463423570399,0.032929156276842314,möglich+e schwer+e,15.934526293143593
-19.448810589278338,0.8550459434630593,-0.024219701156848017,0.030470997445165546,0.029552000346070088,sturm+flut sonntag,13.930402440832912
-9.563674888365266,-4.2387238166781795,-0.060416709024067344,0.028318816129092112,-0.0071740475124604415,wappnen,25.05076509926132
-21.11481256069458,1.713362080406525,-0.026575140719019452,0.02570091498517611,0.025145180003185403,sonntag wappn+en,12.056298901652479
-22.053532424204214,2.1971483196928316,-0.02182002763476194,0.046467799997860486,0.01632586259096657,wappn+en orkanbö+en,11.00024499037981
-18.840211749079927,0.5414989964804438,-0.02327192526504919,0.03269043802102313,0.03078078874656726,Erwartet,14.615021676160534
-21.531718442498395,1.918452349880016,-0.15085636961449755,-0.04814018147095071,-0.10514201157529943,erwart+et pegel+stand+e,11.591782617647553
-23.60952908710265,2.997579685791699,-0.05990004222865345,0.003907906023692065,-0.01676845215531454,pegel+stand+e zwei,9.250451272779408
-19.83113266760312,1.0510048171818154,-0.06330191238143476,0.01727804402047816,-0.01819982751896383,zwei meter+n,13.500793776946905
-24.36846080928897,3.3892670771705653,-0.037121625401013394,0.0537526753395134,-0.01883596720699492,meter+n mittler+en,8.396396064067016
-0.07070573827954618,-9.129140017068366,-0.005759596683913944,0.057203290656084003,0.043521857043555566,Bislang,35.72936189675106
12.123553727461864,-15.412553594453847,-3.227278513179624e-05,0.08461531381378719,0.05102221839000647,erwart+et bislang,49.44727287838129
-9.015028359703049,-4.520735794180952,-0.01307898075510313,0.05518942483104546,0.04332413708481155,niedrige,25.66763796548221
-9.015028359703049,-4.520735794180952,-0.01307898075510313,0.05518942483104546,0.04332413708481155,bislang niedrig+e,25.66763796548221
-11.16914625901235,-3.410840502002099,-0.014758791875108172,0.051687847365066514,0.04136082062184035,Schadensbilanz,23.244398972705874
-11.16914625901235,-3.410840502002099,-0.014758791875108172,0.051687847365066514,0.04136082062184035,niedrig+e schaden+s+bilanz,23.244398972705874
-12.26181032141669,-2.84785553220712,-0.015698608806871236,0.04968753672589172,0.040241194226294574,schaden+s+bilanz land,22.015226242291238
-22.971960202722872,2.6699930405340595,-0.031238364005441124,0.013527865612641098,0.020213836281246886,Berlin,9.967249190037494
-22.971960202722872,2.6699930405340595,-0.031238364005441124,0.013527865612641098,0.020213836281246886,land berlin,9.967249190037494
-4.059694686471246,-7.073862992041347,-0.002166877943003494,0.05970938605992171,0.03464491775864936,Schon,31.24202529583401
-22.165660554973698,2.2546629786048653,-0.02934054791005047,0.01819132746326222,0.022777151409393542,berlin schon,10.87423107544191
-0.060416906463050424,-9.134577399774905,-0.007778425342052553,0.06548475816479216,0.04912226464086045,schon erwart+et+en,35.740996253588705
24.647367300114173,-21.865178862669254,0.0005119436395399392,0.07809387118370119,0.056270713116437866,erwart+et+en sturm+flut,63.535647094654934
9.924372471911791,-14.279002364208878,-0.017205996099639024,0.06458172717670266,0.038774996206919495,starker,46.973144036685234
-10.576173398461417,-3.7165353146917113,-0.041983926204538224,0.03680438115103143,0.012695508952760167,nordseeküste stark+er,23.911536809489554
30.326697702098524,-24.79157373538027,0.04635956049603619,0.06561178588769553,0.042866872670549644,wind regen,69.92459434272385
-14.55248075961034,-1.6676882148021246,-0.03169390057757623,0.03695793776516094,0.023008753894775004,regen teil+en,19.43841695585631
-15.242491639255292,-1.3121694947328795,-0.030767266105218828,0.036274594616394755,0.023852635826358097,teil+en deutschland+s,18.662202781119472
-16.296842391285693,-0.7689367508528644,-0.029738662329546917,0.034847129696164214,0.024704165392058115,deutschland+s baum+e,17.47613500735415
-16.70788552750748,-0.5571574643407216,-0.029457265389604338,0.03416318901929951,0.024899218835725715,entwurzelt,17.01374252414346
-16.70788552750748,-0.5571574643407216,-0.029457265389604338,0.03416318901929951,0.024899218835725715,baum+e entwurzel+t,17.01374252414346
-3.668347824374358,-7.275549450207402,-0.013506023026628518,0.05976914516291372,0.04308615171489948,Unfälle,31.682285010314768
-17.581016818440485,-0.10730999640468664,-0.029601513932036954,0.03216027911927664,0.024507850769608666,entwurzel+t unfall+e,16.031540847566205
-25.526820541271533,3.9852232139623873,-0.051711814908685136,-0.013826160510540239,-0.0040315110550766566,unfall+e kopier+e,7.09373232445177
-26.152088575754746,4.30278088344899,-0.10796749212558909,-0.05130853837480359,-0.06444475439424474,hin+zu+füg+en norddeutschland,6.392469528725612
-14.612081500876037,-1.6585413425133222,-0.22175111837823525,-0.06936555576776321,-0.17758466085840494,norddeutschland hoch+e,19.38128185206595
-13.716430839853029,-2.1472756173024035,-0.3174717219031436,-0.11890722646214844,-0.2784586625831031,hoch+e pegel+stand+e,20.401330478147315
-16.834005157986752,-0.5011101682019623,-0.15059103430943732,-0.03293344998067595,-0.10399606134638409,stürmisches,16.87598166262341
-20.77222518129961,1.5204783864062676,-0.1912771789884713,-0.06775583956068333,-0.14741045711046513,pegel+stand+e stürmisch+es,12.449215024169819
-23.48606979941627,2.928243357928956,-0.12559924817658585,-0.04271889070724724,-0.07984893554966006,wetter wappn+en,9.391970419495692
-26.799190791064348,4.634823283838045,-0.11608192075577879,-0.06255894176901701,-0.07426033530474166,Rest,5.665154151130118
-26.799190791064348,4.634823283838045,-0.11608192075577879,-0.06255894176901701,-0.07426033530474166,der rest,5.665154151130118
-26.862800781828383,4.668383230065446,-0.10893094419202987,-0.059232418822895,-0.06683747658031777,Republik,5.5932362289227004
-26.862800781828383,4.668383230065446,-0.10893094419202987,-0.059232418822895,-0.06683747658031777,rest republik,5.5932362289227004
-26.986613837716792,4.73328048010003,-0.09772130576638306,-0.05431658916548884,-0.05526234270574404,aufatmen,5.453447543886672
-26.986613837716792,4.73328048010003,-0.09772130576638306,-0.05431658916548884,-0.05526234270574404,republik auf+atm+en,5.453447543886672
-27.136940342047033,4.811583878970085,-0.08766660644399578,-0.050428161309583316,-0.04498399585551015,er…,5.283949957950421
-27.136940342047033,4.811583878970085,-0.08766660644399578,-0.050428161309583316,-0.04498399585551015,schon er…,5.283949957950421
-27.160248670179318,4.8236918436801925,-0.0863743816844034,-0.04998418495920841,-0.04367411613249461,+1794,5.257684332974799
-27.160248670179318,4.8236918436801925,-0.0863743816844034,-0.04998418495920841,-0.04367411613249461,er… +1794,5.257684332974799
-27.187369613510793,4.8377715356280575,-0.08494653497085425,-0.0495133604551746,-0.04223068393056213,+1794 char+s,5.227126408795552
-24.23112256817123,3.318523463861516,-0.0347129895228888,0.004846668398919576,0.015454316665106658,land hier,8.550889194843322
-11.223606976438493,-3.387191432301499,0.05923775040633361,0.14459621974078046,0.00767124247592647,verursacht,23.185143520223047
-21.64431596492806,1.9859829922011327,-0.034787716806681974,0.017136304729058083,0.017343778610812016,unfall+e verursach+t,11.460737538280735
-22.65628310753745,2.5072917044375647,-0.035148278580812695,0.012731950339710633,0.01631546740213772,Baden-Württemberg,10.322388696400713
-22.65628310753745,2.5072917044375647,-0.035148278580812695,0.012731950339710633,0.01631546740213772,betreff+en baden-württemberg,10.322388696400713
-22.362071242150265,2.3549797852442724,0.011122131484599423,-0.0149727274679156,0.019762397890585,und…,10.653694165828867
-26.28715320892131,4.376976523498277,-0.04598451888116965,-0.017177882427098445,0.000825516639526503,baden-württemberg und…,6.2384102118289935
-26.34606133559275,4.407299961177831,-0.04611895318188925,-0.01782850633464568,0.0005785580716859626,+1655,6.1721557162221945
-26.34606133559275,4.407299961177831,-0.04611895318188925,-0.01782850633464568,0.0005785580716859626,und… +1655,6.1721557162221945
-26.40215453678615,4.436173465351947,-0.046254514760727006,-0.018461310106635098,0.0003335038803505934,+1655 chars,6.1090676206603405
-23.382918179381708,2.8816678461092717,-0.03229606797429267,0.010904392525362558,0.018773900359872954,unwetter deutschland,9.50498076525117
-22.370363743505322,2.360109533228619,-0.029802016757829574,0.01706265498752175,0.02215631664042158,deutschland unfall+e,10.64396547710073
-20.40243860848691,1.3463380636978597,-0.02583378488591835,0.026651202821246528,0.027440383631827568,unfall+e wind,12.857661857890735
24.647367300114173,-21.865178862669254,0.0005119436395399392,0.07809387118370119,0.056270713116437866,regen sturm+flut,63.535647094654934
-21.279593693749394,1.7982159577498456,-0.027482066076018708,0.022701222306708634,0.025260865269459244,Südschwarzwald,11.87095380176549
-21.279593693749394,1.7982159577498456,-0.027482066076018708,0.022701222306708634,0.025260865269459244,erwart+et südschwarzwald,11.87095380176549
-23.25454775392779,2.815548273854687,-0.03195845879915868,0.011743637934422534,0.019234376861442897,südschwarzwald zwei,9.649378498865634
-24.49272624476637,3.453247060102557,-0.03553236416556839,0.0027736853147822954,0.014319930423319152,umstürzenden,8.256633122678657
-24.49272624476637,3.453247060102557,-0.03553236416556839,0.0027736853147822954,0.014319930423319152,mensch+en um+stürz+end+en,8.256633122678657
-24.868386442705066,3.6462968043114667,-0.04820442104774504,-0.006973912875277148,0.0005164776643148267,Baum,7.834275354931886
-24.868386442705066,3.6462968043114667,-0.04820442104774504,-0.006973912875277148,0.0005164776643148267,um+stürz+end+en baum,7.834275354931886
-24.98776543133794,3.707505651585058,-0.054346886610052735,-0.011324432492940725,-0.006113962667029429,baum verletz+t,7.700120851539383
-25.088611540907188,3.7589026155573237,-0.06448021515100469,-0.01784451436130209,-0.016942282165240494,verletz+t werd+en,7.586935781849044
-22.531448339156675,2.441548026073713,-0.07033817917423921,-0.006863055075162099,-0.020754110069397678,pegel+stand+e wappn+en,10.463478119066087
-26.326749712475994,4.397359254446846,-0.046073988881127896,-0.017613655701617645,0.0006606856818285288,Hes…,6.193875620960728
-26.326749712475994,4.397359254446846,-0.046073988881127896,-0.017613655701617645,0.0006606856818285288,baden-württemberg hes…,6.193875620960728
-26.3837554285915,4.426702780471544,-0.046209235136609524,-0.018252301385628736,0.0004149539222842412,+1565,6.1297610744596
-26.3837554285915,4.426702780471544,-0.046209235136609524,-0.018252301385628736,0.0004149539222842412,hes… +1565,6.1297610744596
-26.438096156474664,4.454673623021254,-0.04634526531827817,-0.01887370577373354,0.0001713660511796465,+1565 char+s,6.068644260543459
-21.124670564676897,1.7184066725695137,-0.027178157262090417,0.023433124407929898,0.02566441246413879,erwart+et fähr+verkehr,12.045225532763087
-22.558871568044935,2.4572120351662097,-0.030238790449014157,0.01599122653815603,0.021567238580464644,fähr+verkehr bleib+t,10.4319183452882
-23.117879382805363,2.7451536522481996,-0.03160632769095793,0.012617132275248806,0.019713801075130113,eingeschränkt,9.803110673778402
-23.117879382805363,2.7451536522481996,-0.03160632769095793,0.012617132275248806,0.019713801075130113,bleib+t ein+ge+schränk+t,9.803110673778402
-24.0626628566038,3.2317649900649803,-0.03420510377019849,0.006126743174504665,0.016155197984766577,ein+ge+schränk+t samstag,8.740376898863957
-21.822105255902304,2.0772612808234348,-0.04622450096100658,0.009879262004942588,0.005164278610721978,fegten,11.260888258035212
-21.822105255902304,2.0772612808234348,-0.04622450096100658,0.009879262004942588,0.005164278610721978,samstag feg+ten,11.260888258035212
-22.076229024248477,2.208061857162611,-0.04933441262640639,0.007075586965333655,0.0017243074815614136,feg+ten stark+e,10.975078529969961
-19.261349786542233,0.7583429180498689,-0.03756222404558113,0.03492434954066732,0.00842419349949523,Windböen,14.141337200449737
-22.298954787154017,2.322654255632388,-0.0529539627457717,0.0040737200231011905,-0.0022410735924580164,stark+e windbö+en,10.724603551801996
-22.650126224839365,2.5027511486155802,-0.0690702369801233,-0.006668841354113768,-0.019498488306453895,windbö+en teil+e,10.32994798976544
-22.776516734710494,2.5673700069080265,-0.07683741864328952,-0.01166826005575583,-0.02779122724355629,Süddeutschlands,10.18799905081896
-22.776516734710494,2.5673700069080265,-0.07683741864328952,-0.01166826005575583,-0.02779122724355629,teil+e süddeutschland+s,10.18799905081896
-23.23085369777498,2.795506774895891,-0.1360151378546713,-0.04725831518798668,-0.09063734105554129,nun norddeutschland,9.679640410079376
-26.904861914632075,4.692798812770787,-0.08038338193307785,-0.043460565608891055,-0.036749224512307305,hin+zu+füg+en samstag,5.544658141262506
-27.333764865839438,4.903465154118308,-0.15871271533646011,-0.09318530388928897,-0.12061593765587847,wappnen…,5.06691499770452
-27.333764865839438,4.903465154118308,-0.15871271533646011,-0.09318530388928897,-0.12061593765587847,wetter wappnen…,5.06691499770452
-27.3864503049954,4.932802292592871,-0.14507926808351168,-0.08625328302031837,-0.10633625498125507,+1714,5.006641279392245
-27.3864503049954,4.932802292592871,-0.14507926808351168,-0.08625328302031837,-0.10633625498125507,wappnen… +1714,5.006641279392245
-27.41411819037309,4.947985664469467,-0.13883824595772454,-0.0831230477308488,-0.0998100752774281,+1714 char+s,4.975090746199196
-23.568503845095222,2.976046911770787,-0.05449797633449111,-0.015018249738529874,-0.014844084549158035,Hannover/Hamburg/Kiel/Schwerin,9.296786279103323
-23.568503845095222,2.976046911770787,-0.05449797633449111,-0.015018249738529874,-0.014844084549158035,erwart+et hannover/hamburg/kiel/schweri+n,9.296786279103323
-24.56867350758609,3.4841712229485915,0.08371735283931163,-0.10245363456453818,-0.002486445215817229,hannover/hamburg/kiel/schweri+n ein,8.174981988119512
7.31559352578056,-12.955224751054306,0.2839766789207901,0.03023869892005046,0.005213361637906585,zieht,44.04779446756523
-17.165260829704838,-0.3267867009314198,0.09528816051933564,-0.050617316034258925,0.015240943523326275,sturm+tief zieh+t,16.501669076875235
-7.75347684994798,-5.18134556807723,0.1872293463761443,-0.028465639364095588,0.029051794838038596,zieh+t deutschland,27.091680150012245
-25.64130885685671,4.0431376315285235,-0.0022026103470967322,-0.04618847168157769,-0.0010153424861417473,deutschland sorg+t,6.965440252989747
-25.865441270823005,4.158918760696881,-0.011833403618128957,-0.040897664513071405,-0.0010857482420771891,sorg+t sonntag,6.7131681978322195
-26.016182969291396,4.236702155313056,-0.01699441502151165,-0.038437503525000374,-0.0012323660606955618,sonntag norden,6.543540628496357
-26.15000210361753,4.30571400111272,-0.020926012132750013,-0.03683320048764792,-0.0014328296497479673,norden un+gemütlich+es,6.39297398596979
-17.667230823529323,-0.06282763302154581,-0.02159821852381564,0.03656463423570399,0.032929156276842314,un+gemütlich+es wetter,15.934526293143593
-26.451997685281867,4.461360443220363,-0.02817129240939295,-0.03480002661514971,-0.0021367496384363874,für tag,6.053227748911516
-17.602210097047823,-0.0963339154607743,-0.016813242259258974,0.03129662477273099,0.031306708483533674,gelte,16.007673812335025
-26.486806071722036,4.479293780261724,-0.02889399486424212,-0.034685504637541456,-0.0022407884936841115,tag gelt+e,6.014071256563827
-26.53704465742174,4.505174731816542,-0.029903726840926684,-0.03455893778810129,-0.002399437176278385,gelt+e kopier+e,5.957558042209852
-24.590758606436122,3.5039849828537304,-0.019560608298294424,0.008988826480063584,0.006772597309503851,hinzu+füg+en ein,8.146249269699696
-26.91239107842799,4.6981921759938565,-0.026076918274991062,-0.042405334656173174,-0.003979010610904023,ein orkan+tief,5.535492817406663
-26.958972255605115,4.722008243076523,-0.021687294612540493,-0.04628259776552081,-0.004243846101779209,orkan+tief sorg+t,5.483177523203297
-27.030498537310798,4.758467286013397,-0.013186281943701784,-0.05353818265035766,-0.004682515339600613,bedecktes,5.402897531596263
-27.030498537310798,4.758467286013397,-0.013186281943701784,-0.05353818265035766,-0.004682515339600613,sorg+t bedeck+t+es,5.402897531596263
-27.068133849486546,4.7775608702222545,-0.007376806639578877,-0.05833313592752219,-0.004931923805105386,bedeck+t+es wetter,5.360697798814776
-27.102392206486634,4.794844605928744,-0.0007568070274516139,-0.0636631284919723,-0.0051732057295480575,wetter norddeutschland,5.322329055056975
-27.188215862539046,4.836738817249011,0.03255839164294896,-0.08900511150538457,-0.005893432113596154,besonders küste,5.226854333320737
-27.19972197412228,4.838937014918495,0.07108315055711086,-0.1165828672967136,-0.006134746622632099,wetterfest,5.215625680205132
-27.19972197412228,4.838937014918495,0.07108315055711086,-0.1165828672967136,-0.006134746622632099,küste wetterfest,5.215625680205132
-27.171171746685744,4.819062973969976,0.11144498038169344,-0.14446909510335584,-0.006043855736512605,anziehen,5.25011437871327
-27.171171746685744,4.819062973969976,0.11144498038169344,-0.14446909510335584,-0.006043855736512605,wetterfest an+zieh+en,5.25011437871327
-27.19534957461351,4.825969857901944,0.14550203745933732,-0.16864693964333874,-0.0062343037912560954,zieh…,5.2254638283029085
-27.19534957461351,4.825969857901944,0.14550203745933732,-0.16864693964333874,-0.0062343037912560954,sturm+tief zieh…,5.2254638283029085
-27.281339644403488,4.876167865357383,0.10737844818506331,-0.14364988138939672,-0.00680078746354008,+1031,5.126026141184758
-27.281339644403488,4.876167865357383,0.10737844818506331,-0.14364988138939672,-0.00680078746354008,zieh… +1031,5.126026141184758
-27.33321770412209,4.90561109386794,0.08647482015100995,-0.12993756713307095,-0.007119936755306203,+1031 chars,5.066420777140042
10.147094047931365,-14.393901596463547,-0.0072434762352703505,0.07038306649706016,0.049269021524689455,sturm+flut erreich+t,47.223754779592234
3.281098919394335,-10.860800885905906,-0.12289670969403814,0.0019995682785192564,-0.07239081208234444,erreich+t nordseeküste,39.5020761020579
-19.38863490497661,0.8216465140559741,-0.08560187188920108,-0.004425840220395799,-0.0352173568572592,nordseeküste norden,13.999204482633207
-18.87667435699859,0.5598833837780601,-0.009607046946639742,0.08468797467403116,0.01811942584274371,sonntag hochwasser,14.57418021896827
-24.89892990034089,3.6628901292978013,-0.018988180596598236,0.04013370507203,-0.010233970900757988,hochwasser einschränkung+en,7.799517244473374
-25.329608741151006,3.884283698903276,-0.0029671702957482435,-0.001078007130845056,-0.005222403997727932,einschränkung+en rechn+en,7.3152738059745825
-25.674859095991273,4.0585637175531755,0.05449736944286207,-0.05883541684002558,-0.0030856594083599927,teil+en europa+s,6.928555027500316
-25.199344126158095,3.793008668435028,0.20400259659949008,-0.16132791381804662,0.006702016038038827,europa+s sturm+tief,7.472912564504266
-25.35383545341722,3.891257697197003,0.0733002116998314,-0.0779933036053648,0.007579039425531051,sturm+tief baum+e,7.2905588881164105
-25.315715817488563,3.8738791843709497,0.04406781336003242,-0.060067381604588355,0.008707168467745604,umstürzen,7.3324003084201195
-25.315715817488563,3.8738791843709497,0.04406781336003242,-0.060067381604588355,0.008707168467745604,baum+e um+stürz+en,7.3324003084201195
-22.772385645448296,2.566978080919636,0.010768518580116605,0.005426524185532168,0.016222386599324744,lassen,10.191845617955265
-25.188732764153507,3.8101411649082175,0.014287923537717236,-0.04114991382781255,0.010470436934126207,um+stürz+en lass+en,7.4744694416411726
-24.891105133706102,3.65795561398155,-0.0117097257951785,-0.01887630149962581,0.012211716746518917,Strom-,7.808741912753227
-24.891105133706102,3.65795561398155,-0.0117097257951785,-0.01887630149962581,0.012211716746518917,lass+en strom+-,7.808741912753227
-24.60127341542897,3.509023036347583,-0.024976528159280937,-0.00605446320683508,0.013715907377998321,strom+- flug+ausfall+e,8.134596554267455
-15.397476876568351,-1.2403521334630003,0.05879606815680284,0.16870343227718626,-0.04592856523058693,gesorgt,18.491521923309314
-24.148816649467015,3.2761353715527375,-0.034462983835082825,0.005477249616683742,0.015799541594065384,flug+ausfall+e ge+sorg+t,8.643468816829214
-9.819612766445832,-4.106178112971714,-0.013681872992517233,0.05394408116965768,0.04262538012154767,ein sturm+flut+warnung,24.762533789152943
-20.40243860848691,1.3463380636978597,-0.02583378488591835,0.026651202821246528,0.027440383631827568,sturm+flut+warnung gelt+e,12.857661857890735
-22.466504068032684,2.4096326839262003,-0.03002332297357043,0.01652016058315986,0.021858017357828094,gelt+e elbe,10.535819852455571
-24.114708035373404,3.232902296175599,-0.22910899471295487,-0.10349546061711043,-0.18978511021463249,elbe pegel+stand+e,8.693627813816695
-24.907973856949916,3.6619715581763823,-0.11159916374795867,-0.04336605504614929,-0.0665005523720581,pegel+stand+e mehr,7.791917290287207
-25.158123979958322,3.792433508694461,-0.09483661660624418,-0.03565056542039531,-0.04910023275506674,mehr zwei,7.5097913637619085
-25.42720392064598,3.9320271191499376,-0.08235443205774515,-0.030577031791490877,-0.036268245347017364,meter+n erwart+et,7.206656307339546
-25.67354307524233,4.057879630032959,-0.09378841439963834,-0.03905615419021537,-0.048699856403097264,erwart+et uhr,6.9300347496015515
-25.80943598428153,4.123606732780608,-0.13129237999879373,-0.06140723839845856,-0.08853805806549707,uhr wasser+stand,6.7791369041054175
-25.785397906311527,4.093403458828391,-0.22507819114415273,-0.11322909436797146,-0.1876345849239437,Elb-Pegel,6.81435662542737
-25.785397906311527,4.093403458828391,-0.22507819114415273,-0.11322909436797146,-0.1876345849239437,wasser+stand elb-pegel,6.81435662542737
-9.799247566826136,-4.117271064631936,-0.05818451766493239,0.028481916585327567,-0.004327320595176109,St.,24.78572662006957
-25.937414956041764,4.175405620462102,-0.20906823679906453,-0.10578876034359383,-0.1709533549520992,elb-pegel st.,6.641660973751839
-14.213023625358598,-1.843314281915628,-0.06018499756969015,0.02123891324721939,-0.0069957883323407445,Pauli,19.820620224539535
-14.213023625358598,-1.843314281915628,-0.06018499756969015,0.02123891324721939,-0.0069957883323407445,st. pauli,19.820620224539535
-26.157529087637272,4.299075685798455,-0.15576451207431985,-0.07826126078973777,-0.11497528573001553,pauli etwa,6.3893393631574
-25.158123979958322,3.792433508694461,-0.09483661660624418,-0.03565056542039531,-0.04910023275506674,etwa zwei,7.5097913637619085
-26.37326746239596,4.415074989488642,-0.12105257229692809,-0.06084801178186562,-0.07866876156225867,meter übe…,6.144424346849485
-26.437816919335287,4.4492017988979065,-0.11346712850064325,-0.057208188339086544,-0.07077097074168386,+2799,6.071411562280103
-26.437816919335287,4.4492017988979065,-0.11346712850064325,-0.057208188339086544,-0.07077097074168386,übe… +2799,6.071411562280103
-26.497072398924303,4.480379049773319,-0.10738633645946188,-0.05436919045532693,-0.06445591450887181,+2799 chars,6.004456048397615
-22.36622586798301,2.356796484671201,-0.06396782085812425,-0.00250997556356599,-0.013915022021251531,nordseeküste hier,10.649167822231293
-1.699224768671904,-8.29018931053276,-0.00843535472724125,0.06459403717658507,0.048128947484590144,der an+ge+kündig+t+e,33.89744496806813
-12.507319527709516,-2.721359578692006,-0.015919019428087572,0.04921439520567936,0.039976567649848714,sturm+flut schleswig-holsteinisch+e,21.739045266249715
-11.25266909849562,-3.387931191972074,-0.21693351761100615,-0.06167018453079727,-0.17198741464173423,der pegel+stand+e,23.159697402824666
-20.578200650753722,1.4317092473342505,-0.1165630668505004,-0.022937699963989908,-0.07003892407653368,pegel+stand+e sonntag,12.662335086207921
-21.073754768249085,1.6888552242715162,-0.0972729638711731,-0.00942220817826879,-0.052599040528333724,sonntag teil+en,12.104034450428204
-21.392629000535983,1.8543513700326475,-0.0817812349001799,0.004343587875763409,-0.04020109996107968,Küstenregion,11.744769802349204
-21.392629000535983,1.8543513700326475,-0.0817812349001799,0.004343587875763409,-0.04020109996107968,teil+en küste+n+region,11.744769802349204
-25.70918804638671,4.0786902030917425,-0.06858089646702542,0.012089764831632925,-0.0451650544107559,küste+n+region zwei,6.888807636668413
-26.08137520872823,4.2706989034647656,-0.04231290963395978,0.07075344731270165,-0.047045547436456794,hochwasser steh+en,6.470001125073372
-26.260574231813642,4.363550638300735,-0.04863242981538323,0.04044143456740246,-0.03858486676022593,+887,6.2681802026327444
-26.260574231813642,4.363550638300735,-0.04863242981538323,0.04044143456740246,-0.03858486676022593,steh+en +887,6.2681802026327444
-26.32459670345228,4.396575025497252,-0.05009004895489041,0.032320885641512864,-0.03611329675247747,+887 chars,6.196143318519501
-12.95679634767231,-2.490177278016599,-0.006080254722040667,0.007286016705374425,0.002961758110943704,Nebel,21.233612706819642
-18.791365696086082,0.5164002948926223,-0.020826973776712415,0.04187801315549145,0.028684339236303952,sturm+flut nebel,14.669937275027184
-20.273119684193354,1.2790214117827423,-0.007713254352150403,0.09518060136805806,0.011288910219663113,nebel verletz+t+e,13.003440764618288
-22.17804485038086,2.26129341434883,-0.02331188991577004,0.041169603552273754,0.017084108871627646,verletz+t+e orkan+tief,10.860181807183652
-16.223069552978437,-0.8068676637291841,-0.018726687403260417,0.03631940112218712,0.019486161711763025,orkan+tief detlef,17.559088555124095
-25.042825865490684,3.7359279385185644,-0.05525099437242805,-0.0077528811262375374,-0.00991810667347882,detlef bring+t,7.6381570761744335
-25.186072066369178,3.8091713915836882,-0.06485969885337717,-0.01468488618024602,-0.02000421295739842,bring+t stürmisch+es,7.477274673125808
-25.497960937569466,3.9667917867075,-0.10204286449668092,-0.03907354285005815,-0.059191759509819586,wetter regen,7.127838014704221
-22.9527819261323,2.6535017934868677,-0.010285115787470211,-0.09521709967691494,-0.0606648636001873,regen nebel,9.991880946932335
-25.617656731252524,4.019058528227578,-0.16939796070705176,-0.0783553857947179,-0.13024005032576072,Harz,6.99750921793321
-25.440325900067428,3.8972749951999965,-0.28956603057138397,-0.14267091990634634,-0.25688545236671945,Nordseeinseln,7.210947321705133
-25.440325900067428,3.8972749951999965,-0.28956603057138397,-0.14267091990634634,-0.25688545236671945,harz nordseeinsel+n,7.210947321705133
-25.94868366768564,4.191786212997243,-0.15521549146888972,-0.07375819166229906,-0.11546757337375596,nordseeinsel+n betreff+en,6.6241307541759005
-18.815030907795155,0.527833831781753,-0.054324365907687286,0.015101659919999316,-0.0029527801949901754,Bayern,14.643670943495753
-19.343474073893603,0.8003531879945385,-0.029040921158547218,0.0068629509975679515,0.029368821619944075,fällt,14.049095144203555
-26.252710932380722,4.354285903811149,-0.10731424547488673,-0.054885344632857797,-0.06923326042730109,bayern fall+t,6.279432998565157
-26.356966268104067,4.408988754778097,-0.09348021250758107,-0.05312525076392806,-0.05879001638799225,fall+t erst+e,6.161700031699089
23.44056959345117,-21.243499826745264,-0.00036744393824669243,0.085897273811549,0.048979148309584566,Schnee,62.17813198411333
-26.41311540623449,4.438313564276519,-0.08651237497553815,-0.05288887206899201,-0.05403319245068543,erst+e schnee,6.0983550191354
-26.473761232923493,4.469899256285718,-0.07920296302997422,-0.05317362696544131,-0.04946453906733175,Windiger,6.0299773119566185
-26.473761232923493,4.469899256285718,-0.07920296302997422,-0.05317362696544131,-0.04946453906733175,schnee windig+er,6.0299773119566185
-8.915132571839866,-4.575508400763086,0.08369055433082444,-0.024753342007129725,0.033336121188415814,Herbst,25.78154571536596
-26.54521911715061,4.5070135403508935,-0.07068261016161956,-0.05423943978559646,-0.044732275148959985,windig+er herbst,5.949456276051196
-26.596412066913576,4.533539204431863,-0.06449600001900402,-0.055518904877607245,-0.041714840514364,statt,5.891799542313748
-26.596412066913576,4.533539204431863,-0.06449600001900402,-0.055518904877607245,-0.041714840514364,herbst statt,5.891799542313748
-26.637570117700378,4.554827294164225,-0.05937791339757754,-0.05689260845935219,-0.039486007245552596,goldener,5.845462234323199
-26.637570117700378,4.554827294164225,-0.05937791339757754,-0.05689260845935219,-0.039486007245552596,statt golden+er,5.845462234323199
-26.695015435053172,4.58447934548413,-0.051850710591727064,-0.05940231510363897,-0.036633998830428255,golden+er oktober,5.780815853776358
-18.585057458201725,0.40990880810574204,-0.015524280297390686,0.01728917646181926,0.021690567093133502,detlef woche+n+ende,14.902114101438345
-26.910574213574975,4.694597060216244,-0.010449964329974748,-0.08054997631933858,-0.027840311114943003,woche+n+ende groß+e,5.538764849265553
-26.931358316307104,4.704942654380235,-0.002993583179561328,-0.08512012432938304,-0.027046549951145988,groß+e teil+e,5.5155515110093525
-22.79809125313877,2.5782209738831776,-0.0351191587986547,-0.03906051620915414,-0.026507625614358644,Landes,10.163856957644652
-22.79809125313877,2.5782209738831776,-0.0351191587986547,-0.03906051620915414,-0.026507625614358644,teil+e land+es,10.163856957644652
22.613769881966274,-20.81696543545744,0.009027270268543684,0.057106255037286405,0.044374646487887345,fest,61.24780005764824
-26.97448410209537,4.725405097364204,0.024251215486711185,-0.10256629186597827,-0.025085953682425072,land+es fest,5.46784691745434
-19.28131412735498,0.7618478335993153,0.03462926382839979,-0.09503809153951326,-0.04036480186773743,Griff,14.122016877827086
-19.28131412735498,0.7618478335993153,0.03462926382839979,-0.09503809153951326,-0.04036480186773743,fest griff,14.122016877827086
-26.97218280828534,4.7190865060276765,0.07639388911248467,-0.1371036080395604,-0.023211962980899396,griff regen,5.472794607721103
-26.672369677445595,4.5248962323399144,0.2720553276063086,-0.26456177995535485,-0.01926013755321009,nebel sturmbö+en,5.828283609429301
-27.026073115716457,4.741692526293646,0.11494342439658681,-0.1621443049937188,-0.021091585362870684,Vom,5.414540926393628
-15.188611836224052,-1.340257841649084,0.01631387085952629,0.013448903721713326,0.03225858354660872,Brocken,18.722968700207097
-27.079174546745442,4.772134065394278,0.09362956243187336,-0.14780620439132122,-0.02109928498872248,von brocken,5.353390647756978
-27.216891823794825,4.848524424997775,0.04715620394743907,-0.11617367108949858,-0.020741458549691286,Schwarzwald,5.195972234176173
-27.216891823794825,4.848524424997775,0.04715620394743907,-0.11617367108949858,-0.020741458549691286,brocken schwarzwald,5.195972234176173
-27.28816502096475,4.886906576712857,0.028867983664655497,-0.10361215354247946,-0.02039213241464592,schwarzwald feg+t,5.115031732637875
-27.333418947871067,4.910992731305279,0.019179708841959516,-0.09695161644019137,-0.02013902059805964,feg+t wind,5.0637700938305334
-27.374091882078382,4.9324978622483115,0.011596664212504586,-0.09174919098758577,-0.019902180168490772,volle…,5.017763194019056
-27.374091882078382,4.9324978622483115,0.011596664212504586,-0.09174919098758577,-0.019902180168490772,wind volle…,5.017763194019056
-27.407366071293513,4.950010462911022,0.006093377291793295,-0.0879886448259797,-0.019707190179745353,+4356,4.980162348763287
-27.407366071293513,4.950010462911022,0.006093377291793295,-0.0879886448259797,-0.019707190179745353,volle… +4356,4.980162348763287
-27.430887609782943,4.962353778642188,0.0025431379284710023,-0.08557397372377626,-0.0195707339878724,+4356 chars,4.95359900058666
-18.859305265947736,0.5498541789043108,-0.07143970104822227,0.005072911547383964,-0.02006783979895538,Kiel,14.594231079667967
-21.495264777003865,1.908762723878442,-0.04993603679016781,0.009010256599561402,0.00143633764874505,nordseeküste kiel,11.628606607359597
-20.40243860848691,1.3463380636978597,-0.02583378488591835,0.026651202821246528,0.027440383631827568,kiel der,12.857661857890735
-25.168640241217357,3.8005730743605106,-0.058905366817496446,-0.00910211444580044,-0.014962360157499192,küste+n+region kopier+e,7.496707341039768
-23.098516332904694,2.7355096580246068,-0.02509932248130866,0.03732120950687147,0.01372277190022674,hin+zu+füg+en regen,9.824736689880647
-22.511988080437874,2.433331060802665,-0.0208919028163658,0.051407943627820585,0.013091641158702504,regen wind,10.484527611408296
-23.97791446706433,3.1713079381992397,-0.18955510583049232,-0.08102050090012522,-0.14785745611881024,welle+n der,8.843433263959481
-21.565084293890926,1.945285840142338,-0.028057747949997533,0.021310452023652834,0.024494407052947843,küste schleswig-holstein+s,11.549808636576845
-23.382918179381708,2.8816678461092717,-0.03229606797429267,0.010904392525362558,0.018773900359872954,schleswig-holstein+s erreich+t,9.50498076525117
-24.560835881536978,3.488321854383178,-0.03575215021354616,0.002216004948097393,0.014014885639874908,nutzen,8.180022789557984
-24.560835881536978,3.488321854383178,-0.03575215021354616,0.002216004948097393,0.014014885639874908,mensch+en nutz+en,8.180022789557984
-24.893080155123542,3.659412477759347,-0.03686546002602242,-0.0006193673732038663,0.012464802112385404,nutz+en wetter,7.806314687534144
-25.213903772306093,3.824609507773781,-0.03801101899194932,-0.0035549455846048614,0.01086134656866504,angekündig…,7.445458292317873
-25.213903772306093,3.824609507773781,-0.03801101899194932,-0.0035549455846048614,0.01086134656866504,der angekündig…,7.445458292317873
-25.478753138842805,3.960973758500622,-0.03901497244848146,-0.0061425226625720294,0.009449103488360412,+1032,7.147565659205974
-25.478753138842805,3.960973758500622,-0.03901497244848146,-0.0061425226625720294,0.009449103488360412,angekündig… +1032,7.147565659205974
-25.586414904592683,4.016402942560477,-0.03943949649921227,-0.007240826574285125,0.008849980103287833,+1032 char+s,7.026473192743432
-20.769599790299672,1.5346958375497746,-0.003697364867984599,0.0975805317413051,0.008407641058593898,sturm+flut+warnung fähr+ausfall+e,12.444994816455523
-22.612461662481337,2.477146269587429,0.11907978456651286,-0.06875150872362612,0.01572331549576816,fähr+ausfall+e sturm+tief,10.37517096058831
-24.006959966903064,3.202480608658746,0.011774228197561815,-0.013796557012283904,0.013275223194029441,detlef strom+ausfall+e,8.803311920509234
-19.727944747624136,0.9987979622587462,-0.005298042561976369,0.020364533355804352,0.027770040643794833,strom+ausfall+e norwegen,13.616429816932007
-20.279494416009268,1.2828340678392278,-0.00024126268572616412,0.013107320775437761,0.026623740605590654,gestrichene,12.996041665648775
-20.279494416009268,1.2828340678392278,-0.00024126268572616412,0.013107320775437761,0.026623740605590654,norwegen ge+streich+en+e,12.996041665648775
-20.77078522887935,1.5353081698441589,0.020772593072087425,-0.005406617509391663,0.025400412360407187,ge+streich+en+e flug+e,12.443678800796278
-21.141314688445313,1.724358252211367,0.05776844018556285,-0.0312963924697682,0.023638745566200197,flug+e niederlanden,12.027717183882658
-21.125684288075263,1.7067444958414093,0.14885387031483135,-0.09695155790254634,0.014114865139508697,niederlanden ein,12.049695433274433
-21.33440666260266,1.8245132817019858,0.03853720067174051,-0.024878400118221233,-0.0007086646700382691,zieh+t teil+e,11.81019752873636
-15.498561441256058,-1.1817490010358433,0.047935637450036754,-0.008346449341683965,0.015430938369400791,teil+e europa+s,18.37484829482874
-21.20731693025244,1.7603375745300003,0.0025073907286739996,0.0017127060132368296,-0.01058230003881511,europa+s hinweg,11.952561614231879
-20.983444033370247,1.6452087326342237,-0.018177092186537916,0.01962046830077558,-0.02014303930762477,hinweg sorg+t,12.20429994778381
-20.48434083386588,1.38760289051553,-0.03919048936662589,0.04643181741734584,-0.037429356309875206,sorg+t deutschland,12.765958509011913
-19.055482739518943,0.6454013804385603,-0.039026946192549775,0.14723647618725913,-0.08665932914841581,deutschland schaden,14.376059947357488
-18.30876145905974,0.24574661146844257,-0.2013820826809777,-0.09078623139779074,-0.18462107598323488,für nordseeküste,15.222951792908349
-18.489938366849145,0.36103773160362973,-0.022752216122176927,0.03389974427480176,0.03145091352766698,nordseeküste gelt,15.009048932039201
-9.819612766445832,-4.106178112971714,-0.013681872992517233,0.05394408116965768,0.04262538012154767,gelt sturm+flut+warnung,24.762533789152943
-14.156645325476049,-1.8715669076483437,-0.01749893696206488,0.04578074205665886,0.038058428120202,05.10.2025,19.88366929111506
-14.156645325476049,-1.8715669076483437,-0.01749893696206488,0.04578074205665886,0.038058428120202,stand 05.10.2025,19.88366929111506
-22.815675377707095,2.5894920430625756,-0.030853069662627144,0.01447924449321001,0.020736378372144898,14:02,10.1430481559004
-22.815675377707095,2.5894920430625756,-0.030853069662627144,0.01447924449321001,0.020736378372144898,05.10.2025 14:02,10.1430481559004
-23.25454775392779,2.815548273854687,-0.03195845879915868,0.011743637934422534,0.019234376861442897,14:02 uhr,9.649378498865634
-23.561678438345485,2.973739966509923,-0.03277773912073609,0.00970405033344452,0.01811554859166863,uhr strom+ausfall+e,9.303902698252218
-25.82446871103089,4.091885687573459,-0.2757461355459451,-0.10265659685601969,-0.3170743175077415,Nordsee…,6.780330739360331
-25.82446871103089,4.091885687573459,-0.2757461355459451,-0.10265659685601969,-0.3170743175077415,für nordsee…,6.780330739360331
-26.25221692888861,4.344309335325232,-0.1568405200177349,-0.05546919851907395,-0.17930683092513525,+5006,6.2844522984576745
-26.25221692888861,4.344309335325232,-0.1568405200177349,-0.05546919851907395,-0.17930683092513525,nordsee… +5006,6.2844522984576745
-26.37192088886887,4.410384184281968,-0.13239224774478003,-0.04796947740520176,-0.1483159969285575,+5006 char+s,6.147774806497323
0.8886615187905385,-9.623588659394883,-0.007328238854530625,0.06629557475866216,0.04958052351055656,sturm+flut treff+t,36.80864854285996
-12.138491588371785,-2.911394226820354,-0.015589225510821907,0.0499217863451874,0.04037223794399293,treff+t norderney,22.15395136413556
-4.377609169794908,-6.910151131050084,-0.010061232373199063,0.061208158005189015,0.04670910397708582,Campingplatz,30.88443261025665
-15.413964733252609,-1.2237570691086468,-0.01883618356558867,0.0428202983073085,0.036407806072451955,norderney camping+platz,18.46927627166662
-11.737036062190231,-3.118240255632829,-0.01523910589676906,0.05066906510551215,0.04079040720932124,versinkt,22.605561429009292
-17.429924289212135,-0.1850910647547508,-0.021281391311333282,0.03729120893167642,0.03333256502574867,camping+platz versink+t,16.201476931228964
-23.777765064771955,3.0850345834721074,-0.03337884386851525,0.008201208716035475,0.017291692877090047,versink+t komplett,9.060839444105898
-24.30986335445457,3.3590749376240754,-0.034955586055402846,0.004233912938729066,0.015118921027512907,komplett wasser,8.462319972132253
-14.613993746706647,-1.6359260490913599,-0.017970806496477962,0.04474154033690031,0.03747868228823639,Rund,19.36918515303416
-15.171674626405391,-1.3485918546857238,-0.018568456589892125,0.043416771831820404,0.036740143515254765,Wohnmobile,18.741834778186252
-15.171674626405391,-1.3485918546857238,-0.018568456589892125,0.043416771831820404,0.036740143515254765,rund wohn+mobil+e,18.741834778186252
-16.037172284811852,-0.9026641910915956,-0.019548835065767454,0.04122372699576578,0.03551881027943961,Wohnwagen,17.76821440698899
-16.037172284811852,-0.9026641910915956,-0.019548835065767454,0.04122372699576578,0.03551881027943961,wohn+mobil+e wohn+wagen,17.76821440698899
-6.006280322693286,-6.071064558534548,-0.0085327442163222,0.06881246677167661,0.043367078234137775,versinken,29.0523192093638
-16.51840779050347,-0.6547206457361243,-0.020124401817951762,0.039925153675395064,0.034796345350565056,wohn+wagen versink+en,17.22686122417765
-17.06037545554434,-0.3754884361067301,-0.020801218973254494,0.038388085682869694,0.03394187870492618,Sonntagmorgen,16.61718990480548
-17.06037545554434,-0.3754884361067301,-0.020801218973254494,0.038388085682869694,0.03394187870492618,versink+en sonntag+morgen,16.61718990480548
-7.969564603069227,-5.059406300778466,-0.012334700189098225,0.056708203489973935,0.0441770698716545,sonntag+morgen norderney,26.843715971548335
-18.19926247231823,0.21128005861680954,-0.022334197862221003,0.03486834753062924,0.03198796374819225,gewaltigen,15.336034683852912
-18.19926247231823,0.21128005861680954,-0.022334197862221003,0.03486834753062924,0.03198796374819225,norderney gewaltig+en,15.336034683852912
-13.422562946056683,-2.250241161421876,-0.051067267172069365,0.029529211840220927,0.0016406316195037435,Fluten,20.70967224194978
-18.489278727636158,0.3606978832829473,-0.02275125416045143,0.0339019774753311,0.03145215142717927,gewaltig+en flut+en,15.009790969750476
-17.091862893639192,-0.3592655687422077,-0.020841524136067654,0.038296216515462084,0.03389083128065217,ein camping+platz,16.5817690269172
-17.621516818567855,-0.08638004648003506,-0.02153665412843034,0.03670599305234671,0.03300762894283747,camping+platz komplett,15.985950828899453
-17.87498925251539,0.04421179512919515,-0.021881289341359973,0.03591360094542338,0.03256782541885603,komplett überschwemm+t,15.700815083130621
-7.950411877638505,-5.070560881221342,0.05894799120870041,0.07554486837296448,0.024356407769508506,Mehr,26.8658516490182
-23.808630386235095,3.100931388191105,-0.033466460252731166,0.007981708538205519,0.017171400488178466,mehr video,9.026120965032318
-23.88277342806773,3.1391175681298744,-0.03367877921567211,0.007449328758463512,0.016879680080886507,anzeigen,8.942722202766111
-23.88277342806773,3.1391175681298744,-0.03367877921567211,0.007449328758463512,0.016879680080886507,video anzeige+n,8.942722202766111
-24.011675338700467,3.2055054373040885,-0.03405428102960536,0.006506155122262158,0.016362997058480384,anzeige+n rund,8.797729148863162
-25.17701413926724,3.805615156536416,-0.03787550906867127,-0.0032067441211033124,0.011051466790954277,Quelle,7.486950742061242
-25.222026940928565,3.828792075239473,-0.0380409961433245,-0.0036320079836384134,0.010819272594233407,NonstopNews,7.436321586294942
-25.222026940928565,3.828792075239473,-0.0380409961433245,-0.0036320079836384134,0.010819272594233407,quelle nonstopnews,7.436321586294942
-25.292433248928518,3.8650434393694804,-0.03830292903963849,-0.004305886048699997,0.010451393176217478,MeteoR…,7.357130780839796
-25.292433248928518,3.8650434393694804,-0.03830292903963849,-0.004305886048699997,0.010451393176217478,nonstopnews meteor…,7.357130780839796
-25.339306675394706,3.889177605838366,-0.03847944389555959,-0.004760539521345926,0.010203231449325351,+23,7.304409206101397
-25.339306675394706,3.889177605838366,-0.03847944389555959,-0.004760539521345926,0.010203231449325351,meteor… +23,7.304409206101397
-25.35967322096213,3.899663820862778,-0.03855667991682404,-0.0049596125016622625,0.010094582268409799,+23 char+s,7.281501681889944
-20.374544872416923,1.3320386469313048,-0.02424026511089938,0.03264227669703522,0.026070647430213395,Starke,12.88900626769439
-20.374544872416923,1.3320386469313048,-0.02424026511089938,0.03264227669703522,0.026070647430213395,fähr+ausfall+e stark+e,12.88900626769439
-6.040605007095547,-6.054542071249147,0.03970239440500138,0.011500997836864535,0.07567855758924344,Winde,29.014247646976383
-17.98019503949966,0.0961990803074304,0.036961324632190595,-0.020723303263173815,0.06855647310526418,stark+e wind+e,15.583490555450748
-9.819612766445832,-4.106178112971714,-0.013681872992517233,0.05394408116965768,0.04262538012154767,wind+e sturm+flut+en,24.762533789152943
-19.448810589278338,0.8550459434630593,-0.024219701156848017,0.030470997445165546,0.029552000346070088,Feuerwehren,13.930402440832912
-19.448810589278338,0.8550459434630593,-0.024219701156848017,0.030470997445165546,0.029552000346070088,sturm+flut+en feuer+wehr+en,13.930402440832912
-21.69703949091092,2.0132614544966234,-0.02833098755034736,0.020648370197221887,0.02412969833852867,feuer+wehr+en müss+en,11.401374103301924
-22.466504068032684,2.4096326839262003,-0.03002332297357043,0.01652016058315986,0.021858017357828094,müss+en immer,10.535819852455571
-23.392916345486285,2.887082391934632,-0.028454943505088832,0.02556547501797205,0.01509732294985124,ausrücken,9.49361079348175
-23.392916345486285,2.887082391934632,-0.028454943505088832,0.02556547501797205,0.01509732294985124,immer aus+rück+en,9.49361079348175
-24.06345522218991,3.2323078873041924,0.005319046752188833,0.06516877002424544,-0.00223338821887405,geb+t sogar,8.739416140091679
-24.025491419375317,3.2097619053299384,0.03460336050225709,0.1272785742190572,-0.019056027386352915,sogar verletz+t+e,8.78348141761192
-24.683334919316664,3.5505058997124337,0.04956033226046078,0.001728099354658133,-0.0003491649631928509,Überblick,8.042651207158427
-24.683334919316664,3.5505058997124337,0.04956033226046078,0.001728099354658133,-0.0003491649631928509,ein überblick,8.042651207158427
-19.715661642422752,0.9925244539664879,-0.024654601378159807,0.02944665905500163,0.028985345097611453,+4522,13.63021970302075
-19.715661642422752,0.9925244539664879,-0.024654601378159807,0.02944665905500163,0.028985345097611453,sturm+flut +4522,13.63021970302075
-20.960539715313047,1.633853303434213,-0.026862413445604014,0.024191821876238463,0.026082876685659125,+4522 chars,12.229855270791823
-2.1330916945797966,-8.066580534144407,-0.012878857310373413,0.06122636691660972,0.04375725779067956,sturm+flut teil+en,33.40934617933284
-11.882632748446309,-3.0432417769680598,-0.01336012327576065,0.058012238061662044,0.038815955591678504,Norddeutschlands,22.441782540293428
-21.279593693749394,1.7982159577498456,-0.027482066076018708,0.022701222306708634,0.025260865269459244,teil+en norddeutschland+s,11.87095380176549
-15.281671973331747,-1.2919429156519033,-0.014205872201626765,0.060177155888023935,0.03249014282191508,Störungen,18.618104656387704
-23.117879382805363,2.7451536522481996,-0.03160632769095793,0.012617132275248806,0.019713801075130113,norddeutschland+s störung+en,9.803110673778402
-16.65155075543757,-0.5861697846089369,-0.01387622385315111,0.0639122447259227,0.0287158656287505,störung+en fähr+verkehr,17.077103584854278
-24.385293300798935,3.39792080567647,-0.035191198391297626,0.003637988783654747,0.014792803744359396,fähr+verkehr ein,8.377475091199099
-17.967731324961385,0.09204904391071711,-0.019200032011154958,0.04629702483681253,0.029814793608254092,sturm teil+e,15.596460802856097
-19.26399791586192,0.7599222051824572,-0.02055727790176228,0.04396888823180265,0.02681883315273427,teil+e norddeutschland+s,14.138256629731472
-23.3046651142216,2.8417302493788954,-0.023265438114206363,0.04500556799585559,0.010780358312168562,hinweggezogen,9.592830199832596
-23.3046651142216,2.8417302493788954,-0.023265438114206363,0.04500556799585559,0.010780358312168562,norddeutschland+s hinweg+ge+zieh+en,9.592830199832596
-21.088740616882767,1.7000660578780078,-0.01979688169208922,0.05141011801324636,0.018966396571270312,hinweg+ge+zieh+en störung+en,12.085561275885865
-23.78557079579187,3.086337384363466,0.0005552418332748429,0.137211870328931,-0.014184774403126186,fähr+verkehr ge+sorg+t,9.053284282514085
-23.335116948012683,2.8340088750051162,0.04439201603525307,0.3013751404854812,-0.04992050960806804,Fährverbindung,9.569257505449169
-23.335116948012683,2.8340088750051162,0.04439201603525307,0.3013751404854812,-0.04992050960806804,der fähr+verbindung,9.569257505449169
-24.295233582771324,3.3505900566458218,-0.008105647563600882,0.10630427077445585,-0.009837845384389868,fähr+verbindung rostock,8.479195733976931
-18.61160367782152,0.4237876682845716,-0.018024463146351134,0.05213463873922071,0.026696959509705187,Mecklenburg-Vorpommern,14.872152081889114
-26.511700710334505,4.493777745444598,-0.029436152611249714,0.03580739856149487,-0.010577887299012236,rostock mecklenburg-vorpommern,5.985295122608758
-26.737927484308205,4.610125630846152,-0.03520129536281244,0.015191846016714111,-0.007878120178008135,Gedser,5.730906391980279
-26.737927484308205,4.610125630846152,-0.03520129536281244,0.015191846016714111,-0.007878120178008135,mecklenburg-vorpommern gedser,5.730906391980279
-26.807710555309303,4.6459857891022285,-0.036583472687933175,0.010352715933382203,-0.0074537329625089,Dänemark,5.652449444098868
-26.807710555309303,4.6459857891022285,-0.036583472687933175,0.010352715933382203,-0.0074537329625089,gedser dänemark,5.652449444098868
-26.866000118719555,4.675935616594053,-0.037639855339433176,0.0066890679778132955,-0.007205796163424431,dänemark werd+e,5.586916415783144
-26.93233988567965,4.710019030457343,-0.03875242810131708,0.002866520092212381,-0.00702439249263934,werd+e angabe+n,5.512333994604429
-26.999448196165797,4.744495557081503,-0.0397970719669377,-0.0006863799774436963,-0.006935311002754876,Betreibers,5.436888291304634
-26.999448196165797,4.744495557081503,-0.0397970719669377,-0.0006863799774436963,-0.006935311002754876,angabe+n betreiber+s,5.436888291304634
-27.056800986133666,4.773959427186561,-0.04063604828346763,-0.0035127982911909994,-0.006924967226997803,Scandlines,5.372410454798177
-27.056800986133666,4.773959427186561,-0.04063604828346763,-0.0035127982911909994,-0.006924967226997803,betreiber+s scandline+s,5.372410454798177
-27.12480337053435,4.808893744595629,-0.041577003058340986,-0.0066528575794733355,-0.0069820555113531725,scandline+s sonntag,5.295960236638971
-27.16142898341308,4.827708949422312,-0.042062932934743696,-0.008261730526041025,-0.007041090894643064,sonntag komplett,5.254784748226181
-27.20088082035248,4.847975922336033,-0.042572022236944,-0.00993783357467367,-0.007125127471532735,gestric…,5.2104319867320195
-27.20088082035248,4.847975922336033,-0.042572022236944,-0.00993783357467367,-0.007125127471532735,komplett gestric…,5.2104319867320195
-27.2386211111695,4.867363546079238,-0.04304646071213125,-0.011491081779585827,-0.007224229309039109,gestric… kopier+e,5.168003429519555
-27.652201336911556,5.080906553912001,-0.02623334612827548,0.05556405999636936,-0.030141559660146876,Meck…,4.702538213605171
-27.652201336911556,5.080906553912001,-0.02623334612827548,0.05556405999636936,-0.030141559660146876,rostock meck…,4.702538213605171
-27.682407889712923,5.096575232741408,-0.02878523422677705,0.04607722727435486,-0.028221245509140427,+1064,4.66851125957718
-27.682407889712923,5.096575232741408,-0.02878523422677705,0.04607722727435486,-0.028221245509140427,meck… +1064,4.66851125957718
-27.70534311421549,5.108427822342662,-0.030571277480117336,0.03945037275501387,-0.026907395606529962,+1064 chars,4.642695494248134
-25.669792485738633,4.057635172073907,-0.07270068633276211,-0.02700706349382971,-0.02641220682724271,wetter orkanbö+en,6.933476727597394
-22.644316367566084,2.4993517855948717,-0.049610160877969295,-0.02736534569948222,-0.025098207932246094,legen,10.33667473326399
-25.491115227107684,3.965269120906026,-0.07792460459749746,-0.02855113382039215,-0.03167622146465228,orkanbö+en leg+en,7.134616624870997
-25.370856895677086,3.9030312138380436,-0.0821598174137344,-0.030031494687371513,-0.03598599537403743,leg+en fähre+n,7.270026113879164
-22.481772566615525,2.414419316530589,-0.03676963062612959,-0.05067980167563277,-0.03725436863489941,lahm,10.520073633322294
-25.21485675015142,3.82217798993858,-0.08873726100070016,-0.032601670885569034,-0.04272909038172462,fähre+n lahm,7.445734582804603
-20.720342252574113,1.5068949253764288,-0.0952743944238276,-0.01403203646481796,-0.04601906392611803,Windsurf-Elite,12.501539282784126
-25.036955025682083,3.729742037784057,-0.09814849271305164,-0.03665684821546139,-0.05244702991976384,lahm windsurf-elite,7.646217918721366
-24.519773705061287,3.4579245415680355,-0.14466417519860905,-0.05937372960670566,-0.10098895345037254,feiert,8.2304680072572
-24.519773705061287,3.4579245415680355,-0.14466417519860905,-0.05937372960670566,-0.10098895345037254,windsurf-elite feier+t,8.2304680072572
-24.051720859257106,3.2010906916443957,-0.22666498015764083,-0.10179228840319532,-0.18713931195454686,feier+t nordsee,8.764189572998475
-24.046486928350696,3.217039467630549,-0.12368345851249637,-0.0447249040046874,-0.07833667180211473,nordsee kiel/hamburg,8.761518050976981
-5.7564091768088055,-6.199658628859874,-0.02320275563631674,0.029565119232203205,0.013974636459937467,lno,29.3333489544884
-23.540046957029183,2.9614646207391964,-0.06291295825269483,-0.007472844174528016,-0.013689776046999762,kiel/hamburg lno,9.328759959704152
-23.153573253455782,2.763198893520915,-0.044337732698690846,0.005122865034301052,0.006242309277287819,lno orkanartige,9.763118307369448
-22.165660554973698,2.2546629786048653,-0.02934054791005047,0.01819132746326222,0.022777151409393542,orkanartige böen,10.87423107544191
-21.42615220699524,1.873715564334531,-0.0277750052838,0.021994228650123026,0.0248711789157444,böen stark+er,11.706091641048928
-19.96191564711006,1.119390545364313,-0.025067155977424985,0.028471597550439303,0.028446218424577195,stark+er regen,13.35320723238742
-20.960539715313047,1.633853303434213,-0.026862413445604014,0.024191821876238463,0.026082876685659125,sturm+flut mensch+en,12.229855270791823
-22.466504068032684,2.4096326839262003,-0.03002332297357043,0.01652016058315986,0.021858017357828094,mensch+en schleswig-holstein,10.535819852455571
-20.23215538590196,1.2575341734599288,-0.06427428589531561,0.01218306864252585,-0.0173741400925824,schleswig-holstein hamburg,13.049714151385151
-24.457641840984557,3.4351792730411197,-0.03542021575837545,0.0030579834120292443,0.014475459425280257,hamburg un+gemütlich+es,8.29609645870296
-25.168651543151483,3.801309257080436,-0.03784493149497532,-0.0031282080965232342,0.0110943506162215,woche+n+ende kopier+e,7.496356773376581
-26.062348482165415,4.261409806138447,-0.0414433286625052,-0.012457905689062777,0.006006435174719337,hinzu+füg+en während,6.491179098400016
-25.370856895677086,3.9030312138380436,-0.0821598174137344,-0.030031494687371513,-0.03598599537403743,während fähre+n,7.270026113879164
-26.231607537546033,4.348531490706426,-0.0422114136439304,-0.014471922230060039,0.004909698701688524,ausfielen,6.300814639394424
-26.231607537546033,4.348531490706426,-0.0422114136439304,-0.014471922230060039,0.004909698701688524,fähre+n aus+fall+en,6.300814639394424
-26.4076483066857,4.4391363402932456,-0.04304494839201515,-0.016666432934298245,0.0037152697011622916,aus+fall+en fisch+markt,6.102826314443307
-23.574059931187442,2.9792700520017066,-0.03875655177895539,-0.01469626501051663,-0.005332872966574493,fisch+markt wasser,9.290370374744805
-26.60701990361405,4.5417387219480005,-0.04403529414233467,-0.01928574753777905,0.0022904107065510187,wasser steh,5.878603230510223
-26.65900477255304,4.568489648602068,-0.04430216157370639,-0.019993785205311615,0.0019053929920950265,nutzte,5.820139411817814
-26.65900477255304,4.568489648602068,-0.04430216157370639,-0.019993785205311615,0.0019053929920950265,steh nutz+te,5.820139411817814
-25.036955025682083,3.729742037784057,-0.09814849271305164,-0.03665684821546139,-0.05244702991976384,nutz+te windsurf-elit+e,7.646217918721366
-26.856834562525727,4.670282705574396,-0.04535284821936616,-0.022790515297621675,0.0003851540079953218,windsurf-elit+e sylt,5.597657633356899
-26.90947741887742,4.697367647110667,-0.04564228356395744,-0.023563485116899055,-3.485764558243051e-05,sylt stürmisch+en,5.538455931923486
-3.8141598367116494,-7.200398089742345,-0.016038327577558374,0.05820258594099589,0.04041281846167818,Bedingungen,31.518246292493615
-26.97561784758905,4.731395620675362,-0.046012113793750725,-0.02455275728765134,-0.0005723052770351365,stürmisch+en bedingung+en,5.464075676850887
-27.057385901368434,4.7734612558476845,-0.04647917972270601,-0.025804689506220765,-0.0012522957388157833,Saisonhöhepunk…,5.372122023809453
-27.057385901368434,4.7734612558476845,-0.04647917972270601,-0.025804689506220765,-0.0012522957388157833,bedingung+en saisonhöhepunk…,5.372122023809453
-27.137227548385162,4.814533090354672,-0.04694617799518286,-0.02705929549341904,-0.0019335686113604034,+4609,5.28233601559614
-27.137227548385162,4.814533090354672,-0.04694617799518286,-0.02705929549341904,-0.0019335686113604034,saisonhöhepunk… +4609,5.28233601559614
-27.163858308965363,4.8282317498751635,-0.04710442689662963,-0.02748508349320805,-0.0021647407593397908,+4609 chars,5.25238865805228
-14.384476365689192,-1.7739976551347887,-0.19362209299367378,-0.08262259548119291,-0.17550599938259048,Zwei,19.636494076209445
-25.241047511934312,3.8140633938102186,0.20621469518863308,-0.16264480764582448,0.006321758388425525,verletz+t sturm+tief,7.42619755200524
-25.303534903742065,3.8687966186951672,0.0383038863342163,-0.04139748224887785,0.005780170251595055,wirbelt,7.345552994194437
-25.303534903742065,3.8687966186951672,0.0383038863342163,-0.04139748224887785,0.005780170251595055,detlef wirbel+t,7.345552994194437
-25.18514719055064,3.8090438501823836,0.01808045196172533,-0.022901418437387716,0.006063003363091474,wirbel+t deutschland,7.47815659808602
-20.282666467399288,1.284714842241998,0.005510808344157049,0.03828193469495143,0.020601717869724735,Zwar,12.992356602079749
-24.80081018813241,3.612235475242063,-0.008916309378598731,0.01011126772593366,0.006392586657776138,deutschland zwar,7.909944915465649
-20.02723704904063,1.1531523556777046,-0.00019745324149521813,0.048227933660108475,0.020350104920530028,zwar bleib+en,13.279674729752736
-19.547214582696817,0.9057144623315114,-0.007311469472436283,0.06615215379298856,0.019418203371667643,bundesweit,13.819714804453437
-19.547214582696817,0.9057144623315114,-0.007311469472436283,0.06615215379298856,0.019418203371667643,bleib+en bundesweit,13.819714804453437
-18.63978988106543,0.43738086521090835,-0.005614849914197721,0.09931418950419152,0.015288318506484296,bundesweit groß+er+e,14.84086304697885
-8.911009579380753,-4.57888535150671,0.015957711135511084,0.16504523072605204,0.017651935439651857,groß+er+e schaden,25.786721432814403
-16.57424110792752,-0.6260759830971567,-0.012294450899673365,0.0697720602480887,0.027481858720814493,dennoch,17.164104292886957
-16.57424110792752,-0.6260759830971567,-0.012294450899673365,0.0697720602480887,0.027481858720814493,schaden dennoch,17.164104292886957
-15.357087914923731,-1.2530471389533915,-0.01659254810169468,0.05124437816929828,0.03448928741781151,dennoch sorg+en,18.533250600869046
-13.76960214869493,-2.070984837568261,-0.01711167875173734,0.046629017131922655,0.038531928064123006,sorg+en stark+er,20.31906537355308
7.740656648721558,-13.154066374304183,-0.004494216190473588,0.07111333769959387,0.052308060878647374,wind sturm+flut,44.516702126208074
-16.170937348006714,-0.8341812090668981,-0.04843857236022587,0.02438365094824683,0.004999355582007866,nordseeküste massiv+e,17.61794408582778
-17.335693155761103,-0.2339396941529266,-0.04266233072293697,0.025225287903885837,0.0107939507139687,massiv+e einschränkung+en,16.30762065789461
-19.60684074973375,0.9362878156241781,-0.03640313195296011,0.023010685835188286,0.016628697883920088,mehrere mensch+en,13.752714856307318
-20.153855653115706,1.2181182009971074,-0.03564497158612492,0.021797190164451873,0.017196547207024022,mensch+en komm+en,13.137366646462791
-20.664934795629346,1.4814265358112397,-0.03515835105243524,0.020427013379723483,0.017472591084218766,Schaden,12.5624467613674
-20.664934795629346,1.4814265358112397,-0.03515835105243524,0.020427013379723483,0.017472591084218766,komm+en schaden,12.5624467613674
-21.49797468527253,1.9106420521128964,-0.034062498004611946,0.020403193433636165,0.016779223332560246,konnten,11.625333559185686
-21.49797468527253,1.9106420521128964,-0.034062498004611946,0.020403193433636165,0.016779223332560246,doch könn+en,11.625333559185686
-25.648102692412973,4.048314752015248,-0.04203395820645182,0.00020131803551839272,0.00014701570749514267,Witterung,6.957019579978387
-25.648102692412973,4.048314752015248,-0.04203395820645182,0.00020131803551839272,0.00014701570749514267,könn+en witterung,6.957019579978387
-25.37777525411544,3.9094198964070697,-0.034285432790437324,0.01140543918914158,0.005855056330548652,Positives,7.260939094602504
-25.37777525411544,3.9094198964070697,-0.034285432790437324,0.01140543918914158,0.005855056330548652,witterung positiv+es,7.260939094602504
-25.159954131801747,3.7973035129044646,-0.03266223506400334,0.01658282014964533,0.006234202138495033,abgewinnen,7.5059199943603
-25.159954131801747,3.7973035129044646,-0.03266223506400334,0.01658282014964533,0.006234202138495033,positiv+es ab+gewinn+en,7.5059199943603
-25.5420992710417,3.9926674885606346,-0.011089862146016809,-0.03440831586958713,0.0029468605479904923,de…,7.076745203646052
-25.609944711011913,4.028315134468956,-0.04501524016004975,-0.010641353647337613,0.0029256899011279973,könn+en de…,7.000101655978572
-25.69245155489379,4.070799424099002,-0.045076780556249606,-0.011350654920831482,0.0027410680388585233,+3832,6.90729936584005
-25.69245155489379,4.070799424099002,-0.045076780556249606,-0.011350654920831482,0.0027410680388585233,de… +3832,6.90729936584005
-25.78532275249656,4.1186187976081055,-0.04516486764840326,-0.012176666830272208,0.0025098580605824768,+3832 chars,6.802840218897781
-21.17248224086355,1.74322051459197,-0.02090244662871336,0.04743491197072336,0.019620329885938897,deutschland mehrere,11.991354873559814
-9.819612766445832,-4.106178112971714,-0.013681872992517233,0.05394408116965768,0.04262538012154767,verletz+t+e sturm+flut,24.762533789152943
-21.56310528621689,1.9427681246299695,-0.07009221387900418,-0.0027587313952279757,-0.01988279434347669,nordsee orkanbö+en,11.552729106142769
-20.27193082010429,1.2784959801483922,-0.015688964622889087,-0.004856322715092974,0.007255481772424206,überflutete,13.004757217655623
-20.27193082010429,1.2784959801483922,-0.015688964622889087,-0.004856322715092974,0.007255481772424206,orkanbö+en überflutet+e,13.004757217655623
-21.048017661059447,1.677742381877903,0.010796498042945427,-0.02025209973208343,0.011815412548174309,überflutet+e küste+n,12.132001541623584
-18.767086635207143,0.5017288653602145,0.031348639383794015,-0.03219035085988137,0.00921276510402369,umgestürzte,14.698257517663109
-21.399728388930914,1.8578484248642377,0.03489702944130044,-0.036667697755345535,0.013197310050757628,küste+n um+ge+stürz+t+e,11.736862687983578
-21.735555642449064,2.017557654633716,0.15984833133398174,-0.12258715146765203,0.01523000008232661,baum+e der,11.365201630247403
-18.712709579034513,0.47405932729282174,0.031046189653889097,-0.024902075732485665,0.014940149222553411,weite,14.759266747036927
-22.80983396483679,2.581870429726144,0.06770490343793217,-0.0629513926620188,0.01449975607777389,detlef weit+e,10.15175009367221
-18.979048695220996,0.611599731019747,0.01836458170766895,-0.021973478471041946,0.010459603185422911,weit+e teil+e,14.459510040478419
-1.8369090280684155,-8.219199901970676,0.0096919592436992,0.056121516430397464,0.04562538795650993,getroffen,33.74253956016324
-23.313844711389983,2.843732057696899,0.03513572623377776,-0.04264636695210229,0.01393349329091214,europa+s ge+treff+en,9.583771186796385
-22.54362475272029,2.448824593068651,-0.004172192980382844,-0.00890860586785635,0.016347560593429164,deutschland komm,10.4493195971582
-22.764536001421178,2.5626903059386397,-0.0076205854356370135,-0.007655026958760851,0.01602174188456122,komm mehrere+n,10.200789255719464
-8.674621236355478,-4.6960643143369705,-0.008936634292580282,0.04706080190856817,0.04024986704020177,Unfällen,26.050546080364732
-22.94592335683118,2.656171721417378,-0.010199941007960053,-0.006864355598285944,0.015722069401779074,mehrere+n unfall+en,9.996729885593341
-13.016358143510988,-2.460061964132196,0.04618592011430938,0.041131348431489544,-0.002168794969148586,Polizei,21.166868242345284
-24.05897503242678,3.2263963076244577,-0.06031911392009773,-0.041489130735529275,-0.06233007924257512,polizei feuer+wehr,8.746130936333401
-24.432366983176735,3.4214113107776463,-0.0031701684009864802,-0.0233297578595153,0.011599570393559046,Rettungsdienste,8.324876661115738
-24.432366983176735,3.4214113107776463,-0.0031701684009864802,-0.0233297578595153,0.011599570393559046,feuer+wehr rettung+s+dienst+e,8.324876661115738
-26.71406571118865,4.596081109021011,-0.019939584929739393,-0.04195280814797378,-0.0014350127774271151,Dauereinsatz,5.758561281634403
-26.71406571118865,4.596081109021011,-0.019939584929739393,-0.04195280814797378,-0.0014350127774271151,rettung+s+dienst+e dauer+einsatz,5.758561281634403
-26.83767180905742,4.659053839861937,-0.00499976273802459,-0.05467590258474478,-0.0022646883175534913,Rettungshubschraubern,5.6198428395147255
-26.83767180905742,4.659053839861937,-0.00499976273802459,-0.05467590258474478,-0.0022646883175534913,dauer+einsatz rettung+s+hubschrauber+n,5.6198428395147255
-27.656199784843356,5.0801135068544525,-0.01272095690789018,-0.06486395782869216,-0.008396563392764563,+5181,4.699367647421621
-27.656199784843356,5.0801135068544525,-0.01272095690789018,-0.06486395782869216,-0.008396563392764563,rettung+s+dienst+e +5181,4.699367647421621
-27.671597573708553,5.088083846126327,-0.014013639713654262,-0.06427865685119094,-0.008526934906447046,+5181 chars,4.682029196311154
-23.831148703363162,3.1117996749402357,0.0033391776142880757,-0.018896480686585948,0.0167268716627134,Schwerverletzte,9.001131888563643
-23.831148703363162,3.1117996749402357,0.0033391776142880757,-0.018896480686585948,0.0167268716627134,mehrere schwerverletzt+e,9.001131888563643
-22.22840314760242,2.2796398899218175,0.10338812202505339,-0.07716248588301247,0.02169057903015917,schwerverletzt+e sturm+tief,10.80703892577927
-19.158261454094383,0.7053572034896263,-0.0237598437718062,0.0315500980462108,0.030149267262471326,detlef deutschland,14.257243912199833
-9.819612766445832,-4.106178112971714,-0.013681872992517233,0.05394408116965768,0.04262538012154767,deutschland sturm+flut,24.762533789152943
-13.76960214869493,-2.070984837568261,-0.01711167875173734,0.046629017131922655,0.038531928064123006,hamburg stark+e,20.31906537355308
-15.413964733252609,-1.2237570691086468,-0.01883618356558867,0.0428202983073085,0.036407806072451955,stark+e böe+n,18.46927627166662
-17.429924289212135,-0.1850910647547508,-0.021281391311333282,0.03729120893167642,0.03333256502574867,böe+n brocken,16.201476931228964
-18.396670116591906,0.31298556781507614,-0.022616810878151185,0.034213898312090076,0.031625068606833104,umgeknickte,15.11396776203895
-18.396670116591906,0.31298556781507614,-0.022616810878151185,0.034213898312090076,0.031625068606833104,brocken um+ge+knick+t+e,15.11396776203895
-19.37853011424332,0.8188380849161163,-0.024107188492234616,0.030735404297857635,0.02969831547307393,um+ge+knick+t+e baum+e,14.009461558173946
-14.614636255305975,-1.6363315046576492,0.03186203163999881,0.008883572494367643,0.03710995693729614,Süden,19.36880810067595
-19.961915647110054,1.1193905453643103,-0.025067155977424996,0.028471597550439636,0.02844621842457705,baum+e süden,13.353207232387424
-17.09792597188811,-0.3562048016009669,-0.004139424862050549,0.026196005140941815,0.033738593555623385,süden detlef,16.574980243722152
-21.697039490910925,2.0132614544966234,-0.02833098755034716,0.020648370197221627,0.024129698338528557,woche+n+ende spur+en,11.401374103301922
-21.912863300243437,2.1244400682971403,-0.028788134370789534,0.01953786719239663,0.023518213803543936,spur+en hinterlass+en,11.158597517583143
-22.15840094859695,2.250923385741995,-0.029324419532859494,0.018230712171593142,0.022798820582642237,mindestens drei,10.882397242486572
-22.131672191302528,2.23715476125715,-0.029265174614523784,0.018375348949814633,0.02287840176038225,drei mensch+en,10.912463825040787
-19.662768617661328,0.9653700074199509,-0.02160641180501907,0.040912463021681215,0.02635609119808542,Montag,13.68967404871134
-24.720099484357075,3.5703368452924664,-0.036277074524456894,0.0008813040899834923,0.013285040177842234,für montag,8.000882514466898
-24.148816649467015,3.2761353715527375,-0.034462983835082825,0.005477249616683742,0.015799541594065384,Wetterbesserung,8.643468816829214
-24.148816649467015,3.2761353715527375,-0.034462983835082825,0.005477249616683742,0.015799541594065384,montag wetter+besserung,8.643468816829214
-23.319716139585687,2.849114582761845,-0.032129003167241585,0.01131990661348474,0.019001866073686945,vorhergesagt,9.576073651888068
-23.319716139585687,2.849114582761845,-0.032129003167241585,0.01131990661348474,0.019001866073686945,wetter+besserung vorhergesagt,9.576073651888068
-18.840211749079927,0.5414989964804438,-0.02327192526504919,0.03269043802102313,0.03078078874656726,19:00,14.615021676160534
-18.840211749079927,0.5414989964804438,-0.02327192526504919,0.03269043802102313,0.03078078874656726,05.10.2025 19:00,14.615021676160534
-15.971482511501614,-0.9365091795778717,-0.019472023186723624,0.04139641833550615,0.03561492799767043,19:00 uhr,17.84211043728031
-9.819612766445832,-4.106178112971714,-0.013681872992517233,0.05394408116965768,0.04262538012154767,uhr sturm+flut,24.762533789152943
-26.273045947331486,4.36985977764225,-0.04240433899687207,-0.01497903130764941,0.004633634803092139,verle…,6.254209639811683
-26.273045947331486,4.36985977764225,-0.04240433899687207,-0.01497903130764941,0.004633634803092139,werd+en verle…,6.254209639811683
-26.35183877369358,4.410413113890916,-0.04277670185125578,-0.015959194003797736,0.00410013943540297,+3096,6.165593390041227
-26.35183877369358,4.410413113890916,-0.04277670185125578,-0.015959194003797736,0.00410013943540297,verle… +3096,6.165593390041227
-26.4076483066857,4.4391363402932456,-0.04304494839201515,-0.016666432934298245,0.0037152697011622916,+3096 chars,6.102826314443307
34.78394353242136,-27.087800248451707,-0.001798111032580785,0.07622506089054584,0.051526449204077805,Kreuzfahrtschiff,74.93853987961853
-15.607707125601411,-1.123935673282885,-0.01905395027435103,0.04233378151162666,0.03613681886889333,wetter kreuz+fahrt+schiff,18.251330467708193
9.628536722547604,-14.126791710638667,-0.0038179000691973483,0.07218155420383843,0.05291381954386369,steckt,46.640445163293805
4.44914749893881,-11.45812322783354,-0.005773210544734031,0.06900371741358487,0.05111277057584096,kreuz+fahrt+schiff steck+t,40.81396646757409
5.977075792912135,-12.245385285109379,-0.0051625424992576075,0.07002504227368923,0.05169126712872034,steck+t wegen,42.53278741853852
3.8356230251962096,-11.142005848363496,-0.0060273787277581765,0.0685713673395862,0.050867982897901676,hamburg fest,40.123790898666634
-21.69703949091092,2.0132614544966234,-0.02833098755034736,0.020648370197221887,0.02412969833852867,fest kiel/hamburg,11.401374103301924
-18.489938366849145,0.36103773160362973,-0.022752216122176927,0.03389974427480176,0.03145091352766698,kiel/hamburg wegen,15.009048932039201
4.173589947946969,-11.316142702659647,-0.005886707588386559,0.06881117139532869,0.051003747321461845,sturm+flut kreuz+fahrt+schiff,40.50398195007995
6.454203463140733,-12.491224303787341,-0.004978025044830352,0.07032865329967505,0.051863302336284084,Aidaperla,43.06952529441153
-10.312443859320975,-3.8522500348228608,-0.014065165890104092,0.053145608352398614,0.04217765123032935,kreuz+fahrt+schiff aidaperla,24.208131649647306
-18.101488179400185,0.16090604434151423,-0.022196179600276672,0.035187341868397524,0.03216489355972452,aidaperla seit,15.446022576623557
-18.580828622833025,0.4078646449115837,-0.02288535601577204,0.033590473420250844,0.031279493731542256,seit samstag,14.906805188769678
-19.902135162626845,1.0885927020979906,-0.024965984966494832,0.028711011680247096,0.02857857011541788,samstag hamburger,13.420454579274635
-20.45324665521065,1.3725129764114925,-0.02592468478315599,0.026434637047309972,0.027320782046725733,hamburger hafen,12.800507875792613
-20.740939103987145,1.520723181047992,-0.02644959644747147,0.025181120088709243,0.026628751465865404,verlassen,12.47688307243403
-20.740939103987145,1.520723181047992,-0.02644959644747147,0.025181120088709243,0.026628751465865404,hafen verlass+en,12.47688307243403
-21.203227727000158,1.7588757979393463,-0.027331534627009595,0.02306394679349725,0.025460843017144377,Aufgrund,11.956857200886073
-21.66467219743712,1.9965877650256214,-0.02826353332059556,0.02081193429495579,0.024219787944578054,anhaltenden,11.437783590105736
-21.66467219743712,1.9965877650256214,-0.02826353332059556,0.02081193429495579,0.024219787944578054,aufgrund an+halt+end+en,11.437783590105736
-25.749272362187902,4.100245586890819,-0.04010098436538218,-0.008957062153854806,0.007914129941672725,an+halt+end+en kopier+e,6.843301177803581
-26.434576142702333,4.452994855498456,-0.043175743427065115,-0.017011623021955274,0.0035274446232010787,der aidaperla,6.0725416380007085
-19.90625466610213,1.0907149991401344,-0.024972935479468203,0.028694569970269455,0.028569480393673886,aidaperla samstag,13.41582052957186
-20.296237559400712,1.2916260221162696,-0.02564547654577483,0.027099358774216504,0.02768792378708862,samstag norwegen,12.977127519788189
-20.534544793213833,1.4143954341595233,-0.026071243388968737,0.026085149059292767,0.02712779837230423,auslaufen,12.709055636755773
-20.534544793213833,1.4143954341595233,-0.026071243388968737,0.026085149059292767,0.02712779837230423,norwegen aus+lauf+en,12.709055636755773
-15.802086402257359,-1.0237863444277835,-0.019275822987662457,0.041836861896316475,0.03586011630736055,doch sturm,18.03266831319702
-26.920810985822392,4.703198670301964,-0.04570516199005591,-0.023731554360171603,-0.00012617324930346355,sturm mach+t,5.525710364202333
-16.664581540016407,-0.5794088937034232,-0.020303864695623654,0.039518633995570776,0.034570286452452414,mach+t kreuz+fahrt+schiff,17.06242706633974
-17.21961101385171,-0.293447631939995,-0.02100619557776796,0.037920488853981894,0.03368208400738106,Strich,16.438062532287525
-17.21961101385171,-0.293447631939995,-0.02100619557776796,0.037920488853981894,0.03368208400738106,kreuz+fahrt+schiff strich,16.438062532287525
-21.35003443191236,1.8345035746984424,-0.027622190879985204,0.022363222296842653,0.025074548251303154,Rechnung,11.791715706226773
-21.35003443191236,1.8345035746984424,-0.027622190879985204,0.022363222296842653,0.025074548251303154,strich rechnung,11.791715706226773
-27.267169336725978,4.881370989801972,-0.04773054786494411,-0.029172948780100016,-0.003080942313285793,+1053,5.136212723942768
-27.267169336725978,4.881370989801972,-0.04773054786494411,-0.029172948780100016,-0.003080942313285793,wegen +1053,5.136212723942768
-27.29029437732614,4.893264910444346,-0.04787343301936975,-0.02955884935062783,-0.003290373989670952,+1053 char+s,5.110208344743887
-21.822591959528236,2.077938239757816,-0.02859534858347682,0.020006608109678525,0.023776284040922052,fest hier,11.260142148242036
-22.27018154634734,2.3085039597834784,-0.029574543921181376,0.017619444776193163,0.022462546352792313,sie kreuz+fahrt+schiff,10.756657879422269
-25.749272362187902,4.100245586890819,-0.04010098436538218,-0.008957062153854806,0.007914129941672725,Schlechtwetterlage,6.843301177803581
-25.749272362187902,4.100245586890819,-0.04010098436538218,-0.008957062153854806,0.007914129941672725,an+halt+end+en schlechtwetter+lage,6.843301177803581
-26.177731369835847,4.320800874330692,-0.04196350076397949,-0.01382100387422898,0.005264099308483438,verbundenen,6.3614084436925165
-26.177731369835847,4.320800874330692,-0.04196350076397949,-0.01382100387422898,0.005264099308483438,schlechtwetter+lage verbind+en+en,6.3614084436925165
-26.303210252948507,4.385385026525512,-0.04254602609335258,-0.015351774298514198,0.004430739146448405,verbind+en+en schließung,6.220284539192443
-26.44341366891277,4.457543078394204,-0.0432188661482483,-0.017125480758611297,0.0034654955053581606,schließung elbe,6.062602440787453
-26.520006086019592,4.4969603416664405,-0.04359674237858336,-0.018124246267595553,0.0029221431139838036,+904,5.976462575448923
-26.520006086019592,4.4969603416664405,-0.04359674237858336,-0.018124246267595553,0.0029221431139838036,elbe +904,5.976462575448923
-26.560406625317857,4.517751243071859,-0.043799114527557005,-0.018659912154263075,0.002630778033168496,+904 chars,5.931026322443515
-17.601782058800026,-0.09654764164833907,-0.021510155904477028,0.036766810205495784,0.03304139229568345,steck+t hamburg,16.00815083058591
-14.32800576442348,-1.7832763082179817,-0.01767388302904762,0.04539616505529188,0.03784383988820619,Eigentlich,19.69090105379823
-18.886284563227576,0.5652356498291784,-0.023341638344696908,0.03252780222634053,0.030690698081824463,fest eigentlich,14.563193799362523
-13.378157013161577,-2.272671340893858,-0.016730686079717692,0.04745942959655418,0.03899569212807963,eigentlich aidaperla,20.759413597613637
-18.514436453513383,0.37365922384932393,-0.022787985819644065,0.033816690998222494,0.03140487677733728,Nordeuropa,14.981490680978032
-18.514436453513383,0.37365922384932393,-0.022787985819644065,0.033816690998222494,0.03140487677733728,sturm nord+europa,14.981490680978032
-18.78942140288467,0.5153318447993716,-0.023195445304861693,0.03286874666414194,0.030879570011178276,nord+europa mach+t,14.672156377829971
-24.39328196075997,3.4020348760453163,-0.035216339247744075,0.0035743541250665076,0.014757983708104366,hinzu+füg+en eigentlich,8.368489325431735
-27.539487659844063,5.021414404971182,-0.049481254712411306,-0.033919593005239515,-0.005655938065833244,durc…,4.829996000852581
-27.539487659844063,5.021414404971182,-0.049481254712411306,-0.033919593005239515,-0.005655938065833244,strich durc…,4.829996000852581
-27.559083944221907,5.03149040829688,-0.049613280847293294,-0.03427917449116577,-0.0058509149318499605,+1080,4.807961117067997
-27.559083944221907,5.03149040829688,-0.049613280847293294,-0.03427917449116577,-0.0058509149318499605,durc… +1080,4.807961117067997
-27.5755080895997,5.039935178201963,-0.049724598398855735,-0.03458253164002538,-0.006015395259023098,+1080 chars,4.789493204707639
-23.117879382805363,2.7451536522481996,-0.03160632769095793,0.012617132275248806,0.019713801075130113,aidaperla steck+t,9.803110673778402
-22.91951069482988,2.6429768765142594,-0.031108060768514877,0.013849872286811254,0.020390675557344737,aidaperla schon,10.026247620755177
-23.22603275152911,2.80086096207755,-0.031884376257291264,0.011927564071004919,0.01933531285594384,Weg,9.681453717361908
-23.22603275152911,2.80086096207755,-0.031884376257291264,0.011927564071004919,0.01933531285594384,schon weg,9.681453717361908
-23.398732255250927,2.889813111772483,-0.03233813017695465,0.010799711241807834,0.018716474113607773,weg norwegen,9.48719230130729
-27.583595100740045,5.044093197685495,-0.04977963366566257,-0.034732570810133784,-0.006096743209752221,du…,4.780399901258943
-27.583595100740045,5.044093197685495,-0.04977963366566257,-0.034732570810133784,-0.006096743209752221,strich du…,4.780399901258943
-27.596893069133618,5.050930393077673,-0.04987045548103529,-0.03498025904299466,-0.006231029534264371,+984,4.765447266640898
-27.596893069133618,5.050930393077673,-0.04987045548103529,-0.03498025904299466,-0.006231029534264371,du… +984,4.765447266640898
-27.609971024575707,5.057654356580264,-0.0499601703164387,-0.035225034042028674,-0.006363730550777259,+984 chars,4.7507420725289204
-23.925517217355566,3.1611318830190918,-0.03380238797431338,0.0071390802844165935,0.016709703025535323,versink+t wasser,8.89464253577544
-27.508621255426714,5.006380279451018,-0.043883812627182946,-0.012778245058556313,-0.010633226906951069,Special,4.864317148647908
-27.48170432735792,4.9925513349811155,-0.04356509201456435,-0.01175800008542454,-0.010505238054188768,Wissenschaft,4.894578470918705
-27.48170432735792,4.9925513349811155,-0.04356509201456435,-0.01175800008542454,-0.010505238054188768,special wissenschaft,4.894578470918705
-27.43361243252294,4.9678615582348655,-0.04282991055955759,-0.009299684641720714,-0.0104477381669601,wissenschaft mit,4.948637337974299
-27.399544483002757,4.950375708119326,-0.04225117700942577,-0.007334879789647815,-0.010470477495196705,Simulator,4.986930286785213
-27.399544483002757,4.950375708119326,-0.04225117700942577,-0.007334879789647815,-0.010470477495196705,mit simulator,4.986930286785213
-27.363893951440765,4.932077664438413,-0.041619661642033366,-0.005178026238003806,-0.010525457333326053,könnt,5.027002029228666
-27.363893951440765,4.932077664438413,-0.041619661642033366,-0.005178026238003806,-0.010525457333326053,simulator könn+t,5.027002029228666
-27.32650054178795,4.912885042208221,-0.040925286333770475,-0.00279159610450732,-0.010620583852578972,könn+t deutschland,5.069032787314083
-27.279053549220812,4.8885319356492865,-0.039990320381543716,0.00044505800328071415,-0.010802642584260436,deutschland meter+hoch,5.122364059311518
-20.399208531530284,1.3447891224319406,-0.022850497342639484,0.03799047625793736,0.02468248198507804,meter+hoch meer,12.861240932981753
-19.913969933727493,1.0947918688003115,-0.02200667567817027,0.039994282802007806,0.025790158602989978,meer versink+en,13.407093104908485
-27.154863610601154,4.824781424620815,-0.0371786691445536,0.010321503783131326,-0.011676442114165898,versink+en lass+en,5.261959041489782
-27.08343816546399,4.78810327366476,-0.03524335679294201,0.017223921038380184,-0.012512386162097138,lass+en klima+forscher,5.342250298568967
-17.298056854887044,-0.25299208648914373,-0.017359670884592414,0.05193265253818903,0.03010620899543483,zeigen,16.349797180595893
-27.00299405489826,4.746765812083767,-0.03267836359205451,0.026472968225002412,-0.013843850707852694,klima+forscher zeig+en,5.432692317730114
-26.95138888074762,4.720219251352525,-0.030760153801269625,0.03344849316423845,-0.014968454135175831,zeig+en schon,5.490724052532064
-15.153379386429027,-1.3580506896576434,-0.014185330838903895,0.06109112765033072,0.032129799764238645,Zentimeter,18.762427859202734
-19.285646382763368,0.7710568596503817,-0.01749463060220753,0.05565882259629054,0.02392166347674589,schon zentimeter,14.113910736404797
-26.66741185484354,4.572837455655183,-0.014534537935073992,0.09342571863871449,-0.02658172643230081,zentimeter verheerend+e,5.810657490083098
-26.28893270423177,4.366823520998313,0.020399342473813656,0.22371450364423381,-0.05399092580842048,verheerend+e folge+n,6.241441607461156
-26.49209868974916,4.48129291144417,-0.00741829666047052,0.11942533099588004,-0.031038156695981225,folge+n ein,6.008425773570419
-20.724002691893368,1.5119413308207648,-0.014379293530111525,0.07102599556059705,0.015539193323429871,interaktive,12.495953849625257
-26.525752915131758,4.500032881481328,-0.015240721848619534,0.08990106585473635,-0.02415568688439285,ein interaktiv+e,5.969930371701469
-26.524055077399222,4.500050130752033,-0.024845600634086487,0.05335691244836563,-0.01508761042706534,Karte,5.971437289866789
-26.524055077399222,4.500050130752033,-0.024845600634086487,0.05335691244836563,-0.01508761042706534,interaktiv+e karte,5.971437289866789
-6.41891591144827,-5.858558156525341,0.01315331360725739,0.052906924425206066,0.058644452774785846,zeigt,28.588179967234122
-26.50432387637599,4.489969793733675,-0.02765307382608342,0.04255437506453096,-0.01218531488930814,karte zeig+t,5.993595788636245
-20.97698346664147,1.6424968298834406,-0.020944270706147565,0.04674640654911584,0.020513702116043517,Städte,12.211275407818366
-26.47760159009157,4.476212519559686,-0.029809508770544314,0.034187567147489176,-0.009813081566091352,zeig+t stadt+e,6.0236526891946625
-26.37539239837217,4.423434651482154,-0.03391756953590121,0.01795251044800342,-0.004689578679387952,stadt+e steig+end+en,6.138686376896069
-27.201697412021332,4.8488247627369265,-0.03831027768076631,0.006322680928707365,-0.011270804166911012,meer+es+spiegel versink+en,5.209314852614709
-25.9551520511271,4.20649611443543,-0.038841695011831406,-0.003101147333618569,0.004628527816610852,Ernstfall,6.611620547987174
-25.9551520511271,4.20649611443543,-0.038841695011831406,-0.003101147333618569,0.004628527816610852,doch ernst+fall,6.611620547987174
-25.828511178119165,4.141171720906129,-0.039380793994080274,-0.0058098040514289115,0.006435987194712334,ernst+fall tret,6.754117088239861
-25.745060664109282,4.098134203689389,-0.03964206627491758,-0.007228167856923165,0.007514950233897814,tret schon,6.848011923881254
-25.653877116532723,4.051134563631384,-0.039710624155455176,-0.007943553078232524,0.00846673706343027,weit,6.950595597035717
-25.653877116532723,4.051134563631384,-0.039710624155455176,-0.007943553078232524,0.00846673706343027,schon weit,6.950595597035717
-25.569029191617247,4.007452115966027,-0.03937027035269591,-0.007061561516346987,0.008947756743194115,weit früh+er,7.046027696141962
-21.124670564676904,1.7184066725695208,-0.027178157262090497,0.02343312440792968,0.025664412464138593,Sea,12.045225532763077
-25.25784711634444,3.8472355428891483,-0.03817378260690631,-0.00397351149521339,0.010632832194981411,der sea,7.39603213632375
-20.960539715313047,1.633853303434213,-0.026862413445604014,0.024191821876238463,0.026082876685659125,Level,12.229855270791823
-20.960539715313047,1.633853303434213,-0.026862413445604014,0.024191821876238463,0.026082876685659125,sea level,12.229855270791823
-20.6949210579214,1.4970162391068014,-0.02636444434885957,0.02538480544672264,0.026741172337182227,Rise,12.528648645494297
-20.6949210579214,1.4970162391068014,-0.02636444434885957,0.02538480544672264,0.026741172337182227,level rise,12.528648645494297
-20.29815388971197,1.2926132681072104,-0.025648854358087968,0.027091325648236388,0.027683486197416306,Map,12.974971837039142
-20.29815388971197,1.2926132681072104,-0.025648854358087968,0.027091325648236388,0.027683486197416306,rise map,12.974971837039142
-24.689425943357378,3.554541291184073,-0.03617475257577156,0.0011417787518953962,0.013427449581673488,map zeig+t,8.035384127397789
-24.30986335445457,3.3590749376240754,-0.034955586055402846,0.004233912938729066,0.015118921027512907,zeig+t deutsch+e,8.462319972132253
-23.925517217355566,3.1611318830190918,-0.03380238797431338,0.0071390802844165935,0.016709703025535323,deutsch+e stadt+e,8.89464253577544
-23.561678438345485,2.973739966509923,-0.03277773912073609,0.00970405033344452,0.01811554859166863,stadt+e meter+hoch,9.303902698252218
-18.489938366849145,0.36103773160362973,-0.022752216122176927,0.03389974427480176,0.03145091352766698,vermehrte,15.009048932039201
-18.489938366849145,0.36103773160362973,-0.022752216122176927,0.03389974427480176,0.03145091352766698,versink+en vermehr+t+e,15.009048932039201
-9.819612766445832,-4.106178112971714,-0.013681872992517233,0.05394408116965768,0.04262538012154767,vermehr+t+e sturm+flut+en,24.762533789152943
-19.158261454094383,0.7053572034896263,-0.0237598437718062,0.0315500980462108,0.030149267262471326,reichen,14.257243912199833
-19.158261454094383,0.7053572034896263,-0.0237598437718062,0.0315500980462108,0.030149267262471326,sturm+flut+en reich+en,14.257243912199833
-20.960539715313047,1.633853303434213,-0.026862413445604014,0.024191821876238463,0.026082876685659125,reich+en schon,12.229855270791823
-17.397828837394147,-0.2016271002998593,-0.02123905940458574,0.037388118643590235,0.03338638338385499,Bildquelle,16.237581734069327
-22.971960202722872,2.6699930405340595,-0.031238364005441124,0.013527865612641098,0.020213836281246886,zentimeter bild+quelle,9.967249190037494
-23.725911181029353,3.0583277250370875,-0.033232652120646605,0.008567201543662521,0.017492288439929074,links,9.11916672107365
-23.725911181029353,3.0583277250370875,-0.033232652120646605,0.008567201543662521,0.017492288439929074,bild+quelle links,9.11916672107365
-25.25784711634444,3.8472355428891483,-0.03817378260690631,-0.00397351149521339,0.010632832194981411,links sea,7.39603213632375
-24.865489857217092,3.6452052067071055,-0.0367702941177299,-0.00037631882937909367,0.01259762202775792,rechts,7.837348015312777
-24.865489857217092,3.6452052067071055,-0.0367702941177299,-0.00037631882937909367,0.01259762202775792,map rechts,7.837348015312777
-25.073945338785116,3.752544389538934,-0.03750222902578446,-0.0022488883271178997,0.011574561798808586,parkerspics…,7.602880160349697
-25.073945338785116,3.752544389538934,-0.03750222902578446,-0.0022488883271178997,0.011574561798808586,rechts parkerspics…,7.602880160349697
-25.06958102063646,3.750335410152908,0.03131878168703862,0.03811725471482693,-0.00778924660391549,+5066,7.607768379052061
-25.382432633959287,3.9113819881826006,-0.0386433819547438,-0.005183181101556911,0.009972571229233316,parkerspics… +5066,7.255902784634635
-25.49727082215996,3.970507641734681,-0.03908728973619593,-0.006329444436709297,0.009347125204582835,+5066 char+s,7.12673785018738
-23.365610140032814,2.7443338130459205,-0.47365210975095406,-0.22635267587721108,-0.44755936835492355,zwei jahr+e,9.583349363817653
-25.428840611305294,3.6162953730616834,-0.6985948197687998,-0.3448574944412559,-0.6883078658501702,Ostseeflut,7.349921685205423
-25.428840611305294,3.6162953730616834,-0.6985948197687998,-0.3448574944412559,-0.6883078658501702,jahr+e ost+see+flut,7.349921685205423
-26.2952830337286,4.26023982063503,-0.4544046004965226,-0.23828433338452104,-0.431154346850892,Schutzanlagen,6.284726315873947
-26.55440958217637,4.441951034874235,-0.3604355686509191,-0.1929853217853304,-0.33220927715643384,ost+see+flut schutz+anlage+n,5.971134457654443
-25.29402608041759,3.560296614467898,-0.6861891374018615,-0.338288412318751,-0.6749293860730813,schutz+anlage+n ost+see+sturm+flut,7.495410313549801
-26.302882273528063,4.3182392911079495,-0.34800709278066033,-0.18386133346821001,-0.31855045727380743,Ordnung,6.251387285083925
-26.302882273528063,4.3182392911079495,-0.34800709278066033,-0.18386133346821001,-0.31855045727380743,2023 ordnung,6.251387285083925
-26.720602703180788,4.592154805100051,-0.13327548833613767,-0.0713897634592749,-0.09227229462439938,ordnung kiel,5.754560495302572
-26.664005357098414,4.561539120274729,-0.1435765727435292,-0.076562569799353,-0.10304625438264486,kiel lno,5.8188966651820655
-27.03172884835869,4.740360674909053,-0.19866077361416465,-0.11151728686174034,-0.16211175428336425,lno zwei,5.410119270923771
-25.863967562581223,3.973150816879443,-0.5514354976758922,-0.2815006619953714,-0.5330997488841603,jahr+e ost+see+sturm+flut,6.799648949024876
-26.029276994312212,4.205896866136685,-0.27114754325396623,-0.14040125655911204,-0.2367487625773152,ost+see+sturm+flut oktober,6.5460470249301235
-25.985533217905452,4.202729552616937,-0.19743844259361173,-0.09981741011158013,-0.15873793590403593,2023 reparatur+arbeit+en,6.586369647421704
-25.813387347404493,4.122342986712816,-0.1537208469367133,-0.07401844913587856,-0.11224869805531437,reparatur+arbeit+en angabe+n,6.776207444060306
-25.687546773176738,4.060192045437002,-0.13631054015457644,-0.0631980634067662,-0.09365584076096463,angabe+n schleswig-holstein+s,6.916535259140965
-25.1489234562503,3.787316236354631,-0.0989193555205964,-0.03790003267709574,-0.053401997449171276,umwelt+minister tobias,7.520314673015524
-25.122022911131005,3.7773000074963794,-0.03767538332335749,-0.0026929715959920775,0.011332025040787046,tobias kopier+e,7.548803530229595
-16.78131033890132,-0.5193799476293286,-0.02498785897579356,0.03885891961272978,0.04393062251813599,hin+zu+füg+en vor,16.93116641767378
-22.466504068032684,2.4096326839262003,-0.03002332297357043,0.01652016058315986,0.021858017357828094,vor zwei,10.535819852455571
-21.942251407237936,2.139578818412689,-0.02885139546607245,0.01938391933917609,0.023433467609977856,zwei jahr+en,11.125539385010184
-20.960539715313047,1.633853303434213,-0.026862413445604014,0.024191821876238463,0.026082876685659125,suchte,12.229855270791823
-20.960539715313047,1.633853303434213,-0.026862413445604014,0.024191821876238463,0.026082876685659125,jahr+en such+te,12.229855270791823
-17.667230823529323,-0.06282763302154581,-0.02159821852381564,0.03656463423570399,0.032929156276842314,such+te schwer+e,15.934526293143593
7.801993998356888,-13.19174452397905,-0.13878495798728138,-0.004865630162152773,-0.08934207151517763,sturm+flut ostsee,44.58851043532007
-20.983625077468055,1.6444904676234522,-0.06728641918950398,0.001593947200722326,-0.012467479257446522,heim,12.204468903070628
-20.983625077468055,1.6444904676234522,-0.06728641918950398,0.001593947200722326,-0.012467479257446522,ostsee heim,12.204468903070628
-16.96184628179722,-0.43549599280124873,-0.09871367117313881,0.028050295061515323,0.17681434037770324,nun deich+e,16.732244637028145
-23.67393925011321,3.0300951431313647,-0.029355458822784335,-0.025911945102853953,0.05225878730913031,deich+e reparier+t,9.178300537225653
-24.115134032943892,3.2436087102575524,0.1393757930618157,-0.13725383466361857,0.0317894509301682,doch klima+wandel,8.688339119435664
-24.773911444162184,3.594755960908199,0.031737427309879905,-0.06452844471221246,0.025172197389840487,klima+wandel bleib+t,7.941875511169775
-25.132995192248604,3.7812012735008445,0.0053007249801431885,-0.04716953142176307,0.021030591573770907,Herausforde…,7.537271606684341
-25.132995192248604,3.7812012735008445,0.0053007249801431885,-0.04716953142176307,0.021030591573770907,bleib+t herausforde…,7.537271606684341
-25.44836586250657,3.9442042596948004,-0.009048086606565626,-0.038620144963236375,0.017497498618953833,+1160,7.18226511385116
-25.44836586250657,3.9442042596948004,-0.009048086606565626,-0.038620144963236375,0.017497498618953833,herausforde… +1160,7.18226511385116
-25.562788317363264,4.0032620130484835,-0.013027234369681085,-0.03651346070042927,0.01625352085556144,+1160 char+s,7.0535001860655395
-29.843796480261805,6.0952870724475074,-0.4068843838621464,-0.2950585945020423,-0.3988311198706634,ordnung hier,2.289824488812644
-29.75049693417699,5.98815080216791,-0.4997232105684377,-0.33789720206327545,-0.4965382991818021,thema zwei,2.42184830946949
-29.76981120949559,6.010711938855535,-0.4817278399442854,-0.3297838112153926,-0.4776012121544359,sie schutz+anlage+n,2.394342651951453
-29.938560476541458,6.1968681725830645,-0.29468805532917847,-0.2402357529964116,-0.2807199696575042,Grüne,2.1590392875049416
-29.938560476541458,6.1968681725830645,-0.29468805532917847,-0.2402357529964116,-0.2807199696575042,goldschmidt grüne,2.1590392875049416
-29.9417395304433,6.2000893471438205,-0.2905522768383155,-0.23815563536465534,-0.27636554430541904,grüne ab+ge+schließ+en,2.1547372036931964
-29.949353851177108,6.2077443885453585,-0.28053847759605766,-0.2331024914793534,-0.2658221704318627,wiederhergestellten,2.1444605880611407
-29.949353851177108,6.2077443885453585,-0.28053847759605766,-0.2331024914793534,-0.2658221704318627,der wiederher+ge+stell+t+en,2.1444605880611407
-29.957326606990932,6.215665497676613,-0.2698872028041788,-0.22770206691409545,-0.25460734122232714,+994,2.133743361575971
-29.957326606990932,6.215665497676613,-0.2698872028041788,-0.22770206691409545,-0.25460734122232714,wiederher+ge+stell+t+en +994,2.133743361575971
-29.958804298228056,6.2171226763801775,-0.267894113395192,-0.22668862241833027,-0.25250876794803506,+994 chars,2.1317620098042935
-24.716687677036354,3.565152885891439,0.03926359096033683,-0.06279091447381119,0.036136810529995705,Zeiten,8.006301608707467
-24.087587398209113,3.2296161648772204,0.14319391343443783,-0.13213664135523603,0.0451799989063657,zeit+en klima+wandel+s,8.719233013414888
-23.913866185201833,3.153020310594295,0.005061104744784342,-0.03849939638325503,0.0618830000396354,klima+wandel+s müss+en,8.908719663424286
-23.36389429243394,2.869112713130833,-0.045838775128673105,-0.010362225867720114,0.10049853569378157,müss+en bei,9.527636798727972
-22.911568139385523,2.631607320299704,-0.08187704355086539,-0.0007075844287634733,0.157316400439216,bei küste+n+schutz,10.038501299447606
-22.28102023981207,2.313652906441958,-0.042445283303390056,0.016560139412347734,0.04935632995769999,küste+n+schutz besonders,10.74466136275766
-20.60063250181095,1.448441811375142,-0.026191401722970572,0.025798325025555086,0.026969441094225825,Ball,12.63471365198135
-20.60063250181095,1.448441811375142,-0.026191401722970572,0.025798325025555086,0.026969441094225825,besonders ball,12.63471365198135
-19.448810589278338,0.8550459434630593,-0.024219701156848017,0.030470997445165546,0.029552000346070088,ball bleib+en,13.930402440832912
-15.211518723742088,-1.3280630170038492,-0.01861213845732359,0.043319578330522676,0.036685982255062304,bleib+en der,18.697013096800706
-14.879913557101574,-1.4991573614228795,-0.04174783172604984,0.03062828282943185,0.01233726652558046,verwüstete,19.070159783020465
-14.879913557101574,-1.4991573614228795,-0.04174783172604984,0.03062828282943185,0.01233726652558046,2023 verwüst+ete,19.070159783020465
-16.36549040530037,-0.7562642085106166,-0.22545990845453623,-0.07470572417693086,-0.1818915849331515,verwüst+ete ost+see+küste,17.409343657593208
-17.601122429791673,-0.128359684876167,-0.258958212292679,-0.09549659452612555,-0.2176037529417931,Pegelrekorde,16.02335251356107
-17.601122429791673,-0.128359684876167,-0.258958212292679,-0.09549659452612555,-0.2176037529417931,ost+see+küste pegel+rekord+e,16.02335251356107
36.07286974069629,-27.7516128994519,-0.02063461808702126,0.06701884990351226,0.032776800984363474,Flensburg,76.38836301838454
-19.486134743463154,0.8676738193989895,-0.1298676889140272,-0.02963713629707207,-0.08198600080225237,pegel+rekord+e flensburg,13.891459835839845
-20.198872347873,1.2375629673010424,-0.1039416285607642,-0.01468158466012806,-0.05648531547177249,zerstörte,13.088456134382419
-20.198872347873,1.2375629673010424,-0.1039416285607642,-0.01468158466012806,-0.05648531547177249,flensburg zerstör+t+e,13.088456134382419
-20.68876124684712,1.491258975696839,-0.08848353924150928,-0.0013755805676110289,-0.04419095332413449,Promenaden,12.536772186798167
-20.68876124684712,1.491258975696839,-0.08848353924150928,-0.0013755805676110289,-0.04419095332413449,zerstör+t+e promenade+n,12.536772186798167
-21.2196426740845,1.7658347834426298,-0.07447688393274515,0.01579911289968748,-0.031886965556565575,promenade+n travemünde,11.939084122519672
-21.690188439360533,2.009033799656879,-0.06462358504177035,0.04199628853535805,-0.015056196415996714,Timmendorfer,11.409399815029534
-21.690188439360533,2.009033799656879,-0.06462358504177035,0.04199628853535805,-0.015056196415996714,travemünde timmendorfer,11.409399815029534
-10.607371513707932,-3.7005839520605743,-0.020293800087383476,0.07868222781505581,0.0320998585008847,Strand,23.876488138982197
-21.456454061479437,1.8889563712276498,-0.04310531802854586,0.07451918961938399,0.004091558625336715,timmendorfer strand,11.67216641744845
-21.118011012781004,1.713962273865837,-0.024562541331422244,0.10708810427864315,0.015081549097319688,Millionen-Schäden,12.053166669385426
-21.118011012781004,1.713962273865837,-0.024562541331422244,0.10708810427864315,0.015081549097319688,strand million+en+-+schaden,12.053166669385426
-20.35233067291622,1.3197837457808745,-0.02145452688442106,0.10028651099285521,0.041623414926006866,Häfen,12.914352042785762
-20.35233067291622,1.3197837457808745,-0.02145452688442106,0.10028651099285521,0.041623414926006866,million+en+-+schaden hafen,12.914352042785762
-19.97983077511698,1.1282204393593949,-0.03326273979602847,0.06928879729158141,0.05861708933083032,Ferienorten,13.333226157898816
-19.97983077511698,1.1282204393593949,-0.03326273979602847,0.06928879729158141,0.05861708933083032,hafen ferien+ort+en,13.333226157898816
-22.87205973431761,2.6179683782601293,-0.04629396089886797,0.01294042922066184,0.05261461112282999,hergestellt,10.079879230574539
-22.87205973431761,2.6179683782601293,-0.04629396089886797,0.01294042922066184,0.05261461112282999,deich+e her+ge+stell+t,10.079879230574539
-21.279593693749394,1.7982159577498456,-0.027482066076018708,0.022701222306708634,0.025260865269459244,her+ge+stell+t viele,11.87095380176549
-20.19013068020847,1.2369622674461747,-0.025459583487108847,0.02754112513340495,0.02793198709337616,ertüchtigt,13.096487355259917
-20.19013068020847,1.2369622674461747,-0.025459583487108847,0.02754112513340495,0.02793198709337616,viele ertüchtig+t,13.096487355259917
-26.38858164727555,4.42965101825947,-0.04955708305633842,0.02059862727418096,-0.02858828185520373,si…,6.124116335639008
-26.38858164727555,4.42965101825947,-0.04955708305633842,0.02059862727418096,-0.02858828185520373,nun si…,6.124116335639008
-26.439564981774442,4.4558855224209495,-0.05017265715891918,0.016459565837935015,-0.027301321412514224,+2964,6.066779800521404
-26.439564981774442,4.4558855224209495,-0.05017265715891918,0.016459565837935015,-0.027301321412514224,si… +2964,6.066779800521404
-26.496801766435304,4.485330411215179,-0.05074368580316224,0.012277692994773916,-0.025981678002806017,+2964 chars,6.002413897156045
-19.875805423783902,1.0744345553605532,-0.008322763228685177,0.09188608305017651,0.013382137616714198,sturm+flut+en schaden,13.450335280109861
-21.449311399369247,1.8858445315241683,-0.020753554569142817,0.048768759236162126,0.018233589124437594,schaden möglich,11.679945103465794
-22.587466036812074,2.4721742149590433,-0.026166844031248478,0.031581350063302024,0.01759821447247717,Bomben-Zyklon,10.399644199872366
-22.587466036812074,2.4721742149590433,-0.026166844031248478,0.031581350063302024,0.01759821447247717,möglich bombe+n+-+zyklon,10.399644199872366
-23.549526877999323,2.9663589060790088,-0.06539028809421715,-0.0007630798769274541,-0.021370800651101498,bombe+n+-+zyklon bring+t,9.318090697783465
-23.83771404776526,3.1128708377700747,-0.09242738419203167,-0.018989040671609447,-0.04939426980245261,bring+t orkanbö+en,8.994809311091963
-24.00023962103281,3.1754258082206865,-0.2237404832708721,-0.09457840588264371,-0.187296677861411,orkanbö+en nordseeküste,8.821707197475993
-21.744495684151325,2.0357881277444587,-0.05122059209991806,-0.023896104753141065,-0.028626432060524846,Sturm-,11.348884122597836
-24.59761524918575,3.503468881103757,-0.09925395631661908,-0.03271034717358132,-0.054091967416458886,der sturm+-,8.140402475750797
-21.54609948112315,1.934663033589196,-0.03396196057774928,-0.008842604795502973,-0.004944944353960309,sturm+- orkan+tief,11.571559233560718
56.35787367639435,-38.20657741676676,0.11820215150517305,-0.002350523956661868,0.032666739053952495,Joshua,99.209152540776
-21.22377193555495,1.7691367719633728,-0.021560454147547065,0.0038594567883016226,0.012066423910516398,orkan+tief joshua,11.933900147624138
-22.273667892200805,2.308899381560222,-0.07080621310507296,0.006808295404403086,-0.028983131201329133,joshua nacht,10.753384020306852
-23.83771404776526,3.1128708377700747,-0.09242738419203167,-0.018989040671609447,-0.04939426980245261,freitag orkanbö+en,8.994809311091963
-9.819612766445832,-4.106178112971714,-0.013681872992517233,0.05394408116965768,0.04262538012154767,orkanbö+en sturm+flut+en,24.762533789152943
-20.115752982895444,1.198768020319581,-0.021308648259453368,0.043143056639601086,0.02437198636138822,sturm+flut+en groß+er+e,13.180096139193834
-21.99076037554851,2.160914402664111,0.018823479844698673,0.14668870152126667,-0.00919548430914387,Küstenregionen,11.07262688643131
-22.87961664419018,2.622019559260689,-0.051829025045072766,0.02325322656572749,-0.014491898230940336,schaden küste+n+region+en,10.071311430587174
-24.00023962103281,3.1754258082206865,-0.2237404832708721,-0.09457840588264371,-0.187296677861411,küste+n+region+en nordsee,8.821707197475993
-24.15766284149124,3.27433697298956,-0.12478938361578047,-0.03655420885391937,-0.08546751748351318,nordsee sorg+en,8.63644495108376
-24.508955360521547,3.4580147614102428,-0.09857909151456007,-0.025272793003963276,-0.05730569477959173,Betroffene,8.240033844989595
-24.87108529386265,3.645900172104748,-0.08051739074769461,-0.020223273599949326,-0.03900884462909926,betreff+en+e soll+ten,7.832063724678773
-25.343590744958444,3.8899939148732314,-0.048486821706314985,-0.03019205846442584,-0.02377753165896988,soll+ten aktuell+en,7.300235257679347
-25.513150854563037,3.9772546252242145,-0.03437378049277,-0.037664361235464544,-0.02000969592337028,aktuell+en stand,7.109540470225801
-21.17078619667396,1.74160607191393,-0.028832121366378936,-0.0012662823553607552,0.0013426727905378605,halten,11.993612919264224
-25.60159467827231,4.022648085992557,-0.02534404288382203,-0.043046627898344375,-0.018289840265594482,stand halt+en,7.010129052000842
-25.705088378483968,4.0755633441503605,-0.011897548082500566,-0.05159379305086004,-0.016438397330259844,sagt,6.893894756584661
-25.705088378483968,4.0755633441503605,-0.011897548082500566,-0.05159379305086004,-0.016438397330259844,halt+en sag+t,6.893894756584661
-25.76132823241896,4.1041429125049635,-0.002189560052070395,-0.05800519477720194,-0.015477245693221672,ntv-Meteorologe,6.830812192230631
-25.76132823241896,4.1041429125049635,-0.002189560052070395,-0.05800519477720194,-0.015477245693221672,sag+t ntv-meteorolog+e,6.830812192230631
-25.886496205923816,4.1656779617513315,0.04368691405164546,-0.08919941638643794,-0.013048103620292153,Rainer,6.6913679151627266
-25.886496205923816,4.1656779617513315,0.04368691405164546,-0.08919941638643794,-0.013048103620292153,ntv-meteorolog+e rainer,6.6913679151627266
-25.89389326461772,4.1657515084998735,0.0815607905411647,-0.11501258235528797,-0.012087499424205953,Buchhop,6.684764617117103
-25.89389326461772,4.1657515084998735,0.0815607905411647,-0.11501258235528797,-0.012087499424205953,rainer buchhop,6.684764617117103
-25.995017718760653,4.21380058466373,0.11327645974399157,-0.13671441358787398,-0.01065894134846387,Irawan,6.572868333890444
-25.995017718760653,4.21380058466373,0.11327645974399157,-0.13671441358787398,-0.01065894134846387,tief irawan,6.572868333890444
-26.174503337379065,4.312058889719152,0.06512197820657185,-0.10448381403553963,-0.010594476294663025,irawan zieh+t,6.368304205246329
-26.33540246590818,4.397672633662486,0.0341720130280867,-0.08381781420165924,-0.010282512387500404,zieh+t richtung,6.186056526054379
-26.438490118181836,4.451792830094882,0.019559308595235084,-0.07421535545985751,-0.01004031745412293,Nordmeer,6.069627166134964
-26.438490118181836,4.451792830094882,0.019559308595235084,-0.07421535545985751,-0.01004031745412293,richtung nord+meer,6.069627166134964
-23.50106763284788,2.940204207810452,-0.00795744117426532,-0.04785330731116884,-0.016673225833610205,zurück,9.373157704907642
-26.527640314450366,4.498316491103266,0.009432720981560453,-0.0677088074385598,-0.00983912239300001,nord+meer zurück,5.969067488089906
-26.623915049814848,4.548364879886834,0.000513271430280916,-0.062159912453667074,-0.0096506193121931,zurück sturm+-,5.860560332528354
-26.841036987282205,4.660797691854766,-0.014258659954943326,-0.05370523369957331,-0.009398739993912077,befindet,5.616052984088156
-26.841036987282205,4.660797691854766,-0.014258659954943326,-0.05370523369957331,-0.009398739993912077,joshua befind+et,5.616052984088156
-23.438897377413603,2.897220578379219,0.22226054516178728,-0.007515868028168872,0.022826546625494545,Atlantik,9.448106263189768
-27.004655321885533,4.745297543900491,-0.022185849722871534,-0.04990380998944134,-0.009404175806974734,befind+et atlantik,5.4319022048300125
-27.07155102291297,4.7798113399668765,-0.02489138869780032,-0.04880930953567865,-0.00945911741816417,Kurs,5.356627519708599
-27.07155102291297,4.7798113399668765,-0.02489138869780032,-0.04880930953567865,-0.00945911741816417,atlantik kurs,5.356627519708599
-27.133781088012118,4.8119044560136475,-0.027188288802456995,-0.0479901400284429,-0.009538471434802836,Bretagne,5.286609101142924
-27.133781088012118,4.8119044560136475,-0.027188288802456995,-0.0479901400284429,-0.009538471434802836,kurs bretagne,5.286609101142924
-27.209061226507863,4.850712953053284,-0.029724296488587296,-0.047227619529455714,-0.00967130247326967,Ärmelkanal,5.201914155960881
-27.209061226507863,4.850712953053284,-0.029724296488587296,-0.047227619529455714,-0.00967130247326967,bretagne ärmel+kanal,5.201914155960881
-27.324115471693524,4.9099997274164515,-0.033173207763070214,-0.046486765395912705,-0.009953108502148224,komm+end+en nacht,5.072482872522551
-27.34610288232507,4.921326574845826,-0.033781892497485214,-0.04639796251443036,-0.01001788685975587,nacht mach+t,5.047749390799146
-27.367531814265718,4.932364837245992,-0.03436120428296635,-0.046326601325630185,-0.01008440969252172,sic…,5.02364454629837
-27.367531814265718,4.932364837245992,-0.03436120428296635,-0.046326601325630185,-0.01008440969252172,mach+t sic…,5.02364454629837
-27.388426858228133,4.943127275651313,-0.034913429811245705,-0.04627107342364942,-0.010152503648577327,+4632,5.000140634102225
-27.388426858228133,4.943127275651313,-0.034913429811245705,-0.04627107342364942,-0.010152503648577327,sic… +4632,5.000140634102225
-27.40881101636427,4.953625821464135,-0.035440618463388765,-0.04622994293486646,-0.010222010319635256,+4632 chars,4.977211741460593
-25.62055360262558,4.033978692866621,-0.039576196641621486,-0.007595010425724427,0.008656811298675949,herbst+sturm sturm,6.988075913293522
-25.342054713136342,3.890592504035382,-0.03848984605890958,-0.004787345949323736,0.010188600798869789,sturm norden,7.3013183149621605
-9.465195128747304,-4.288789748254716,-0.01341290840176834,0.05450128397491893,0.04293795572567699,norden erwart+et,25.161230113806404
-25.62055360262558,4.033978692866621,-0.039576196641621486,-0.007595010425724427,0.008656811298675949,erwart+et sturm,6.988075913293522
-20.29815388971197,1.2926132681072104,-0.025648854358087968,0.027091325648236388,0.027683486197416306,gehört,12.974971837039142
-20.29815388971197,1.2926132681072104,-0.025648854358087968,0.027091325648236388,0.027683486197416306,sturm gehör+t,12.974971837039142
-20.49357448777295,1.393288731248627,-0.025997213242665622,0.02626173239363193,0.027225301849434967,gehör+t norden,12.755143106777265
-20.526503548339058,1.4102528228821267,-0.02605668582320974,0.026119880933796864,0.027146975516252645,norden herbst,12.718101226572555
-15.211518723742095,-1.328063017003842,-0.018612138457323932,0.0433195783305223,0.03668598225506231,ungemütlicher,18.697013096800696
-15.211518723742095,-1.328063017003842,-0.018612138457323932,0.0433195783305223,0.03668598225506231,droh+t un+gemütlich+er,18.697013096800696
-10.859226153094312,-3.570524383414302,-0.014503706423003502,0.05222583008705921,0.04166218250043621,un+gemütlich+er freitag,23.593038213269143
-13.569376943429468,-2.1817754980518114,-0.142591993613212,-0.02412678441302296,-0.09385163598344236,teil+en nordseeküste,20.54782216361876
-23.9664855546357,3.1814923619018005,-0.055047149061475384,-0.005296297610867341,-0.005765078956514149,hamburg möglich,8.848902700385265
-24.688810660318563,3.553726164842774,-0.05028044155480208,-0.006965828118520971,-0.0014709987895824561,möglich wasser,8.036307141295593
-25.09877802029301,3.764928233896987,-0.04869809163641536,-0.008867887334804161,-0.0002829012215959624,wasser st.,7.575135497862499
-25.192223242318875,3.813062443443092,-0.04843283031393499,-0.009392703161542275,-0.00012034418154864904,Pauli-Fischmarkt,7.470021786624484
-25.192223242318875,3.813062443443092,-0.04843283031393499,-0.009392703161542275,-0.00012034418154864904,st. pauli+-+fisch+markt,7.470021786624484
-24.97312510911311,3.700630086017434,-0.03714447237535426,-0.0013326782864005737,0.012075052277578172,hin+zu+füg+en sturm,7.716281056330972
-23.9664855546357,3.1814923619018005,-0.055047149061475384,-0.005296297610867341,-0.005765078956514149,mögli…,8.848902700385265
-23.9664855546357,3.1814923619018005,-0.055047149061475384,-0.005296297610867341,-0.005765078956514149,hamburg mögli…,8.848902700385265
-24.30711957777681,3.3570509044544283,-0.052444500303717376,-0.005801425588470931,-0.0033495127167634912,+2726,8.465689445270494
-24.30711957777681,3.3570509044544283,-0.052444500303717376,-0.005801425588470931,-0.0033495127167634912,mögli… +2726,8.465689445270494
-24.525734628544633,3.4697025100532723,-0.051116576901248725,-0.006394536850701606,-0.0021755017272333914,+2726 chars,8.219756710777228
-29.48319562735324,5.76326286320819,0.6404618441453044,-0.5742800786603282,-0.03802253047310972,Herbst-Tief,2.7624965103098242
-29.44080353560379,5.7178319363964505,0.6745624090105039,-0.5923883092541878,-0.03628048623015462,herbst+-+tief joshua,2.820993001429767
-29.535211181436154,5.818862660927522,0.5965262862662895,-0.5505478001836079,-0.04014783130460588,stürmt,2.690786485619066
-29.535211181436154,5.818862660927522,0.5965262862662895,-0.5505478001836079,-0.04014783130460588,joshua stürm+t,2.690786485619066
-2.787626679449346,-7.7350979294002435,0.13258234798566726,-0.02155106464865525,0.043809687977127955,los,32.67569720490827
-29.58103149301112,5.86759871714398,0.5557377933178883,-0.5281099482663639,-0.04200051079690317,stürm+t los,2.6277276855696963
-29.638848514198525,5.92856936318245,0.5011906936701986,-0.4974928233182546,-0.04429681996828022,115,2.54839893877919
-29.638848514198525,5.92856936318245,0.5011906936701986,-0.4974928233182546,-0.04429681996828022,böe+n 115,2.54839893877919
-29.642556157472587,5.932452923163881,0.49756710929437553,-0.49543417953902824,-0.04444201933559064,115 km/h,2.5433238399214515
-23.801318583974883,3.087832847297455,0.11310975836018335,-0.09675566896854124,0.016174253025747543,Bahn,9.038644604645024
-29.645984455668536,5.936040601166401,0.4942024812297343,-0.49351989797643026,-0.04457602346590386,km/h bahn,2.538632615445466
-29.64706619689595,5.937171964862843,0.49313801178749583,-0.4929137228161138,-0.04461825429945744,bahn warn+t,2.537152684341362
-29.64457286877068,5.934563777377063,0.4955894939871509,-0.49430935075961224,-0.04452087795838458,warn+t ausfall+en,2.540564029774555
-29.635221162841464,5.924766422285575,0.5047206282905158,-0.4994953010628045,-0.04415449381806996,ausfall+en jetzt,2.553365724698062
-29.251221877014697,5.5148997711566645,0.8111774509168618,-0.6622254541932915,-0.028497459074626825,legt,3.0824828502567216
-29.251221877014697,5.5148997711566645,0.8111774509168618,-0.6622254541932915,-0.028497459074626825,jetzt leg+t,3.0824828502567216
-29.20789523221948,5.468813030217773,0.8392818754321889,-0.676060558949741,-0.026738531505927827,leg+t herbst,3.1421094792756756
-29.150992332786043,5.408544203111577,0.8746909350602111,-0.6932369343756444,-0.024446900191474646,richtig,3.2203010321839685
-29.150992332786043,5.408544203111577,0.8746909350602111,-0.6932369343756444,-0.024446900191474646,herbst richtig,3.2203010321839685
-29.02945201112389,5.280961573172763,0.9452146166101322,-0.7266113505066496,-0.01963485843464748,richtig los,3.3867861733936078
12.205325604898722,-15.462399590269282,0.1672739783637198,-0.02343909034288358,0.03834453384969828,sturm+tief joshua,49.542820883325724
-11.664692793591968,-3.1764893390306828,0.25395202675202017,-0.07039509898295884,0.016717328369255973,joshua zieh+t,22.696583660518236
-29.694876563963696,5.98681551455919,0.44469259490641566,-0.46504503339673486,-0.046456832329446376,ergiebigen,2.471907918315649
-29.694876563963696,5.98681551455919,0.44469259490641566,-0.46504503339673486,-0.046456832329446376,deutschland ergiebig+en,2.471907918315649
-29.710094185225604,6.002447082837951,0.42867389314244025,-0.4557094317971806,-0.047028924710181386,ergiebig+en regen,2.451218622898745
-29.698506122041273,5.990552049018454,0.44089914781488915,-0.46283964661022026,-0.04659391859528482,Gepäck,2.4669695383562686
-29.698506122041273,5.990552049018454,0.44089914781488915,-0.46283964661022026,-0.04659391859528482,regen gepäck,2.4669695383562686
-29.726044126837937,6.01872785793109,0.4115570709094602,-0.44566775130064273,-0.04762060414929367,Kaltfront,2.429580823703935
-29.726044126837937,6.01872785793109,0.4115570709094602,-0.44566775130064273,-0.04762060414929367,deutschland kaltfront,2.429580823703935
-29.74561980902361,6.0385503461939445,0.39007548345272436,-0.4329690496183945,-0.04833452836782824,kaltfront regen,2.4030971633568043
-29.756685323289474,6.0496705346443305,0.37769423924981416,-0.42560132826301,-0.048731566583881475,kräftigem,2.3881655998590663
-29.756685323289474,6.0496705346443305,0.37769423924981416,-0.42560132826301,-0.048731566583881475,regen kräftig+em,2.3881655998590663
-29.766075431802292,6.059055264576452,0.3670488569995418,-0.41923820393884786,-0.04906451511752852,kräftig+em wind,2.3755184799068108
-29.28260212277841,5.54837130463002,0.7901606751429631,-0.6517617404221628,-0.02977788599926279,wind sturm,3.0392546474221254
-29.779977481525766,6.072856393504047,0.3510489375196139,-0.40962526197050414,-0.04955031475393498,Schlepptau,2.3568369578074115
-29.779977481525766,6.072856393504047,0.3510489375196139,-0.40962526197050414,-0.04955031475393498,sturm schlepptau,2.3568369578074115
-29.787684854107766,6.080457253268843,0.34205271882869986,-0.40419432177869635,-0.04981576924353308,Zuerst,2.346502953811819
-29.791739094725493,6.084440315064266,0.33728387569160406,-0.4013078644756345,-0.04995424330045245,zuerst steh+t,2.3410739820005473
-29.797061216790432,6.089652658262306,0.3309848798702545,-0.39748724039183414,-0.05013477105763159,steh+t süden,2.333954686200385
-29.801911066424353,6.094385908833588,0.32520611864244786,-0.39397415740446096,-0.05029801139866537,süden westen,2.3274747178788173
-29.806784867959614,6.099126203160711,0.31936123670013555,-0.39041309585016615,-0.050460808078003655,Wette…,2.320970220266503
-29.806784867959614,6.099126203160711,0.31936123670013555,-0.39041309585016615,-0.050460808078003655,westen wette…,2.320970220266503
-29.810067615662685,6.102309589372447,0.315402996614026,-0.3879970530489965,-0.05056973769183669,+2547,2.316593436193916
-29.810067615662685,6.102309589372447,0.315402996614026,-0.3879970530489965,-0.05056973769183669,wette… +2547,2.316593436193916
-29.812401336157915,6.104567969200438,0.3125785044696564,-0.3862708410182544,-0.0506468164389149,+2547 char+s,2.3134841127293226
-29.779997668831875,6.072876350117582,0.351025492741866,-0.4096111327681216,-0.04955101373771756,Hausratversicherung,2.356809868680995
-29.847689826013724,6.138205968804589,0.2687690789401801,-0.3592637508578294,-0.05177325967940559,GVV,2.266701580005753
-29.919035136950598,6.2026929730059965,0.17340952561293424,-0.29898598790833153,-0.05378205332932327,haus+rat+versicherung gvv,2.1737294446248603
-29.847689826013724,6.138205968804589,0.2687690789401801,-0.3592637508578294,-0.05177325967940559,Direkt,2.266701580005753
-29.847689826013724,6.138205968804589,0.2687690789401801,-0.3592637508578294,-0.05177325967940559,gvv direkt,2.266701580005753
-29.919035136950598,6.2026929730059965,0.17340952561293424,-0.29898598790833153,-0.05378205332932327,direkt bis,2.1737294446248603
-29.919035136950598,6.2026929730059965,0.17340952561293424,-0.29898598790833153,-0.05378205332932327,Prozent,2.1737294446248603
-29.919035136950598,6.2026929730059965,0.17340952561293424,-0.29898598790833153,-0.05378205332932327,bis prozent,2.1737294446248603
-29.919035136950598,6.2026929730059965,0.17340952561293424,-0.29898598790833153,-0.05378205332932327,günstiger,2.1737294446248603
-29.919035136950598,6.2026929730059965,0.17340952561293424,-0.29898598790833153,-0.05378205332932327,prozent günstig+er,2.1737294446248603
-29.995585508237564,6.2648911119097965,0.059699605150290797,-0.2245098006214773,-0.05540528148735874,günstig+er der,2.0771753082272486
-29.995585508237564,6.2648911119097965,0.059699605150290797,-0.2245098006214773,-0.05540528148735874,Beitrag,2.0771753082272486
-29.995585508237564,6.2648911119097965,0.059699605150290797,-0.2245098006214773,-0.05540528148735874,der beitrag,2.0771753082272486
-29.995585508237564,6.2648911119097965,0.059699605150290797,-0.2245098006214773,-0.05540528148735874,beitrag haus+rat+versicherung,2.0771753082272486
-29.995585508237564,6.2648911119097965,0.059699605150290797,-0.2245098006214773,-0.05540528148735874,erschien,2.0771753082272486
-29.995585508237564,6.2648911119097965,0.059699605150290797,-0.2245098006214773,-0.05540528148735874,günstig+er erschein,2.0771753082272486
-25.770117184558952,4.110144524039599,-0.005126322299069674,-0.03466749001005619,0.007414630310384428,zuerst,6.820243448557235
-29.995585508237564,6.2648911119097965,0.059699605150290797,-0.2245098006214773,-0.05540528148735874,erschein zuerst,2.0771753082272486
-29.995585508237564,6.2648911119097965,0.059699605150290797,-0.2245098006214773,-0.05540528148735874,zuerst bei,2.0771753082272486
-29.995585508237564,6.2648911119097965,0.059699605150290797,-0.2245098006214773,-0.05540528148735874,Online-Magazin,2.0771753082272486
-29.995585508237564,6.2648911119097965,0.059699605150290797,-0.2245098006214773,-0.05540528148735874,bei online+-+magazin,2.0771753082272486
-29.995585508237564,6.2648911119097965,0.059699605150290797,-0.2245098006214773,-0.05540528148735874,BASIC,2.0771753082272486
-29.995585508237564,6.2648911119097965,0.059699605150290797,-0.2245098006214773,-0.05540528148735874,online+-+magazin basic,2.0771753082272486
-29.995585508237564,6.2648911119097965,0.059699605150290797,-0.2245098006214773,-0.05540528148735874,thinking,2.0771753082272486
-29.995585508237564,6.2648911119097965,0.059699605150290797,-0.2245098006214773,-0.05540528148735874,basic thinking,2.0771753082272486
-26.27285210668099,4.368720767834438,-0.003633821135360573,-0.04317610770440207,0.004206346857673928,Newsletter,6.254910240274655
-29.995585508237564,6.2648911119097965,0.059699605150290797,-0.2245098006214773,-0.05540528148735874,über newsletter,2.0771753082272486
-29.995585508237564,6.2648911119097965,0.059699605150290797,-0.2245098006214773,-0.05540528148735874,UPDATE,2.0771753082272486
-29.995585508237564,6.2648911119097965,0.059699605150290797,-0.2245098006214773,-0.05540528148735874,newsletter update,2.0771753082272486
-29.995585508237564,6.2648911119097965,0.059699605150290797,-0.2245098006214773,-0.05540528148735874,startest,2.0771753082272486
-29.995585508237564,6.2648911119097965,0.059699605150290797,-0.2245098006214773,-0.05540528148735874,update start+est,2.0771753082272486
-29.995585508237564,6.2648911119097965,0.059699605150290797,-0.2245098006214773,-0.05540528148735874,start+est morgen,2.0771753082272486
-29.995585508237564,6.2648911119097965,0.059699605150290797,-0.2245098006214773,-0.05540528148735874,bestens,2.0771753082272486
-29.995585508237564,6.2648911119097965,0.059699605150290797,-0.2245098006214773,-0.05540528148735874,morgen bestens,2.0771753082272486
-29.995585508237564,6.2648911119097965,0.059699605150290797,-0.2245098006214773,-0.05540528148735874,informiert,2.0771753082272486
-29.995585508237564,6.2648911119097965,0.059699605150290797,-0.2245098006214773,-0.05540528148735874,bestens informier+t,2.0771753082272486
-29.995585508237564,6.2648911119097965,0.059699605150290797,-0.2245098006214773,-0.05540528148735874,informier+t tag,2.0771753082272486
-29.919035136950598,6.2026929730059965,0.17340952561293424,-0.29898598790833153,-0.05378205332932327,ein haus+rat+versicherung,2.1737294446248603
-29.919035136950598,6.2026929730059965,0.17340952561293424,-0.29898598790833153,-0.05378205332932327,springt,2.1737294446248603
-29.919035136950598,6.2026929730059965,0.17340952561293424,-0.29898598790833153,-0.05378205332932327,haus+rat+versicherung spring+t,2.1737294446248603
-29.995585508237564,6.2648911119097965,0.059699605150290797,-0.2245098006214773,-0.05540528148735874,ei…,2.0771753082272486
-29.995585508237564,6.2648911119097965,0.059699605150290797,-0.2245098006214773,-0.05540528148735874,spring+t ei…,2.0771753082272486
-29.995585508237564,6.2648911119097965,0.059699605150290797,-0.2245098006214773,-0.05540528148735874,ei… ein,2.0771753082272486
-29.995585508237564,6.2648911119097965,0.059699605150290797,-0.2245098006214773,-0.05540528148735874,Hab,2.0771753082272486
-29.995585508237564,6.2648911119097965,0.059699605150290797,-0.2245098006214773,-0.05540528148735874,spring+t hab,2.0771753082272486
-29.995585508237564,6.2648911119097965,0.059699605150290797,-0.2245098006214773,-0.05540528148735874,Gut,2.0771753082272486
-29.995585508237564,6.2648911119097965,0.059699605150290797,-0.2245098006214773,-0.05540528148735874,hab gut,2.0771753082272486
-29.995585508237564,6.2648911119097965,0.059699605150290797,-0.2245098006214773,-0.05540528148735874,Wohnung,2.0771753082272486
-29.995585508237564,6.2648911119097965,0.059699605150290797,-0.2245098006214773,-0.05540528148735874,gut wohnung,2.0771753082272486
-29.995585508237564,6.2648911119097965,0.059699605150290797,-0.2245098006214773,-0.05540528148735874,Mitleidenschaft,2.0771753082272486
-29.995585508237564,6.2648911119097965,0.059699605150290797,-0.2245098006214773,-0.05540528148735874,wohnung mitleidenschaft,2.0771753082272486
-29.995585508237564,6.2648911119097965,0.059699605150290797,-0.2245098006214773,-0.05540528148735874,mitleidenschaft ge+zieh+en,2.0771753082272486
-29.995585508237564,6.2648911119097965,0.059699605150290797,-0.2245098006214773,-0.05540528148735874,ge+zieh+en werd+e,2.0771753082272486
-29.995585508237564,6.2648911119097965,0.059699605150290797,-0.2245098006214773,-0.05540528148735874,Elemente,2.0771753082272486
-29.995585508237564,6.2648911119097965,0.059699605150290797,-0.2245098006214773,-0.05540528148735874,werd+e element+e,2.0771753082272486
-29.995585508237564,6.2648911119097965,0.059699605150290797,-0.2245098006214773,-0.05540528148735874,Einbruch,2.0771753082272486
-29.995585508237564,6.2648911119097965,0.059699605150290797,-0.2245098006214773,-0.05540528148735874,element+e einbruch,2.0771753082272486
-29.995585508237564,6.2648911119097965,0.059699605150290797,-0.2245098006214773,-0.05540528148735874,der gvv,2.0771753082272486
-29.995585508237564,6.2648911119097965,0.059699605150290797,-0.2245098006214773,-0.05540528148735874,unterstützt,2.0771753082272486
-29.995585508237564,6.2648911119097965,0.059699605150290797,-0.2245098006214773,-0.05540528148735874,direkt unter+stütz+t,2.0771753082272486
-29.995585508237564,6.2648911119097965,0.059699605150290797,-0.2245098006214773,-0.05540528148735874,Fall,2.0771753082272486
-29.995585508237564,6.2648911119097965,0.059699605150290797,-0.2245098006214773,-0.05540528148735874,unter+stütz+t fall,2.0771753082272486
-29.995585508237564,6.2648911119097965,0.059699605150290797,-0.2245098006214773,-0.05540528148735874,fall de…,2.0771753082272486
-29.995585508237564,6.2648911119097965,0.059699605150290797,-0.2245098006214773,-0.05540528148735874,+3696,2.0771753082272486
-29.995585508237564,6.2648911119097965,0.059699605150290797,-0.2245098006214773,-0.05540528148735874,de… +3696,2.0771753082272486
-29.995585508237564,6.2648911119097965,0.059699605150290797,-0.2245098006214773,-0.05540528148735874,+3696 chars,2.0771753082272486
-16.66420849987584,-0.5804289409166659,0.030078951514387123,0.003243287142974449,0.03418609957615371,joshua joshua,17.063234370275392
-13.176676012868747,-2.3764817356655445,-0.016538596933369905,0.04787651998021995,0.03922871462865492,pustet,20.986065631821912
-13.176676012868747,-2.3764817356655445,-0.016538596933369905,0.04787651998021995,0.03922871462865492,joshua pust+et,20.986065631821912
-10.361665809562364,-3.8268887586031255,-0.014104060138532253,0.05306429842752435,0.04213207088465025,übers,24.15276024498015
-10.361665809562364,-3.8268887586031255,-0.014104060138532253,0.05306429842752435,0.04213207088465025,pust+et über,24.15276024498015
-6.1156651868840015,-6.0146218386073205,-0.011111240871726952,0.05915720955029808,0.04555416482865346,über land,28.929232014389818
7.740656648721558,-13.154066374304183,-0.004494216190473588,0.07111333769959387,0.052308060878647374,land sturm+flut,44.516702126208074
-15.371303048573601,-1.245731767677972,-0.010511548330187156,0.036939223256363986,0.03639656303228516,erwart+et wind,18.51726625766042
-11.16579058882229,-3.4283863981001943,0.2241464216832123,-0.04611387583367761,0.007984211046418475,regen kälte,23.25544809381511
-10.289700667425066,-3.9144532530992198,0.3817581038936759,-0.14689424084557418,0.006531412475685217,kälte sturm+tief,24.25689336595203
-18.08473271304433,0.14786071295304204,0.12460291654602679,0.03138852621925119,0.010702793724226754,deutschland komm+t,15.466900105236126
-18.49495654600599,0.3597991475010227,0.11550935661675626,0.03640077277239505,0.00988928125306892,komm+t zahlreich+en,15.005161784098465
-18.966560155215276,0.6033147654353312,0.10621438356498623,0.04134242420990328,0.008891554119427277,Einsätzen,14.474397455755051
-18.966560155215276,0.6033147654353312,0.10621438356498623,0.04134242420990328,0.008891554119427277,zahlreich+en einsatz+en,14.474397455755051
-19.435045345966074,0.8451125131074351,0.0979932538467881,0.045523363696669136,0.007829174779523908,einsatz+en feuer+wehr,13.94719222317735
-19.83733728163631,1.0526803333135621,0.09160246243160823,0.04862260184872769,0.006855961125031132,feuer+wehr polizei,13.49450718909468
-20.14118381526079,1.209421589358051,0.0871255135446866,0.05070049968856763,0.006081064804612509,Laufe,13.15261420796677
-22.66479513130463,2.511339510494685,0.040205119598029034,0.04231617751157832,0.0046112418554928175,Tages,10.312966241663897
-22.66479513130463,2.511339510494685,0.040205119598029034,0.04231617751157832,0.0046112418554928175,lauf+e tag+es,10.312966241663897
-1.677754383985615,-8.301379337986155,0.011289919927017108,0.07151427150940523,0.043831159573443246,Lage,33.92165597308912
-23.027642801435515,2.6981059141411388,0.04575075811750309,0.035537361127296364,0.003299076603841978,tag+es lage,9.90487460895541
-23.13897415227249,2.7553200185057403,0.04986918270092617,0.031698701619991,0.002857122415631193,lage norden,9.779703209868366
-23.291363652241582,2.833547865536545,0.05694555980880962,0.025399841158139563,0.002225971581742602,zuspitzen,9.608409367214001
-23.291363652241582,2.833547865536545,0.05694555980880962,0.025399841158139563,0.002225971581742602,norden zu+spitz+en,9.608409367214001
-26.851261332031918,4.6672951890164,-0.03806790753779392,-0.028013152884872064,0.00033987413102490663,zeitweise,5.603981475957183
-26.851261332031918,4.6672951890164,-0.03806790753779392,-0.028013152884872064,0.00033987413102490663,baum+e zeitweise,5.603981475957183
-26.909980839271032,4.697512271993952,-0.03876808955496234,-0.028599710255454602,-0.00012409149072906134,gesperrte,5.5379433582586755
-26.909980839271032,4.697512271993952,-0.03876808955496234,-0.028599710255454602,-0.00012409149072906134,zeitweise ge+sperr+t+e,5.5379433582586755
-26.96544209412314,4.72605120569378,-0.03942054816327445,-0.029178308629713587,-0.0005702769072208937,ge+sperr+t+e bahn+strecke+n,5.475570261518054
-27.077390441520613,4.783652507444449,-0.0407137728597841,-0.030419401127934204,-0.0014954225387051358,abgebrochene,5.349672434308558
-27.077390441520613,4.783652507444449,-0.0407137728597841,-0.030419401127934204,-0.0014954225387051358,bahn+strecke+n ab+ge+brech+en+e,5.349672434308558
-27.137849608679733,4.81475828648659,-0.0414003269673568,-0.03113072471326858,-0.0020092628179607143,Maibaumspitze,5.281680848873612
-27.137849608679733,4.81475828648659,-0.0414003269673568,-0.03113072471326858,-0.0020092628179607143,ab+ge+brech+en+e mai+baum+spitze,5.281680848873612
-27.203050294772577,4.848301448890968,-0.042132461661320515,-0.03193047793628491,-0.0025750560040226113,mai+baum+spitze herbst+sturm,5.2083579793046555
-27.25205021586727,4.873508486497617,-0.04267755547793249,-0.032554040127317344,-0.00300848499975254,herbst+sturm joshua,5.1532547181634225
-18.899347237563266,0.5702554902086447,0.002499473002100315,-0.030008607589457822,-0.005553219875748656,joshua deutschland,14.549299265729882
-27.374328764850574,4.936406480558423,-0.044021220333238846,-0.034195862893327864,-0.004122279779423348,deutschland nacht,5.015748045714223
-27.20711846079841,4.843178201606501,-0.12935167641358242,-0.04946456320674919,-0.11315251745960087,nacht morgen,5.207100884048536
-17.916922021804638,0.06543282144290519,-0.04649322875570783,0.028586037735119182,0.0003643463003067532,zahlreiche,15.65382379623771
-27.241542424479228,4.860699191792971,-0.1308268376499752,-0.05025088492859697,-0.11482550700985208,morgen zahlreich+e,5.16847530199928
-27.265999660647864,4.872315087160333,-0.13752432498147324,-0.05387257351796958,-0.12200360953212103,zahlreich+e einsatz+e,5.14141518186675
-27.292807488189307,4.884860728037205,-0.1456507807436922,-0.05826224258900957,-0.13071311142968634,einsatz+e polizei,5.111839946503951
-27.559672996686047,5.031727414383768,-0.04602292271190036,-0.03692511770565689,-0.005904450417948747,Feuer…,4.80732954950686
-27.559672996686047,5.031727414383768,-0.04602292271190036,-0.03692511770565689,-0.005904450417948747,polizei feuer…,4.80732954950686
-27.581490713716548,5.042946630264875,-0.046256518068858145,-0.03726609847768356,-0.006122186765608075,+3749,4.782796322749528
-27.581490713716548,5.042946630264875,-0.046256518068858145,-0.03726609847768356,-0.006122186765608075,feuer… +3749,4.782796322749528
-27.597469981905007,5.051163366059093,-0.04642739726064293,-0.037518531430795546,-0.006282767816534297,+3749 char+s,4.764828312599446
-19.698308791105255,0.9835778772410775,-0.02007574956279024,0.026215281639407378,0.028980610952475578,Baumstürze,13.649743846657056
-19.698308791105255,0.9835778772410775,-0.02007574956279024,0.026215281639407378,0.028980610952475578,sturm+flut baum+sturz+e,13.649743846657056
-21.43266725566231,1.8716953238659135,0.08706004948779328,-0.060294000402140446,0.02405242151763864,baum+sturz+e sturm+tief,11.701244694581064
-21.532027569878792,1.923873083241336,-0.0014765857915215296,-0.07170214425369843,-0.03656516041381165,deutschland fest,11.589026715111675
-21.43266725566231,1.8716953238659135,0.08706004948779328,-0.060294000402140446,0.02405242151763864,griff sturm+tief,11.701244694581064
-25.51048718897578,3.972294589583221,-0.0717178333006537,-0.07134186136986295,-0.06312847410318399,Wilhelmshaven,7.114189990179163
-25.51048718897578,3.972294589583221,-0.0717178333006537,-0.07134186136986295,-0.06312847410318399,deutschland wilhelmshaven,7.114189990179163
-25.622431767327758,4.023246670040335,-0.1309950974505159,-0.09686513171628564,-0.11869003013555282,wilhelmshaven steig+t,6.9913496911138555
-25.447701876701288,3.900925446814941,-0.26783628604495247,-0.16547024706124716,-0.2590557226953634,steig+t nordsee,7.2027237576711425
-26.01356298130595,4.22642757318461,-0.126576043689209,-0.08740797868201297,-0.10605386063291578,nordsee ufer,6.550592838624476
-26.16738066604383,4.308678322026381,-0.10564961628588099,-0.07458560426150816,-0.08215750609502909,ein kreuz+fahrt+schiff,6.376181008663201
-26.366370040129148,4.4134124302535795,-0.0857513114715183,-0.06398488449308393,-0.06044439642763254,kehrt,6.151316964982682
-26.366370040129148,4.4134124302535795,-0.0857513114715183,-0.06398488449308393,-0.06044439642763254,kreuz+fahrt+schiff kehr+t,6.151316964982682
-26.420366540924448,4.4416213534608,-0.07776793561275985,-0.06408831271494528,-0.05548126529039933,kehr+t früh+er,6.090396693987699
-26.516772561718614,4.491757598379034,-0.06340287182425941,-0.06585286517648083,-0.047853085685440236,früh+er hamburg,5.981733897123298
-26.57378289127948,4.521271230154987,-0.05441534039560716,-0.06799669119601486,-0.04395649570576919,hamburg zurück,5.917537457594892
-26.62567785354394,4.548037943721164,-0.04550627921092641,-0.07085810447399124,-0.040730120330433287,Andernorts,5.859146631604711
-26.68920388143179,4.580631680691605,-0.03283240813627999,-0.07601976246970456,-0.037109205820723024,andernorts leg+en,5.787748080551705
-26.720076244757873,4.59636832332084,-0.02544356177393614,-0.07951502351281417,-0.035442506720751235,leg+en um+ge+stürz+t+e,5.753097357458074
-26.791434457852475,4.631027564630782,-0.0015028368281345787,-0.10381678180922993,-0.040951228228516115,baum+e verkehr,5.67379536908402
-26.798455474676615,4.633047077994379,0.009059610571052173,-0.11841355399080686,-0.046776856147338564,verkehr lahm,5.666632836864879
-14.302008397319092,-1.7973525383504168,-0.04635610736496351,0.01231138817225854,-0.00797592354820877,sagen,19.720468776049678
-27.04987336603312,4.744515222565951,-0.15649604472409126,-0.1710351199658182,-0.18626262718167427,nordseeküste sag+en,5.392102182472444
-27.160519410183696,4.809335377853329,-0.12490917929525963,-0.14760031250699596,-0.14703414579718901,sag+en meteorologe+n,5.264047679095203
-27.282734909398357,4.877957035303981,-0.09949582265465855,-0.1251637856233654,-0.11234665663074811,meteorologe+n deutsch+en,5.123967912275101
-27.412681242560986,4.948531714035976,-0.08226734295050007,-0.10636320435687632,-0.0855183933602202,wetter+dienst+es dwd,4.9761226349610626
-27.445780501604798,4.966241326919967,-0.07911986453146415,-0.10238989327628001,-0.08009444349391896,dwd morgen,4.938586718727549
-27.404772926210594,4.948176097632789,-0.0663576279753943,-0.0598093047024342,-0.08528015292717978,Windgeschwindigkeiten,4.983307337334122
-27.47296318484369,4.980724387876446,-0.07683288802949101,-0.09935501218850579,-0.07600380250381558,morgen wind+geschwindigkeit+en,4.9077884149529005
-27.51638940216909,5.0070443001632805,-0.05895148853496815,-0.04830431207167213,-0.07159057261594257,120,4.857120532351189
-27.51638940216909,5.0070443001632805,-0.05895148853496815,-0.04830431207167213,-0.07159057261594257,wind+geschwindigkeit+en 120,4.857120532351189
-27.596885056122506,5.046213664614697,-0.06909109415172958,-0.08785261086161109,-0.060849496296896316,Ki…,4.767630094975359
-27.596885056122506,5.046213664614697,-0.06909109415172958,-0.08785261086161109,-0.060849496296896316,120 ki…,4.767630094975359
-27.61168848348433,5.053990475823177,-0.0684010981970042,-0.08670718071945896,-0.05936396590117089,+1700,4.750908416743011
-27.61168848348433,5.053990475823177,-0.0684010981970042,-0.08670718071945896,-0.05936396590117089,ki… +1700,4.750908416743011
-27.62896842404915,5.063058310894845,-0.06764649767785053,-0.085425201034383,-0.057704537261636143,+1700 chars,4.731393904714753
32.7631787877167,-26.046796602179896,0.002322033022224808,0.07999304518172208,0.05734839454443862,sturm+flut elbe,72.66539579463523
-3.551599030642709,-7.335550980283363,-0.004542052942785901,0.03942484312368901,0.029261124771073684,späten,31.813555456561016
-8.030820234311765,-5.027725864313936,-0.007073696421640905,0.04107977087546876,0.03170893628654627,schwapp+t spät+en,26.7747575009734
8.752267616105069,-13.674926697221032,-0.02116701943963892,0.050679900320283015,0.020163978421349118,Nachmittag,45.65453678699418
-6.865313267074711,-5.6282302876944605,-0.00550264960196541,0.03856127291212226,0.02964907284750685,spät+en nachmittag,28.085869222516987
-9.518461441005918,-4.261481314824625,-0.00826216652428885,0.015960922365005695,0.010507182719841957,nachmittag fisch+markt,25.10138267035348
-19.845918782317696,1.058578855191315,-0.06242705387052945,0.007411825030070207,-0.010940987018407494,der wind,13.48418178928926
-20.083427111223752,1.1802396271686222,-0.07527315746227892,-0.0006281201349257401,-0.024604813604166494,wind drück+t,13.217330234490978
-20.486141248189913,1.3844833402701084,-0.11438531210315751,-0.024030704303671727,-0.06608148121945641,drück+t wasser,12.765800789132944
-21.321031338343158,1.8160269477039623,-0.09853966090249568,-0.017996753333462942,-0.04978144460098559,elbe lass+st,11.825974014646851
-21.27233896223195,1.7925169980078532,-0.07785299249608262,-0.006092548061032856,-0.02791358045481204,Flut,11.880022748529356
-21.27233896223195,1.7925169980078532,-0.07785299249608262,-0.006092548061032856,-0.02791358045481204,lass+st flut,11.880022748529356
-21.21893355934788,1.7655068233250635,-0.06959476956747004,-0.0011994492818205998,-0.01916578180032554,flut hoch+er,11.939866626688135
-21.129189011994768,1.7197296739708543,-0.0608058930172707,0.004135102986598332,-0.009838919464973648,hoch+er steig+en,12.040609410758611
-19.85757765514284,1.0654279584665822,-0.03809905410537909,0.021295541626278294,0.01473462020131576,nachmittag erreich+en,13.470676034374693
-18.48708289908145,0.35945987599720564,-0.03266026800446073,0.02820893949074507,0.020994323035382918,erreich+en wasser+stand+e,15.012311876503388
-15.971482511501614,-0.9365091795778717,-0.019472023186723624,0.04139641833550615,0.03561492799767043,wasser+stand+e elbe,17.84211043728031
-9.819612766445832,-4.106178112971714,-0.013681872992517233,0.05394408116965768,0.04262538012154767,Sturmflut-Niveau,24.762533789152943
-9.819612766445832,-4.106178112971714,-0.013681872992517233,0.05394408116965768,0.04262538012154767,elbe sturmflut-niveau,24.762533789152943
-26.69079427621459,4.583549734484922,-0.06804263510437036,-0.033987249590800045,-0.02325115919157403,+1662,5.784987217005559
-26.69079427621459,4.583549734484922,-0.06804263510437036,-0.033987249590800045,-0.02325115919157403,wasser+stand+e +1662,5.784987217005559
-26.73279645223772,4.605224319576104,-0.06720333599396537,-0.03396577363967328,-0.02245001949804312,+1662 char+s,5.737722265339899
-9.819612766445832,-4.106178112971714,-0.013681872992517233,0.05394408116965768,0.04262538012154767,thema sturm+flut,24.762533789152943
-22.165660554973698,2.2546629786048653,-0.02934054791005047,0.01819132746326222,0.022777151409393542,sie elbe,10.87423107544191
-22.449340981499063,2.3872120094626634,-0.1742827373322546,-0.06489906518590667,-0.13046633777995892,elbe nordseeküste,10.56137340210792
-19.889745504295274,1.0797491280261582,-0.08732730677038547,0.003119623801510353,-0.04338814959317128,nordseeküste nachmittag,13.435529573854065
-9.819612766445832,-4.106178112971714,-0.013681872992517233,0.05394408116965768,0.04262538012154767,nachmittag sturm+flut,24.762533789152943
-23.66262127954367,3.0248456765940572,-0.058013218007277156,-0.005319962590922475,-0.008621506306037151,pegel+stand+e norden+friesisch+en,9.190767914685985
-24.383071014156666,3.3961900476972207,-0.05195494532378043,-0.005984552199796274,-0.0029104824633243258,norden+friesisch+en küste,8.380246525166196
-20.134377917208177,1.2079597475892383,-0.04104071791666971,0.018761038427318126,0.011509442246886124,"2,0",13.159335023146632
-24.71960851335628,3.569593715518488,-0.05013643634775411,-0.007085758114704008,-0.0013534582809885468,"küste 2,0",8.00166199905583
-24.94714013797163,3.6868141284337996,-0.049201531761517106,-0.008087934913854546,-0.0006298981797544893,"2,5",7.745710457667056
-24.94714013797163,3.6868141284337996,-0.049201531761517106,-0.008087934913854546,-0.0006298981797544893,"2,0 2,5",7.745710457667056
-25.04984424356425,3.739721304213281,-0.04885051960962397,-0.008606481674242362,-0.0003834699676803846,"2,5 meter",7.630180015540814
-13.62721066690331,-2.145970547553464,-0.07768712231863359,0.0145877048766698,-0.026801290393961463,Elbegebiet,20.47999938773235
-25.343041405119944,3.8907453944963666,-0.0480739687984862,-0.010310609379159293,6.244936416842026e-05,meter elbe+gebiet,7.300373026571094
-25.621755492595998,4.034290197293606,-0.04762469529884867,-0.012238207087500529,0.00015182806498122842,"1,5",6.986866382553352
-25.621755492595998,4.034290197293606,-0.04762469529884867,-0.012238207087500529,0.00015182806498122842,"elbe+gebiet 1,5",6.986866382553352
-24.71960851335628,3.569593715518488,-0.05013643634775411,-0.007085758114704008,-0.0013534582809885468,"1,5 2,0",8.00166199905583
-25.04984424356425,3.739721304213281,-0.04885051960962397,-0.008606481674242362,-0.0003834699676803846,"2,0 meter",7.630180015540814
-25.895922787100282,4.175474557211359,-0.04743825012219581,-0.014432565004262154,-6.178573524306258e-05,höher…,6.678482778317963
-25.895922787100282,4.175474557211359,-0.04743825012219581,-0.014432565004262154,-6.178573524306258e-05,meter höher…,6.678482778317963
-26.00166566028686,4.229922384112805,-0.04743108840767447,-0.01536018527811446,-0.00022185490569598745,+1480,6.559545510127338
-26.00166566028686,4.229922384112805,-0.04743108840767447,-0.01536018527811446,-0.00022185490569598745,höher… +1480,6.559545510127338
-26.07561066588975,4.267995443335767,-0.047446978815053116,-0.016036455973425665,-0.000359167578540133,+1480 char+s,6.476374618201051
-26.875477282221254,4.648184278119388,0.12878846777287017,-0.2400378051526721,-0.10497235593444426,fisch+markt ein,5.591264809273228
-26.960607466768412,4.7075307599212195,0.0007328887974160508,-0.16985597747245879,-0.12423756277015535,sorg+t freitag,5.488392076228549
-26.93368280322264,4.695134143499357,-0.06021579121818106,-0.14503888559878425,-0.143428216736315,besondere,5.517999939493575
-26.93368280322264,4.695134143499357,-0.06021579121818106,-0.14503888559878425,-0.143428216736315,freitag besonder+e,5.517999939493575
-22.910453951340056,2.6345741263590376,-0.056277623989077014,-0.04577112441505726,-0.061042694976514614,Wetterlage,10.038166589620014
-26.890352499970717,4.671629539579039,-0.08891161459826576,-0.13891425521112202,-0.15831349627701644,besonder+e wetter+lage,5.567283201991048
-26.800097767694684,4.621040689079105,-0.13034152521852288,-0.13759913896351542,-0.18703936196550144,wetter+lage norden,5.670686686021761
-21.558927285117775,1.8797504495432946,-0.28048754920087504,-0.19667698504649148,-0.33564647762710287,hamburg nordseeküste,11.58537068811629
-26.366546888326038,4.3710870928498995,-0.2586467433701187,-0.14881427166799097,-0.30220765916838455,nordseeküste steig+en,6.170582489580759
-26.04619305852983,4.171216922218641,-0.3496240945590968,-0.17695177668209458,-0.3985083981919218,steig+en pegel,6.546915705245432
-22.85972125907162,2.5980450313509644,-0.12265642716792527,-0.08288932779746683,-0.16389393108283687,deutlich,10.100012244373662
-26.256840705603928,4.319991268004944,-0.24984947590948772,-0.11646445055929944,-0.29524606002900455,pegel deutlich,6.291501304432359
-26.262885296582514,4.350777040402926,-0.13846290544966627,-0.0033242028499911383,-0.19870636466227176,mittlere,6.271999390486
-26.262885296582514,4.350777040402926,-0.13846290544966627,-0.0033242028499911383,-0.19870636466227176,deutlich mittler+e,6.271999390486
-25.98891514775255,4.209218672908454,-0.08325747966413227,0.12684581111976623,-0.1944868776072804,mittler+e hochwasser,6.580356389911234
-26.309210283340228,4.383395248667455,-0.08988264202159811,-0.0008329702913605005,-0.12026356197686405,hochwasser fisch+markt,6.215871820488324
-26.309340208679366,4.385615859672127,-0.07439810234029176,-0.018785474690370077,-0.0815646299443676,fisch+markt schon,6.214738814823632
-26.26775944494826,4.364335711698629,-0.07327368600365639,-0.025527717540805225,-0.07375875037147102,schon früh+en,6.261448861684286
-26.22297002262096,4.341298217487822,-0.0707128655218312,-0.031121886508594154,-0.06904774933887145,früh+en abend,6.311816295268937
-26.178778769264934,4.318513815068885,-0.06877645718480302,-0.03554777456339599,-0.06585745425125597,abend überflut+et,6.361535999907147
-25.95790222577203,4.204145077371405,-0.06444302966661557,-0.05279497121877057,-0.061131148285962056,ein stürmisch+er,6.610268420550487
-25.802562708238618,4.123273289961368,-0.06553536862026402,-0.06455816983325605,-0.06514617445675032,stürmisch+er freitag,6.785399729013485
-25.67628077659168,4.057187423370476,-0.0690252620044835,-0.0751710846249824,-0.07232786642375844,freitag erwart+et,6.927928343143309
-25.492699413068046,3.9600426613616837,-0.081846468531385,-0.09420436366318702,-0.09207259441567298,erwart+et hamburg,7.135621080078501
-24.49901827443892,3.435681745864642,0.10531873011636801,-0.18896280609650104,-0.062126233241105264,der tief,8.259134079287636
-24.627416299526082,3.5135475473354005,0.03627950424503788,-0.12247031122351548,-0.046325324608027144,tief joshua,8.109315208026551
-24.824777212153386,3.5892625810841627,-0.19020837753839806,-0.1841395754664247,-0.23089030706045405,joshua nordsee,7.8992183728901315
-23.68348860770229,3.031240736822263,-0.10281350005701656,-0.046303244181707434,-0.06863140055174552,festgesetzt,9.169301894185116
-23.68348860770229,3.031240736822263,-0.10281350005701656,-0.046303244181707434,-0.06863140055174552,nordsee fest+ge+setz+t,9.169301894185116
-22.925448106125504,2.64555863828942,-0.048084277593507786,0.004066229494761903,0.0024607881686512373,fest+ge+setz+t bring+t,10.019790386885052
-22.370363743505322,2.360109533228619,-0.029802016757829574,0.01706265498752175,0.02215631664042158,kräftigen,10.64396547710073
-22.370363743505322,2.360109533228619,-0.029802016757829574,0.01706265498752175,0.02215631664042158,bring+t kräftig+en,10.64396547710073
-21.124670564676897,1.7184066725695137,-0.027178157262090417,0.023433124407929898,0.02566441246413879,kräftig+en wind,12.045225532763087
-23.319716139585687,2.849114582761845,-0.032129003167241585,0.01131990661348474,0.019001866073686945,+1624,9.576073651888068
-23.319716139585687,2.849114582761845,-0.032129003167241585,0.01131990661348474,0.019001866073686945,elbe +1624,9.576073651888068
-23.67265646620813,3.030899186431835,-0.0330838039183085,0.0089395192561397,0.017696377681295505,+1624 chars,9.179069797888467
-17.29583256548436,-0.25595272515347034,0.07022370427725308,0.010730231687161758,0.025066065228076095,hin+zu+füg+en wind,16.353141619425575
-27.17452974719029,4.830073079884437,0.10963901352597667,-0.013349935461995178,-0.03107729335501967,Tages…,5.2420646722257755
-27.17452974719029,4.830073079884437,0.10963901352597667,-0.013349935461995178,-0.03107729335501967,lauf+e tages…,5.2420646722257755
-27.52818293917546,5.014214862871081,-0.0077153255929487755,-0.06414116497972122,-0.00605912347120292,+3913,4.843349844931059
-27.52818293917546,5.014214862871081,-0.0077153255929487755,-0.06414116497972122,-0.00605912347120292,tages… +3913,4.843349844931059
-27.546397661744376,5.023650512375353,-0.009332047240999933,-0.06339031490013225,-0.006223514683988487,+3913 char+s,4.822836124395561
-18.552492539528096,0.391591868622565,0.04475684756884277,-0.014925949361494578,0.03082511178065929,sturm+flut sturm+tief,14.939458929389655
-17.17719452982459,-0.3153012886851645,-0.020951313688947475,0.038045780437819976,0.03375168883552355,sturm+tief bring+t,16.48577770288453
7.740656648721558,-13.154066374304183,-0.004494216190473588,0.07111333769959387,0.052308060878647374,bring+t sturm+flut,44.516702126208074
-22.969437089261014,2.6655841715040385,-0.07567090329557999,-0.033928057800569664,-0.04481860038878653,fisch+markt über,9.971526126134455
-13.471543223378141,-2.2721561170631865,-0.204110963141432,-0.21046055043756706,-0.2873784305726654,über nordsee,20.676240993458627
-9.501329324750472,-4.288966171368658,0.13299270882666994,-0.16083144704161542,-0.05042908949715337,nordsee sturm+tief,25.129245175809906
-15.973592543670096,-0.9490882029369754,0.04561014026087658,-0.14686205910019895,-0.08216382946479818,sturm+tief unterwegs,17.846046671029757
-19.613222089842893,0.9357152325639166,-0.005276298403867448,-0.0649319279466025,-0.03755238221216667,unterwegs norden,13.747328006277654
-20.289445641666155,1.2854933736651946,-0.014558038644013092,-0.04571873818092581,-0.02568620582790628,durchpustet,12.985993978198394
-20.289445641666155,1.2854933736651946,-0.014558038644013092,-0.04571873818092581,-0.02568620582790628,deutschland+s durch+pust+et,12.985993978198394
-22.363639410751297,2.355947744327249,-0.02293189562631724,-0.011250813198740203,0.0029498290157700773,bislang bleib+en,10.651856876434108
-22.55543762846025,2.454803073574772,-0.024119098677330152,-0.010083551914163456,0.003769055256775785,dramatische,10.436081345070697
-22.55543762846025,2.454803073574772,-0.024119098677330152,-0.010083551914163456,0.003769055256775785,bleib+en dramatisch+e,10.436081345070697
-22.815658828746844,2.588911568692019,-0.0256127200406076,-0.008820122740619399,0.004712000293377299,dramatisch+e einsatz+e,10.143335063377048
-26.659909470145728,4.565658420534604,-0.05518208987782978,-0.06771863961313077,-0.04359300958794289,abbekommen,5.820645597700551
-26.659909470145728,4.565658420534604,-0.05518208987782978,-0.06771863961313077,-0.04359300958794289,wasser ab+bekomm+en,5.820645597700551
-26.639448767823176,4.530062505525445,-0.11647313823361735,-0.20497944076992647,-0.19387183020240414,hin+zu+füg+en über,5.855177924034186
-27.51590566528114,5.005148755661833,-0.04648922440653559,-0.08922031062193467,-0.04943708599809611,+3585,4.858424342575509
-27.51590566528114,5.005148755661833,-0.04648922440653559,-0.08922031062193467,-0.04943708599809611,spät+en +3585,4.858424342575509
-27.535401233541144,5.015340947987083,-0.04685392812540999,-0.08766142669426694,-0.04819300903431671,+3585 chars,4.836425245876306
-28.76986638373921,5.470630680374303,0.5554981752599725,0.5705206667993374,-0.25395278059159804,fähr+ausfall+e schaden,3.5304432636670517
-29.02966583306116,5.672441294453568,0.5382123115636038,0.34466501063464833,-0.2169190797147497,schaden wind,3.207101640158214
-29.697177477904315,6.114020253656655,0.22662320958082208,0.013677706833760003,-0.12371538697351248,+5307,2.4115129768956107
-29.697177477904315,6.114020253656655,0.22662320958082208,0.013677706833760003,-0.12371538697351248,tages… +5307,2.4115129768956107
-29.701356138852358,6.116769095476139,0.22205461760583803,0.015378543554413288,-0.12349522985066372,+5307 char+s,2.4065388777665326
-29.857268415210772,6.172283628392215,-0.2583659919590997,-0.1235278823924218,-0.30150480122621015,unwetter sturm,2.24254517320809
-29.42045922964534,5.824377943559186,-0.4860617728788077,-0.07341851154695986,-0.6358589414968961,sturm joshua,2.790210303786373
-29.850295004128164,6.165666867897396,-0.26726410961371194,-0.12806604174349537,-0.3108740642540655,joshua erreich+t,2.2517763189649345
-29.843271095687697,6.158933600969962,-0.27610613703898773,-0.13255763985223049,-0.3201840806677247,orkanartigen,2.261105701906622
-29.843271095687697,6.158933600969962,-0.27610613703898773,-0.13255763985223049,-0.3201840806677247,erreich+t orkan+artig+en,2.261105701906622
-29.83506329271435,6.150981592962599,-0.28628825715450573,-0.13770756904294382,-0.33090488537748985,orkan+artig+en böe+n,2.272045937930475
-29.826106674481853,6.142205410154618,-0.29721851230494617,-0.1432088813727691,-0.3424131252458742,Höhepunkt,2.2840294412721933
-29.826106674481853,6.142205410154618,-0.29721851230494617,-0.1432088813727691,-0.3424131252458742,böe+n höhe+punkt,2.2840294412721933
-29.817303750936333,6.133484097159553,-0.30778158328877,-0.14849848988383407,-0.3535344860746836,höhe+punkt der,2.2958511163829325
-29.606296078179145,5.969064939682442,-0.41770597336272547,-0.11682865613967058,-0.5197656132355547,der sturm,2.5587404626628665
-29.795623914570253,6.111628909606494,-0.33306342572745723,-0.16104946434274817,-0.38015142035671046,richtet,2.325137749854391
-29.795623914570253,6.111628909606494,-0.33306342572745723,-0.16104946434274817,-0.38015142035671046,joshua richt+et,2.325137749854391
-29.77844862277778,6.093967192494106,-0.3523833069475871,-0.17053461561867508,-0.40049045886456264,richt+et deutschland,2.348498346972341
-20.531515937834804,1.4109293937711351,-0.07904822465400511,0.006407224866342466,-0.03532412989181094,deutschland seit,12.713344543678897
-29.739073903047604,6.052479874423108,-0.3944694019886773,-0.19086863152174519,-0.44479329689648756,Donnerstag,2.4025094048379194
-29.739073903047604,6.052479874423108,-0.3944694019886773,-0.19086863152174519,-0.44479329689648756,seit donnerstag,2.4025094048379194
-29.6963649951247,6.006191687821833,-0.43694190546013695,-0.21091607315151883,-0.4894980589776637,Verwüstung,2.4616832075021384
-29.6963649951247,6.006191687821833,-0.43694190546013695,-0.21091607315151883,-0.4894980589776637,donnerstag verwüstung,2.4616832075021384
-29.42177178095138,5.905384168171198,-0.11435174719356342,-0.4202517398307183,-0.29690530481143684,stärksten,2.7519811623915276
-29.752964190598018,6.0672609396872055,-0.3799598849243057,-0.18391000013877523,-0.42952006970408935,nachmittag stark+st+en,2.3833892535802277
-29.77478820165377,6.090166524206521,-0.35642281841101103,-0.172506003248553,-0.4047429399429814,stark+st+en böe+n,2.353493726445792
-29.783594086877223,6.099288578130851,-0.34665913703535894,-0.16773403365670397,-0.39446442904908363,böe+n erwart+et,2.3414860397812998
-29.78988801371772,6.105762960560723,-0.3395835343755183,-0.1642609223633892,-0.38701558305271283,feuer+wehr ge+sorg+t,2.332924484458554
-29.76683348448949,6.081865142661898,-0.3651093343981577,-0.17673123966599588,-0.41388727922956764,stürmische,2.36436869918803
-29.76683348448949,6.081865142661898,-0.3651093343981577,-0.17673123966599588,-0.41388727922956764,der stürmisch+e,2.36436869918803
-29.739073903047604,6.052479874423108,-0.3944694019886773,-0.19086863152174519,-0.44479329689648756,stürmisch+e wetter,2.4025094048379194
-29.714438107743096,6.025921939992816,-0.41934965283639514,-0.20267137817063952,-0.470981798665108,wetter sorg+te,2.4365774632137835
-29.32754933825116,5.584621943877071,-0.707897528690379,-0.32625795537402835,-0.7745690392473205,sorg+te nordseeküste,2.9826688420042746
-29.667330134529635,5.9741204551486025,-0.4641063854649349,-0.22347901728393904,-0.5180876107739594,orkanartige,2.5021872876595026
-29.667330134529635,5.9741204551486025,-0.4641063854649349,-0.22347901728393904,-0.5180876107739594,nordseeküste orkan+artig+e,2.5021872876595026
-29.764697158896155,6.079626205956371,-0.36742098473751694,-0.17785241709738836,-0.41632073196185926,+4143,2.3672936427285194
-29.764697158896155,6.079626205956371,-0.36742098473751694,-0.17785241709738836,-0.41632073196185926,dort +4143,2.3672936427285194
-29.77664281298612,6.092093741576358,-0.35437950021353715,-0.1715093253232516,-0.4025918999800157,+4143 chars,2.3509620288536333
-19.158261454094383,0.7053572034896263,-0.0237598437718062,0.0315500980462108,0.030149267262471326,sturm+flut joshua,14.257243912199833
-17.17719452982459,-0.3153012886851645,-0.020951313688947475,0.038045780437819976,0.03375168883552355,joshua bring+t,16.48577770288453
-23.18730694534974,2.780914265804034,-0.03178428639434533,0.012175926031584253,0.019471621531151125,fisch+markt mehr,9.725014634875885
-21.339603562994043,1.8285821708770973,-0.03262931605051346,-0.0006733742071016111,0.0032427641774937024,Sturmeinsätze,11.803706855192214
-21.339603562994043,1.8285821708770973,-0.03262931605051346,-0.0006733742071016111,0.0032427641774937024,mehr sturm+einsatz+e,11.803706855192214
-21.95214597159277,2.143696947354484,-0.03718347083740137,-0.01239014039592131,-0.007465929062590377,ausgefallene,11.11486663807215
-21.95214597159277,2.143696947354484,-0.03718347083740137,-0.01239014039592131,-0.007465929062590377,sturm+einsatz+e aus+ge+fall+en+e,11.11486663807215
-22.305307924836143,2.324522566003707,-0.04602390155495292,-0.031584441562686666,-0.027455781820853124,aus+ge+fall+en+e fähre+n,10.718109978948268
-22.593448897469393,2.4703334789208347,-0.05571479578707873,-0.06397637145059136,-0.05902643031252079,amtliche,10.395194355191617
-22.593448897469393,2.4703334789208347,-0.05571479578707873,-0.06397637145059136,-0.05902643031252079,fähre+n amtlich+e,10.395194355191617
-22.690987975014004,2.51788687309676,-0.06465327681183877,-0.087631967578752,-0.08357431505647013,Unwetterwarnung,10.286714244091089
-22.690987975014004,2.51788687309676,-0.06465327681183877,-0.087631967578752,-0.08357431505647013,amtlich+e unwetter+warnung,10.286714244091089
-22.65794659789347,2.487155923135659,-0.10714493387523774,-0.1606313643982633,-0.16966533581394383,unwetter+warnung über,10.330183296972578
-26.90471522397851,4.691668927519138,-0.05488918998639173,-0.06971724353916668,-0.043319815221553454,hin+zu+füg+en mehr,5.545312536176815
-27.25313369091561,4.860899174068358,-0.02786060209154171,-0.16114010764910555,-0.10019246250796038,Nord…,5.158102237797262
-27.25313369091561,4.860899174068358,-0.02786060209154171,-0.16114010764910555,-0.10019246250796038,unterwegs nord…,5.158102237797262
-27.30155076677383,4.887438898090483,-0.03227240233868073,-0.15017418749277522,-0.09328048459713849,+2821,5.102903588099058
-27.30155076677383,4.887438898090483,-0.03227240233868073,-0.15017418749277522,-0.09328048459713849,nord… +2821,5.102903588099058
-27.338161680332167,4.907370191187557,-0.035079216882368425,-0.14245925992566297,-0.08822572222902107,+2821 chars,5.061227589115775
32.36717967039165,-25.842760974360267,0.002239882957371056,0.07991539050486893,0.057304380952402915,Weitere,72.2199232212046
13.020506638962662,-15.874493635144592,-0.002691750259674771,0.07388114860724382,0.053878248970130674,herbst+wetter weit+er+e,50.45619125595079
73.73046304731598,-47.15477269488108,0.008743923928158554,0.08300608702435402,0.05901950749203913,weit+er+e sturm+flut,118.75080433904265
-4.814068544188441,-6.685266350073604,-0.01031688610393012,0.06071334848728207,0.046430324699148304,elbe erwart+et,30.39344399035331
-10.351243325251975,-3.8335880115163903,-0.005085287620629851,0.1115656618028796,0.01925796138584774,kaum,24.165085477156033
-10.351243325251975,-3.8335880115163903,-0.005085287620629851,0.1115656618028796,0.01925796138584774,bislang kaum,24.165085477156033
-4.527478160561444,-6.83888390123289,0.012507669472642934,0.18083032942775437,0.006057989025936038,kaum schaden,30.718548748669743
-23.543021439455302,2.9643897346155192,-0.01872801861446179,0.06310318447406092,0.0050803012355565835,schaden der,9.324762174241286
-13.872714341975758,-2.0179084916734986,-0.025383131626936558,0.05702519586624845,0.020431937136495847,der wetter,20.203094399079944
-21.68066588109886,2.004270926946437,-0.053893323895728984,0.025053168198207368,-0.014557212406045576,wetter norden,11.420049782754147
-21.93384752221743,2.1341391483101937,-0.06581120001359536,0.01385647221123907,-0.025211023949927174,norden bleib+t,11.135506676618837
-22.227170378542667,2.2840317522440303,-0.08463077433124161,-0.0011947807164248633,-0.043342727322745314,bleib+t woche+n+ende,10.806110122885658
-22.472596186638896,2.40816699477842,-0.11042544473643556,-0.01907590445059594,-0.06937361572069502,woche+n+ende windig,10.531089822244759
-18.214665026699436,0.21581413112562853,-0.09997077028295012,-0.003975221877569657,-0.05330862486293313,stürmisch,15.320280254621183
-22.63310285516383,2.486217333618179,-0.14777217443777932,-0.04227536597138891,-0.10798042164034102,windig stürmisch,10.35266751078472
-23.338134684353946,2.8473402396906,-0.16005333261390023,-0.05543437210278965,-0.11969249032546425,nordseeküste elbe+gebiet,9.56053704817017
-23.583822501573184,2.9775575447348865,-0.13452639970822108,-0.042968027314123594,-0.09262842709781074,könnten,9.282488238859912
-23.583822501573184,2.9775575447348865,-0.13452639970822108,-0.042968027314123594,-0.09262842709781074,elbe+gebiet könn+ten,9.282488238859912
-23.798359499220986,3.090097033698587,-0.11748426631458858,-0.0350118450032641,-0.07453874731500841,könn+ten flut+en,9.040229046832033
-23.951697071855982,3.170104633115547,-0.10765578977909558,-0.030649059285317692,-0.06410157206592236,flut+en sonntag,8.86727412548716
-26.415162531060513,4.440878196592579,-0.08094198352705385,-0.033769597944292254,-0.03929831619437503,sonntag stark+er,6.095355553857687
-27.406120003428025,4.946582397871688,-0.11990233220023401,-0.07047343614293,-0.0809174693971831,stärke…,4.982839553776836
-27.406120003428025,4.946582397871688,-0.11990233220023401,-0.07047343614293,-0.0809174693971831,sonntag stärke…,4.982839553776836
-27.441281986826397,4.9653377863237145,-0.11450098189184824,-0.06795135691706156,-0.0752692268457063,+1751,4.942991330260982
-27.441281986826397,4.9653377863237145,-0.11450098189184824,-0.06795135691706156,-0.0752692268457063,stärke… +1751,4.942991330260982
-27.463426966452268,4.977099523533836,-0.11138682966817977,-0.06652731524982783,-0.07201651326925684,+1751 chars,4.9179180945930785
-17.70787391315954,-0.04253301859694858,-0.0068101058812092136,0.09280967732743074,0.01929528757009652,schaden hier,15.889093054572163
-13.76960214869493,-2.070984837568261,-0.01711167875173734,0.046629017131922655,0.038531928064123006,thema herbst+wetter,20.31906537355308
-7.0331260754220395,-5.5419028603329075,-0.011702261953431659,0.05798179880193157,0.04489295116959316,sie weit+er+e,27.89714815417897
-24.12829699096018,3.2614538929647012,-0.10552739365911813,-0.016134894143882528,-0.07089891605332954,nordsee schleswig-holstein,8.668445384511642
-23.0411853395672,2.7056111640993272,-0.03325724499971418,0.012036094080364212,0.018029595480830975,schleswig-holstein elbe+gebiet,9.889398712475348
-20.960539715313047,1.633853303434213,-0.026862413445604014,0.024191821876238463,0.026082876685659125,elbe+gebiet sonntag,12.229855270791823
-19.158261454094383,0.7053572034896263,-0.0237598437718062,0.0315500980462108,0.030149267262471326,sonntag erneut,14.257243912199833
-24.560835881536978,3.488321854383178,-0.03575215021354616,0.002216004948097393,0.014014885639874908,hydrographie teil+te,8.180022789557984
-24.946885015048444,3.6871183405591186,-0.0370525247901037,-0.0010974891759762198,0.012203549242640527,teil+te nach,7.745795568613238
-25.073945338785116,3.752544389538934,-0.03750222902578446,-0.0022488883271178997,0.011574561798808586,derzeitigem,7.602880160349697
-25.073945338785116,3.752544389538934,-0.03750222902578446,-0.0022488883271178997,0.011574561798808586,nach derzeitig+em,7.602880160349697
-25.342054713136342,3.890592504035382,-0.03848984605890958,-0.004787345949323736,0.010188600798869789,derzeitig+em stand,7.3013183149621605
-25.459994006687925,3.9513155083776215,-0.038942004067988756,-0.005953990226063285,0.009551965812442532,stand besteh+t,7.16866506434666
-25.603588254514104,4.025244385960148,-0.039508135357372506,-0.007418635044943958,0.00875300260315931,am…,7.007157567100999
-25.603588254514104,4.025244385960148,-0.039508135357372506,-0.007418635044943958,0.00875300260315931,besteh+t am…,7.007157567100999
-25.68641791191274,4.067887279474698,-0.039842852101039855,-0.00828663144696938,0.008279659958115804,+1581,6.913995723771614
-25.68641791191274,4.067887279474698,-0.039842852101039855,-0.00828663144696938,0.008279659958115804,am… +1581,6.913995723771614
-25.779642468495823,4.115880259061966,-0.04022701827761983,-0.009284728975334194,0.007735503886997144,+1581 chars,6.809143003654169
0.8886615187905385,-9.623588659394883,-0.007328238854530625,0.06629557475866216,0.04958052351055656,sturm+flut überschwemm+t,36.80864854285996
-13.900682811206416,-2.0208765166764913,0.1984222716414542,-0.10555248031978962,0.03771127504886179,Tiefdruckgebiet,20.179627219568268
-13.900682811206416,-2.0208765166764913,0.1984222716414542,-0.10555248031978962,0.03771127504886179,der tief+druck+gebiet,20.179627219568268
-14.50547888654674,-1.6929802527878994,0.042717576846638426,0.0014654041632054249,0.037187979248871746,tief+druck+gebiet joshua,19.491790649608486
-12.56172368429846,-2.693369835111193,0.003985482805253944,0.03470807614344403,0.03975974922879821,joshua hamburg,21.677866668830028
-14.299787922587274,-1.7978150712029812,-0.017644923963096498,0.045459882619599885,0.03787938992831077,Elbemündung,19.72264410385575
-14.299787922587274,-1.7978150712029812,-0.017644923963096498,0.045459882619599885,0.03787938992831077,hamburg elbe+mündung,19.72264410385575
-6.1156651868840015,-6.0146218386073205,-0.011111240871726952,0.05915720955029808,0.04555416482865346,elbe+mündung zweit+e,28.929232014389818
7.740656648721558,-13.154066374304183,-0.004494216190473588,0.07111333769959387,0.052308060878647374,zweit+e sturm+flut,44.516702126208074
-8.571600121578548,-4.749210070325072,-0.012758124358763896,0.055846743035481296,0.043693179405654356,beschert,26.166465522220058
-8.571600121578548,-4.749210070325072,-0.012758124358763896,0.055846743035481296,0.043693179405654356,sturm+flut bescher+t,26.166465522220058
-16.765209822207098,-0.5275632014956919,-0.020428712192944634,0.03923538154293983,0.0344128050582327,fisch+markt st.,16.949228076672174
-17.997561482412998,0.10736215675935856,-0.02205086628521035,0.0355227563303135,0.032350963441730475,schwappte,15.562931460421646
-17.997561482412998,0.10736215675935856,-0.02205086628521035,0.0355227563303135,0.032350963441730475,pauli schwapp+te,15.562931460421646
-24.23112256817123,3.318523463861516,-0.0347129895228888,0.004846668398919576,0.015454316665106658,schwapp+te wasser,8.550889194843322
-24.593906001758096,3.5053519874133214,-0.035859866783904966,0.0019424368278446527,0.01386526700215331,wasser sonntag+abend,8.142825298281636
-22.01577623652168,2.177453667480922,-0.029010756274842783,0.018995816867239862,0.02321984740662784,Kaikante,11.042832739523437
-25.191445375971302,3.8130457754966622,-0.0379283990835734,-0.0033426182952458403,0.01097727634241652,sonntag+abend kai+kante,7.470718871572293
-25.402213181532876,3.9215663590875307,-0.03871907435189559,-0.005378444489586166,0.009866013820807776,kai+kante richt+ete,7.233654428316292
-25.749272362187902,4.100245586890819,-0.04010098436538218,-0.008957062153854806,0.007914129941672725,Sch…,6.843301177803581
-25.749272362187902,4.100245586890819,-0.04010098436538218,-0.008957062153854806,0.007914129941672725,richt+ete sch…,6.843301177803581
-25.838398548638033,4.146127662818174,-0.04047332381302844,-0.009925699689147437,0.0073861255821132225,+796,6.743058499611834
-25.838398548638033,4.146127662818174,-0.04047332381302844,-0.009925699689147437,0.0073861255821132225,sch… +796,6.743058499611834
-25.908366456522305,4.18214598609339,-0.04077097388946006,-0.010701375552219006,0.006963399529401566,+796 char+s,6.66436416773895
-21.942251407237936,2.139578818412689,-0.02885139546607245,0.01938391933917609,0.023433467609977856,fisch+markt hamburg,11.125539385010184
-23.8944008811852,3.1430532451890043,0.031959201924182834,-0.04006349970095155,0.01624218220191942,hamburg lno,8.930594570397528
-18.749791384368628,0.49331686005206077,0.03501234550334505,-0.01934429273011662,0.02188612044586097,lno der,14.717481155565578
-24.23112256817123,3.318523463861516,-0.0347129895228888,0.004846668398919576,0.015454316665106658,schwapp+te kopier+e,8.550889194843322
-9.819612766445832,-4.106178112971714,-0.013681872992517233,0.05394408116965768,0.04262538012154767,regen sturm+flut+en,24.762533789152943
-20.40243860848691,1.3463380636978597,-0.02583378488591835,0.026651202821246528,0.027440383631827568,der herbst,12.857661857890735
-21.565084293890926,1.945285840142338,-0.028057747949997533,0.021310452023652834,0.024494407052947843,herbst zeig+t,11.549808636576845
-22.971960202722872,2.6699930405340595,-0.031238364005441124,0.013527865612641098,0.020213836281246886,zeig+t hamburg,9.967249190037494
-24.006003420240237,3.2022524065037246,-0.011315284386169796,-0.00994811619751551,0.0161571096166679,ungemütlichen,8.80426495938561
-24.006003420240237,3.2022524065037246,-0.011315284386169796,-0.00994811619751551,0.0161571096166679,hamburg un+gemütlich+en,8.80426495938561
-24.452155991654227,3.430566945820868,0.024145812745334318,-0.03996633155396004,0.013939582542455656,Seite,8.303095664269811
-24.452155991654227,3.430566945820868,0.024145812745334318,-0.03996633155396004,0.013939582542455656,un+gemütlich+en seite,8.303095664269811
-25.862986856503426,4.157841212265307,-0.0028857235762310947,-0.03759132302835072,0.006832875311582245,+905,6.715842358056336
-25.862986856503426,4.157841212265307,-0.0028857235762310947,-0.03759132302835072,0.006832875311582245,hamburg +905,6.715842358056336
-25.934154995661427,4.194575609771476,-0.005925829090730218,-0.03640888038910563,0.006425564192874867,+905 char+s,6.635752656019442
-29.489892888244295,5.9649784652358875,0.4387095976073533,-0.07112797184613173,-0.13102915665433598,Möglicherweise,2.6640643439398195
-29.34686359614771,5.875175675054383,0.5130752293172023,-0.007185225349470192,-0.1512896733730735,beispiellose,2.832333095671543
-29.34686359614771,5.875175675054383,0.5130752293172023,-0.007185225349470192,-0.1512896733730735,möglicherweise beispiellos+e,2.832333095671543
-28.915528005356116,5.5951699721242,0.668944971548156,0.23144088386166073,-0.21074763701902222,beispiellos+e folge+n,3.34398001762312
-29.070827805788035,5.656771592262464,0.7275217096427009,-0.08544147067034685,-0.15600326490304242,folge+n der,3.177767862656977
7.48803920483628,-13.347621039848715,1.0381141497847557,-0.26543334756350534,0.06581988402883268,Hurrikan,44.38088473337234
-28.942240334120612,5.518168761847521,0.8482244395997393,-0.20617600546151305,-0.140416754015488,der hurrikan,3.3555817511018295
-0.33689576018789325,-9.163907647721683,0.8303598681667869,-0.04620902684608076,0.04566425119776865,Melissa,35.508703723237396
-2.624343647285013,-7.958162220525802,0.7466137835712576,-0.07986322659625852,0.03824785966537329,hurrikan melissa,32.923044664905945
-29.42384692121471,5.902989049697503,0.5191949043260475,-0.13956951140234153,-0.12542758048731745,melissa treff+t,2.751182367738237
-28.89038057576085,5.519831492996098,0.832255705278378,-0.09041901009643186,-0.16381260727840163,Jamaica,3.400901110249806
-29.505840596776707,5.961570253580406,0.4590430620835806,-0.1411443988341523,-0.11900387254616016,treff+t jamaica,2.65146114832703
-29.307223675540982,5.816020544551731,0.602999777806505,-0.14500480068674582,-0.13241701020067292,jamaica melissa,2.8946912735219845
-29.146904856926746,5.70745539463902,0.690490357193471,-0.10724214716456199,-0.14825248556530354,melissa tob+t,3.0869277075351658
-25.151971876476694,3.320597452931695,1.4567167101881973,0.05278740821680855,0.34309055316286186,Wirbelsturm,7.731356850183844
-29.197121109577584,5.742813681421085,0.6620922700410005,-0.11458773834482594,-0.1441786159163052,tob+t wirbel+sturm,3.026093653908938
-24.730800884312508,3.565500592612981,0.1750196098720218,-0.038736959369036164,-0.011654059492955147,höchsten,7.993601730585398
-29.265722744122904,5.7906216071072745,0.6224697965514562,-0.12586415667495054,-0.1382040180101499,wirbel+sturm hoch+st+en,2.943214065546769
-28.629165704755888,5.380062318804642,0.8732594334158502,0.13000867725838314,-0.2107408753931661,Kategorie,3.6970881875557318
-29.29637298465808,5.811786075094542,0.604435806791849,-0.13136220101897358,-0.1353782727482332,hoch+st+en kategorie,2.9062742076284547
-29.34869206451401,5.847616549822625,0.5731438861047793,-0.14139660419811315,-0.1303259484091098,kategorie meer,2.8433548867713165
-29.36257796528233,5.857060668060958,0.5647258862717116,-0.14419621513237446,-0.128935728258651,Dass,2.8266856481983433
-29.387469495558243,5.873918134379415,0.5495120684510563,-0.14935668173779956,-0.1263910421364987,dass jamaica,2.796837690343155
-29.402268132475818,5.8838954529628165,0.5403896514344775,-0.15251059205937903,-0.12484582773140471,jamaica treff+en,2.7791128926814883
-29.425360163192327,5.8993952501393325,0.5260359221477603,-0.1575590192501458,-0.12238590517099207,sagten,2.751486437736376
-29.425360163192327,5.8993952501393325,0.5260359221477603,-0.1575590192501458,-0.12238590517099207,treff+en sag+ten,2.751486437736376
-29.435771633490624,5.906355434357344,0.5195157052699529,-0.15988553232879846,-0.1212571880521093,KI-Rechenmodelle,2.7390434537174384
-29.435771633490624,5.906355434357344,0.5195157052699529,-0.15988553232879846,-0.1212571880521093,sag+ten ki-rechenmodell+e,2.7390434537174384
-29.458478862994056,5.921472879415915,0.505187559413181,-0.16506734123097278,-0.11875271535025972,früh,2.711934208884184
-29.458478862994056,5.921472879415915,0.505187559413181,-0.16506734123097278,-0.11875271535025972,ki-rechenmodell+e früh,2.711934208884184
-28.90508221407748,5.644283970303144,0.5321741529925952,-0.12448577429642452,0.1634248665565555,voraus,3.330791558773262
-29.464555347169217,5.925503461347392,0.5013277974803759,-0.16647891920311075,-0.11807249163081593,früh voraus,2.7046865512156435
-29.816473654389615,6.164012292167048,0.21732879934600716,-0.18365430272201486,-0.083440308590152,28.10.2025,2.28260039148491
-29.819550818239033,6.165853796002796,0.21476979033126445,-0.18430048292439996,-0.08300274671437287,05.44,2.27902151711965
-29.819550818239033,6.165853796002796,0.21476979033126445,-0.18430048292439996,-0.08300274671437287,28.10.2025 05.44,2.27902151711965
-29.821030365723125,6.1667379699078415,0.2135378206234031,-0.1846122468880691,-0.08279179207039723,UhrAktualisiert,2.277301311832616
-29.821030365723125,6.1667379699078415,0.2135378206234031,-0.1846122468880691,-0.08279179207039723,05.44 uhr+aktualisier+t,2.277301311832616
-29.825025724584563,6.1691215196068585,0.21020591763031427,-0.18545755175600187,-0.08222029101779961,uhr+aktualisier+t schon,2.272657945385192
-29.827031562805548,6.170315917332584,0.20853033406905955,-0.18588378618756124,-0.08193236185154627,schon sonntag,2.2703278082417864
-29.828755666575272,6.171341350575349,0.2070885758888207,-0.1862511298841531,-0.08168433473752393,nagelt…,2.2683255065986785
-29.828755666575272,6.171341350575349,0.2070885758888207,-0.1862511298841531,-0.08168433473752393,sonntag nagelt…,2.2683255065986785
-29.83063271026114,6.1724564798633255,0.20551731470047546,-0.18665207529659075,-0.08141373922027337,+5019,2.266146167326432
-29.83063271026114,6.1724564798633255,0.20551731470047546,-0.18665207529659075,-0.08141373922027337,nagelt… +5019,2.266146167326432
-29.831849030132176,6.173178374435252,0.20449824124813012,-0.18691244705655302,-0.08123807881041122,+5019 chars,2.2647342842878038
-29.689797214578057,6.037994738649504,0.2879487947442291,-0.41478750753738397,0.08309687790268179,bereiten,2.4529535076921487
-29.689797214578057,6.037994738649504,0.2879487947442291,-0.41478750753738397,0.08309687790268179,melissa bereit+en,2.4529535076921487
-20.603381031675895,1.3144629489135466,0.7440192198725813,0.1760007958668076,-0.03707253984870815,Kuba,12.69363833272469
-29.744609460944076,6.0880123253420795,0.22347158017072222,-0.3747937579944476,0.08151225301302185,bereit+en kuba,2.3813103053356457
-19.267840857603144,0.5800300506881468,0.8704922921060274,0.15316774789566168,-0.04569929104175377,Jamaika,14.217249835033812
-29.76691078163762,6.107685088574763,0.19589055389124804,-0.35740025003634646,0.08091924892920473,kuba jamaika,2.352471180302958
-29.773063322288106,6.11303436992266,0.1881366442000437,-0.35247985798854736,0.08076160244782629,jamaika stark+st+en,2.344550711188821
-29.750159822850748,6.092948561827667,0.21668295455304493,-0.37052839601969606,0.08136161017931376,stark+st+en sturm,2.374114473736626
-29.717584270146762,6.063625121167763,0.2558314999424399,-0.39498344712235983,0.08227262597442422,sturm jahr+es,2.4165086269267566
-29.658212735440102,6.008264568026891,0.3231120133193262,-0.4361998937361911,0.08407944729154965,jahr+es der,2.4946522272351768
-29.22923634918515,5.634570787728783,0.5790990635671756,-0.6168832516921522,0.205497490099651,Kategorie-5-Hurrikan,3.0471739134866147
-29.22923634918515,5.634570787728783,0.5790990635671756,-0.6168832516921522,0.205497490099651,der kategorie-5-hurrikan,3.0471739134866147
-0.5829780110441547,-8.865750273478483,0.035190744456181686,0.030325542095575447,0.05843753843961713,Dienstag,35.15334857278282
-29.305222897125223,5.709896587983601,0.5206151901075268,-0.5847460176598129,0.20283140911730585,kategorie-5-hurrikan dienstag,2.9451182368950604
-29.454451408651682,5.8551526039437665,0.3919726392002819,-0.5112327295579189,0.1978052375299758,dienstag jamaika,2.7459157607655387
-29.46366337579394,5.863935608840114,0.3833437562310607,-0.5061632860350729,0.19750920307710723,jamaika treff+en,2.7337029003875197
-17.06781670953214,-0.3729387908826789,0.01616962167924067,-0.01452303781350757,0.04651947384243288,knapp,16.60941699766918
-29.544832325092518,5.939935261234238,0.3033110445131834,-0.45832212908180237,0.19500763709947802,kuba knapp,2.6267280449716006
-29.805215714384595,6.140388204230163,0.14655601727822173,-0.3258674768318243,0.07998353002973255,650.000,2.303434327760627
-29.805215714384595,6.140388204230163,0.14655601727822173,-0.3258674768318243,0.07998353002973255,knapp 650.000,2.303434327760627
-29.80984408617452,6.144237443035633,0.14041984466342727,-0.3219080750077152,0.07987825419702967,650.000 mensch+en,2.2975560267984
-19.67083585252322,0.9645992315053062,0.06740467850928121,-0.04908355034179343,0.08393834471002495,evakuiert,13.682869106413383
-23.824426098566384,3.0949131705355866,0.10745214642225705,-0.12887293234188094,0.11051041889685065,mensch+en evakuier+t,9.014855708378214
-29.782251858630524,6.1209568127569005,0.17643705810618837,-0.3450304356652426,0.08053122895171137,Bereits,2.3327522722723835
-29.752792983834112,6.095281283224518,0.21344495108384004,-0.3684902920323346,0.08129083672162482,bereits geb+t,2.37070484170656
-29.728771368753033,6.073788823316754,0.24257390252154265,-0.3867404264904362,0.08195263237701055,geb+t erst+e,2.4019068614584866
-29.272052225181746,5.849394399645631,0.4750286574811745,-0.10283741190053872,-0.0049285075826817175,Todesopfer,2.9106448758113297
-29.704747165109826,6.051850089518152,0.2708108188733488,-0.4042491048268987,0.08264839121125896,erst+e tod+es+opfer,2.4333154086676467
-29.27818550746127,5.828015343945584,0.5130218381923292,-0.19988236118593755,0.011449010631444774,Symbolbild,2.915002191866038
-29.317391522504856,5.665785116424788,0.6314864178572878,-0.6116645985886016,0.09635417049082493,symbol+bild hurrikan,2.954525095284057
-29.709234741645794,6.05597961616071,0.26560239567256805,-0.40103313483990755,0.08251602101742034,schwerste,2.4274340650248165
-29.709234741645794,6.05597961616071,0.26560239567256805,-0.40103313483990755,0.08251602101742034,melissa schwer+st+e,2.4274340650248165
-29.684236591114683,6.032804204100176,0.29424086177971837,-0.4186397976161515,0.08326652539386481,schwer+st+e sturm,2.4602748367651546
-29.601207925857558,5.953274869883349,0.38322375624081867,-0.4721453725606246,0.08595491622071806,sturm aktuell+en,2.5705208488219964
-29.317391522504856,5.665785116424788,0.6314864178572878,-0.6116645985886016,0.09635417049082493,Hurrikansaison,2.954525095284057
-29.317391522504856,5.665785116424788,0.6314864178572878,-0.6116645985886016,0.09635417049082493,aktuell+en hurrikan+saison,2.954525095284057
-29.334114173587782,5.870989948257437,0.46879352836321864,-0.18712898262473437,0.013257309501764585,Bild,2.8455977131131074
-29.665371830171324,6.0150544807438395,0.3152627444612387,-0.43144470263691936,0.08385281863716795,hurrikan+saison bild,2.4851771957155075
-29.70002647898173,6.047491123759506,0.27625765745647546,-0.40760569437566374,0.08278877843487155,Triff/Shutterstock.com,2.43950909322592
-29.70002647898173,6.047491123759506,0.27625765745647546,-0.40760569437566374,0.08278877843487155,bild triff/shutterstock.com,2.43950909322592
-29.658212735440102,6.008264568026891,0.3231120133193262,-0.4361998937361911,0.08407944729154965,triff/shutterstock.com der,2.4946522272351768
-29.808720068569187,6.143304791668237,0.14191360240211884,-0.32287268796698687,0.0799036571405458,+5578,2.2989826100313913
-29.808720068569187,6.143304791668237,0.14191360240211884,-0.32287268796698687,0.0799036571405458,knapp +5578,2.2989826100313913
-29.815163396002333,6.148632148351945,0.1333195554064628,-0.31731632403877996,0.07975948153461812,+5578 chars,2.2908135404815955
-29.184929801963712,5.6429792294185255,0.7609209987794826,-0.3535505078639577,-0.10048968449124474,nach hurrikan,3.0826995774584542
-27.647919892208296,4.694177813218694,1.2394507135876462,0.22591817071794568,-0.25641377673376237,melissa jamaika,4.88350498691817
-29.190378393882877,5.774303308727855,0.5854791699774765,0.06254563784370679,-0.17188089264119447,Katastrophengebiet,3.017632306908661
-29.598474106559085,6.0340461752626275,0.3692778276184696,-0.10480975131900372,-0.11683700490168802,jamaika katastrophe+n+gebiet,2.535910142058965
-29.115516882534234,5.709445780760692,0.6641352996089208,-0.0031148169498628406,-0.16676956372133242,erklärt,3.113899977524736
-29.115516882534234,5.709445780760692,0.6641352996089208,-0.0031148169498628406,-0.16676956372133242,katastrophe+n+gebiet erklär+t,3.113899977524736
-29.41706555301001,5.882005056230914,0.5490411095725369,-0.1971250356022941,-0.11634200209011561,erklär+t als,2.7668323089884614
-28.374114973392885,5.021979074719968,1.150049971290961,-0.3161163582420074,-0.13527139859059814,als hurrikan,4.087905118691547
-28.84030688974561,5.469622253799673,0.8734679217549437,-0.12737985312775177,-0.15933980762438374,historischen,3.468418113306978
-28.84030688974561,5.469622253799673,0.8734679217549437,-0.12737985312775177,-0.15933980762438374,hurrikan historisch+en,3.468418113306978
-29.019171221261324,5.634550840535955,0.7309478659794846,-0.022470810250035556,-0.16901001064608445,Ausmaßes,3.2338548964011853
-29.019171221261324,5.634550840535955,0.7309478659794846,-0.022470810250035556,-0.16901001064608445,historisch+en ausmaß+es,3.2338548964011853
-29.070519913424484,5.682834300670051,0.677052719880829,0.028828059910419004,-0.1741835604668749,ausmaß+es treff,3.166083482491395
-29.008217949342317,5.615639505755556,0.7557299237257866,-0.06508931433575964,-0.16260635298227655,treff melissa,3.2522614657856233
-29.092209248693855,5.716232144294341,0.5884726725222255,0.18128239756921605,-0.1939963897170108,jamaika land,3.1314769422691793
-29.0239215954941,5.670966249562502,0.5761269831446659,0.2835516060004001,-0.21058042426378765,unklar,3.212895547699067
-29.0239215954941,5.670966249562502,0.5761269831446659,0.2835516060004001,-0.21058042426378765,noch un+klar,3.212895547699067
-28.88941313832689,5.5729860833202745,0.5859721296882913,0.40815460140299886,-0.2321365907369874,massiv,3.3773217154856194
-28.88941313832689,5.5729860833202745,0.5859721296882913,0.40815460140299886,-0.2321365907369874,un+klar massiv,3.3773217154856194
-28.339848962839326,5.148632636074385,0.6593217299343879,0.7526932574676872,-0.29037790886290143,massiv schaden,4.060157690567106
-28.844227655052933,5.53495237772519,0.5709465499388908,0.4773601670983627,-0.2414820511793465,schaden aus+fall+en,3.434896616319689
-29.10006571133182,5.721278699997672,0.506878173300122,0.3216604354072817,-0.2098418428916061,Regierung,3.1221543451559164
-29.10006571133182,5.721278699997672,0.506878173300122,0.3216604354072817,-0.2098418428916061,der regierung,3.1221543451559164
-29.211596766804874,5.79952906478953,0.4831064267085811,0.23284493160856976,-0.19225484076879126,regierung insel,2.98718359786122
-29.624552835335393,6.07014429051307,0.267311872823918,0.055389021617455535,-0.1363710798331326,insel katastrophe+n+gebiet,2.496162989403107
-29.63076451068142,6.067922286040367,0.3022971435781814,-0.022611634775281428,-0.12556807556071706,planen,2.4916734226977617
-29.63076451068142,6.067922286040367,0.3022971435781814,-0.022611634775281428,-0.12556807556071706,der plan+en,2.4916734226977617
-29.625647510399283,6.062743972973515,0.3142387708472638,-0.0378724836771189,-0.12396131752641065,Hilfstransporte,2.4985969623287705
-29.625647510399283,6.062743972973515,0.3142387708472638,-0.0378724836771189,-0.12396131752641065,plan+en hilfstransport+e,2.4985969623287705
-29.078779925699738,5.697299095261258,0.6467172195447611,0.08210488829358012,-0.1814916271663388,29.10.2025,3.1521055611176427
-29.078779925699738,5.697299095261258,0.6467172195447611,0.08210488829358012,-0.1814916271663388,stand 29.10.2025,3.1521055611176427
-29.53131991366556,5.980526796487078,0.4377758973651638,-0.1374064053780145,-0.1175579369770563,02:10,2.620127533709173
-29.53131991366556,5.980526796487078,0.4377758973651638,-0.1374064053780145,-0.1175579369770563,29.10.2025 02:10,2.620127533709173
-29.48140267336739,5.938400712923634,0.48762873529116224,-0.16379608593093975,-0.11725034072997303,02:10 uhr,2.6838020521390726
-29.41706555301001,5.882005056230914,0.5490411095725369,-0.1971250356022941,-0.11634200209011561,uhr als,2.7668323089884614
-29.655106569366467,6.090559694725076,0.22663474882479157,0.08290672195284704,-0.13669121126324407,Katastropheng…,2.459645414967392
-29.655106569366467,6.090559694725076,0.22663474882479157,0.08290672195284704,-0.13669121126324407,insel katastropheng…,2.459645414967392
-29.684815954004424,6.108670972138205,0.21118547902252596,0.06351650185567098,-0.13125219022875836,katastropheng… +5066,2.424942723102472
-29.693843076623118,6.114127561529519,0.20619282201021746,0.05799677340345753,-0.1296243939800052,+5066 chars,2.4144196067965322
-29.50395320351319,5.9624899708368435,0.4560617780897735,-0.131433634200702,-0.12068432455966066,verwüstet,2.6527159665133047
-29.50395320351319,5.9624899708368435,0.4560617780897735,-0.131433634200702,-0.12068432455966066,melissa verwüst+et,2.6527159665133047
-29.549536413534984,6.003894314931474,0.3992318065468113,-0.0854028429445561,-0.12397798828535975,verwüst+et jamaika,2.593221152479283
-29.576819390203795,6.029244160810469,0.35725551593121135,-0.043752774854475276,-0.12763003029190959,jamaika erreich+t,2.5573487532238524
-29.58657163953994,6.039295712736641,0.3357722366290959,-0.016468314586789046,-0.1305440022758344,erreich+t kuba,2.5440703049561364
-29.589066402952056,6.042567860630829,0.3263334489453247,-0.0017891145140864553,-0.1323099729223442,kuba wirbel+sturm,2.5403510471473165
-29.326416149408207,5.8765955083628025,0.44343592536742527,0.1589561237070719,-0.17500985726468282,wirbel+sturm kategorie,2.8498286704299396
-29.314339778290154,5.869002753317031,0.4339786020157438,0.19252180425344517,-0.17996002424764687,kategorie hinterlass+st,2.8640354280460443
-29.549536413534984,6.003894314931474,0.3992318065468113,-0.0854028429445561,-0.12397798828535975,hinterlass+st jamaika,2.593221152479283
-29.419956522071498,5.935953870162498,0.314080579253263,0.26825130583790036,-0.17972357375118317,jamaika schwer+e,2.739465283094603
-29.445935003817624,5.952897916196668,0.29639092902183906,0.26442918589023706,-0.17704110825252176,Abschwächung,2.708611081699263
-29.58316251119192,6.045405332955923,0.2515106821772475,0.14904811492021883,-0.15166496001636964,Landfall,2.544271102368623
-29.58316251119192,6.045405332955923,0.2515106821772475,0.14904811492021883,-0.15166496001636964,abschwächung land+fall,2.544271102368623
-29.62820137306643,6.074024808751025,0.2333479396738846,0.11311763685759145,-0.14302769311430588,land+fall kuba,2.4911311125849256
-29.657083007308117,6.092012707846153,0.21801220169540939,0.09574661451020014,-0.1380260687282275,sieben,2.4572204286778794
-29.657083007308117,6.092012707846153,0.21801220169540939,0.09574661451020014,-0.1380260687282275,mindestens sieben,2.4572204286778794
-29.644741653953048,6.084401868379924,0.21884369947209137,0.11380770694882049,-0.1414265656724603,sieben tod+es+opfer,2.4716740973364573
-27.16101532071196,4.394691999356116,1.2416633152207714,0.5571223909739071,-0.3138962865441895,Karibik,5.453449243114503
-29.58995753714079,6.048790260286742,0.2276811363769106,0.18181929674776837,-0.1546747551214322,tod+es+opfer karibik,2.5366737605663374
-29.20249706410248,5.758190746908838,0.31164456998810725,0.5314903265171389,-0.221483586767817,noch schaden,3.014147770667287
-29.54119240456323,6.014265435623065,0.22969854825598063,0.24913553771255587,-0.1666208020382285,vollständig,2.595824872753303
-29.54119240456323,6.014265435623065,0.22969854825598063,0.24913553771255587,-0.1666208020382285,schaden vollständig,2.595824872753303
-29.616159921498312,6.065167179961318,0.20665878884572148,0.17999349499323314,-0.15183856712713092,abschätzbar,2.505879771241669
-29.616159921498312,6.065167179961318,0.20665878884572148,0.17999349499323314,-0.15183856712713092,vollständig ab+schätz+bar,2.505879771241669
-29.671005459226983,6.100538465452056,0.18734859335230267,0.12975914511495795,-0.1405292575451335,ab+schätz+bar melissa,2.4409321163201856
-29.7007229237872,6.119025354761848,0.17556527243884645,0.10346536500068909,-0.13431587147638802,melissa karibik,2.4060515363707555
-29.712900644192366,6.1264684138118355,0.17038483317399183,0.0930332697307645,-0.13177118352661285,karibik an+ge+richt+et,2.3918186955487055
-29.733575265052004,6.138939377330175,0.16103053581928953,0.0759500231589837,-0.12747467264075252,an+ge+richt+et symbol+bild,2.367730645271446
-29.746991401694064,6.1469284287867225,0.15453355643745934,0.06538296116248163,-0.12471499502210792,symbol+bild bild,2.3521468064496425
-29.752024187001837,6.149905914302655,0.15200072677778498,0.06154145601003518,-0.12368779230886201,Felix,2.346309731795664
-29.752024187001837,6.149905914302655,0.15200072677778498,0.06154145601003518,-0.12368779230886201,bild felix,2.346309731795664
-29.756705978057738,6.152666732763236,0.14959506968865421,0.05803294570468035,-0.12273683709631636,Mizioznikov/Shutterstock.com,2.3408838583342453
-29.756705978057738,6.152666732763236,0.14959506968865421,0.05803294570468035,-0.12273683709631636,felix mizioznikov/shutterstock.com,2.3408838583342453
-29.776663094212484,6.164345389502342,0.13876984302475562,0.04384997818097324,-0.11874229166971464,mizioznikov/shutterstock.com wirbel+sturm,2.317795958004643
-29.79870415673205,6.177096882451813,0.12564168375834242,0.02983151147716836,-0.11446771599161432,+4300,2.292364032631281
-29.79870415673205,6.177096882451813,0.12564168375834242,0.02983151147716836,-0.11446771599161432,hinterlass+st +4300,2.292364032631281
-29.80096377666927,6.178396668770462,0.12422134627599565,0.02850147893122021,-0.1140389243373672,+4300 chars,2.28976019022897
-29.020613916005953,5.6673372881088575,0.5541926707632565,0.3264500194253123,-0.21555419413043286,melissa mindestens,3.2174897898666197
-28.659040144707397,5.3810363636725125,0.564267520557938,0.6516163936860769,-0.266602702739583,mindestens tot+e,3.6699835318785032
-28.68127813002627,5.390042179698737,0.5372736775022334,0.674248883256848,-0.26696402449018847,Überflutungen,3.6460853008183625
-28.68127813002627,5.390042179698737,0.5372736775022334,0.674248883256848,-0.26696402449018847,tot+e überflutung+en,3.6460853008183625
-25.69750196097109,3.4290321785209414,1.4794432290787605,0.8436736917655872,-0.37477207773420634,Haiti,7.1966779903713896
-29.101469216853452,5.718713719151431,0.4790858422558853,0.3682273742390806,-0.21455494754764673,überflutung+en haiti,3.122072372340307
-29.12821273948126,5.740483300304797,0.4914709418374732,0.3167516009998839,-0.2074008952233332,haiti nach,3.0883373685325317
-23.65624851905348,3.0038383995460265,0.24291986919354375,0.11286992034679616,-0.04563921264785492,nach jamaika,9.206046319027555
-21.972893339027898,2.0574557272227416,0.5907551026953033,0.20574287264802846,-0.10295011738560284,jamaika kuba,11.135913048238425
-27.848518916316667,4.7848512160328,1.243028599481158,0.03554095087027957,-0.21903960337738068,kuba hurrikan,4.663685447426072
-28.44364728002416,5.266390281259839,0.7927760670615807,0.46036296164372975,-0.26060597176815986,melissa haiti,3.9140081274113996
-27.26019609365162,4.4514432074695405,1.1244752776727711,0.7031853719363039,-0.3265769642321045,haiti schwer+e,5.33926033533742
-27.978355461411905,4.908128655037518,0.8069116657308453,0.7754017363968142,-0.3080104593289134,Zerstörungen,4.491662088988203
-27.978355461411905,4.908128655037518,0.8069116657308453,0.7754017363968142,-0.3080104593289134,schwer+e zerstörung+en,4.491662088988203
-28.635172797671988,5.393726688737599,0.6803523797920751,0.4869194852361184,-0.25398252147795713,zerstörung+en ge+sorg+t,3.6854213067412953
-28.75110466346073,5.474669483361982,0.6336548098902203,0.46045174260825894,-0.24522822319467885,dort sterb+en,3.5452938475303064
-28.87390256718524,5.561787099324415,0.5902069968085275,0.4163464937084574,-0.23387648735510808,sterb+en heftig+e,3.3962378374519417
-26.31450473654136,4.366692492723931,0.2247150977912281,0.20076352064026395,-0.0820844382945747,heftig+e überschwemmung+en,6.2187835792209665
-29.014560978273085,5.660558323671255,0.5337785498725848,0.3686024355237945,-0.22037792591368066,überschwemmung+en mindestens,3.225967329188536
-29.554717103501815,6.027183369922144,0.2697290765525521,0.1584327903826005,-0.15547794829028033,Inzwischen,2.577902668557754
-29.560829930668852,6.031258302095028,0.27523826400380524,0.1392742685759964,-0.15268525188686483,inzwischen zieh+t,2.5706057921033727
-29.56424963327757,6.033381844389874,0.2816441359236037,0.12233389076451097,-0.15036717922902776,zieh+t wirbel+sturm,2.5665963835029766
-29.559241173171973,6.029384759967441,0.3029626150349966,0.09016444092181575,-0.14694404972647523,wirbel+sturm richtung,2.572885697779779
-11.875683487857827,-3.0792387268458654,0.35494369287846045,-0.020704499753238778,0.05584691245036374,Bahamas,22.464471984458346
-29.54734356011644,6.0213125294535885,0.3164920138500097,0.08278306335659812,-0.1471274836803572,richtung bahamas,2.587161058273053
-29.49055185927179,5.98180619582762,0.37631844219675525,0.05408992098545386,-0.1484871735608052,20:13,2.655747672892435
-29.49055185927179,5.98180619582762,0.37631844219675525,0.05408992098545386,-0.1484871735608052,29.10.2025 20:13,2.655747672892435
-29.470708123655694,5.967622147542123,0.39625949023981033,0.04498529427192253,-0.14896092522585583,20:13 uhr,2.679886556992881
-29.45066059545286,5.953088798585787,0.4160964841621523,0.03590943326758149,-0.1493960709622384,uhr nach,2.7043665723053723
-29.626383943384557,6.072763172640421,0.24163012887946234,0.1006670107868862,-0.14173447924559515,Inzwi…,2.4933270166988235
-29.636640672980352,6.079193758091713,0.23471639618342166,0.09731409853612702,-0.1403017712734324,+4555,2.4812642968900134
-29.636640672980352,6.079193758091713,0.23471639618342166,0.09731409853612702,-0.1403017712734324,inzwi… +4555,2.4812642968900134
-29.643705887136665,6.083611606486693,0.22988532813211862,0.09507295452926753,-0.13931719503277476,+4555 chars,2.4729604288484572
-27.89907213388249,4.8626028023032974,0.9917735672812804,-0.3810950382146284,0.279227330885289,Gefährlicher,4.583149601639217
-27.4685656544938,4.51906870890834,1.1517732310933038,-0.4334056801842254,0.2825031224759362,gefährlich+er wirbel+sturm,5.123203938899742
-26.404479262117935,3.6258760093612796,1.5144527387676117,-0.5362182076540946,0.21909010189926256,wirbel+sturm hurrikan,6.478250218518201
-21.57713054934466,1.9153411751057643,0.2455762154955516,-0.1989400345213219,0.09900536583429397,melissa erreich+t,11.552857120742582
-22.238051393455855,2.2545324682164845,0.2456997352726566,-0.20587321981160694,0.10312855125131033,erreich+t bahamas,10.809981353303954
-29.74743388233603,6.090527457691698,0.22002323482582092,-0.3726284178505116,0.08143534939307409,bahamas hier,2.3776470767173596
-29.713508161934122,6.05989894033272,0.26061460118020097,-0.39794762508362047,0.08239097132805734,thema gefährlich+er,2.421839400779921
-29.317391522504856,5.665785116424788,0.6314864178572878,-0.6116645985886016,0.09635417049082493,sie hurrikan,2.954525095284057
-26.39396411534306,4.380449789941612,0.27182646224356305,-0.2691682006025506,0.08382417284360863,Inselgruppe,6.141918669184041
-26.39396411534306,4.380449789941612,0.27182646224356305,-0.2691682006025506,0.08382417284360863,melissa insel+gruppe,6.141918669184041
-26.591541742627946,4.497009834289492,0.2139071961967096,-0.23386055441652748,0.0835383053965674,insel+gruppe bahamas,5.912888454768323
-26.66537723028891,4.539380649094438,0.19421330527566846,-0.22194375474232236,0.083605339562951,bahamas erreich+t,5.8278434683098315
-22.11091816136537,2.2171033627168057,0.06437483302744625,-0.11587610901509329,0.06003308668201136,Den,10.940120920380476
-26.77300369423594,4.600093452665565,0.16775697771427892,-0.20610867712203118,0.08387340835972466,der insel+n,5.704358300059539
-26.83845474423294,4.636469078548549,0.15301584891330136,-0.19741700353305283,0.08413244821608742,insel+n atlantik,5.629513238803108
-26.891538604410833,4.665703685301268,0.14180064198530154,-0.19089154413780013,0.08439373386110842,südöstlich,5.5689331347184226
-26.891538604410833,4.665703685301268,0.14180064198530154,-0.19089154413780013,0.08439373386110842,atlantik südöstlich,5.5689331347184226
-26.970720232645444,4.708917598552564,0.126257034407523,-0.1820078114020399,0.08486501723794099,US-Bundesstaates,5.478750227283971
-26.970720232645444,4.708917598552564,0.126257034407523,-0.1820078114020399,0.08486501723794099,südöstlich us+-+bund+es+staat+es,5.478750227283971
-27.049833073849015,4.751687122813387,0.11205582058767491,-0.17409813616723718,0.08542862955295978,Florida,5.388832219387559
-27.049833073849015,4.751687122813387,0.11205582058767491,-0.17409813616723718,0.08542862955295978,us+-+bund+es+staat+es florida,5.388832219387559
-27.08398396141186,4.770040453737018,0.1063066257627866,-0.17096459620976182,0.08569929708393403,florida droh+en,5.350067073572536
-27.112497634655323,4.785318970525658,0.10167171045416985,-0.16847137382133387,0.085937534161921,zerstörerische,5.3177215686491826
-27.112497634655323,4.785318970525658,0.10167171045416985,-0.16847137382133387,0.085937534161921,droh+en zerstörerisch+e,5.3177215686491826
-16.299310511003398,-0.7684094243961539,0.017100945708803487,0.0058047814391459715,0.05614878368117692,zerstörerisch+e wind+e,17.47370293199637
-27.195052626758557,4.829346410794155,0.08904259854559929,-0.16184783219781224,0.08668833488829204,sintflutartige,5.224167805419331
-27.195052626758557,4.829346410794155,0.08904259854559929,-0.16184783219781224,0.08668833488829204,wind+e sintflut+artig+e,5.224167805419331
-26.615153443496858,4.481166439417082,0.2522800837360339,-0.3073909255759307,0.20934714296036266,sintflut+artig+e regen+fall+e,5.899156383977373
-29.874532763664142,6.195346342658276,0.05042433142932121,-0.2629048057656743,0.07861145087203741,gefährliche…,2.2166289359416154
-29.874532763664142,6.195346342658276,0.05042433142932121,-0.2629048057656743,0.07861145087203741,regen+fall+e gefährliche…,2.2166289359416154
-29.878461715748706,6.198271698416329,0.044691922483542805,-0.2590881348103751,0.07854809874906712,+1369,2.2117955657385147
-29.878461715748706,6.198271698416329,0.044691922483542805,-0.2590881348103751,0.07854809874906712,gefährliche… +1369,2.2117955657385147
-29.880029808749104,6.199432974123356,0.04239515822295802,-0.25755700248910096,0.07852329031265023,+1369 char+s,2.209869378133652
-29.29863087639246,5.742665203800728,0.4154418627358957,-0.5525406962373619,0.2940376383728237,Sintflutartige,2.9359501306509452
-29.45395340860341,5.854677010568391,0.3924366276877372,-0.5115048304254954,0.19782130156455244,bahamas sintflut+artig+e,2.746576347665466
-29.400915241949384,5.837134872518566,0.32402487620586257,-0.4985811599567824,0.2909767117524518,regen+fall+e stark+e,2.801743869137039
-29.429866837746964,5.863215168276893,0.29626980026933303,-0.4818158598078405,0.29016101117500775,wind+e wegen,2.764058421211743
-29.44680461283686,5.878305422629616,0.27961165304986546,-0.4716687003008786,0.28969665181534343,Wirbelsturms,2.742087743957933
-29.44680461283686,5.878305422629616,0.27961165304986546,-0.4716687003008786,0.28969665181534343,wegen wirbel+sturm+s,2.742087743957933
-29.474344388416547,5.902547134843844,0.25183326008445023,-0.45460684103366844,0.28896415014777904,1.500,2.706499354757188
-29.474344388416547,5.902547134843844,0.25183326008445023,-0.45460684103366844,0.28896415014777904,wirbel+sturm+s 1.500,2.706499354757188
-29.47644972640852,5.9043843300795205,0.2496733197516569,-0.45327282247205414,0.288909377728434,1.500 mensch+en,2.703786051221439
-25.894691502995457,4.15697246623078,0.11678355305570715,-0.1625423644966101,0.10738044427092422,Ministerpräsident,6.688072662878454
-26.04286370063003,4.232836122718921,0.11623433589467397,-0.16555793418213513,0.10952409736217174,Davis,6.521609426434435
-26.04286370063003,4.232836122718921,0.11623433589467397,-0.16555793418213513,0.10952409736217174,minister+präsident davi+s,6.521609426434435
-29.4614769989267,5.891268113604733,0.2649211033577959,-0.46266746270048464,0.2893027678455315,betont,2.723105595540515
-29.4614769989267,5.891268113604733,0.2649211033577959,-0.46266746270048464,0.2893027678455315,davi+s beton+t,2.723105595540515
-29.452725112296754,5.8835486522105045,0.2737133293138304,-0.4680605772903599,0.28953674883515845,beton+t was,2.7344224271206605
-26.29621603256913,4.361669418266685,0.14015328050352338,-0.1748918220215123,0.07785006216015722,was immer,6.237391761605793
-26.30739412692678,4.36504083290659,0.15306075027583044,-0.1842927383974113,0.07836354280797451,geschieht,6.225913018454577
-26.30739412692678,4.36504083290659,0.15306075027583044,-0.1842927383974113,0.07836354280797451,immer gescheh+t,6.225913018454577
-26.261911120739292,4.3235479357720354,0.2343890436821978,-0.24024323076624005,0.08086631044667161,wiederaufbauen,6.28536206594733
-29.879514289243275,6.199051595389101,0.04315079383194746,-0.25806086709149473,0.07853141605670944,gescheh+t wiederauf+bau+en,2.2105024414415193
-29.894407697610234,6.209909570393608,0.021096781080080618,-0.24330604173412573,0.07830881919978461,hin+zu+füg+en sintflut+artig+e,2.1922864600455836
-29.912312081548325,6.222504820531368,-0.0060409751738053396,-0.22501180599549558,0.07807597865103102,imm…,2.170597361959511
-29.912312081548325,6.222504820531368,-0.0060409751738053396,-0.22501180599549558,0.07807597865103102,was imm…,2.170597361959511
-29.912871874902116,6.222890210950116,-0.006900676129690584,-0.22442978819794962,0.07806933692201404,+1571,2.1699230859436067
-29.912871874902116,6.222890210950116,-0.006900676129690584,-0.22442978819794962,0.07806933692201404,imm… +1571,2.1699230859436067
-29.913420412939608,6.223267346038539,-0.007743758966974628,-0.22385887413805183,0.07806286717459426,+1571 chars,2.169262598942505
-28.364035512645486,5.185652086028576,1.0025619710847193,0.12064611389604182,-0.21934222457973648,wütet,4.021823729513924
-28.364035512645486,5.185652086028576,1.0025619710847193,0.12064611389604182,-0.21934222457973648,melissa wüt+et,4.021823729513924
-28.381475645094504,5.220856589948502,0.9261132807268322,0.2673383954087018,-0.24018786466140557,wüt+et karibik,3.9901686252160804
-28.25712894404303,5.140294599902742,0.9055078658084471,0.4146814542853429,-0.2634623560086017,karibik mehr,4.137578744353218
-27.46256792875624,4.55889685488297,0.9662361759753825,0.8390801638027083,-0.33145842724074426,mehr tot+e,5.110117515306112
-28.215007692853554,5.10506113080144,0.8540153457955517,0.5378352383267186,-0.2783105663031877,tot+e mehrere+n,4.19113646477131
-27.419179182369884,4.567333510110054,1.197837240936643,0.479329668827545,-0.2979969307233597,Karibikstaaten,5.144895052043068
-28.346481957325615,5.201702679253721,0.8613391381869497,0.42081890919033377,-0.2605456997258404,mehrere+n karibik+staat+en,4.03002019442694
-28.575600391461943,5.360635987259492,0.7994228100889005,0.3314454172153024,-0.24015735023664436,karibik+staat+en komm+en,3.7535654224151003
-28.643708341661977,5.4076342520535094,0.7776682214577025,0.30714402532747803,-0.2340457840885211,komm+en mensch+en,3.671498540136545
-27.593697554503862,4.685278540308158,1.1498636713681263,0.4543685460013487,-0.2901869618046614,Brücken,4.93573967138663
-27.868364270165053,4.8653155075920616,1.1143048347203213,0.322881325675169,-0.2650368038926213,haus+er brücke+n,4.6091374403674665
-27.80344362206358,4.814832656727123,1.1567128342684312,0.28531699966312124,-0.26152075051946816,Bananenplantagen,4.689978172660147
-27.80344362206358,4.814832656727123,1.1567128342684312,0.28531699966312124,-0.26152075051946816,brücke+n banane+n+plantage+n,4.689978172660147
-28.7833633232391,5.501534804482427,0.7487559826658218,0.22061894089670483,-0.21633929285547684,zerstört,3.5043585575611145
-28.7833633232391,5.501534804482427,0.7487559826658218,0.22061894089670483,-0.21633929285547684,banane+n+plantage+n zerstör+t,3.5043585575611145
-28.098905691830993,5.029789215398125,0.9992264670369384,0.3677324093873815,-0.2636302822125048,nun zieh+t,4.3288553339954525
-28.46121498309778,5.277763065590123,0.8855882264220879,0.2736983515407382,-0.23786266616430135,zieh+t sturm,3.893218045563927
-28.46695171905386,5.279445318960537,0.896413201559205,0.24665723685545735,-0.23401555128845802,sturm bahamas,3.887352903324312
-28.64876660185306,5.404115751677014,0.8294331246569125,0.20108646046205833,-0.22007753969198848,US-Präsident,3.6686335681316846
-28.60669352523677,5.370298564675301,0.864959879732184,0.17154892048979947,-0.21776011812292875,us+-+präsident trump,3.721529375479224
-28.57771951731784,5.347143963401111,0.8865834774910791,0.15611880592911584,-0.2167324632874283,trump kündig+t,3.7578942707897074
-28.524621676548445,5.3046507141304,0.9233257594648101,0.13220922881240083,-0.21528423664670057,Hilfen,3.824563316973798
-28.524621676548445,5.3046507141304,0.9233257594648101,0.13220922881240083,-0.21528423664670057,kündig+t hilfe+n,3.824563316973798
-28.65041239434997,5.362206939935344,0.9260615493916923,-0.01582188286327857,-0.18654261392838137,hilfe+n region,3.686405378290143
-28.9712986431321,5.6213756980833045,0.7068197715567396,0.09117772538331809,-0.18882281650347021,melissa karibik+staat+en,3.2824255085070764
-28.99533780277833,5.64816208543532,0.6492269665297188,0.17878282402503853,-0.19950327072759838,karibik+staat+en jamaika,3.248770385983901
-27.83276227241775,4.848008579341521,1.0272758111345575,0.5150519346164968,-0.290025888858861,kuba haiti,4.648676354068173
-28.845051856936966,5.544654668791555,0.6240188825110049,0.38680160621269016,-0.2325391284032135,haiti verheerend+e,3.4297379185397006
-28.28694645666151,5.117009386987174,0.6916413876045394,0.7420161665354612,-0.29217868506137545,verheerend+e schaden,4.121672246890217
-29.080974120424916,5.709081580008629,0.5267391537494228,0.30813488507205494,-0.2096594027358408,an+ge+richt+et zieh+t,3.1447153311983396
-29.18032645624302,5.778065675288056,0.4926368133950223,0.25357641809962367,-0.19683688272847544,zieh+t atlantik,3.024808633341512
-29.268387509034746,5.838054390298271,0.45755150155925695,0.2085079615762388,-0.18530004095115185,Inselkette,2.9190575963623093
-29.268387509034746,5.838054390298271,0.45755150155925695,0.2085079615762388,-0.18530004095115185,atlantik insel+kette,2.9190575963623093
-29.320388552856038,5.873009502349653,0.434431528306195,0.18373967856692863,-0.17845690828845837,insel+kette bahamas,2.8568247508564095
-29.343314471208856,5.888315852438906,0.42364591032699295,0.17328837300612565,-0.17543630212354225,bahamas hinweg,2.829435629877616
-29.406857851565924,5.930413640160282,0.3918335606936715,0.14580853914648978,-0.16704840563170567,infolge,2.75367089257633
-29.406857851565924,5.930413640160282,0.3918335606936715,0.14580853914648978,-0.16704840563170567,karibik infolge,2.75367089257633
-29.740099501151164,6.141503410540976,0.18179213979345318,0.026080864215554528,-0.12067916970037315,+5084,2.3607658724499094
-29.740099501151164,6.141503410540976,0.18179213979345318,0.026080864215554528,-0.12067916970037315,infolge +5084,2.3607658724499094
-29.74476586519104,6.1442818840048545,0.17857601029262035,0.024154585854229617,-0.11992333762767052,+5084 char+s,2.3553453249313816
-26.417813930961042,4.4120086868058195,0.212554232196531,-0.21348412692122548,0.04205950500813814,gescheh+t wiederaufbau+en,6.1062554054240135
-17.044734759358235,-0.38397408992390947,-0.025227265308982588,0.005765405433838085,0.01942310391088362,gefährliche,16.63498776785696
-27.479277234805473,4.984897065787891,0.02938489993120856,-0.10898518932825796,0.04193566410100775,regen+fall+e gefährlich+e,4.900256545977439
-29.878461715748706,6.198271698416329,0.044691922483542805,-0.2590881348103751,0.07854809874906712,+1415,2.2117955657385147
-29.878461715748706,6.198271698416329,0.044691922483542805,-0.2590881348103751,0.07854809874906712,gefährlich+e +1415,2.2117955657385147
-29.880029808749104,6.199432974123356,0.04239515822295802,-0.25755700248910096,0.07852329031265023,+1415 chars,2.209869378133652
-29.881719904035446,6.217448203283622,0.11152589434684157,-0.09635000754178322,-0.08821483944510569,hinzu+füg+en mehrere+n,2.2001064148428693
-29.916383189718786,6.236783801854614,0.08109270187086635,-0.10443810424352976,-0.0827414452519908,+4586,2.160436602937387
-29.916875414158596,6.237121631150396,0.08033191505742368,-0.10392265054220759,-0.08274720386201027,+4586 chars,2.1598441912197677
-29.13842771270917,5.728885949712211,0.6431613150903606,0.01134467629165005,-0.16762832745480996,Jahrhundertsturm,3.084626358400959
-29.58142312234174,6.029418039900872,0.3632924951759912,-0.06368080052562676,-0.12437779777812488,jahr+hundert+sturm jahr+hundert+sturm,2.553180217960781
-29.09024715677995,5.609939724899384,0.785026354047465,-0.2619604095052378,-0.12314382457419562,jahr+hundert+sturm hurrikan,3.1819859639638404
-29.740099501151164,6.141503410540976,0.18179213979345318,0.026080864215554528,-0.12067916970037315,+4290,2.3607658724499094
-29.740099501151164,6.141503410540976,0.18179213979345318,0.026080864215554528,-0.12067916970037315,infolge +4290,2.3607658724499094
-29.74476586519104,6.1442818840048545,0.17857601029262035,0.024154585854229617,-0.11992333762767052,+4290 char+s,2.3553453249313816
-28.688817863567852,5.434005720877305,0.8020845978260831,0.21461225957203162,-0.2200942727375428,mehr mensch+en,3.619336771306151
-29.167109842758737,5.6372995644853,0.7655788866200803,-0.3358257495544653,-0.10492873581173642,sterb+en hurrikan,3.101139237292342
-29.127050394956363,5.711462294817689,0.6706463376483305,-0.03332782615801737,-0.16140841438875478,Zerstörte,3.1027290019938922
-29.52512945641377,5.977644816652785,0.43952925643587154,-0.13079262884886822,-0.11909333721564577,melissa zerstör+t+e,2.6269494849133688
-29.139368889380723,5.725700244955564,0.6518202379293155,-0.008712192456949042,-0.1645248885345486,zerstör+t+e haus+er,3.085252492278161
-28.3146592524286,5.0005681614269015,1.1619962596432278,-0.27064772719753954,-0.1466901047307816,banane+n+plantage+n hurrikan,4.150557637140039
-18.22792900475342,0.2160257337864362,0.10237528859907857,0.1846607592981281,-0.016530713603206872,schaden verursach+t,15.308359484273744
-29.671825609433945,6.092540751493758,0.2775843181155269,-0.04277881695815587,-0.11880958683079929,30.10.2025,2.443898996053391
-29.671825609433945,6.092540751493758,0.2775843181155269,-0.04277881695815587,-0.11880958683079929,stand 30.10.2025,2.443898996053391
-29.65166128780592,6.078632958095271,0.29759395599611344,-0.048360479528027994,-0.12001805771148671,04:25,2.4681957591774273
-29.65166128780592,6.078632958095271,0.29759395599611344,-0.048360479528027994,-0.12001805771148671,30.10.2025 04:25,2.4681957591774273
-29.638736224842262,6.06958253092624,0.3104234482640624,-0.0522200187093365,-0.12072277763880829,04:25 uhr,2.4838318669839903
-29.62661916192732,6.060999899072778,0.3224491008632439,-0.05603082503608171,-0.12133446049081167,uhr zerstör+t+e,2.498535404746292
-29.653773439658245,6.088730762667093,0.24348773637485516,0.053421492287766645,-0.1332096914410476,der…,2.461673863170092
-29.653773439658245,6.088730762667093,0.24348773637485516,0.053421492287766645,-0.1332096914410476,zieh+t der…,2.461673863170092
-29.665161219362815,6.095701956298536,0.2366064024988816,0.0478724637414981,-0.1313576601906738,+5458,2.448358462240014
-29.665161219362815,6.095701956298536,0.2366064024988816,0.0478724637414981,-0.1313576601906738,der… +5458,2.448358462240014
-29.675383682772775,6.10194206254882,0.23025994612935716,0.04309930740090864,-0.129709738534849,+5458 char+s,2.4364137059147444
-21.69703949091092,2.0132614544966234,-0.02833098755034736,0.020648370197221887,0.02412969833852867,Zerstörerische,11.401374103301924
-9.819612766445832,-4.106178112971714,-0.013681872992517233,0.05394408116965768,0.04262538012154767,wind+e sturm+flut,24.762533789152943
-18.464330221641994,0.34783907057505115,-0.01661304495247936,0.029565958199575287,0.031444025410633014,sturm+flut droh+en,15.037859349796882
-20.25326515572764,1.266110336198638,0.06709702609759571,-0.03921885397588959,0.027116670298320607,droh+en hurrikan,13.027029695539042
-23.985160901288168,3.191706615661018,-0.02078369206291673,-0.0028862213380389315,0.01633455477047214,1500,8.8276212770429
-23.985160901288168,3.191706615661018,-0.02078369206291673,-0.0028862213380389315,0.01633455477047214,bahamas 1500,8.8276212770429
-24.202486773444353,3.3036487130636396,-0.022811450432303704,-0.0035227982522917298,0.01545199135795708,1500 mensch+en,8.583159643909962
-24.834378536609606,3.6290033080830897,-0.022701020224923305,-0.010262192878158799,0.012597444648612077,evakuier+t nach,7.872427277984219
-25.285855219645704,3.8604363266964232,0.007559024898891268,-0.03749018012473625,0.010019194746090188,kuba treff+t,7.365096181117655
-23.45824193189224,2.9202690902757125,-0.015367366532098357,-0.0020335820658599416,0.018327952282399487,treff+t bahamas,9.420345216299223
-20.25326515572764,1.266110336198638,0.06709702609759571,-0.03921885397588959,0.027116670298320607,bahamas hurrikan,13.027029695539042
-26.162453035217396,4.310500388125369,0.023741104660482834,-0.06121606436183118,0.0046851789406783285,melissa deutlich,6.379718910103749
-26.27011513774635,4.366473052567121,0.013508393976278607,-0.05552004167787904,0.004057690160699762,abgeschwächt,6.258375631478605
-26.27011513774635,4.366473052567121,0.013508393976278607,-0.05552004167787904,0.004057690160699762,deutlich ab+ge+schwäch+t,6.258375631478605
-21.531497649913078,1.927809161001579,-0.008939198946344065,0.007672935478964221,0.02440840160446566,stellt,11.587673071543483
-26.61032093271016,4.542221641254492,-0.002379706161144449,-0.04965625163420882,0.0017956734959034756,davi+s stell+t,5.875454727180622
-26.64872684021821,4.561672476917447,0.0037525068566594145,-0.054762501965769414,0.0014453065535165385,klar,5.8324064315357855
-26.64872684021821,4.561672476917447,0.0037525068566594145,-0.054762501965769414,0.0014453065535165385,stell+t klar,5.8324064315357855
-26.683553445463364,4.57919742844058,0.010787104307380991,-0.06045856061306053,0.0011115511989346384,klar was,5.793422158585795
-27.693835547085758,5.100006588197149,-0.023556353976271246,-0.056567564062543915,-0.007579010823422248,+1780,4.656798215642177
-27.693835547085758,5.100006588197149,-0.023556353976271246,-0.056567564062543915,-0.007579010823422248,gefährlich+e +1780,4.656798215642177
-27.708061042488566,5.107343786409894,-0.024334437747728026,-0.056350902837509154,-0.007720877592455672,+1780 chars,4.6407919435690825
-29.603711735567124,6.046103893164404,0.18300713879315905,-0.24937874768367635,0.1492431229885823,PODCAST,2.525722939728109
-29.301334117920614,5.874935107142132,0.2666150229421163,-0.23178395293942772,0.2582853502881137,NZZ,2.8729049156274096
-29.301334117920614,5.874935107142132,0.2666150229421163,-0.23178395293942772,0.2582853502881137,podcast nzz,2.8729049156274096
-29.55728837114976,6.011401301379973,0.22127255181339228,-0.2777889722684974,0.16182734658369108,QUANTENSPRUNG,2.582890176952175
-29.28681230507063,5.864023602001548,0.27829515447225456,-0.2399319778154851,0.2607392275718502,nzz quantensprung,2.8908132577764776
-29.443345390353965,5.920316256873429,0.31925051379662855,-0.34536121750257576,0.1830708312014525,quantensprung der,2.7259108656298854
-29.392518831083105,5.877275444471289,0.36297453159096227,-0.37377518114515396,0.1894904595375378,stärkste,2.7908121732121853
-29.392518831083105,5.877275444471289,0.36297453159096227,-0.37377518114515396,0.1894904595375378,der stark+st+e,2.7908121732121853
-29.102266132018798,5.613498194472475,0.5906089423177885,-0.5101275717676567,0.21090758677408245,stark+st+e hurrikan,3.1696748487177304
-29.408719757811316,5.90202194631901,0.29996514355884524,-0.34614473114268385,0.22452185679889017,hurrikan jahr+es,2.765065085600986
-29.448587078472777,5.93880512027946,0.23749193016495362,-0.3115858746663766,0.23881935159479292,jahr+es zeig+t,2.7127679434360137
-29.472170766481764,5.962369357399911,0.16793369142892778,-0.27616580044093664,0.2687705813102021,zeig+t gut,2.6809983586932864
-29.47106037994874,5.964012219674149,0.13126534298284462,-0.25988104256300737,0.2943966416473616,gut sturm+e,2.6812258677201877
-29.45769177864534,5.95588507130286,0.09586783290454148,-0.24637293978035535,0.32813467970699595,sturm+e vorher+sag+en,2.6968247043005644
-29.093812811677825,5.660185939027041,-0.1098405216683116,-0.19964158982939753,0.6951687924092828,Warnungen,3.155670656920465
-29.093812811677825,5.660185939027041,-0.1098405216683116,-0.19964158982939753,0.6951687924092828,doch warnung+en,3.155670656920465
-18.733792765143065,0.4850498402277408,-0.01989740056029627,0.017749394493548846,0.09640844780315978,retten,14.735472383035404
-29.403877302803807,5.912707952354018,-0.013341969322739552,-0.20304616323418673,0.43675314099692775,warnung+en rett+en,2.764414667430676
-29.507790609527625,5.9892119718188574,0.01635374221290928,-0.1962687661080974,0.3393238181712568,rett+en leben,2.637012182956397
-29.568764059085872,6.031690509479299,0.02985261120934657,-0.18857407572874782,0.2813662141225197,leben mensch+en,2.563359874649568
-29.621943838000206,6.067331311940357,0.03767226242728593,-0.17886574152817628,0.23134460920204022,hören,2.4997660318387727
-29.621943838000206,6.067331311940357,0.03767226242728593,-0.17886574152817628,0.23134460920204022,mensch+en hör+en,2.4997660318387727
-29.3687843710978,5.929057059617706,0.12408417711627134,-0.15272479046851511,0.3043540808230895,Künstliche,2.7881321545527316
-29.63589414068251,6.076478150514254,0.038968131845785674,-0.17579185960526264,0.218400665660682,hör+en künstlich+e,2.4831765162342125
-29.393023729861625,5.944949605713384,0.12458933114335113,-0.14739461754737687,0.2854151831884909,Intelligenz,2.7593068298124575
-29.393023729861625,5.944949605713384,0.12458933114335113,-0.14739461754737687,0.2854151831884909,künstlich+e intelligenz,2.7593068298124575
-29.41509673487159,5.9592962190115735,0.12430407296338669,-0.14205839770537892,0.2683928765365695,versteht,2.733115091084634
-29.41509673487159,5.9592962190115735,0.12430407296338669,-0.14205839770537892,0.2683928765365695,intelligenz versteh+t,2.733115091084634
-29.446341325002816,5.979406846398977,0.12269689885577023,-0.13372571663809021,0.24465414323492732,versteh+t regen,2.69613046587319
-29.454000065901404,5.9843016788061565,0.12209218342559616,-0.1315459657681255,0.23889569127501353,regen immer,2.68708058155147
-29.47021287551923,5.994618510981853,0.12054604857523604,-0.12675684604998627,0.22677828943525324,Wolken,2.6679434413017096
-29.47021287551923,5.994618510981853,0.12054604857523604,-0.12675684604998627,0.22677828943525324,immer wolke+n,2.6679434413017096
-29.48548141492201,6.004278110428306,0.11876795270726201,-0.12203312849332995,0.21545055141044928,wolke+n boden,2.649946643164141
-29.491085449653408,6.007809616015425,0.1180390656124519,-0.12024828571695761,0.21131173700166123,boden fall+t,2.643347590722176
-29.4337864327348,5.971198481236207,0.1285343220250421,-0.13952600917039557,0.2508345876501607,der wirbel+sturm,2.711051204939996
-29.448976638079493,5.980954781072699,0.12664071280176892,-0.1349093998462782,0.23993655169229797,wirbel+sturm melissa,2.6930797200690466
-29.45864288437233,5.987135725045087,0.12533053119010623,-0.13189221709990065,0.23300861325192856,sagte,2.6816561678566915
-29.45864288437233,5.987135725045087,0.12533053119010623,-0.13189221709990065,0.23300861325192856,melissa sag+te,2.6816561678566915
-29.47343283879683,5.99655081984857,0.12316744286303599,-0.12715558734043086,0.2224180565898124,erstaunlich,2.664196694677402
-29.47343283879683,5.99655081984857,0.12316744286303599,-0.12715558734043086,0.2224180565898124,sag+te erstaunlich,2.664196694677402
-29.48423492958265,6.0033944786746085,0.12146657402674815,-0.12360389796474613,0.2146896867180432,erstaunlich genau,2.651459883026838
-29.489333275821924,6.006614741161979,0.12062835280998158,-0.1219004469522553,0.211043802058562,genau voraus,2.6454528700540783
-29.77970960389944,6.166487303650898,0.030383947565345522,-0.12978515967886495,0.09169980609481977,Podcast,2.314112305115262
-29.784961743111722,6.169634005815169,0.029286398796539242,-0.12759923838606596,0.0873200085637551,Quantensprung,2.3080022527922193
-29.790914885712702,6.173188402305281,0.027977978507245323,-0.12507931610246012,0.0823745095140744,quantensprung künstlich+e,2.3010823110307475
-29.832748591097005,6.1977814494613614,0.016925342767554356,-0.1061310545369186,0.048129493661724206,We…,2.252630403254349
-29.832748591097005,6.1977814494613614,0.016925342767554356,-0.1061310545369186,0.048129493661724206,wie we…,2.252630403254349
-29.83362595378457,6.1982897021263605,0.016660098739287338,-0.10571090794316843,0.04741968641185615,+4210,2.25161768114721
-29.83362595378457,6.1982897021263605,0.016660098739287338,-0.10571090794316843,0.04741968641185615,we… +4210,2.25161768114721
-29.834660072339425,6.19888834812235,0.016345772708266756,-0.10521452069062803,0.046583445068222505,+4210 char+s,2.2504242085180914
-29.77597860371448,6.152652071727365,0.02051096802038204,0.25518261688305965,-0.1416360541579531,Taifun,2.3237191327563735
-29.91961845502688,6.244784088375573,-0.024504161116788922,0.08688361587101659,-0.10570770332547441,Kalmaegi,2.1538596098216143
-29.91961845502688,6.244784088375573,-0.024504161116788922,0.08688361587101659,-0.10570770332547441,taifun kalmaegi,2.1538596098216143
-29.99707260423372,6.286120269555161,-0.05111133095379446,-0.013133127391949585,-0.08322717328829804,Tausende,2.066089979583385
-29.99707260423372,6.286120269555161,-0.05111133095379446,-0.013133127391949585,-0.08322717328829804,kalmaegi tausend+e,2.066089979583385
-29.846244163589915,6.199873609364451,-0.0008389856150310473,0.1755020711586337,-0.12492049184498513,tausend+e mensch+en,2.2396412121864717
-29.846244163589915,6.199873609364451,-0.0008389856150310473,0.1755020711586337,-0.12492049184498513,Philippinen,2.2396412121864717
-29.99707260423372,6.286120269555161,-0.05111133095379446,-0.013133127391949585,-0.08322717328829804,mensch+en philippinen,2.066089979583385
24.730951559734063,-21.90934711804627,0.00981816459198093,0.11323486585952146,0.048134654849799785,Sicherheit,63.630173194260024
-29.99707260423372,6.286120269555161,-0.05111133095379446,-0.013133127391949585,-0.08322717328829804,philippinen sicherheit,2.066089979583385
14.65971451966782,-16.719799516188036,0.0051143455796906784,0.1022331342071347,0.047846896285967125,sicherheit ge+bring+t,52.30051435975644
-29.99707260423372,6.286120269555161,-0.05111133095379446,-0.013133127391949585,-0.08322717328829804,ge+bring+t auf,2.066089979583385
-29.91961845502688,6.244784088375573,-0.024504161116788922,0.08688361587101659,-0.10570770332547441,auf philippinen,2.1538596098216143
-29.91961845502688,6.244784088375573,-0.024504161116788922,0.08688361587101659,-0.10570770332547441,tausende,2.1538596098216143
-29.91961845502688,6.244784088375573,-0.024504161116788922,0.08688361587101659,-0.10570770332547441,philippinen tausend+e,2.1538596098216143
-29.91961845502688,6.244784088375573,-0.024504161116788922,0.08688361587101659,-0.10570770332547441,herannahenden,2.1538596098216143
-29.91961845502688,6.244784088375573,-0.024504161116788922,0.08688361587101659,-0.10570770332547441,mensch+en herannahend+en,2.1538596098216143
-29.91961845502688,6.244784088375573,-0.024504161116788922,0.08688361587101659,-0.10570770332547441,herannahend+en taifun,2.1538596098216143
-29.91961845502688,6.244784088375573,-0.024504161116788922,0.08688361587101659,-0.10570770332547441,taifun sicherheit,2.1538596098216143
-8.142763684331968,-4.970484983983219,-0.005739937398117268,0.0819346446685732,0.037983991951368506,ge+bring+t werd+en,26.649020486536436
-29.91961845502688,6.244784088375573,-0.024504161116788922,0.08688361587101659,-0.10570770332547441,wie wetter+dienst,2.1538596098216143
-29.91961845502688,6.244784088375573,-0.024504161116788922,0.08688361587101659,-0.10570770332547441,Inselstaats,2.1538596098216143
-29.91961845502688,6.244784088375573,-0.024504161116788922,0.08688361587101659,-0.10570770332547441,wetter+dienst insel+staat+s,2.1538596098216143
-29.99707260423372,6.286120269555161,-0.05111133095379446,-0.013133127391949585,-0.08322717328829804,insel+staat+s mit+teil+te,2.066089979583385
-29.99707260423372,6.286120269555161,-0.05111133095379446,-0.013133127391949585,-0.08322717328829804,steuerte,2.066089979583385
-29.99707260423372,6.286120269555161,-0.05111133095379446,-0.013133127391949585,-0.08322717328829804,mit+teil+te steuer+te,2.066089979583385
-29.99707260423372,6.286120269555161,-0.05111133095379446,-0.013133127391949585,-0.08322717328829804,steuer+te taifun,2.066089979583385
-29.99707260423372,6.286120269555161,-0.05111133095379446,-0.013133127391949585,-0.08322717328829804,kalmaegi montag,2.066089979583385
-29.99707260423372,6.286120269555161,-0.05111133095379446,-0.013133127391949585,-0.08322717328829804,montag wind+geschwindigkeit+en,2.066089979583385
-26.014860480540406,4.23786371300019,-0.029570175277248582,0.03254270205189924,-0.004847153322702618,Stundenkilometern,6.544170915141975
-29.99707260423372,6.286120269555161,-0.05111133095379446,-0.013133127391949585,-0.08322717328829804,120 stunde+n+kilo+meter+n,2.066089979583385
-29.99707260423372,6.286120269555161,-0.05111133095379446,-0.013133127391949585,-0.08322717328829804,stunde+n+kilo+meter+n böe+n,2.066089979583385
-29.99707260423372,6.286120269555161,-0.05111133095379446,-0.013133127391949585,-0.08322717328829804,böe+n kopier+e,2.066089979583385
-29.99707260423372,6.286120269555161,-0.05111133095379446,-0.013133127391949585,-0.08322717328829804,hin+zu+füg+en auf,2.066089979583385
-29.99707260423372,6.286120269555161,-0.05111133095379446,-0.013133127391949585,-0.08322717328829804,mit…,2.066089979583385
-29.99707260423372,6.286120269555161,-0.05111133095379446,-0.013133127391949585,-0.08322717328829804,insel+staat+s mit…,2.066089979583385
-29.99707260423372,6.286120269555161,-0.05111133095379446,-0.013133127391949585,-0.08322717328829804,+1348,2.066089979583385
-29.99707260423372,6.286120269555161,-0.05111133095379446,-0.013133127391949585,-0.08322717328829804,mit… +1348,2.066089979583385
-29.99707260423372,6.286120269555161,-0.05111133095379446,-0.013133127391949585,-0.08322717328829804,+1348 chars,2.066089979583385
-18.58932129594688,0.4120438778044697,-0.037587236499791774,0.025118664861883102,0.015759180896755338,Elementarschutzversicherung,14.897344363663468
-9.819612766445832,-4.106178112971714,-0.013681872992517233,0.05394408116965768,0.04262538012154767,elementarschutzversicherung sturm+flut+en,24.762533789152943
-20.40243860848691,1.3463380636978597,-0.02583378488591835,0.026651202821246528,0.027440383631827568,Schutz,12.857661857890735
-20.40243860848691,1.3463380636978597,-0.02583378488591835,0.026651202821246528,0.027440383631827568,sturm+flut+en schutz,12.857661857890735
-21.69703949091092,2.0132614544966234,-0.02833098755034736,0.020648370197221887,0.02412969833852867,schutz der,11.401374103301924
-22.165660554973698,2.2546629786048653,-0.02934054791005047,0.01819132746326222,0.022777151409393542,Lücke,10.87423107544191
-22.165660554973698,2.2546629786048653,-0.02934054791005047,0.01819132746326222,0.022777151409393542,der lücke,10.87423107544191
-13.481748384840497,-2.2192973199451593,-0.016830497052132472,0.0472422836583572,0.03887439915456947,Versicherungskonzept,20.642880572922124
-21.124670564676897,1.7184066725695137,-0.027178157262090417,0.023433124407929898,0.02566441246413879,lücke versicherung+s+konzept,12.045225532763087
-9.819612766445832,-4.106178112971714,-0.013681872992517233,0.05394408116965768,0.04262538012154767,versicherung+s+konzept sturm+flut+en,24.762533789152943
-21.124670564676897,1.7184066725695137,-0.027178157262090417,0.023433124407929898,0.02566441246413879,sturm+flut+en versicherung+s+konzept,12.045225532763087
-23.44425244978717,2.913258852889454,-0.03245979270373189,0.010496776217105333,0.018550302124299648,GDV,9.435988947904022
-23.44425244978717,2.913258852889454,-0.03245979270373189,0.010496776217105333,0.018550302124299648,versicherung+s+konzept gdv,9.435988947904022
-23.972345751138686,3.1852498025258003,-0.03393883856651965,0.0067963396318261385,0.016521945848951988,abgedeckt,8.841968283081354
-23.972345751138686,3.1852498025258003,-0.03393883856651965,0.0067963396318261385,0.016521945848951988,gdv ab+ge+deck+t,8.841968283081354
-24.421839291425652,3.4167415322818298,-0.03530650840422639,0.0033460503316719847,0.01463306491116994,Jörg,8.336367629875395
-24.593906001758096,3.5053519874133214,-0.035859866783904966,0.0019424368278446527,0.01386526700215331,Asmussen,8.142825298281636
-24.593906001758096,3.5053519874133214,-0.035859866783904966,0.0019424368278446527,0.01386526700215331,jörg asmussen,8.142825298281636
-24.865489857217092,3.6452052067071055,-0.0367702941177299,-0.00037631882937909367,0.01259762202775792,verteidigt,7.837348015312777
-24.865489857217092,3.6452052067071055,-0.0367702941177299,-0.00037631882937909367,0.01259762202775792,asmussen verteidig+t,7.837348015312777
-25.2209127898848,3.827959523726756,-0.045404136507992174,-0.007862348133828238,0.0030424273502373395,Modell,7.437694745950991
-25.2209127898848,3.827959523726756,-0.045404136507992174,-0.007862348133828238,0.0030424273502373395,verteidig+t modell,7.437694745950991
-25.425384315606546,3.9327777630480645,-0.05609313918519386,-0.015546802783502053,-0.008520226345363518,verpflichtenden,7.207924976094205
-25.425384315606546,3.9327777630480645,-0.05609313918519386,-0.015546802783502053,-0.008520226345363518,modell verpflicht+end+en,7.207924976094205
-25.666304043187356,4.055718796692747,-0.07443030267174795,-0.027966604248079008,-0.028234619187507786,verpflicht+end+en elementarschutzversicherung,6.937455814353796
-25.305591053509055,3.865646424895707,-0.12050554700439933,-0.0512709194927916,-0.07641406221663805,Aufschrei,7.345173845850539
-25.305591053509055,3.865646424895707,-0.12050554700439933,-0.0512709194927916,-0.07641406221663805,der aufschrei,7.345173845850539
-24.591211705462598,3.472931588722072,-0.24878217002882166,-0.1171501197024652,-0.21108800773274924,aufschrei nordseeküste,8.160109787538499
-24.598713372512876,3.5024989782592217,-0.11387611648615253,-0.04258219055350729,-0.06854959897145697,hört,8.139873517680567
-24.598713372512876,3.5024989782592217,-0.11387611648615253,-0.04258219055350729,-0.06854959897145697,nordseeküste hör+t,8.139873517680567
-24.384735582457665,3.3953301752279126,-0.08119383048554984,-0.022703653742982527,-0.03379553680027997,hör+t wahrscheinlich,8.379166273404401
-23.382918179381708,2.8816678461092717,-0.03229606797429267,0.010904392525362558,0.018773900359872954,wahrscheinlich bremen,9.50498076525117
-22.815675377707095,2.5894920430625756,-0.030853069662627144,0.01447924449321001,0.020736378372144898,Hausbesitzer,10.1430481559004
-20.60063250181095,1.448441811375142,-0.026191401722970572,0.025798325025555086,0.026969441094225825,haus+besitzer müss+en,12.63471365198135
-9.819612766445832,-4.106178112971714,-0.013681872992517233,0.05394408116965768,0.04262538012154767,müss+en sturm+flut,24.762533789152943
-20.40243860848691,1.3463380636978597,-0.02583378488591835,0.026651202821246528,0.027440383631827568,sturm+flut schau+en,12.857661857890735
-22.165660554973698,2.2546629786048653,-0.02934054791005047,0.01819132746326222,0.022777151409393542,bezahlen,10.87423107544191
-22.165660554973698,2.2546629786048653,-0.02934054791005047,0.01819132746326222,0.022777151409393542,schau+en bezahl+en,10.87423107544191
-22.815675377707095,2.5894920430625756,-0.030853069662627144,0.01447924449321001,0.020736378372144898,Haus,10.1430481559004
-22.815675377707095,2.5894920430625756,-0.030853069662627144,0.01447924449321001,0.020736378372144898,bezahl+en haus,10.1430481559004
-24.30986335445457,3.3590749376240754,-0.034955586055402846,0.004233912938729066,0.015118921027512907,trocken,8.462319972132253
-24.30986335445457,3.3590749376240754,-0.034955586055402846,0.004233912938729066,0.015118921027512907,haus trocken,8.462319972132253
-24.593906001758096,3.5053519874133214,-0.035859866783904966,0.0019424368278446527,0.01386526700215331,bekommen,8.142825298281636
-24.593906001758096,3.5053519874133214,-0.035859866783904966,0.0019424368278446527,0.01386526700215331,trocken bekomm+en,8.142825298281636
-24.99893984151136,3.713922717879246,-0.03723539456314631,-0.0015653602829083235,0.011947934033913598,Dac…,7.687245023658743
-24.99893984151136,3.713922717879246,-0.03723539456314631,-0.0015653602829083235,0.011947934033913598,bekomm+en dac…,7.687245023658743
-25.14551368794526,3.789395529297415,-0.03776059887286555,-0.0029116734618770124,0.011212592308626906,+1220,7.52238165601485
-25.14551368794526,3.789395529297415,-0.03776059887286555,-0.0029116734618770124,0.011212592308626906,dac… +1220,7.52238165601485
-25.27934779233451,3.858305948480745,-0.03825395850643408,-0.004179827263653284,0.010520205027899701,+1220 char+s,7.371848866846851
-21.565084293890926,1.945285840142338,-0.028057747949997533,0.021310452023652834,0.024494407052947843,Humanitäre,11.549808636576845
-19.448810589278338,0.8550459434630593,-0.024219701156848017,0.030470997445165546,0.029552000346070088,humanitär+e katastrophe,13.930402440832912
-19.448810589278338,0.8550459434630593,-0.024219701156848017,0.030470997445165546,0.029552000346070088,Gaza,13.930402440832912
-19.448810589278338,0.8550459434630593,-0.024219701156848017,0.030470997445165546,0.029552000346070088,sturm+flut gaza,13.930402440832912
-20.60063250181095,1.448441811375142,-0.026191401722970572,0.025798325025555086,0.026969441094225825,gaza mach+t,12.63471365198135
-21.565084293890926,1.945285840142338,-0.028057747949997533,0.021310452023652834,0.024494407052947843,hunderttausende,11.549808636576845
-21.565084293890926,1.945285840142338,-0.028057747949997533,0.021310452023652834,0.024494407052947843,mach+t hundert+tausend+e,11.549808636576845
-23.117879382805363,2.7451536522481996,-0.03160632769095793,0.012617132275248806,0.019713801075130113,Flüchtlinge,9.803110673778402
-23.117879382805363,2.7451536522481996,-0.03160632769095793,0.012617132275248806,0.019713801075130113,hundert+tausend+e flüchtling+e,9.803110673778402
-23.828279501021832,3.1110513876142134,-0.033522472310182044,0.007841325443355855,0.017094471458747026,obdachlos,9.00401891531255
-23.828279501021832,3.1110513876142134,-0.033522472310182044,0.007841325443355855,0.017094471458747026,flüchtling+e obdachlos,9.00401891531255
-22.220632226246778,2.2829801058030252,-0.029463197058149055,0.017891685703645986,0.02261230254281676,Zelte,10.812394715689862
-24.27092208777652,3.339020269387187,-0.03483518648639418,0.004538126634850773,0.015285425748490695,obdachlos zelt+e,8.506121861660061
-24.49272624476637,3.453247060102557,-0.03553236416556839,0.0027736853147822954,0.014319930423319152,zerrissen,8.256633122678657
-24.49272624476637,3.453247060102557,-0.03553236416556839,0.0027736853147822954,0.014319930423319152,zelt+e zerreiß+en,8.256633122678657
-24.837423080721866,3.6307524874175026,-0.036674005276628244,-0.00013053129338112812,0.0127319487833658,Lager,7.868917324411097
-24.837423080721866,3.6307524874175026,-0.036674005276628244,-0.00013053129338112812,0.0127319487833658,zerreiß+en lager,7.868917324411097
-24.99893984151136,3.713922717879246,-0.03723539456314631,-0.0015653602829083235,0.011947934033913598,lager überflutet,7.687245023658743
-25.300544512954453,3.869219786084336,-0.038333351149772314,-0.0043842145054161785,0.01040863717755482,überflutet winter+sturm,7.348007506837768
-23.02990127325446,2.699837683911677,-0.031383504609631574,0.01316888299118283,0.020016716881179404,Byron,9.902073588006054
-23.02990127325446,2.699837683911677,-0.031383504609631574,0.01316888299118283,0.020016716881179404,winter+sturm byron,9.902073588006054
-25.637315184876922,4.042608045431572,-0.039643689826693196,-0.007769975644549579,0.008561393560404081,verheert,6.9692234663441885
-25.637315184876922,4.042608045431572,-0.039643689826693196,-0.007769975644549579,0.008561393560404081,byron verheert,6.9692234663441885
-23.651214724606792,3.019855684256842,-0.03302423908427777,0.00908841800487397,0.01777800553606905,Gazastreifen,9.20318836934856
-25.838398548638033,4.146127662818174,-0.04047332381302844,-0.009925699689147437,0.0073861255821132225,verheert gazastreifen,6.743058499611834
-26.062348482165415,4.261409806138447,-0.0414433286625052,-0.012457905689062777,0.006006435174719337,härtesten,6.491179098400016
-26.177731369835847,4.320800874330692,-0.04196350076397949,-0.01382100387422898,0.005264099308483438,hart+esten treff+t,6.3614084436925165
-26.370740586569106,4.42014131434332,-0.04286712873890438,-0.01619750029969967,0.003970449419282086,ohnehin,6.144335123118854
-26.370740586569106,4.42014131434332,-0.04286712873890438,-0.01619750029969967,0.003970449419282086,treff+t ohnehin,6.144335123118854
-26.44341366891277,4.457543078394204,-0.0432188661482483,-0.017125480758611297,0.0034654955053581606,ohnehin schon,6.062602440787453
-26.544421705169903,4.509525151728004,-0.04371878774198606,-0.01844722768298758,0.0027464594816076666,verloren,5.94900365133962
-26.544421705169903,4.509525151728004,-0.04371878774198606,-0.01844722768298758,0.0027464594816076666,schon verlier+en,5.94900365133962
-26.735936294222405,4.608076268617567,-0.0447040021243754,-0.021061695100481448,0.001324794896536599,wenigen,5.733620549766138
-26.735936294222405,4.608076268617567,-0.0447040021243754,-0.021061695100481448,0.001324794896536599,auch wenig+en,5.733620549766138
-26.78856792954224,4.635157746446046,-0.04498380725731062,-0.021806544526035823,0.0009199156600021886,vorhandenen,5.674430402993891
-26.78856792954224,4.635157746446046,-0.04498380725731062,-0.021806544526035823,0.0009199156600021886,wenig+en vorhanden+en,5.674430402993891
-26.862820824376332,4.673362711695232,-0.045385545572770615,-0.022877782203609365,0.00033773208613370465,Schutzräume,5.590925510771534
-26.862820824376332,4.673362711695232,-0.045385545572770615,-0.022877782203609365,0.00033773208613370465,vorhanden+en schutz+raum+e,5.590925510771534
-26.959492350764094,4.723099523513168,-0.04592130062577533,-0.024309671813795133,-0.00044025284847166654,gefährdet,5.48221002713614
-26.959492350764094,4.723099523513168,-0.04592130062577533,-0.024309671813795133,-0.00044025284847166654,schutz+raum+e gefährd+et,5.48221002713614
-27.137227548385162,4.814533090354672,-0.04694617799518286,-0.02705929549341904,-0.0019335686113604034,byron teil+en,5.28233601559614
-27.185479139312804,4.839353098802431,-0.04723384015674365,-0.02783352908462404,-0.0023539073073810084,Gazastreifens,5.228075278781444
-27.185479139312804,4.839353098802431,-0.04723384015674365,-0.02783352908462404,-0.0023539073073810084,teil+en gazastreifen+s,5.228075278781444
-27.259325590488828,4.877336648656975,-0.04768231406361288,-0.029042740385459134,-0.0030102735850469735,Israels,5.145033136559971
-27.259325590488828,4.877336648656975,-0.04768231406361288,-0.029042740385459134,-0.0030102735850469735,gazastreifen+s israel+s,5.145033136559971
-27.30538234153932,4.9010249690044105,-0.04796721205460376,-0.029812270347106692,-0.003427899473981904,israel+s teils,5.093241819469906
-27.327539852023136,4.912420832059909,-0.04810573282266808,-0.030186808009514593,-0.0036311399922207867,teils heftig+e,5.068325635951543
-27.414211175047697,4.956994386374431,-0.0486569417436907,-0.03167967003444962,-0.004441090301479652,überschwemmung+en ge+sorg+t,4.970864641309035
-27.49283386858339,4.9974250455036415,-0.04917034235556984,-0.033073702449479075,-0.005197218254061348,gazastreifen werd+en,4.882455915906323
-27.525193359970416,5.014064422518243,-0.04938548727461215,-0.0336589067402957,-0.005514577479076212,werd+en zelt+e,4.846069179897152
-27.542316473030766,5.022868936812184,-0.049500260472831924,-0.033971342370435684,-0.0056839990501269845,hunderttausender,4.826815157918723
-27.542316473030766,5.022868936812184,-0.049500260472831924,-0.033971342370435684,-0.0056839990501269845,zelt+e hundert+tausend+er,4.826815157918723
-27.588941089285726,5.046841869425284,-0.04981609688067312,-0.0348319999436212,-0.00615065029619696,Vertriebener,4.774388705060103
-27.588941089285726,5.046841869425284,-0.04981609688067312,-0.0348319999436212,-0.00615065029619696,hundert+tausend+er vertreib+en+er,4.774388705060103
-27.622835053133187,5.064268221658089,-0.05004880340464311,-0.03546696080755282,-0.00649488171634954,geflutet,4.736277473589158
-27.622835053133187,5.064268221658089,-0.05004880340464311,-0.03546696080755282,-0.00649488171634954,vertreib+en+er ge+flut+et,4.736277473589158
-27.68178264157881,5.094573905904463,-0.05045993009447446,-0.036590484913426105,-0.007103882256640059,ge+flut+et wind,4.669996149965353
-27.702771558089943,5.105363991879573,-0.05060832662799348,-0.03699656387854933,-0.007323965373642296,+2248,4.646396244009478
-27.702771558089943,5.105363991879573,-0.05060832662799348,-0.03699656387854933,-0.007323965373642296,wind +2248,4.646396244009478
-27.716448280595856,5.1123948220879605,-0.050705603299719154,-0.03726291215261136,-0.0074683098864736265,+2248 chars,4.631018234788014
-27.715450646675713,4.960046719690775,0.8350698467600618,0.10229278650766843,0.25227797782093986,klima+wandel+s was,4.70165600891769
-27.573883660522775,4.898535259679058,0.8100669602409127,0.18855115067932804,0.2783887587493571,was meer+es+spiegel,4.855654487631624
-19.314335633558144,0.7691154272952341,0.19870582118760924,0.19149839027009885,0.181916058316187,meer+es+spiegel steig+t,14.089260671326908
-27.39406078357994,4.845819247222774,0.5444248150514805,0.2186213087806922,0.5895025276925554,Rückzug,5.039602850338289
-27.74322108469702,5.033105336861792,0.621685339488261,0.1848725965949241,0.40975690622192573,steig+t rückzug,4.643467855725923
-27.538084913198816,4.92566598888426,0.4793513169085132,0.2019663791194722,0.6111233776200351,rückzug küste,4.875001001528558
-27.85010946122352,5.0053075734333055,0.10078649480879205,0.10630139555773035,0.8860530199200599,sicher+n seit,4.561126058748601
-28.171862704346132,5.231077939280922,0.14104580957104101,0.09975860789847096,0.7368750882586622,norddeutschen,4.17171850856322
-28.171862704346132,5.231077939280922,0.14104580957104101,0.09975860789847096,0.7368750882586622,jeher norddeutsch+en,4.17171850856322
-28.339276471090425,5.344046367341371,0.15844312119717816,0.09872356210672725,0.6544698942094309,norddeutsch+en küste+n,3.9711657982756003
-28.38345708199644,5.387899648438568,0.2254562275494307,0.10236309824717293,0.5743118512218238,wegen steig+end+en,3.911816763731814
-28.454579522532704,5.432169084287104,0.226548594533601,0.10380529527100643,0.5413110107179373,Meeresspiegels,3.8283202773084253
-28.454579522532704,5.432169084287104,0.226548594533601,0.10380529527100643,0.5413110107179373,steig+end+en meer+es+spiegel+s,3.8283202773084253
-28.533184425966837,5.480614871923526,0.22650996050795044,0.1065451511545456,0.5042743062504156,regen,3.7362596365261713
-28.533184425966837,5.480614871923526,0.22650996050795044,0.1065451511545456,0.5042743062504156,meer+es+spiegel+s rege+en,3.7362596365261713
-28.560099552936972,5.497098586601345,0.2261962466697708,0.10786382856566831,0.4913868349777186,rege+en experte+n,3.7047849860973607
-28.629066842235048,5.539126105883582,0.22471638004014932,0.11253885467651988,0.45759517698022706,Alternativen,3.6242305340365895
-28.629066842235048,5.539126105883582,0.22471638004014932,0.11253885467651988,0.45759517698022706,experte+n alternative+n,3.6242305340365895
-28.672973024754548,5.56559324715969,0.22098676698369768,0.11763951136075967,0.43689390480718715,diskutieren,3.5730792754794303
-28.672973024754548,5.56559324715969,0.22098676698369768,0.11763951136075967,0.43689390480718715,alternative+n diskutier+en,3.5730792754794303
-29.016385675010326,5.760651423071954,0.13139287198464203,0.12030227875876948,0.34087918961107494,Beunruhigende,3.17847229541234
-29.022412892781286,5.764095728838613,0.12504782661408562,0.12745729292665553,0.3390176993283782,beunruhig+end+e nachricht+en,3.1715355487958825
-29.023252240033486,5.764457298501947,0.11912189722341113,0.13425619676056805,0.33983603058494677,nachricht+en komm+en,3.1706222500758954
-29.02171398732838,5.763444563307363,0.1153745965740223,0.13854833629390934,0.3414941542685411,zudem,3.1724524052354246
-29.02171398732838,5.763444563307363,0.1153745965740223,0.13854833629390934,0.3414941542685411,komm+en zudem,3.1724524052354246
-23.828010084638,3.109996747555024,-0.005522694130768727,0.0573569308926188,0.10458858762931549,Wattenmeer,9.004723306115318
-29.016545887443,5.760186964112812,0.10950393651046934,0.14515663106726207,0.345672097846635,zudem wattenmeer,3.1785366874741885
-29.195298300911105,5.708114774110959,-0.24158862312508556,-0.09468176917930318,0.6935158788805954,hin+zu+füg+en deich+e,3.0434797329419894
-29.776509563201582,6.165354896120399,-0.017056738994326394,-0.10834868271748452,0.12567259066293576,Beun…,2.3174662587153647
-29.780143805651527,6.1675644958135525,-0.016005018697304776,-0.10772189721927522,0.12149604377961325,+8750,2.3132239735151523
-29.780143805651527,6.1675644958135525,-0.016005018697304776,-0.10772189721927522,0.12149604377961325,beun… +8750,2.3132239735151523
-29.783091362290538,6.169349161833903,-0.015182227806917657,-0.10719409865094093,0.11811990939234683,+8750 chars,2.3097866613251563
-28.88333689763642,5.573834298858317,0.6410503390293941,0.317694944975882,-0.2228322381006403,thema folge+n,3.3823524140838295
-29.478924589605192,5.9707156268811765,0.40252330914737583,0.020155499459876138,-0.1449352709312791,sie was,2.671170126332708
-28.98103015585195,5.7351720391427214,0.2964845511877757,0.25649227368491817,0.11631652365759869,wer küste,3.2215762064986606
-28.9846076343733,5.736471247273247,0.2937054539727803,0.26393805942575044,0.11210106617642535,küste steh+t,3.217799950354403
-28.98768475785725,5.735452639822755,0.28786737286423075,0.28908592793507615,0.099362988547193,steh+t meer,3.2155275978313282
-28.98641891528134,5.7337799420111955,0.28687932849638464,0.2969914225584017,0.09576015356252525,schaut,3.2174178646703187
-28.98641891528134,5.7337799420111955,0.28687932849638464,0.2969914225584017,0.09576015356252525,meer schau+t,3.2174178646703187
-28.9706228909415,5.719824370920367,0.28573958043574305,0.3341847026783188,0.08072678878765448,bloßem,3.2378461526440585
-28.9706228909415,5.719824370920367,0.28573958043574305,0.3341847026783188,0.08072678878765448,schau+t bloß+em,3.2378461526440585
-28.96021561083487,5.711557840040806,0.28650609512671,0.3499676880709212,0.07509546220082493,Auge,3.2508815223995677
-28.96021561083487,5.711557840040806,0.28650609512671,0.3499676880709212,0.07509546220082493,bloß+em auge,3.2508815223995677
-28.93701893360586,5.69369849099169,0.2891909659148678,0.3788989256123499,0.06561938222931625,ausmachen,3.279677623383846
-28.93701893360586,5.69369849099169,0.2891909659148678,0.3788989256123499,0.06561938222931625,auge aus+mach+en,3.279677623383846
-28.86695904942735,5.640944631346207,0.2997280139459354,0.44735994433537457,0.046230788811973456,aus+mach+en meer+es+spiegel,3.366108625441507
-27.6954149865347,4.73911786640036,0.46014512718632616,1.0867790789057916,-0.07390686502672698,Überflutungsgefahr,4.820493934126485
-27.6954149865347,4.73911786640036,0.46014512718632616,1.0867790789057916,-0.07390686502672698,und überflutung+s+gefahr,4.820493934126485
-28.813943116297818,5.5887143359360305,0.3012025997629125,0.53407284438488,0.011796294157489354,tiefer,3.4371466287868944
-28.813943116297818,5.5887143359360305,0.3012025997629125,0.53407284438488,0.011796294157489354,überflutung+s+gefahr tief+er,3.4371466287868944
-28.88315907836098,5.638129372486929,0.28778381940871384,0.4913626157645043,0.018218302716924983,gelegenen,3.3529915673600534
-28.88315907836098,5.638129372486929,0.28778381940871384,0.4913626157645043,0.018218302716924983,tief+er ge+leg+en+en,3.3529915673600534
-28.957046930525728,5.689831055530127,0.27272071414795335,0.44506436451040804,0.024850158234204212,ge+leg+en+en küste+n+region+en,3.2636367325366678
-29.03674072241178,5.744195854924109,0.25552706060074576,0.39474791162829775,0.03146227607611381,in…,3.167901678056464
-29.03674072241178,5.744195854924109,0.25552706060074576,0.39474791162829775,0.03146227607611381,küste+n+region+en in…,3.167901678056464
-29.703090550954766,6.120437979663009,0.1705961397333481,0.10869922729760981,-0.13466530078688133,+8539,2.403298738981386
-29.703090550954766,6.120437979663009,0.1705961397333481,0.10869922729760981,-0.13466530078688133,in… +8539,2.403298738981386
-29.71203147597678,6.125928381129896,0.16688225000057313,0.10088616949737775,-0.1327829486479649,+8539 chars,2.392837205188834
-29.9709287708817,6.245799562092032,0.09771575263788611,-0.24971692060868694,-0.0549540489665256,Meeresspiegelanstieg,2.1078438934461623
-29.96573577514762,6.241656864448713,0.10554913461248953,-0.2548728937519029,-0.054849763603828885,meer+es+spiegel+anstieg noch,2.114358802430366
-29.96283494013199,6.239325120225339,0.10989917461833384,-0.2577304564684807,-0.05479017119600679,noch angst,2.118006126157935
-29.716761281053483,6.009265856823207,0.4215603841636912,-0.4515445369276675,-0.04727727900167032,Hallig,2.4421678704898344
-29.95998986994257,6.237026128349361,0.11414779598840691,-0.2605174887434698,-0.05473080704740545,angst hallig,2.1215888604748345
-29.717870488289897,6.010398462703525,0.42037117664556334,-0.4508471166613902,-0.04731845630210871,hallig hooge,2.440662933322515
-29.79515898715832,6.08779182397879,0.33324134613182727,-0.39885693535214406,-0.05007041217658055,Wenn,2.3364982730317037
-29.95594971655318,6.233741178485944,0.12015096931172148,-0.26444888407815603,-0.05464496734337433,hooge wenn,2.1266858087007456
-29.79832988848928,6.090892371682809,0.32947679651266343,-0.3965711693441182,-0.05017759117345651,wenn sturm+e,2.3322588859416076
-29.812264820809478,6.104435969713102,0.3127439710055255,-0.3863720175435776,-0.05064231588441988,sturm+e hallig,2.3136659487002236
-29.80784923801422,6.100159197888214,0.31807974738675066,-0.38963128869600155,-0.050496190803007074,überschwemmen,2.319550744478332
-29.80784923801422,6.100159197888214,0.31807974738675066,-0.38963128869600155,-0.050496190803007074,hooge überschwemm+en,2.319550744478332
-29.81002768992018,6.102270918370753,0.3154512420458593,-0.3880265228113652,-0.050568416397759414,Aufwand,2.3166466467526554
-29.81002768992018,6.102270918370753,0.3154512420458593,-0.3880265228113652,-0.050568416397759414,überschwemm+en aufwand,2.3166466467526554
-29.8086747901809,6.100959860311997,0.3170845399928925,-0.3890238764297702,-0.05052359213417368,Mensch,2.3184500169946842
-29.8086747901809,6.100959860311997,0.3170845399928925,-0.3890238764297702,-0.05052359213417368,aufwand mensch,2.3184500169946842
-29.805922769831348,6.098288930635001,0.32039786264009257,-0.39104524260377294,-0.05043210453250971,Tier,2.3221202088398583
-29.805922769831348,6.098288930635001,0.32039786264009257,-0.39104524260377294,-0.05043210453250971,mensch tier,2.3221202088398583
-29.804145767696745,6.096561452846137,0.3225308637058176,-0.39234519822597325,-0.050372813222069004,groß,2.324491379806088
-29.804145767696745,6.096561452846137,0.3225308637058176,-0.39234519822597325,-0.050372813222069004,tier groß,2.324491379806088
-29.74901801319838,6.0419721441065315,0.3862918250774365,-0.4307212717974775,-0.048456980825854756,manchmal komm+t,2.398508588224023
-29.72904417615201,6.021777534759341,0.4082992459048251,-0.44374880566339925,-0.047730923771812234,komm+t sorge,2.4255167000874307
-29.696041219429944,5.9880150435924095,0.44347718807007996,-0.46433880117474824,-0.04650086291024999,Zuhause,2.470323036896019
-29.696041219429944,5.9880150435924095,0.44347718807007996,-0.46433880117474824,-0.04650086291024999,sorge zuhause,2.470323036896019
-29.74288769269169,6.035794998977285,0.3931056524866964,-0.43476680445681204,-0.048235750549936784,Katja,2.4067882737451614
-29.74288769269169,6.035794998977285,0.3931056524866964,-0.43476680445681204,-0.048235750549936784,wie katja,2.4067882737451614
-29.81470548067277,6.106793840133763,0.30978115132192724,-0.384559418948392,-0.05072262101705319,Just,2.3104159736857905
-29.81470548067277,6.106793840133763,0.30978115132192724,-0.384559418948392,-0.05072262101705319,katja just,2.3104159736857905
-29.774544752366513,6.067476743291266,0.3573359222806522,-0.41340959865679006,-0.04936151681713627,Veränderungen,2.364131197754001
-29.774544752366513,6.067476743291266,0.3573359222806522,-0.41340959865679006,-0.04936151681713627,just veränderung+en,2.364131197754001
-29.41371561779046,5.688780001890317,0.6956071091024111,-0.6034280696504805,-0.03516518927551808,veränderung+en klima+wandel,2.8583814562729035
-29.714998229796254,6.007464525743936,0.42344721809041824,-0.45265040989084515,-0.04721174507109019,klima+wandel erleb+t,2.4445604203443336
-29.89973217633284,6.185778555852259,0.20015893653412176,-0.3160985635274682,-0.0532791663795667,hin+zu+füg+en wenn,2.198639764936133
-29.96842549334787,6.24380767015126,0.10149922875069306,-0.2522088578919891,-0.05490416507636152,Ju…,2.1109820676627864
-29.96842549334787,6.24380767015126,0.10149922875069306,-0.2522088578919891,-0.05490416507636152,katja ju…,2.1109820676627864
-29.969585128666147,6.2447315922008295,0.09974826280614249,-0.2510559860405691,-0.054927363612914615,+3521,2.109527776332582
-29.969585128666147,6.2447315922008295,0.09974826280614249,-0.2510559860405691,-0.054927363612914615,ju… +3521,2.109527776332582
-29.9709287708817,6.245799562092032,0.09771575263788611,-0.24971692060868694,-0.0549540489665256,+3521 chars,2.1078438934461623
-29.649632328574693,6.107796639149393,0.07339732143669718,0.10580806516567305,0.0014728919219968509,+8579,2.4565922757442475
-29.649632328574693,6.107796639149393,0.07339732143669718,0.10580806516567305,0.0014728919219968509,in… +8579,2.4565922757442475
-29.65854022833322,6.112790505464533,0.0708252581749042,0.0978533911485128,0.0024591947077155438,+8579 chars,2.4463876822690835
-29.555096642565527,5.967316554534968,-0.3052182078808722,-0.00561007523262954,0.4822652452364882,höhere,2.604925753903591
-29.555096642565527,5.967316554534968,-0.3052182078808722,-0.00561007523262954,0.4822652452364882,rückzug hoch+er+e,2.604925753903591
-29.309998001181256,5.742335935800039,-0.3949937809136841,0.011024119454665637,0.6971721337079239,hoch+er+e deich+e,2.925818912306498
-29.62974387409219,6.033622926004101,-0.2703470206195612,-0.006792912760875645,0.4022429692600839,tun,2.5082095982281722
-29.62974387409219,6.033622926004101,-0.2703470206195612,-0.006792912760875645,0.4022429692600839,deich+e tu+n,2.5082095982281722
-29.690739654535083,6.08527895765755,-0.2393958702406597,-0.007342252751843921,0.332082429563378,tu+n meer+es+spiegel,2.4303375231963504
-29.800617429509494,6.186143581659467,-0.07660784662704538,0.12195377997850126,0.018605770662476935,+8470,2.2864809897557707
-29.800617429509494,6.186143581659467,-0.07660784662704538,0.12195377997850126,0.018605770662476935,in… +8470,2.2864809897557707
-29.80878642759267,6.190659920780355,-0.0785758664278006,0.11302983760237696,0.019706950901455265,+8470 chars,2.2771521419008067
-7.4073095751250655,-5.3497068830898815,-0.0599046857785343,0.030031142836893045,-0.005980103832519273,nordsee erwart+et,27.476500518797664
-15.211518723742095,-1.328063017003842,-0.018612138457323932,0.0433195783305223,0.03668598225506231,für nacht,18.697013096800696
-18.300916490477924,0.26365282487979425,-0.02247906016078225,0.03453309942239311,0.03180205131320792,freitag rechn+et,15.221682476350617
-25.73382814091188,4.092294763616071,-0.04003722114759369,-0.008791370244172883,0.008004461943946425,ostfriesische,6.860671789635491
-25.73382814091188,4.092294763616071,-0.04003722114759369,-0.008791370244172883,0.008004461943946425,bsh ostfriesisch+e,6.860671789635491
-25.9353413663962,4.196031959070332,-0.04088701642251871,-0.011004104706031095,0.00679844150242501,ostfriesisch+e küste,6.634025059154941
-26.10979310769637,4.285831364713621,-0.04165547408912906,-0.013013391652327795,0.0057038908560091105,Wesergebi…,6.437818153337572
-26.10979310769637,4.285831364713621,-0.04165547408912906,-0.013013391652327795,0.0057038908560091105,küste wesergebi…,6.437818153337572
-26.242101610708232,4.353932814947363,-0.0422600846901262,-0.014599808617955859,0.004840075816350129,+538,6.289012134078446
-26.242101610708232,4.353932814947363,-0.0422600846901262,-0.014599808617955859,0.004840075816350129,wesergebi… +538,6.289012134078446
-26.29324009232565,4.380253516197949,-0.04249907681555209,-0.015228233066902255,0.004497984535384084,+538 char+s,6.231497737575931
-16.81096984527008,-0.5040885176243073,-0.02904669235040077,0.05617558472210745,0.01184811348997579,Wilhelmshaven/Husum,16.89779725879064
-22.57328096861277,2.463821403627601,-0.05629750583929637,0.0009698453890539319,-0.005957462852665057,erwart+et wilhelmshaven/husum,10.416087035074735
-22.423075969424914,2.3853667583986553,-0.07616241163420738,-0.009706066186215459,-0.026829696620010068,wilhelmshaven/husum deutsch+en,10.58554801747038
-20.49687899849452,1.39499111985071,-0.02600317125906258,0.02624752448623003,0.027217456409016152,see+schiff+fahrt kopier+e,12.75142586418716
-10.628647570451374,-3.6893316555389166,-0.013822689675146807,0.054494657132151104,0.04143272732407648,neue,23.852424896283793
-25.653877116532723,4.051134563631384,-0.039710624155455176,-0.007943553078232524,0.00846673706343027,der neu+e,6.950595597035717
-11.031180967814748,-3.4819260046644764,-0.014644639127758232,0.051928865925677976,0.04149581944873662,Jahr,23.39960062066382
-20.168600760846097,1.225870535165706,-0.02542213426170991,0.02763004397008946,0.02798111853954465,neu+e jahr,13.120706416111732
-17.976254104230975,0.09638440676079885,-0.022021248372133057,0.035591065142689,0.03238886160941683,startet,15.58690049379753
-25.478753138842805,3.960973758500622,-0.03901497244848146,-0.0061425226625720294,0.009449103488360412,jahr start+et,7.147565659205974
-25.25784711634444,3.8472355428891483,-0.03817378260690631,-0.00397351149521339,0.010632832194981411,start+et norden,7.39603213632375
-24.750219590079354,3.585847303912732,-0.036378130619280205,0.0006239071327552997,0.013144324862751394,deutschland+s stürmisch,7.967003452031686
-24.0626628566038,3.2317649900649803,-0.03420510377019849,0.006126743174504665,0.016155197984766577,für küste+n,8.740376898863957
-23.561678438345485,2.973739966509923,-0.03277773912073609,0.00970405033344452,0.01811554859166863,küste+n niedersachsen,9.303902698252218
-18.1849666350715,0.20397504012796208,-0.019465082602307344,0.045744488484378405,0.029386808021960455,niedersachsen schleswig-holstein,15.352087040179144
-21.942251407237936,2.139578818412689,-0.02885139546607245,0.01938391933917609,0.023433467609977856,+694,11.125539385010184
-22.466504068032684,2.4096326839262003,-0.03002332297357043,0.01652016058315986,0.021858017357828094,+694 chars,10.535819852455571
-23.67265646620813,3.030899186431835,-0.0330838039183085,0.0089395192561397,0.017696377681295505,Wetter-Ausnahmezustand,9.179069797888467
-23.67265646620813,3.030899186431835,-0.0330838039183085,0.0089395192561397,0.017696377681295505,deutschland wetter+-+ausnahme+zustand,9.179069797888467
-21.565084293890926,1.945285840142338,-0.028057747949997533,0.021310452023652834,0.024494407052947843,wetter+-+ausnahme+zustand orkanbö+en,11.549808636576845
-19.448810589278338,0.8550459434630593,-0.024219701156848017,0.030470997445165546,0.029552000346070088,Schneechaos,13.930402440832912
-17.408128532660626,-0.19632054909221086,-0.02125263078604718,0.037357054284649374,0.033369131623964585,sturm schnee,16.225995404525005
-18.34041763427186,0.2839730869098851,-0.014570139058324445,0.06467232201633924,0.02440449202435696,setzen,15.177256597621929
-22.733244183161023,2.54703194949231,-0.030653394996114608,0.01497137419891776,0.02100675664096131,schnee setz+en,10.23577215147023
-23.25454775392779,2.815548273854687,-0.03195845879915868,0.011743637934422534,0.019234376861442897,setz+en deutschland,9.649378498865634
-24.190432208706472,3.2975677320710086,-0.03458894089822648,0.005159665166049154,0.015625664105829502,Druck,8.59665862922711
-24.190432208706472,3.2975677320710086,-0.03458894089822648,0.005159665166049154,0.015625664105829502,deutschland druck,8.59665862922711
-23.25454775392779,2.815548273854687,-0.03195845879915868,0.011743637934422534,0.019234376861442897,besonders norden,9.649378498865634
-19.558734598452766,0.9107837956712102,-0.05907530537637818,0.01017214113090159,-0.00728388781376221,norden droh+en,13.80716410996543
-18.989445503634506,0.6177965162204648,-0.05152636006097988,0.016078801994086567,0.0009040477750241055,droh+en gefährlich+e,14.447421277969992
-17.30362567014448,-0.25041045512700144,-0.04051007760787583,0.026530101549250246,0.013074491047577914,Wetterlagen,16.3436702975583
-17.30362567014448,-0.25041045512700144,-0.04051007760787583,0.026530101549250246,0.013074491047577914,gefährlich+e wetter+lage+n,16.3436702975583
-9.819612766445832,-4.106178112971714,-0.013681872992517233,0.05394408116965768,0.04262538012154767,wetter+lage+n sturm+flut+en,24.762533789152943
-21.69703949091092,2.0132614544966234,-0.02833098755034736,0.020648370197221887,0.02412969833852867,deutschland start+et,11.401374103301924
-22.558871568044935,2.4572120351662097,-0.030238790449014157,0.01599122653815603,0.021567238580464644,start+et un+gemütlich,10.4319183452882
-23.67265646620813,3.030899186431835,-0.0330838039183085,0.0089395192561397,0.017696377681295505,un+gemütlich neu+e,9.179069797888467
-4.029399393436783,-7.089530839648008,-0.013678696398245427,0.059576440537014094,0.04402248619791475,Glätte,31.276130838802228
-24.792346383183233,3.6072933687661477,-0.044099420244325456,-0.004100882919479812,0.00494062488310449,schnee glätte,7.919734003211413
-24.966322100776875,3.696553624030174,-0.05238519760146397,-0.010049123414845366,-0.004015896599867331,glätte halt+en,7.724198564828191
-25.118679200343156,3.7745579006118675,-0.06144976638224456,-0.016325814776035133,-0.013778444524804954,halt+en weit+e,7.553036409443019
-1.7835084279496094,-8.24664377453498,-0.02797563877957145,0.05319431486859103,0.030351343610191303,Atem,33.80258045455538
-25.52576802565426,3.980138131058419,-0.11044011506243358,-0.047298132253650205,-0.06608153584048948,land+es atem,7.097008266818886
-25.435478779774066,3.894659003447574,-0.28971348884003867,-0.1452621204699954,-0.25544357475311863,besonders nordseeküste,7.216454625860774
-26.58682255050233,4.528570111072758,-0.08701822416699118,-0.04372270745758494,-0.04310053066943363,Bu…,5.902597213178706
-26.58682255050233,4.528570111072758,-0.08701822416699118,-0.04372270745758494,-0.04310053066943363,laut bu…,5.902597213178706
-26.6268205608681,4.549331240500688,-0.08497520896785883,-0.0429822973383128,-0.041020300482135785,+2577,5.8575319919336115
-26.6268205608681,4.549331240500688,-0.08497520896785883,-0.0429822973383128,-0.041020300482135785,bu… +2577,5.8575319919336115
-26.67270765907891,4.5731294885671785,-0.08280495897995754,-0.04223726659161321,-0.03881855270487154,+2577 char+s,5.805840642660333
-6.096955517235372,-6.027658533432199,0.01292499448956522,0.1501758379116132,0.024210160118260098,wetter hochwasser,28.951820947495552
-2.057596932243385,-8.10632047140368,0.00100990903217482,0.10074389924367572,0.03932905838998879,norden groß+er+en,33.494651844832184
-19.65487939194718,0.9606662703713225,-0.008635510230535381,0.09016820568334491,0.014491320993761629,sie hochwasser,13.698834016596448
-10.74060510888786,-3.6332085166504555,0.0027710232451684334,0.11756706514537704,0.02633152798006208,deutschland+s hochwasser,23.72718601172563
-12.138491588371785,-2.911394226820354,-0.015589225510821907,0.0499217863451874,0.04037223794399293,sturm+flut nacht,22.15395136413556
-16.40168346230672,-0.7148320727254571,-0.01737089841923696,0.050169556959909774,0.03257707314238585,freitag zunächst,17.35815301688384
-11.498025169618117,-3.2416337491783747,-0.016314087058033777,0.07626413041302105,0.023904146692023943,zunächst groß+er+en,22.87454194857618
-25.785909779812663,4.119552655992681,-0.03624118541372343,0.005943322734781098,0.003853675683086772,verzeichneten,6.801887406729574
-25.785909779812663,4.119552655992681,-0.03624118541372343,0.005943322734781098,0.003853675683086772,hamburg verzeichn+eten,6.801887406729574
-26.032724652290756,4.246555285783506,-0.03805342937689521,0.00031206093516027156,0.003061214842720674,Lagezentr…,6.524314674914714
-26.032724652290756,4.246555285783506,-0.03805342937689521,0.00031206093516027156,0.003061214842720674,verzeichn+eten lagezentr…,6.524314674914714
-26.173929655991923,4.3192096740980865,-0.03905481289909816,-0.0027482755980803714,0.0025048575288684587,+956,6.365515076126887
-26.173929655991923,4.3192096740980865,-0.03905481289909816,-0.0027482755980803714,0.0025048575288684587,lagezentr… +956,6.365515076126887
-26.22826255854839,4.347164642269579,-0.039435356116429746,-0.003902244631179788,0.0022718603815201667,+956 char+s,6.304412579917391
-23.27030202403879,2.8239248263939123,-0.019110640976644607,0.060687535408631116,0.007123684280462839,schaden wilhelmshaven/husum,9.631529829140797
-19.448810589278338,0.8550459434630593,-0.024219701156848017,0.030470997445165546,0.029552000346070088,wilhelmshaven/husum norden,13.930402440832912
-20.990524178775626,1.6494522958973423,-0.019081552954259857,0.05386427234781752,0.018733095924902965,Trotz,12.196051683132943
-20.990524178775626,1.6494522958973423,-0.019081552954259857,0.05386427234781752,0.018733095924902965,hinzu+füg+en trotz,12.196051683132943
-19.65487939194718,0.9606662703713225,-0.008635510230535381,0.09016820568334491,0.014491320993761629,trotz hochwasser,13.698834016596448
-18.489938366849145,0.36103773160362973,-0.022752216122176927,0.03389974427480176,0.03145091352766698,sturm+flut komm+t,15.009048932039201
-21.416448526117428,1.859476609839387,-0.14817474643277928,-0.04621074568680132,-0.10224400200712228,komm+t nordsee,11.721262345745409
-22.480917250401887,2.414403883075015,-0.08685742887898838,-0.016036001936250738,-0.038162517311124106,nordsee zunächst,10.520832994197407
-24.196604080889212,3.3002537911377217,-0.05290548697935354,0.0016281762424724677,-0.008081805251875258,groß+er+en problem+en,8.58994463061312
-24.87467126990969,3.650233758603849,-0.03865615760838914,0.03463568515261019,-0.011815889669879839,doch tag,7.826879191273525
-24.94468127324454,3.6806341693426248,-0.0013508837370765255,0.16659085503692733,-0.04063135889008507,tag hochwasser,7.7506999957415905
-25.428034926291268,3.9350721341962993,-0.026794023561947374,0.06842519280648465,-0.019176151311516797,kommen.…,7.204504266293594
-25.428034926291268,3.9350721341962993,-0.026794023561947374,0.06842519280648465,-0.019176151311516797,hochwasser kommen.…,7.204504266293594
-25.65265212322687,4.05110110156392,-0.03296069537336279,0.043269427602916896,-0.013784970949969822,+1117,6.951692969864858
-25.65265212322687,4.05110110156392,-0.03296069537336279,0.043269427602916896,-0.013784970949969822,kommen.… +1117,6.951692969864858
-25.761795336542562,4.10733431770028,-0.035087674086508286,0.03428041157334974,-0.011953927843567715,+1117 chars,6.828916474129088
-23.770129296047248,3.081480565616703,-0.021120061363367172,0.05483384455349704,0.005836932789575037,hochwasser schnee,9.069247941190785
-23.280167328307076,2.8291066457808025,-0.024393955799515595,0.040627189775279404,0.011982078755970762,schnee norden,9.620389820758664
-24.042326566620762,3.217219551140275,0.005195901863569004,0.155776977419467,-0.020136266274287534,schaden hochwasser,8.765093999664535
0.02344824382652888,-9.17791696794555,-0.005116809321121762,0.07549307584586003,0.04681535261616429,sturm+flut schnee,35.83539635048561
-0.2142540735622056,-9.055313024762814,-0.007852970723709331,0.06534939995151781,0.049045785290224554,Wettertechnisch,35.56793931857206
-0.2142540735622056,-9.055313024762814,-0.007852970723709331,0.06534939995151781,0.049045785290224554,schnee wetter+technisch,35.56793931857206
-8.259673590087392,-4.910041779753213,-0.008928543027291645,0.06998748938238433,0.040684817429865516,wetter+technisch los,26.517412019190175
-4.565844912414693,-6.813386084500289,-0.005513181285064145,0.07865700941047281,0.04240259972228554,los norden,30.672779005351863
-19.943910134699017,1.1088068487295812,-0.0034523357624267554,0.11053200054392553,0.008708495719728867,schaden geb,13.374048129345766
-20.684744893197916,1.4916257388155225,-0.013114965717079263,0.07572589045269806,0.014544144309691262,geb bislang,12.54015596730052
-14.250662005358826,-1.8233113740744429,-0.010297888912818548,0.07327449814781936,0.03129538344443933,Behörden,19.777987758409928
-14.326026952316727,-1.7843481320994705,-0.013052984949033411,0.06294072235333455,0.03363153738668885,was behörde+n,19.69314834778456
-18.333814512170406,0.280662916012937,-0.019956309356453403,0.04419340650032101,0.029370072212948347,Wetterdienste,15.184645627365807
-18.333814512170406,0.280662916012937,-0.019956309356453403,0.04419340650032101,0.029370072212948347,behörde+n wetter+dienst+e,15.184645627365807
-21.22777573780611,1.7716155378391942,-0.025610829126583093,0.029678628588718118,0.023747228314564224,wetter+dienst+e lage,11.929199397813063
-20.874250424231363,1.589455695190467,-0.02565855322372376,0.028542313911841657,0.02533003578110551,weiteren,12.326895733745655
-20.874250424231363,1.589455695190467,-0.02565855322372376,0.028542313911841657,0.02533003578110551,lage weit+er+en,12.326895733745655
-20.463811307486072,1.3779820856806895,-0.025433448925797242,0.028330433193732754,0.02682108866814775,weit+er+en entwicklung,12.788611269005788
-19.791010526908607,1.0313705331193823,-0.024175137624733466,0.0314507709199914,0.028260963556087697,entwicklung sag+en,13.545446364942254
-25.692544696724823,4.0716262232069464,-0.03397878638667717,0.014097027098904091,0.0026120832533723555,Wetterdien…,6.906833486061266
-25.692544696724823,4.0716262232069464,-0.03397878638667717,0.014097027098904091,0.0026120832533723555,behörde+n wetterdien…,6.906833486061266
-25.88972998623806,4.173085982068703,-0.03579696314867561,0.008166634236095024,0.0023839090428038716,+2090,6.685077706994085
-25.88972998623806,4.173085982068703,-0.03579696314867561,0.008166634236095024,0.0023839090428038716,wetterdien… +2090,6.685077706994085
-25.971345074911476,4.215077585647908,-0.03650503288186693,0.005891723754531529,0.0022206848890448314,+2090 char+s,6.593294065447019
-15.971482511501614,-0.9365091795778717,-0.019472023186723624,0.04139641833550615,0.03561492799767043,wetter nach,17.84211043728031
-20.960539715313047,1.633853303434213,-0.026862413445604014,0.024191821876238463,0.026082876685659125,norden sorg+t,12.229855270791823
-21.822591959528236,2.077938239757816,-0.02859534858347682,0.020006608109678525,0.023776284040922052,sorg+t schnee,11.260142148242036
-20.960539715313047,1.633853303434213,-0.026862413445604014,0.024191821876238463,0.026082876685659125,Glätte-Unfälle,12.229855270791823
-20.960539715313047,1.633853303434213,-0.026862413445604014,0.024191821876238463,0.026082876685659125,schnee glätte+-+unfall+e,12.229855270791823
-3.855031106108246,-7.179408462446199,-0.009761768415660373,0.06178390476682339,0.0470335958737766,Erst,31.47229923469421
-15.971482511501614,-0.9365091795778717,-0.019472023186723624,0.04139641833550615,0.03561492799767043,glätte+-+unfall+e erst,17.84211043728031
7.740656648721558,-13.154066374304183,-0.004494216190473588,0.07111333769959387,0.052308060878647374,erst sturm+flut,44.516702126208074
-20.078135947969912,1.1792649921953533,-0.025265760117486623,0.028001053858015833,0.028186140287924995,geb zahlreich+e,13.222470558593312
-20.64815906535197,1.4729259914508228,-0.0262783860366976,0.02559052621555324,0.026854727581315362,zahlreich+e unfall+e,12.581251104947995
-21.002486242894612,1.6554624706151966,-0.026942510145361382,0.023999524044768808,0.025976799786354685,unfall+e wegen,12.182669861062754
-7.980804934985205,-5.053603693625666,-0.014926125435045614,0.05541815969671686,0.04277229796889365,wegen glätte,26.831066574112352
-15.971482511501614,-0.9365091795778717,-0.019472023186723624,0.04139641833550615,0.03561492799767043,hin+zu+füg+en erst,17.84211043728031
-25.961767784605247,4.209635436515388,-0.0410014068724785,-0.011302700738727432,0.006635747959368381,zu…,6.604302915401856
-25.961767784605247,4.209635436515388,-0.0410014068724785,-0.011302700738727432,0.006635747959368381,wetter+dienst+e zu…,6.604302915401856
-26.02555436419087,4.24247012273101,-0.04128044853439459,-0.012031825072508703,0.006238527095483962,+3796,6.53256158348738
-26.02555436419087,4.24247012273101,-0.04128044853439459,-0.012031825072508703,0.006238527095483962,zu… +3796,6.53256158348738
-26.09809937697779,4.279812202971644,-0.04160296254693561,-0.012875838386066894,0.005778805142562703,+3796 chars,6.450970064128729
-26.380077988149864,4.424946961489656,-0.04291195876283994,-0.01631568318309516,0.003906135087036685,der winter,6.133833661327504
-26.231607537546033,4.348531490706426,-0.0422114136439304,-0.014471922230060039,0.004909698701688524,winter deutschland,6.300814639394424
-9.401118001589854,-4.321773365132284,-0.0026787167106865958,0.04688618166709197,0.04290992371159557,schneit,25.23329989414557
-16.4063385416993,-0.7124611511406052,-0.019988300565307985,0.04023294049273287,0.034967535125156914,deutschland schnei+t,17.352930504563112
-25.9353413663962,4.196031959070332,-0.04088701642251871,-0.011004104706031095,0.00679844150242501,Live-Karten,6.634025059154941
-25.9353413663962,4.196031959070332,-0.04088701642251871,-0.011004104706031095,0.00679844150242501,schnei+t live+-+karte+n,6.634025059154941
-25.76454270701659,4.108106853235951,-0.04016424753035666,-0.009121508881682568,0.00782448065930164,live+-+karte+n zeig+en,6.826126150595847
-25.586414904592683,4.016402942560477,-0.03943949649921227,-0.007240826574285125,0.008849980103287833,zeig+en wetter+lage,7.026473192743432
-25.382432633959287,3.9113819881826006,-0.0386433819547438,-0.005183181101556911,0.009972571229233316,wetter+lage der,7.255902784634635
-20.552319927477225,1.423552652062079,-0.0261034709578457,0.02600824588533283,0.02708533754748181,Jahreswechsel,12.689060405001916
-20.552319927477225,1.423552652062079,-0.0261034709578457,0.02600824588533283,0.02708533754748181,wetter jahr+es+wechsel,12.689060405001916
-19.779047933744764,1.0251801496848625,-0.024759742204101404,0.02919846943681049,0.0288480924496678,umgeschlagen,13.558916071978775
-19.779047933744764,1.0251801496848625,-0.024759742204101404,0.02919846943681049,0.0288480924496678,jahr+es+wechsel um+ge+schlag+en,13.558916071978775
-11.089734054877859,-3.4517508398876515,-0.01726073591336235,0.050511916547682084,0.039750747402197015,ganz,23.3337298767652
-18.489938366849145,0.3610377316036333,-0.022752216122177232,0.03389974427480197,0.03145091352766719,um+ge+schlag+en ganz,15.009048932039198
-20.415852796437044,1.3532486908262138,-0.02585773261529699,0.026594162865749307,0.027408881285527976,ganz deutschland,12.842572232694039
-10.361665809562364,-3.8268887586031255,-0.014104060138532253,0.05306429842752435,0.04213207088465025,norden geb+t,24.15276024498015
-14.299787922587274,-1.7978150712029812,-0.017644923963096498,0.045459882619599885,0.03787938992831077,wie lage,19.72264410385575
-15.413964733252609,-1.2237570691086468,-0.01883618356558867,0.0428202983073085,0.036407806072451955,entwickelt,18.46927627166662
-15.413964733252609,-1.2237570691086468,-0.01883618356558867,0.0428202983073085,0.036407806072451955,lage entwickel+t,18.46927627166662
-23.18730694534974,2.780914265804034,-0.03178428639434533,0.012175926031584253,0.019471621531151125,entwickel+t zeig+en,9.725014634875885
-23.617935492725454,3.0027152581753214,-0.03293220090543789,0.0093183889430511,0.017904086688066423,zeig+en interaktiv+e,9.240622275430573
-24.190432208706472,3.2975677320710086,-0.03458894089822648,0.005159665166049154,0.015625664105829502,Karten,8.59665862922711
-24.190432208706472,3.2975677320710086,-0.03458894089822648,0.005159665166049154,0.015625664105829502,interaktiv+e karte+n,8.59665862922711
-23.18730694534974,2.780914265804034,-0.03178428639434533,0.012175926031584253,0.019471621531151125,ze…,9.725014634875885
-23.18730694534974,2.780914265804034,-0.03178428639434533,0.012175926031584253,0.019471621531151125,entwickel+t ze…,9.725014634875885
-23.50381069752501,2.943934873150037,-0.032620308561449346,0.010096756759943315,0.018330904107021043,+2027,9.36899499178768
-23.50381069752501,2.943934873150037,-0.032620308561449346,0.010096756759943315,0.018330904107021043,ze… +2027,9.36899499178768
-23.828279501021832,3.1110513876142134,-0.033522472310182044,0.007841325443355855,0.017094471458747026,+2027 chars,9.00401891531255
-9.819612766445832,-4.106178112971714,-0.013681872992517233,0.05394408116965768,0.04262538012154767,jahr+e sturm+flut,24.762533789152943
-5.067864600103238,-6.554498492711328,-0.010467945223638798,0.0604195790495945,0.04626485497105166,1976,30.107939826950517
-5.067864600103238,-6.554498492711328,-0.010467945223638798,0.0604195790495945,0.04626485497105166,sturm+flut 1976,30.107939826950517
-9.819612766445832,-4.106178112971714,-0.013681872992517233,0.05394408116965768,0.04262538012154767,1976 sturm+flut,24.762533789152943
-20.78623305224153,1.544057044259083,-0.02653386148713302,0.024979428831916714,0.026517441814571045,1976 zeig+t,12.4259320572799
-21.636816363379165,1.982018400879709,-0.03633418222920762,0.02031864259148764,0.041335017307080016,zeig+t bedeutung,11.46921678357072
-22.620812889355925,2.482207734107324,-0.0920094495291551,0.011625456148783256,0.151379426763772,Küstenschutzes,10.365391831147551
-22.620812889355925,2.482207734107324,-0.0920094495291551,0.011625456148783256,0.151379426763772,bedeutung küste+n+schutz+es,10.365391831147551
-22.898351525015478,2.630980584014999,-0.053662279351812635,0.01225190693638234,0.06787678702657517,küste+n+schutz+es vor,10.050545686791926
-15.796340245002813,-1.0273641592792302,-0.03415157361193038,0.0408226020746456,0.06722010507325762,vor jahr+en,18.039411221764674
-14.314471420193268,-1.7910869739020718,-0.0355177240609639,0.04422822706700805,0.07552368143887848,brachen,19.70650516255759
-14.314471420193268,-1.7910869739020718,-0.0355177240609639,0.04422822706700805,0.07552368143887848,jahr+en brech+en,19.70650516255759
-11.520491986579366,-3.2332647138882002,-0.05571377231060743,0.04867886703729356,0.12715117386521738,brech+en deich+e,22.85072940494457
7.740656648721558,-13.154066374304183,-0.004494216190473588,0.07111333769959387,0.052308060878647374,deich+e sturm+flut,44.516702126208074
-10.361665809562364,-3.8268887586031255,-0.014104060138532253,0.05306429842752435,0.04213207088465025,sturm+flut schleswig-holstein,24.15276024498015
-17.189070450943586,-0.3095573287662905,-0.03184903603033219,0.037232300837504555,0.05662708217845919,was land,16.472587090615345
-17.70193068273921,-0.04578102572634979,-0.03983132291892651,0.0351834604226072,0.07115832258140493,seitdem,15.895867837219054
-17.70193068273921,-0.04578102572634979,-0.03983132291892651,0.0351834604226072,0.07115832258140493,land seitdem,15.895867837219054
-18.4433900874159,0.3240298079774284,-0.10702732935755306,0.029689284164539004,0.21075489842006306,seitdem küste+n+schutz,15.0673559219597
-19.83017106628786,1.0491175046484509,-0.05911478736152865,0.026665247054378387,0.10094694526281607,gelernt,13.50249807539791
-19.83017106628786,1.0491175046484509,-0.05911478736152865,0.026665247054378387,0.10094694526281607,küste+n+schutz ge+lern+t,13.50249807539791
-20.795166027630813,1.5476987974657321,-0.04694989040114668,0.023445090361534814,0.06936063142020821,ge+lern+t warum,12.41631799547719
-25.33423579304883,3.88610022460731,-0.05290001319676018,-0.005941953392566798,0.04036806501070717,warum heute,7.310322806917631
-25.449923935204392,3.9456803105251215,-0.05310277548943125,-0.007070394201829741,0.039236081609937634,wichtiger,7.180194234933418
-25.449923935204392,3.9456803105251215,-0.05310277548943125,-0.007070394201829741,0.039236081609937634,heute wichtig+er,7.180194234933418
-25.291242813498798,3.8639313584631996,-0.05330396718935148,-0.005568942915274704,0.04178141494302239,heute…,7.35869460908504
-25.291242813498798,3.8639313584631996,-0.05330396718935148,-0.005568942915274704,0.04178141494302239,warum heute…,7.35869460908504
-25.455702325152636,3.948719331571444,-0.05189586787102442,-0.007027280689666002,0.036634706102789835,+1765,7.173665972086023
-25.455702325152636,3.948719331571444,-0.05189586787102442,-0.007027280689666002,0.036634706102789835,heute… +1765,7.173665972086023
-25.567249417323172,4.006209402104622,-0.0511323775975491,-0.00806477393164836,0.033501022867737505,+1765 char+s,7.048176059965855
49.07698909483214,-34.45193334691015,-0.011576308327544296,0.07284364797775598,0.04299443272881613,Winterwetter,91.01714790034346
7.740656648721558,-13.154066374304183,-0.004494216190473588,0.07111333769959387,0.052308060878647374,winter+wetter sturm+flut,44.516702126208074
-1.7069579950974294,-8.286199546021471,-0.008600600548047078,0.06397520812100774,0.04826971712849904,sturm+flut freitag,33.888743282506276
-7.405907163379958,-5.349828675143586,-0.011950348492037466,0.057484114234665505,0.0446131354299653,freitag flensburg,27.477793738649357
-10.303753295750035,-3.856727789183161,-0.014058310526938254,0.05315993434338216,0.04218568227153935,flensburg erwart+et,24.21790795308518
-8.204092641248085,-4.938535438824712,-0.029317507331363117,0.04671030001721258,0.026245682856295804,thema winter+wetter,26.579876231545708
-14.829253726383946,-1.5250173750680638,-0.018198506641607978,0.04423792608311071,0.03719785676608166,flensburg wegen,19.127033273796076
3.4624851643653294,-10.94974721362405,-0.006184609123575895,0.06830183505681696,0.05071541090436342,Oststurms,39.70403479716964
3.4624851643653294,-10.94974721362405,-0.006184609123575895,0.06830183505681696,0.05071541090436342,erwart+et+en ost+sturm+s,39.70403479716964
7.740656648721558,-13.154066374304183,-0.004494216190473588,0.07111333769959387,0.052308060878647374,ost+sturm+s sturm+flut,44.516702126208074
-13.807549789970963,-2.051428534227144,0.0019202090098188584,0.052028578828020776,0.03488784578535742,Prognose,20.276374964505102
-15.793361150834436,-1.0282818194411387,-0.01926578949205887,0.04185936009859693,0.03587264238995071,nach prognose,18.042483566601934
-17.667230823529326,-0.06282763302154137,-0.021598218523815604,0.03656463423570379,0.03292915627684234,prognose bund+es+amt+s,15.934526293143588
-25.44098803840749,3.941530116057024,-0.03886837295215306,-0.005763819058617864,0.009655727647935427,dänischen,7.190042125735361
-25.44098803840749,3.941530116057024,-0.03886837295215306,-0.005763819058617864,0.009655727647935427,bsh dänisch+en,7.190042125735361
-25.62055360262558,4.033978692866621,-0.039576196641621486,-0.007595010425724427,0.008656811298675949,Meteorologischen,6.988075913293522
-25.62055360262558,4.033978692866621,-0.039576196641621486,-0.007595010425724427,0.008656811298675949,dänisch+en meteorologisch+en,6.988075913293522
-25.88082347360782,4.167967430640426,-0.04065323191980762,-0.01039439772728503,0.007130685597522914,Institu…,6.695342267853404
-25.88082347360782,4.167967430640426,-0.04065323191980762,-0.01039439772728503,0.007130685597522914,meteorologisch+en institu…,6.695342267853404
-26.01304883446992,4.236032863712869,-0.04122541126717562,-0.011887932443733318,0.006316912893049417,+935,6.5466266318151565
-26.01304883446992,4.236032863712869,-0.04122541126717562,-0.011887932443733318,0.006316912893049417,institu… +935,6.5466266318151565
-26.07437886367164,4.267602350614886,-0.04149689437901385,-0.012598106546683335,0.0059300711780000785,+935 char+s,6.4776485124949925
-21.565084293890926,1.945285840142338,-0.028057747949997533,0.021310452023652834,0.024494407052947843,erwart+et flensburg,11.549808636576845
-23.925517217355566,3.1611318830190918,-0.03380238797431338,0.0071390802844165935,0.016709703025535323,flensburg lno,8.89464253577544
-21.565084293890926,1.945285840142338,-0.028057747949997533,0.021310452023652834,0.024494407052947843,lno flensburg,11.549808636576845
-26.09809937697779,4.279812202971644,-0.04160296254693561,-0.012875838386066894,0.005778805142562703,wasser flensburg,6.450970064128729
-26.303210252948507,4.385385026525512,-0.04254602609335258,-0.015351774298514198,0.004430739146448405,flensburg kai+kante,6.220284539192443
-26.389341080774148,4.429714340925633,-0.04295653689670882,-0.016433228425674976,0.0038421694879947482,treten,6.123415783104663
-26.389341080774148,4.429714340925633,-0.04295653689670882,-0.016433228425674976,0.0038421694879947482,kai+kante tret+en,6.123415783104663
-26.46088646180269,4.4665353664862835,-0.04330441311639362,-0.01735142484146107,0.003342565804051033,Oberbürgermeister,6.042951549216887
-26.60701990361405,4.5417387219480005,-0.04403529414233467,-0.01928574753777905,0.0022904107065510187,Geyer,5.878603230510223
-26.60701990361405,4.5417387219480005,-0.04403529414233467,-0.01928574753777905,0.0022904107065510187,oberbürgermeister geyer,5.878603230510223
-26.65172916452184,4.5647457410170995,-0.0442645882958782,-0.019894041145484778,0.0019596283693049665,setzt,5.8283217654050254
-26.65172916452184,4.5647457410170995,-0.0442645882958782,-0.019894041145484778,0.0019596283693049665,geyer setz+t,5.8283217654050254
-26.722356039667822,4.601088427071178,-0.04463245717773834,-0.02087140561857262,0.0014282411883563655,Besonnenheit,5.748893132859263
-26.722356039667822,4.601088427071178,-0.04463245717773834,-0.02087140561857262,0.0014282411883563655,setz+t besonnenheit,5.748893132859263
-26.99148273862629,4.739557541382064,-0.04610187157211998,-0.024793123918697924,-0.0007028743499044934,erwartete…,5.446234444819044
-26.99148273862629,4.739557541382064,-0.04610187157211998,-0.024793123918697924,-0.0007028743499044934,wegen erwartete…,5.446234444819044
-27.05247337118282,4.7709340801940305,-0.046450803691864495,-0.02572854836041462,-0.0012109443287333238,+1055,5.377646456581359
-27.05247337118282,4.7709340801940305,-0.046450803691864495,-0.02572854836041462,-0.0012109443287333238,erwartete… +1055,5.377646456581359
-27.081576348222505,4.785905508185208,-0.046619508719354025,-0.02618138797087688,-0.0014568672879839463,+1055 char+s,5.344918495296678
-10.859226153094312,-3.570524383414302,-0.014503706423003502,0.05222583008705921,0.04166218250043621,winter+wetter bsh,23.593038213269143
-16.61804820420157,-0.6033838184890756,-0.020246492677571875,0.039648676007138256,0.03464259502800694,bsh wegen,17.114773460898164
7.740656648721558,-13.154066374304183,-0.004494216190473588,0.07111333769959387,0.052308060878647374,ost+sturm+s sturm+flut+warnung,44.516702126208074
-21.69703949091092,2.0132614544966234,-0.02833098755034736,0.020648370197221887,0.02412969833852867,Lübecker,11.401374103301924
-21.69703949091092,2.0132614544966234,-0.02833098755034736,0.020648370197221887,0.02412969833852867,sturm+flut+warnung lübecker,11.401374103301924
-23.25454775392779,2.815548273854687,-0.03195845879915868,0.011743637934422534,0.019234376861442897,lübecker kieler,9.649378498865634
-23.972345751138686,3.1852498025258003,-0.03393883856651965,0.0067963396318261385,0.016521945848951988,herausgegeben,8.841968283081354
-23.972345751138686,3.1852498025258003,-0.03393883856651965,0.0067963396318261385,0.016521945848951988,bucht heraus+ge+geb+en,8.841968283081354
-24.689425943357378,3.554541291184073,-0.03617475257577156,0.0011417787518953962,0.013427449581673488,sie gelt,8.035384127397789
-24.920207533925208,3.6733812862294077,-0.03695952865626807,-0.0008597378562142585,0.012333455365394628,gelt freitag+abend,7.775802087926841
-25.459994006687925,3.9513155083776215,-0.038942004067988756,-0.005953990226063285,0.009551965812442532,+528,7.16866506434666
-25.55142662422277,3.9983895924385537,-0.03930044695548738,-0.006880815785103932,0.009046345792316918,+528 char+s,7.065826129591689
-21.419170166602026,1.86846214225588,-0.07287576473781215,-0.003802414818163874,-0.022739928690055627,Flensburg/Kiel/Lübeck,11.714713107655733
-21.419170166602026,1.86846214225588,-0.07287576473781215,-0.003802414818163874,-0.022739928690055627,ostsee flensburg/kiel/lübeck,11.714713107655733
-23.518907656643393,2.9512014444468546,-0.049323129799063434,0.00041846710789205516,0.0006797586581301536,flensburg/kiel/lübeck lno,9.352249673734628
-21.69703949091092,2.0132614544966234,-0.02833098755034736,0.020648370197221887,0.02412969833852867,sturm+flut+warnung kopier+e,11.401374103301924
-19.715661642422752,0.9925244539664879,-0.024654601378159807,0.02944665905500163,0.028985345097611453,der bsh,13.63021970302075
-25.362381917020464,3.901058454695116,-0.038566976971974115,-0.004986158951923163,0.010080094323204628,warn+t kieler,7.278455044642925
-21.419170166602026,1.86846214225588,-0.07287576473781215,-0.003802414818163874,-0.022739928690055627,bucht flensburg,11.714713107655733
-25.961767784605247,4.209635436515388,-0.0410014068724785,-0.011302700738727432,0.006635747959368381,flensburg wasser+stand+e,6.604302915401856
-26.1666649606946,4.315104793124024,-0.04191298052954902,-0.013688458654745918,0.005336271966718924,"1,20",6.373854725906523
-26.1666649606946,4.315104793124024,-0.04191298052954902,-0.013688458654745918,0.005336271966718924,"wasser+stand+e 1,20",6.373854725906523
-26.221021601875897,4.343082856988499,-0.04216244361907815,-0.014343282050534784,0.004979734091293257,"1,20 meter",6.312720473648203
-26.332627276492772,4.400525430500551,-0.042685233425314384,-0.015718253184356157,0.004231270468030932,Normalwert,6.187199994078521
-26.332627276492772,4.400525430500551,-0.042685233425314384,-0.015718253184356157,0.004231270468030932,meter normalwert,6.187199994078521
-21.822591959528236,2.077938239757816,-0.02859534858347682,0.020006608109678525,0.023776284040922052,normalwert erwart+et,11.260142148242036
-26.583959778706685,4.529871924234336,-0.04391808992300861,-0.018975084545710452,0.0024593622674103817,bedeutet,5.90453749833161
-26.583959778706685,4.529871924234336,-0.04391808992300861,-0.018975084545710452,0.0024593622674103817,was bedeut+et,5.90453749833161
-26.775656281912703,4.628514179632872,-0.04491479023801199,-0.021622723598116317,0.001019829625830363,+674,5.68895095021367
-26.775656281912703,4.628514179632872,-0.04491479023801199,-0.021622723598116317,0.001019829625830363,bundesamt… +674,5.68895095021367
-26.807639273469473,4.644970618790533,-0.04508620110700346,-0.02207937708906753,0.0007716274664515618,+674 char+s,5.652982659543717
-20.01830586950731,1.1484417263756965,-0.025163200507286404,0.028244136197730228,0.028320488859553166,Wintereinbruch,13.289773634817948
-18.751528631201666,0.49580949311192946,-0.023138638017366344,0.033001112287334045,0.03095290522714353,winter+einbruch deutschland,14.71478244514177
-23.117879382805363,2.7451536522481996,-0.03160632769095793,0.012617132275248806,0.019713801075130113,deutschland zwei,9.803110673778402
-22.733244183161023,2.54703194949231,-0.030653394996114608,0.01497137419891776,0.02100675664096131,Dutzend,10.23577215147023
-22.733244183161023,2.54703194949231,-0.030653394996114608,0.01497137419891776,0.02100675664096131,zwei dutzend,10.23577215147023
-21.942251407237936,2.139578818412689,-0.02885139546607245,0.01938391933917609,0.023433467609977856,Lkw,11.125539385010184
-21.942251407237936,2.139578818412689,-0.02885139546607245,0.01938391933917609,0.023433467609977856,dutzend lkw,11.125539385010184
-21.42615220699524,1.873715564334531,-0.0277750052838,0.021994228650123026,0.0248711789157444,steckten,11.706091641048928
-21.42615220699524,1.873715564334531,-0.0277750052838,0.021994228650123026,0.0248711789157444,lkw steck+ten,11.706091641048928
-17.17719452982459,-0.3153012886851645,-0.020951313688947475,0.038045780437819976,0.03375168883552355,steck+ten fest,16.48577770288453
-9.819612766445832,-4.106178112971714,-0.013681872992517233,0.05394408116965768,0.04262538012154767,fest sturm+flut+-+warnung,24.762533789152943
-6.555252613287177,-5.795330382630819,-0.15306113178098024,-0.017654233230093144,-0.07896985200812767,sturm+flut+-+warnung ost+see+küste,28.43804808680617
-22.74156037328045,2.549502457515765,-0.0792162580078642,-0.01070843655392216,-0.01629809820744683,ost+see+küste meteorologe+n,10.227255379212682
-23.640038448189326,3.013122707904248,-0.06270692719365882,-0.006362327823552748,-0.0037229612627673637,streiten,9.216211587505768
-23.640038448189326,3.013122707904248,-0.06270692719365882,-0.006362327823552748,-0.0037229612627673637,meteorologe+n streit+en,9.216211587505768
-24.29197878448488,3.3491946378592505,-0.055766884020001135,-0.006468264822244454,0.0005595600364758195,Ausmaß,8.482746637134978
-24.29197878448488,3.3491946378592505,-0.055766884020001135,-0.006468264822244454,0.0005595600364758195,streit+en ausmaß,8.482746637134978
-11.878613553013409,-3.0455815743703223,-0.0032049131391562328,0.009144831817196775,0.01553151778564666,Elli,22.44643914491862
-24.70802737229557,3.5635847849693367,-0.052789556726841484,-0.007590748117533762,0.0019387258938577366,ausmaß elli,8.014708810673422
-12.478692029230896,-2.7367897099761773,-0.061927873663757016,0.025024955786428608,0.004869041474324206,Verkehrsminister,21.771567704529765
-24.937207743740153,3.6816605392817383,-0.0515376293472267,-0.008521185659952323,0.0023394160034196677,elli verkehr+s+minister,7.756899898738339
-14.807708093230666,-1.5363909400063864,-0.04448548251859145,0.03060393446050138,0.018427207048064644,mahnt,19.15139920107031
-14.807708093230666,-1.5363909400063864,-0.04448548251859145,0.03060393446050138,0.018427207048064644,verkehr+s+minister mahn+t,19.15139920107031
-15.674662806075283,-1.0896525698666633,-0.04070105759535674,0.030981764470207496,0.020910498883222987,Vorsicht,18.17611153373609
-15.674662806075283,-1.0896525698666633,-0.04070105759535674,0.030981764470207496,0.020910498883222987,mahn+t vorsicht,18.17611153373609
-16.535948828578235,-0.6458589717072298,-0.037858533433812916,0.03072111915937723,0.022538792941843574,Streusalz,17.207211951246354
-16.535948828578235,-0.6458589717072298,-0.037858533433812916,0.03072111915937723,0.022538792941843574,vorsicht streu+salz,17.207211951246354
-17.47186223140316,-0.16363116641259712,-0.03559451612412105,0.02981369670175763,0.023561112231658996,streu+salz knapp,16.154369500873997
-17.8900882405625,0.051853856685301736,-0.03481878247446957,0.029213446448034388,0.02380433102381309,knapp wetter+dienst,15.683894554887098
-18.875895496854596,0.5597654629009199,-0.033491795518203776,0.027340003083371492,0.023919603157107346,starkem,14.574935926792234
-18.875895496854596,0.5597654629009199,-0.033491795518203776,0.027340003083371492,0.023919603157107346,warn+t stark+em,14.574935926792234
-19.16168526649676,0.707008183831924,-0.03322834040519415,0.026676830083527708,0.02384091726336151,Schneefall,14.253445468092233
-19.16168526649676,0.707008183831924,-0.03322834040519415,0.026676830083527708,0.02384091726336151,stark+em schnee+fall,14.253445468092233
-19.60871660120509,0.9373218483858317,-0.03291829045165562,0.025529568828942698,0.023621817850284846,schnee+fall freitag,13.750572586987065
-19.89349393520119,1.0840391959413669,-0.03278367400940986,0.02472743634835293,0.02342229308021101,freitag der,13.430222791547523
-17.208895729619694,-0.29902295694124703,-0.014237300490894647,0.025607090054601083,0.029599087074136533,Newsblog,16.45014439478152
-17.208895729619694,-0.29902295694124703,-0.014237300490894647,0.025607090054601083,0.029599087074136533,der newsblog,16.45014439478152
-20.485031773699415,1.3887944088436344,-0.032655609167612926,0.022877710431781113,0.022860585972566978,Winterwetters,12.7647964761787
-20.485031773699415,1.3887944088436344,-0.032655609167612926,0.022877710431781113,0.022860585972566978,wegen winter+wetter+s,12.7647964761787
-20.78217602705007,1.5418776624568116,-0.03266697707674039,0.02185132885820016,0.022503460093325062,winter+wetter+s bleib+en,12.430537551000086
5.358517513819496,-11.926677473114818,-0.01201434145882332,0.06724631747826329,0.05333613580749329,Schulen,41.83695063307007
-21.014266290324873,1.6614448030702071,-0.032710655741462966,0.021002408887403873,0.022189368826564228,bleib+en schule+n,12.16945885170423
-21.211189956428072,1.7628938849846376,-0.03277157422030268,0.02024855391501133,0.021898439475624785,schule+n ganz,11.947939624980304
-21.29619938968822,1.8066878301107376,-0.03280463781082733,0.01991336544968088,0.021765851752305637,ganz niedersachsen,11.852312755065304
-21.566513767499647,1.9459431338262902,-0.03293693292750843,0.018807298675430326,0.021315848568232855,niedersachsen freitag,11.548237528299932
-21.797663357162975,2.0650204908540317,-0.03308296419477065,0.01781136597370733,0.02089622406564907,regulären,11.28821939980943
-21.797663357162975,2.0650204908540317,-0.03308296419477065,0.01781136597370733,0.02089622406564907,freitag regulär+en,11.28821939980943
-21.932165628626315,2.1343088961897845,-0.03318198803031828,0.017209799220933575,0.02063698439993043,Schulbetrieb,11.13691936348717
-21.932165628626315,2.1343088961897845,-0.03318198803031828,0.017209799220933575,0.02063698439993043,regulär+en schul+betrieb,11.13691936348717
-22.09684436847494,2.2191417428877784,-0.033317408377644124,0.016450462609258885,0.02030420530340589,schul+betrieb ge+schließ+en,10.951674572786374
-22.491615256289855,2.4225003738430066,-0.033706422406675166,0.014523292213644151,0.019435584351148068,während schule+n,10.507604330800815
-22.573295010991693,2.464575325563821,-0.03379841846965308,0.014104896108201148,0.019243016174599545,Distanzunterricht,10.415724705250184
-22.573295010991693,2.464575325563821,-0.03379841846965308,0.014104896108201148,0.019243016174599545,schule+n distanz+unterricht,10.415724705250184
-22.74712144268181,2.5541159674206666,-0.03400755863659651,0.013191012301384995,0.018818074057016587,distanz+unterricht geb+en,10.220191920841076
-22.856013451408355,2.6102071790398895,-0.0341479348297542,0.01260180562681281,0.01854118399321155,geb+en fall+t,10.097702496064782
-22.942862567656576,2.6549434900462447,-0.03426512692669892,0.01212238397742657,0.01831432156257652,Unterric…,10.000008667303321
-22.942862567656576,2.6549434900462447,-0.03426512692669892,0.01212238397742657,0.01831432156257652,fall+t unterric…,10.000008667303321
-23.034597630277098,2.702196153771413,-0.03439400474625923,0.011606644101453692,0.01806879599020641,+743,9.896818984919992
-23.034597630277098,2.702196153771413,-0.03439400474625923,0.011606644101453692,0.01806879599020641,unterric… +743,9.896818984919992
-23.075052095002384,2.7230340789674488,-0.03445251463142676,0.011376102982331708,0.017958570045584744,+743 char+s,9.851313184900299
-23.877512146346007,3.136407843057409,-0.03366362574885853,0.007487347351214313,0.016900510754356855,elli schnei+t,8.948640275649609
-23.44425244978717,2.913258852889454,-0.03245979270373189,0.010496776217105333,0.018550302124299648,schnei+t deutschland,9.435988947904022
-22.05647213122097,2.1984172628457452,-0.02909964003489732,0.01877917041522562,0.02310061585024259,deutschland flensburg,10.997054760258363
-20.51334058232632,1.4036179030885023,-0.021146083895689102,0.04476282783337274,0.022643120650515502,bereitet,12.732838429952151
-20.60063250181095,1.448441811375142,-0.026191401722970572,0.025798325025555086,0.026969441094225825,flensburg bereit+et,12.63471365198135
-9.819612766445832,-4.106178112971714,-0.013681872992517233,0.05394408116965768,0.04262538012154767,bereit+et sturm+flut,24.762533789152943
-20.19013068020847,1.2369622674461747,-0.025459583487108847,0.02754112513340495,0.02793198709337616,weiteres,13.096487355259917
-20.19013068020847,1.2369622674461747,-0.025459583487108847,0.02754112513340495,0.02793198709337616,sturm+flut weit+er+es,13.096487355259917
-21.69703949091092,2.0132614544966234,-0.02833098755034736,0.020648370197221887,0.02412969833852867,Bundesliga-Spiel,11.401374103301924
-21.69703949091092,2.0132614544966234,-0.02833098755034736,0.020648370197221887,0.02412969833852867,weit+er+es bund+es+liga+-+spiel,11.401374103301924
-23.25454775392779,2.815548273854687,-0.03195845879915868,0.011743637934422534,0.019234376861442897,abgesagt,9.649378498865634
-23.25454775392779,2.815548273854687,-0.03195845879915868,0.011743637934422534,0.019234376861442897,bund+es+liga+-+spiel ab+ge+sag+t,9.649378498865634
-23.777765064771955,3.0850345834721074,-0.03337884386851525,0.008201208716035475,0.017291692877090047,ab+ge+sag+t deutsch+e,9.060839444105898
-24.190432208706472,3.2975677320710086,-0.03458894089822648,0.005159665166049154,0.015625664105829502,deutsch+e bahn,8.59665862922711
-24.385293300798935,3.39792080567647,-0.035191198391297626,0.003637988783654747,0.014792803744359396,bahn stell+t,8.377475091199099
-24.62634787969118,3.5220584848450507,-0.03596618243809574,0.001672265439163309,0.013717518919120786,Fernverkehr,8.106334508650336
-24.62634787969118,3.5220584848450507,-0.03596618243809574,0.001672265439163309,0.013717518919120786,stell+t fernverkehr,8.106334508650336
-25.04933903945778,3.739874245474987,-0.03741425157588375,-0.002023414502336174,0.011697716850678632,fernverkehr norden,7.630556856116331
-25.342054713136342,3.890592504035382,-0.03848984605890958,-0.004787345949323736,0.010188600798869789,Flugverkehr,7.3013183149621605
-25.342054713136342,3.890592504035382,-0.03848984605890958,-0.004787345949323736,0.010188600798869789,norden flug+verkehr,7.3013183149621605
-25.569029191617247,4.007452115966027,-0.03937027035269591,-0.007061561516346987,0.008947756743194115,läuft,7.046027696141962
-25.569029191617247,4.007452115966027,-0.03937027035269591,-0.007061561516346987,0.008947756743194115,flug+verkehr lauf+t,7.046027696141962
-25.670243396575355,4.0595603075355795,-0.03977700864643466,-0.008115764570109346,0.008372829777595264,weitgehend,6.932187806957381
-25.670243396575355,4.0595603075355795,-0.03977700864643466,-0.008115764570109346,0.008372829777595264,lauf+t weitgehend,6.932187806957381
-25.838398548638033,4.146127662818174,-0.04047332381302844,-0.009925699689147437,0.0073861255821132225,normal,6.743058499611834
-25.838398548638033,4.146127662818174,-0.04047332381302844,-0.009925699689147437,0.0073861255821132225,weitgehend normal,6.743058499611834
-25.955113446326777,4.20616750726222,-0.03741761080368674,-0.013821781446053172,0.00663552437166378,normal dwd,6.611807205829697
-20.702999722005078,1.5008993455212067,-0.0011540587670501139,0.0064622468426928925,0.02597722945601348,dwd erwart+et,12.519693100795475
-23.14123001150616,2.75628002210607,0.01137320743608855,-0.018672586721255408,0.01923445460568961,erwart+et sonntag,9.77726454567411
-23.253706941547996,2.813753713374786,0.021782165015782576,-0.027089365127317244,0.018751713986251813,Wintertag,9.650956963819523
-23.253706941547996,2.813753713374786,0.021782165015782576,-0.027089365127317244,0.018751713986251813,sonntag winter+tag,9.650956963819523
-23.407514818793366,2.8897593686786216,0.0697050512464169,-0.0626071770357717,0.017875327577083065,Bilderbuch,9.479426895243435
-23.407514818793366,2.8897593686786216,0.0697050512464169,-0.0626071770357717,0.017875327577083065,winter+tag bild+er+buch,9.479426895243435
-26.456226437111347,4.463154219907699,-0.006448295619065635,-0.04409990398168967,0.0029607168920908374,bild+er+buch der,6.0486489320991685
-26.391881022767144,4.387318652636077,0.2673629251851714,-0.23476652889093236,0.002399114807987251,bild+er+buch sturm+tief,6.140626896870831
-26.74182148544932,4.597440220366277,0.12337336951652692,-0.14168382954027015,-0.0001393410591464042,sturm+tief elli,5.733288656987995
-26.816485316960588,4.639496217971478,0.0967301768363867,-0.12427817047778933,-0.0005953302713211719,löst,5.647650308160663
-26.816485316960588,4.639496217971478,0.0967301768363867,-0.12427817047778933,-0.0005953302713211719,elli lös+t,5.647650308160663
-26.94778152180208,4.711297544861645,0.05802202424855345,-0.09924752309394769,-0.0014032744764132972,lös+t woche+n+ende,5.498043335049607
-27.02897753436558,4.754668931935174,0.039565819403967986,-0.0876155320682061,-0.001933189973673994,woche+n+ende langsam,5.405997123970721
-27.167355837681036,4.8274939460417965,0.01609965318919162,-0.07351159242360221,-0.0029153823916900252,samstag schnei+t,5.249628253398386
-27.225309757818792,4.857738570281409,0.008566798316998844,-0.06927126194448564,-0.003357474031693026,diesmal,5.184256955631317
-27.225309757818792,4.857738570281409,0.008566798316998844,-0.06927126194448564,-0.003357474031693026,schnei+t diesmal,5.184256955631317
-27.261138874693128,4.876387072825928,0.004432420689835473,-0.06703418201105966,-0.0036396176244507493,diesmal eher,5.143865044801262
-27.29509961962661,4.894034788896646,0.0008326207073942691,-0.06515012760453363,-0.003913125717129293,eher süden,5.105592470656399
-27.346885846596223,4.920901834557211,-0.004134877487617139,-0.06266676100250199,-0.004341322394316959,süden norden,5.047251302387879
-27.41627986669415,4.956838622558514,-0.009957323431948314,-0.0599684837004924,-0.004935639530535604,sonntag erwart+et,4.9691036565865625
-27.460164765247455,4.979534860337425,-0.013226812307941725,-0.05857760999221433,-0.005323348282177492,Deutsche…,4.919696878486218
-27.460164765247455,4.979534860337425,-0.013226812307941725,-0.05857760999221433,-0.005323348282177492,erwart+et deutsche…,4.919696878486218
-27.495335735893306,4.997710739514531,-0.01564973575730669,-0.057615873919705754,-0.005640605224468961,+1246,4.880106790403906
-27.495335735893306,4.997710739514531,-0.01564973575730669,-0.057615873919705754,-0.005640605224468961,deutsche… +1246,4.880106790403906
-27.513829947172624,5.00726399819313,-0.016860035057886975,-0.05716005939826904,-0.005809746084874039,+1246 char+s,4.859290822258934
-23.382918179381708,2.8816678461092717,-0.03229606797429267,0.010904392525362558,0.018773900359872954,Auto,9.50498076525117
-23.382918179381708,2.8816678461092717,-0.03229606797429267,0.010904392525362558,0.018773900359872954,deutschland auto,9.50498076525117
-23.04614163298995,2.7082028369792956,-0.03142441375725694,0.0130676417918629,0.019961129750246547,auto versink+t,9.883805468849165
-21.942251407237936,2.139578818412689,-0.02885139546607245,0.01938391933917609,0.023433467609977856,versink+t bayern,11.125539385010184
-20.40243860848691,1.3463380636978597,-0.02583378488591835,0.026651202821246528,0.027440383631827568,eisigem,12.857661857890735
-20.40243860848691,1.3463380636978597,-0.02583378488591835,0.026651202821246528,0.027440383631827568,bayern eisig+em,12.857661857890735
-18.101488179400185,0.16090604434151512,-0.02219617960027681,0.03518734186839762,0.03216489355972479,eisig+em wasser,15.446022576623557
-9.819612766445832,-4.106178112971714,-0.013681872992517233,0.05394408116965768,0.04262538012154767,wasser sturm+flut+-+warnung,24.762533789152943
-16.483405218566133,-0.6740230796737494,-0.07365872045315498,0.011767058200493022,-0.0063765268708760835,ost+see+küste verkehr+s+minister,17.266825494760962
-24.421839291425652,3.4167415322818298,-0.03530650840422639,0.0033460503316719847,0.01463306491116994,Vorbereitungen,8.336367629875395
-23.561678438345485,2.973739966509923,-0.03277773912073609,0.00970405033344452,0.01811554859166863,Kälteeinbruch,9.303902698252218
-23.561678438345485,2.973739966509923,-0.03277773912073609,0.00970405033344452,0.01811554859166863,vorbereitung+en kälte+einbruch,9.303902698252218
-22.165660554973698,2.2546629786048653,-0.02934054791005047,0.01819132746326222,0.022777151409393542,kälte+einbruch stopp+t,10.87423107544191
-21.279593693749394,1.7982159577498456,-0.027482066076018708,0.022701222306708634,0.025260865269459244,Produktion,11.87095380176549
-21.279593693749394,1.7982159577498456,-0.027482066076018708,0.022701222306708634,0.025260865269459244,stopp+t produktion,11.87095380176549
-17.667230823529323,-0.06282763302154581,-0.02159821852381564,0.03656463423570399,0.032929156276842314,Emden,15.934526293143593
-17.667230823529323,-0.06282763302154581,-0.02159821852381564,0.03656463423570399,0.032929156276842314,produktion emden,15.934526293143593
-9.819612766445832,-4.106178112971714,-0.013681872992517233,0.05394408116965768,0.04262538012154767,emden sturm+flut+-+warnung,24.762533789152943
-17.738662857946203,-0.02604371694523344,-0.022697608140774934,0.03626739813204214,0.034911653597445344,Minus,15.854179396713425
9.319923110256202,-13.967623086941302,-0.01372415880855496,0.06661908210944961,0.04399312037974901,Grad,46.29320490874247
9.319923110256202,-13.967623086941302,-0.01372415880855496,0.06661908210944961,0.04399312037974901,minus grad,46.29320490874247
7.748857442014607,-13.158213322275738,-0.009891487689069261,0.06831524047387644,0.048508346975160765,Sachsen,44.525892313186695
-24.25448178642037,3.3305047390732616,-0.03779181133705911,0.004410707704290473,0.021634218492649546,grad sachsen,8.524635835105693
-23.755665931195267,3.0735842384721437,-0.037103783582050145,0.008041889827564881,0.02529191564593634,sachsen niedersachsen,9.085727790576053
-22.858898348176087,2.611633815363523,-0.0365426430025512,0.013766937744726156,0.03227814094050161,schließt,10.094482731784572
-22.858898348176087,2.611633815363523,-0.0365426430025512,0.013766937744726156,0.03227814094050161,niedersachsen schließ+t,10.094482731784572
-21.347337746755443,1.8327971733150594,-0.03794294070815123,0.021582546934030264,0.04673879545823678,schließ+t schule+n,11.79489185657821
-18.868449960926434,0.5541041328982894,-0.053557842619649854,0.030535883770997207,0.09446032543658879,schule+n warnung,14.584138432066505
-13.718183712623588,-2.0984042409007433,-0.0636970288108931,0.020042045952172065,-0.01061804255916585,ostsee der,20.377340953032824
1.0823865699590947,-9.72327372045417,-0.027498625060890413,0.05573809867942278,0.03405996834719561,der winter+wetter,37.02651965711544
-2.1880619359393414,-8.038229355004582,-0.020639571966137638,0.05739614072284325,0.0397369692441258,hält,33.34749633767083
-2.1880619359393414,-8.038229355004582,-0.020639571966137638,0.05739614072284325,0.0397369692441258,winter+wetter halt,33.34749633767083
-3.0857240548768736,-7.575723313685108,-0.01952427853751565,0.0573393747311599,0.04049313397014631,halt deutschland,32.33768984947628
-5.096133347663425,-6.539887868790908,-0.0178330360575714,0.05661593459485713,0.0413477639771763,deutschland atem,30.076119618157396
-11.26686786236413,-3.360488966623107,-0.022273598931993113,0.04777873756736457,0.036803671771056604,atem auf,23.134469135159954
-12.099529691051426,-2.9314722715678823,-0.022065603330533135,0.046736794671088815,0.03660108775064943,auf straße+n,22.19778317851246
-12.822252569507086,-2.5591007137095527,-0.021995683161571654,0.04570740562117066,0.036309869079614504,straße+n komm+t,21.384771165549875
-13.748052047040712,-2.082098527118246,-0.022048984668841892,0.04421395333194349,0.03578666518766869,komm+t schwer+en,20.343313051202983
-14.345137434020842,-1.774461693366236,-0.02216582505966314,0.04314237465852758,0.035361724882469914,schwer+en unfall+en,19.67163527868181
-14.876293196382491,-1.5007947573831615,-0.022323161884786214,0.042114265857057145,0.034926411507428756,unfall+en wegen,19.07412399355916
-8.758142195858515,-4.6530604796852,-0.017887430389623173,0.052697576171565244,0.03826901710527394,experte+n warn+en,25.95660305722143
-7.870630776142185,-5.110339322703245,-0.017818641641622588,0.05365102326633167,0.038397036754103914,lebensgefährlichen,26.954991774327606
-7.870630776142185,-5.110339322703245,-0.017818641641622588,0.05365102326633167,0.038397036754103914,warn+en lebensgefährlich+en,26.954991774327606
-5.995393290381397,-6.076531057447761,-0.0179118840656338,0.055349389091131185,0.03838388323602915,lebensgefährlich+en bedingung+en,29.064503691291815
-3.5934847334567976,-7.314077420101013,-0.020064126289900196,0.05614218284770079,0.03671544986206625,minus,31.766481704077034
-3.5934847334567976,-7.314077420101013,-0.020064126289900196,0.05614218284770079,0.03671544986206625,sachsen minus,31.766481704077034
-0.7798610979348837,-8.763748496771582,-0.023647151640198493,0.05599345906461063,0.03283897017408711,Celsius,34.9316082226406
-0.7798610979348837,-8.763748496771582,-0.023647151640198493,0.05599345906461063,0.03283897017408711,grad celsius,34.9316082226406
-2.9626368695244274,-7.639140876604394,-0.03386034023517957,0.04860486969421889,0.021620667476905314,gemessen,32.47615699009782
-2.9626368695244274,-7.639140876604394,-0.03386034023517957,0.04860486969421889,0.021620667476905314,celsius ge+mess+en,32.47615699009782
5.977075792912135,-12.245385285109379,-0.0051625424992576075,0.07002504227368923,0.05169126712872034,ostsee werd+e,42.53278741853852
24.647367300114173,-21.865178862669254,0.0005119436395399392,0.07809387118370119,0.056270713116437866,werd+e sturm+flut+-+warnung,63.535647094654934
-0.1369477586667891,-9.095541009797362,-0.018029555797950535,0.06478187640919504,0.07069533781893551,ausgerufen,35.655082713371925
-4.572368413107355,-6.810292203345808,-0.022214279300922804,0.06022609188080858,0.07203975611526543,sturm+flut+-+warnung aus+ge+ruf+en,30.665562535352766
-15.534016005619087,-1.1620761175235064,-0.02516568545185573,0.042077877286791056,0.04927657370669204,Mehr…,18.334305055255964
-16.56233936690672,-0.6322139624940109,-0.02518416753780319,0.03944031388012469,0.04525567279953903,mehr… der,17.177498852802696
-23.95713943278711,3.1774099434206793,-0.03452979281728118,0.006854154855514771,0.017909902670789447,geme…,8.85907644312832
-23.95713943278711,3.1774099434206793,-0.03452979281728118,0.006854154855514771,0.017909902670789447,celsius geme…,8.85907644312832
-26.8428763856193,4.663096931506931,-0.045803080445926854,-0.022637969939078587,0.0015875826355057007,+14274,5.613356691825599
-26.8428763856193,4.663096931506931,-0.045803080445926854,-0.022637969939078587,0.0015875826355057007,geme… +14274,5.613356691825599
-26.884616872698388,4.684573069026289,-0.04601404057074635,-0.023245670115899383,0.001220513342922249,+14274 chars,5.566415472945187
-24.457641840984557,3.4351792730411197,-0.03542021575837545,0.0030579834120292443,0.014475459425280257,Bundesländer,8.29609645870296
-24.457641840984557,3.4351792730411197,-0.03542021575837545,0.0030579834120292443,0.014475459425280257,mehrere bund+es+land+er,8.29609645870296
-23.925517217355566,3.1611318830190918,-0.03380238797431338,0.0071390802844165935,0.016709703025535323,schließen,8.89464253577544
-23.925517217355566,3.1611318830190918,-0.03380238797431338,0.0071390802844165935,0.016709703025535323,bund+es+land+er schließ+en,8.89464253577544
-23.04614163298995,2.7082028369792956,-0.03142441375725694,0.0130676417918629,0.019961129750246547,schließ+en schule+n,9.883805468849165
-22.05647213122097,2.1984172628457452,-0.02909964003489732,0.01877917041522562,0.02310061585024259,schule+n minus,10.997054760258363
-18.840211749079927,0.5414989964804438,-0.02327192526504919,0.03269043802102313,0.03078078874656726,grad sachse+n,14.615021676160534
-9.819612766445832,-4.106178112971714,-0.013681872992517233,0.05394408116965768,0.04262538012154767,Sturmflut-Alarm,24.762533789152943
-9.819612766445832,-4.106178112971714,-0.013681872992517233,0.05394408116965768,0.04262538012154767,sachse+n sturm+flut+-+alarm,24.762533789152943
-20.41770546090131,1.3478445650000035,-0.12698524312536874,-0.03088115925138407,-0.07935160661503239,sturm+flut+-+alarm ostsee,12.843419859800942
-26.8428763856193,4.663096931506931,-0.045803080445926854,-0.022637969939078587,0.0015875826355057007,+14691,5.613356691825599
-26.8428763856193,4.663096931506931,-0.045803080445926854,-0.022637969939078587,0.0015875826355057007,geme… +14691,5.613356691825599
-26.884616872698388,4.684573069026289,-0.04601404057074635,-0.023245670115899383,0.001220513342922249,+14691 chars,5.566415472945187
-27.116993785325402,4.804058744506703,-0.04820785741343744,-0.027534877449298292,-0.003219258216047235,erwart+et zentimeter,5.3051203055276215
-27.064970548265983,4.777294677973398,-0.04796859610948087,-0.026756218512831373,-0.002844355998062268,Neuschnee,5.3636242366067854
-27.064970548265983,4.777294677973398,-0.04796859610948087,-0.026756218512831373,-0.002844355998062268,zentimeter neuschnee,5.3636242366067854
-27.004786056651305,4.7463304502433745,-0.04769983200805276,-0.02587360917030196,-0.0024221419969260027,Autofahrer,5.43130678254107
-27.004786056651305,4.7463304502433745,-0.04769983200805276,-0.02587360917030196,-0.0024221419969260027,neuschnee auto+fahrer,5.43130678254107
-26.94614022730371,4.716156366656584,-0.04744608721976038,-0.02503182860969011,-0.0020223373646412225,auto+fahrer soll+en,5.497259655006376
-26.88963358547774,4.687081597011085,-0.04720907900538002,-0.024237330219921305,-0.0016477302056241254,Hause,5.560807417478954
-26.88963358547774,4.687081597011085,-0.04720907900538002,-0.024237330219921305,-0.0016477302056241254,soll+en haus+e,5.560807417478954
-26.854140047003217,4.668818207062178,-0.047063909165619804,-0.02374640392873295,-0.0014176597360590383,haus+e bleib+en,5.600723994607432
-26.772734641597644,4.626928815373657,-0.04674158279929613,-0.02264349135175424,-0.0009049314376328929,hebt,5.692274593098623
-26.772734641597644,4.626928815373657,-0.04674158279929613,-0.02264349135175424,-0.0009049314376328929,bleib+en heb+t,5.692274593098623
-26.73964369296923,4.609900261681656,-0.04661473486043999,-0.022204127233808782,-0.0007023606039388945,Zugbindung,5.7294898399577185
-26.73964369296923,4.609900261681656,-0.04661473486043999,-0.022204127233808782,-0.0007023606039388945,heb+t zug+bindung,5.7294898399577185
-26.633688481643297,4.555373287056962,-0.0462245274179007,-0.02083103934336758,-7.595914387716063e-05,zug+bindung der,5.848651993255863
-22.96342607940703,2.66553005879128,-0.0343656780192708,0.01176791361274225,0.016918096970100376,atem experte+n,9.9768802597059
-21.336743760948984,1.827568682001285,-0.032969036246245684,0.01933518428339311,0.019437155799461425,viel+en land+ern,11.806707681452766
-21.024486521680927,1.6667037601461754,-0.03287922052560778,0.020506526920016428,0.019698244951577133,land+ern fall+en,12.157965318259368
-20.5290658720109,1.4114737138954343,-0.032852738071876775,0.02220154019239625,0.019971703639785388,fall+en schule+n,12.715265590443991
-22.944282847895963,2.6556515789003834,-0.035472750313569786,0.01334786936948159,0.029309952370100242,Liveticker,9.99842030487159
-22.944282847895963,2.6556515789003834,-0.035472750313569786,0.01334786936948159,0.029309952370100242,mehr live+ticker,9.99842030487159
-26.878758077822525,4.681558666627808,-0.04598424664945624,-0.023159897160573498,0.0012722458448186438,Ostse…,5.573004236687638
-26.924700003955202,4.705195843870343,-0.04621949869466069,-0.02383670751392193,0.0008647112750962069,+23416,5.521338400005174
-26.924700003955202,4.705195843870343,-0.04621949869466069,-0.02383670751392193,0.0008647112750962069,ostse… +23416,5.521338400005174
-26.963234239825354,4.725021116596844,-0.04641971827159039,-0.024411952297775666,0.0005195170520118329,+23416 char+s,5.478003472959595
-27.259325590488828,4.877336648656975,-0.04768231406361288,-0.029042740385459134,-0.0030102735850469735,Schattenflotte,5.145033136559971
-23.910796637242733,3.1535503647047847,-0.033759717618311445,0.0072462049444578305,0.0167683917399156,Backhaus,8.911200737430143
-27.193986962135142,4.843729303022659,-0.047284996530734265,-0.027971328162317816,-0.002428713095103875,schatten+flotte back+haus,5.2185079623517305
-23.779821390995775,3.086093671159521,-0.03338466715137678,0.008186623506483227,0.01728369947193614,back+haus wasser+stand,9.05852640974012
-23.594124568288578,2.9904514264507958,-0.032866653070839885,0.009482092825255181,0.01799384348213961,wasser+stand wind,9.267405844540953
-23.453710307098106,2.918130223634236,-0.03248518113894704,0.010433531842270076,0.01851561241856296,Vereisung,9.425350292300102
-23.453710307098106,2.918130223634236,-0.03248518113894704,0.010433531842270076,0.01851561241856296,wind vereisung,9.425350292300102
-23.284357041584293,2.8309021873154867,-0.03203625462782949,0.01155040274705868,0.01912833979423427,belasten,9.615847421314147
-23.284357041584293,2.8309021873154867,-0.03203625462782949,0.01155040274705868,0.01912833979423427,vereisung belast+en,9.615847421314147
-23.117988699238552,2.74520995895118,-0.03160660641294537,0.012616441630225829,0.019713421945699153,belast+en küste,9.802987708391498
-26.361327860245087,4.4152968762662015,-0.04282204404408429,-0.016078672901955166,0.004035116257251222,sie back+haus,6.15492131109791
-25.55142662422277,3.9983895924385537,-0.03930044695548738,-0.006880815785103932,0.009046345792316918,zu winter+sturm,7.065826129591689
-25.321444494302924,3.879980773204079,-0.03841197549110883,-0.0045867091063062915,0.010298108848149863,winter+sturm komm+en,7.324499938921539
-25.09816998524596,3.765017937915027,-0.0375892663891982,-0.0024720583822003747,0.011452673165670967,Mecklenburg-Vorpommerns,7.575632776006552
-25.09816998524596,3.765017937915027,-0.0375892663891982,-0.0024720583822003747,0.011452673165670967,komm+en mecklenburg-vorpommern+s,7.575632776006552
-24.385293300798935,3.39792080567647,-0.035191198391297626,0.003637988783654747,0.014792803744359396,mecklenburg-vorpommern+s küste,8.377475091199099
-23.925517217355566,3.1611318830190918,-0.03380238797431338,0.0071390802844165935,0.016709703025535323,küste hoch+e,8.89464253577544
-23.67265646620813,3.030899186431835,-0.0330838039183085,0.0089395192561397,0.017696377681295505,hoch+e wasser+stand+e,9.179069797888467
-22.815675377707095,2.5894920430625756,-0.030853069662627144,0.01447924449321001,0.020736378372144898,hinzu,10.1430481559004
-22.815675377707095,2.5894920430625756,-0.030853069662627144,0.01447924449321001,0.020736378372144898,wasser+stand+e hinzu,10.1430481559004
-19.158261454094383,0.7053572034896263,-0.0237598437718062,0.0315500980462108,0.030149267262471326,auch küste,14.257243912199833
-21.279593693749394,1.7982159577498456,-0.027482066076018708,0.022701222306708634,0.025260865269459244,sturm+flut wasser+stand+e,11.87095380176549
-23.117879382805363,2.7451536522481996,-0.03160632769095793,0.012617132275248806,0.019713801075130113,"1,0",9.803110673778402
-23.117879382805363,2.7451536522481996,-0.03160632769095793,0.012617132275248806,0.019713801075130113,"wasser+stand+e 1,0",9.803110673778402
-23.382918179381708,2.8816678461092717,-0.03229606797429267,0.010904392525362558,0.018773900359872954,"1,0 meter",9.50498076525117
-24.527116600701174,3.470957308708288,-0.03564299556405773,0.0024930574130916303,0.014166423310318303,mittler+en wasser+stand,8.217950513737712
-24.893080155123542,3.659412477759347,-0.03686546002602242,-0.0006193673732038663,0.012464802112385404,erw…,7.806314687534144
-24.893080155123542,3.659412477759347,-0.03686546002602242,-0.0006193673732038663,0.012464802112385404,wasser+stand erw…,7.806314687534144
-25.04933903945778,3.739874245474987,-0.03741425157588375,-0.002023414502336174,0.011697716850678632,+1355,7.630556856116331
-25.04933903945778,3.739874245474987,-0.03741425157588375,-0.002023414502336174,0.011697716850678632,erw… +1355,7.630556856116331
-25.191445375971302,3.8130457754966622,-0.0379283990835734,-0.0033426182952458403,0.01097727634241652,+1355 chars,7.470718871572293
-26.762018937348635,4.607822277691577,-0.16830709873204872,-0.09148752809943489,-0.12940074790149156,winter+wetter wasser+stand+e,5.71057457616979
-21.732417583578776,1.978781326172137,-0.3207996147288561,-0.14097204924254925,-0.28475778266379487,wasser+stand+e ostsee,11.385772409073947
-22.051644752794967,2.1771822633235836,-0.20169785447716665,-0.07830172980866162,-0.15915348648238592,normalisieren,11.01110482787911
-22.051644752794967,2.1771822633235836,-0.20169785447716665,-0.07830172980866162,-0.15915348648238592,ostsee normalisier+en,11.01110482787911
-21.708487528194354,2.0160864846238598,-0.09273295070856076,-0.016177430116917232,-0.04387256060083802,normalisier+en sturm,11.389915912031574
-26.48008119588328,4.470577907509693,-0.11661318689889706,-0.05942002784906933,-0.07417677148029149,sturm hier,6.024051081274199
-25.64366988450269,4.039439013904914,-0.12237064878636636,-0.05499036632736924,-0.07885915672522076,sie wasser+stand+e,6.965041845786156
-24.267518229821746,3.3358001436699265,-0.06880884425580408,-0.014927225666971564,-0.0205934222506232,der winter+sturm,8.510629109504723
-23.641315121462455,3.0121243259217474,-0.08586739673696162,-0.021089897794624113,-0.03801981340846616,winter+sturm elli,9.215539798386345
-22.449340981499063,2.3872120094626634,-0.1742827373322546,-0.06489906518590667,-0.13046633777995892,elli ost+see+küste,10.56137340210792
-21.61310137225155,1.9692737945550958,-0.054852952080468004,0.005749672840359182,-0.0038222050572087156,ost+see+küste schleswig-holstein+s,11.496142480895033
-9.819612766445832,-4.106178112971714,-0.013681872992517233,0.05394408116965768,0.04262538012154767,schleswig-holstein+s sturm+flut,24.762533789152943
-18.489938366849145,0.36103773160362973,-0.022752216122176927,0.03389974427480176,0.03145091352766698,sturm+flut ge+bring+t,15.009048932039201
-14.446220160496491,-1.722773218600791,-0.007534660391819851,0.08408077004406664,0.028362751994700355,blieben,19.55809783002886
-23.50381069752501,2.943934873150037,-0.032620308561449346,0.010096756759943315,0.018330904107021043,mecklenburg-vorpommern bleib+en,9.36899499178768
-24.106239631015143,3.2542077011591197,-0.034335058887490645,0.005799560531533743,0.015976026046113766,bleib+en wasser+stand+e,8.691360546488195
-24.593906001758096,3.5053519874133214,-0.035859866783904966,0.0019424368278446527,0.01386526700215331,durchweg,8.142825298281636
-24.593906001758096,3.5053519874133214,-0.035859866783904966,0.0019424368278446527,0.01386526700215331,wasser+stand+e durchweg,8.142825298281636
-25.191445375971302,3.8130457754966622,-0.0379283990835734,-0.0033426182952458403,0.01097727634241652,Marke,7.470718871572293
-25.191445375971302,3.8130457754966622,-0.0379283990835734,-0.0033426182952458403,0.01097727634241652,durchweg mark+e,7.470718871572293
-25.421729675573527,3.9316147180600574,-0.03879406714226774,-0.005571980343657169,0.009760404879596746,der hoch+st+en,7.211703096015137
-25.586414904592683,4.016402942560477,-0.03943949649921227,-0.007240826574285125,0.008849980103287833,hoch+st+en wasser+stand+e,7.026473192743432
-25.794574852418805,4.12356745580185,-0.040289304068343954,-0.009446740567367884,0.007647189644134748,wurde…,6.792348130829708
-25.794574852418805,4.12356745580185,-0.040289304068343954,-0.009446740567367884,0.007647189644134748,wasser+stand+e wurde…,6.792348130829708
-25.908366456522305,4.18214598609339,-0.04077097388946006,-0.010701375552219006,0.006963399529401566,+985,6.66436416773895
-25.908366456522305,4.18214598609339,-0.04077097388946006,-0.010701375552219006,0.006963399529401566,wurde… +985,6.66436416773895
-25.9747811701938,4.216334258503954,-0.04105799682665881,-0.01145048365466688,0.006555231218999948,+985 char+s,6.589666612578961
-29.958477519893727,6.266387490568841,-0.03763780672532224,0.037564999412097067,-0.09472850129517328,Elbquerung,2.1094289844337792
-29.95443224499613,6.264216559567041,-0.03625058249569427,0.04277888968869568,-0.09589894450350425,Aus,2.1140185252214803
-29.95443224499613,6.264216559567041,-0.03625058249569427,0.04277888968869568,-0.09589894450350425,elbquerung aus,2.1140185252214803
-29.474233165865233,5.920032766618588,0.09974083332935635,0.5487645666609735,-0.19880854863497352,Freihafenelbbrücke,2.698450781284201
-29.9514940797254,6.262628060764308,-0.035245951326281756,0.04655411043690138,-0.09674498840787141,aus freihafenelbbrücke,2.11735736569699
-29.942648474939613,6.257787142672602,-0.03223628452460546,0.0578604181747357,-0.09927155730183759,Langzeit-Planungen,2.1274360875168403
-29.942648474939613,6.257787142672602,-0.03223628452460546,0.0578604181747357,-0.09927155730183759,freihafenelbbrücke langzeit+-+planung+en,2.1274360875168403
-29.932788405038398,6.252289429535843,-0.02890760191102923,0.0703591101796189,-0.10205198500433585,hinfällig,2.138717248936489
-29.932788405038398,6.252289429535843,-0.02890760191102923,0.0703591101796189,-0.10205198500433585,langzeit+-+planung+en hinfällig,2.138717248936489
-29.92663713333976,6.248806646290163,-0.026844850997668517,0.07810124029009179,-0.10376765092442311,hinfällig der,2.1457793595050623
-29.677218399696176,6.08086627654775,0.04852406810733042,0.3593555027445497,-0.16270479727518752,der freihafenelbbrücke,2.444374077677703
-29.585495907463873,6.009939670738094,0.07264857104573529,0.4487373481210219,-0.18008936648064996,freihafenelbbrücke vergleichsweise,2.55838159332895
-29.530956993415202,5.966308898026197,0.08620896569751624,0.4988489959910837,-0.18956290385669677,geringe,2.6268392445932287
-29.530956993415202,5.966308898026197,0.08620896569751624,0.4988489959910837,-0.18956290385669677,vergleichsweise gering+e,2.6268392445932287
-29.4951605980004,5.9372004357783394,0.09481387110613006,0.5306006261619984,-0.19546594131459036,gering+e bedeutung,2.6719873052809584
-29.37494798259346,5.8373518631071155,0.12213633620520817,0.6311824550832473,-0.21366719448089147,bedeutung verkehr,2.82456569285222
-29.24306629406859,5.725300606418777,0.14962013213634404,0.7320089882755996,-0.23117677155982702,verkehr hamburg,2.9931061094433558
-29.039535742170642,5.549950149291327,0.1877481371293647,0.8713389584431738,-0.2542218998316581,Aber,3.254324009586516
-28.271115486856818,4.893160106745089,0.29938764768022474,1.2760850654221154,-0.3144064424563756,Zerstörung,4.238160050398464
-28.271115486856818,4.893160106745089,0.29938764768022474,1.2760850654221154,-0.3144064424563756,aber zerstörung,4.238160050398464
-29.286869616201514,5.762724961419782,0.14075744769359372,0.6995326603880792,-0.22561538322531094,Schiffskollision,2.9370317135042043
-29.286869616201514,5.762724961419782,0.14075744769359372,0.6995326603880792,-0.22561538322531094,zerstörung schiff+s+kollision,2.9370317135042043
-29.635792633648894,6.049262373438926,0.05963321024876027,0.4005524058366312,-0.1707958759363036,schiff+s+kollision bring+t,2.495667840480581
-25.776532095396714,4.110371963206402,0.05485597133025499,0.12629315541146197,-0.04452442088160308,Pläne,6.814414319179935
-29.69433233386213,6.093688590580571,0.043827491171908685,0.34191940708785623,-0.159239545567914,bring+t plan+e,2.4232906756845622
-29.73581385529181,6.124132218259303,0.032173514258504156,0.29860340843465794,-0.1505248939187324,plan+e brücke+n,2.3724790788280457
-29.7510115004429,6.1350413743777,0.027805339824629932,0.2823488774579023,-0.14721540429730942,durcheinander,2.3539752092491457
-29.7510115004429,6.1350413743777,0.027805339824629932,0.2823488774579023,-0.14721540429730942,brücke+n durcheinander,2.3539752092491457
-29.8499158362082,6.202235848585084,-0.0019891019396320667,0.17120253692119214,-0.12400353243786141,+3971,2.2352960269163322
-29.8499158362082,6.202235848585084,-0.0019891019396320667,0.17120253692119214,-0.12400353243786141,schiff+s+kollision +3971,2.2352960269163322
-29.862562087968993,6.210284665066573,-0.00597741332350693,0.15628711632025785,-0.12081055783891542,+3971 chars,2.220370051114476
-29.9462340349073,6.259759927917091,-0.033453567299924325,0.05328812192726047,-0.09825111147800766,Domino-Effekt,2.1233458635257794
-29.9462340349073,6.259759927917091,-0.033453567299924325,0.05328812192726047,-0.09825111147800766,der domino-effekt,2.1233458635257794
-29.936669158297597,6.254465839889081,-0.030214437064782627,0.06545290171285116,-0.10096213852328051,Brückendesasters,2.1342714033384773
-29.936669158297597,6.254465839889081,-0.030214437064782627,0.06545290171285116,-0.10096213852328051,domino-effekt brücke+n+desaster+s,2.1342714033384773
-29.92663713333976,6.248806646290163,-0.026844850997668517,0.07810124029009179,-0.10376765092442311,brücke+n+desaster+s der,2.1457793595050623
-25.023476438466233,3.727204313218983,-0.025920576345786258,0.041641063819021704,0.001023340373688824,Suche,7.659343665796564
-29.92182724188204,6.246055526367811,-0.025239297079078148,0.08412568886389615,-0.10509917105514541,der suche,2.151314209468209
-29.932788405038398,6.252289429535843,-0.02890760191102923,0.0703591101796189,-0.10205198500433585,Ersatz,2.138717248936489
-29.932788405038398,6.252289429535843,-0.02890760191102923,0.0703591101796189,-0.10205198500433585,suche ersatz,2.138717248936489
-29.943572477236305,6.258296893230364,-0.03254963027988743,0.05668352590454597,-0.09900906752395663,reparierbare,2.1263814088576334
-29.943572477236305,6.258296893230364,-0.03254963027988743,0.05668352590454597,-0.09900906752395663,ersatz reparier+bar+e,2.1263814088576334
-29.949146572726114,6.261351878737237,-0.034445053173258064,0.04956332395913073,-0.09741850137665306,reparier+bar+e freihafenelbbrücke,2.1200282158840587
-29.956167321990453,6.265150000391745,-0.03684500843123907,0.04054487200619402,-0.09539772201066797,freihafenelbbrücke bereit+et,2.112048952294773
-29.960356063088376,6.267389224591213,-0.03828360238169794,0.03513739472600885,-0.094182752357567,zuständigen,2.1073006283765645
-29.960356063088376,6.267389224591213,-0.03828360238169794,0.03513739472600885,-0.094182752357567,bereit+et zuständig+en,2.1073006283765645
-29.963861070958647,6.269247320726972,-0.03949124989721596,0.030597092851745143,-0.09316070672516594,zuständig+en hamburger,2.1033345339159046
-29.96655373444641,6.270665014269732,-0.04042141035933204,0.027099464987260447,-0.09237217960423318,hamburger behörde+n,2.1002921188507617
-29.968820710284348,6.271851956803858,-0.0412061442872401,0.024148287774198047,-0.09170604005016385,behörde+n derzeit,2.097733719700032
-29.97072370787504,6.272843621955466,-0.04186603208690647,0.021666348751433744,-0.09114524452666026,Kopfzerbrechen,2.0955882447092797
-29.97072370787504,6.272843621955466,-0.04186603208690647,0.021666348751433744,-0.09114524452666026,derzeit kopfzerbrechen,2.0955882447092797
-29.97424908563469,6.274669291885609,-0.04309127430911249,0.01705735814908875,-0.09010245295749145,Alle,2.0916189040769417
-29.975281497374066,6.275201115056902,-0.04345077137238189,0.015704874332504115,-0.0897961089415117,langfristigen,2.0904577722813045
-29.975281497374066,6.275201115056902,-0.04345077137238189,0.015704874332504115,-0.0897961089415117,all+e langfristig+en,2.0904577722813045
-29.978016297362462,6.276603653957249,-0.04440455707937712,0.0121162221659437,-0.08898250907953745,Planungen,2.0873848546355465
-29.978016297362462,6.276603653957249,-0.04440455707937712,0.0121162221659437,-0.08898250907953745,langfristig+en planung+en,2.0873848546355465
-29.981401731480105,6.278327257882366,-0.04558827581730024,0.007661707046283446,-0.08797108355088012,Instandsetzung,2.0835866396437916
-29.981401731480105,6.278327257882366,-0.04558827581730024,0.007661707046283446,-0.08797108355088012,planung+en instandsetzung,2.0835866396437916
-29.983845151200384,6.279562523398913,-0.04644469786288045,0.004438353869316354,-0.0872381496005321,seie…,2.0808493001545303
-29.983845151200384,6.279562523398913,-0.04644469786288045,0.004438353869316354,-0.0872381496005321,instandsetzung seie…,2.0808493001545303
-29.98492397012218,6.280105572383144,-0.04682338100839198,0.003012952085565554,-0.0869137566847603,+3682,2.0796417843565447
-29.98492397012218,6.280105572383144,-0.04682338100839198,0.003012952085565554,-0.0869137566847603,seie… +3682,2.0796417843565447
-29.985819888290802,6.280555457501887,-0.04713812193562711,0.0018281720807532542,-0.08664399305366305,+3682 chars,2.078639490649314
-21.935273952501024,2.1359845119172833,-0.028836353343062733,0.01942053081571414,0.023453621218561895,Elbvertiefung,11.13338819224256
-26.46088646180269,4.4665353664862835,-0.04330441311639362,-0.01735142484146107,0.003342565804051033,elbvertiefung der,6.042951549216887
-26.425670014578113,4.448411304506891,-0.04313238458289026,-0.01689716665344629,0.0035897210675858784,tägliche,6.082557999160264
-26.425670014578113,4.448411304506891,-0.04313238458289026,-0.01689716665344629,0.0035897210675858784,der täglich+e,6.082557999160264
-26.34227227123695,4.405489483447619,-0.0427310992859552,-0.015839056504146923,0.004165522851502443,täglich+e newsletter,6.176352547440644
-26.18869876191402,4.326445960707657,-0.042013703354786706,-0.01395274939454573,0.005192364371582301,newsletter hamburg,6.349073538354298
-26.086295222005216,4.273736170420769,-0.04155010414397757,-0.012737413696145942,0.005854196561465099,Raus,6.464246183424288
-26.086295222005216,4.273736170420769,-0.04155010414397757,-0.012737413696145942,0.005854196561465099,hamburg rau+s,6.464246183424288
-25.921923674045992,4.189124903259194,-0.040829204578844536,-0.010853263878151477,0.006880633545434084,Filterblasen,6.64911614171784
-25.921923674045992,4.189124903259194,-0.040829204578844536,-0.010853263878151477,0.006880633545434084,rau+s filter+blase+n,6.64911614171784
-25.637315184876922,4.042608045431572,-0.039643689826693196,-0.007769975644549579,0.008561393560404081,ganze,6.9692234663441885
-25.637315184876922,4.042608045431572,-0.039643689826693196,-0.007769975644549579,0.008561393560404081,ein ganz+e,6.9692234663441885
-25.533602575866816,3.989212988598048,-0.03923001608882849,-0.00669856468594518,0.009145760856460933,Schule,7.0858736974497525
-25.533602575866816,3.989212988598048,-0.03923001608882849,-0.00669856468594518,0.009145760856460933,ganz+e schule,7.0858736974497525
-25.402213181532876,3.9215663590875307,-0.03871907435189559,-0.005378444489586166,0.009866013820807776,liest,7.233654428316292
-25.402213181532876,3.9215663590875307,-0.03871907435189559,-0.005378444489586166,0.009866013820807776,schule les+t,7.233654428316292
-25.073945338785116,3.752544389538934,-0.03750222902578446,-0.0022488883271178997,0.011574561798808586,Buch,7.602880160349697
-25.073945338785116,3.752544389538934,-0.03750222902578446,-0.0022488883271178997,0.011574561798808586,les+t buch,7.602880160349697
-24.946885015048444,3.6871183405591186,-0.0370525247901037,-0.0010974891759762198,0.012203549242640527,buch der,7.745795568613238
-24.837423080721866,3.6307524874175026,-0.036674005276628244,-0.00013053129338112812,0.0127319487833658,der elbvertiefung,7.868917324411097
-24.27092208777652,3.339020269387187,-0.03483518648639418,0.004538126634850773,0.015285425748490695,elbvertiefung montag,8.506121861660061
-23.877512146346007,3.136407843057409,-0.03366362574885853,0.007487347351214313,0.016900510754356855,montag mit,8.948640275649609
-23.319716139585687,2.849114582761845,-0.032129003167241585,0.01131990661348474,0.019001866073686945,Einigung,9.576073651888068
-23.319716139585687,2.849114582761845,-0.032129003167241585,0.01131990661348474,0.019001866073686945,mit einigung,9.576073651888068
-22.370363743505322,2.360109533228619,-0.029802016757829574,0.01706265498752175,0.02215631664042158,Tarifstreit,10.64396547710073
-22.370363743505322,2.360109533228619,-0.029802016757829574,0.01706265498752175,0.02215631664042158,einigung tarif+streit,10.64396547710073
-19.715661642422752,0.9925244539664879,-0.024654601378159807,0.02944665905500163,0.028985345097611453,Jahrestag,13.63021970302075
-19.715661642422752,0.9925244539664879,-0.024654601378159807,0.02944665905500163,0.028985345097611453,tarif+streit jahr+es+tag,13.63021970302075
-9.819612766445832,-4.106178112971714,-0.013681872992517233,0.05394408116965768,0.04262538012154767,jahr+es+tag sturm+flut,24.762533789152943
-20.960539715313047,1.633853303434213,-0.026862413445604014,0.024191821876238463,0.026082876685659125,umstrittenen,12.229855270791823
-20.960539715313047,1.633853303434213,-0.026862413445604014,0.024191821876238463,0.026082876685659125,sturm+flut umstritten+en,12.229855270791823
-22.558871568044935,2.4572120351662097,-0.030238790449014157,0.01599122653815603,0.021567238580464644,Theaterstück,10.4319183452882
-22.558871568044935,2.4572120351662097,-0.030238790449014157,0.01599122653815603,0.021567238580464644,umstritten+en theater+stück,10.4319183452882
-23.50381069752501,2.943934873150037,-0.032620308561449346,0.010096756759943315,0.018330904107021043,Liebe,9.36899499178768
-23.50381069752501,2.943934873150037,-0.032620308561449346,0.010096756759943315,0.018330904107021043,theater+stück lieb+e,9.36899499178768
-23.828279501021832,3.1110513876142134,-0.033522472310182044,0.007841325443355855,0.017094471458747026,Leserin,9.00401891531255
-23.828279501021832,3.1110513876142134,-0.033522472310182044,0.007841325443355855,0.017094471458747026,lieb+e leser+in,9.00401891531255
-24.23112256817123,3.318523463861516,-0.0347129895228888,0.004846668398919576,0.015454316665106658,lieber,8.550889194843322
-24.23112256817123,3.318523463861516,-0.0347129895228888,0.004846668398919576,0.015454316665106658,leser+in lieber,8.550889194843322
-23.828279501021832,3.1110513876142134,-0.033522472310182044,0.007841325443355855,0.017094471458747026,Leser,9.00401891531255
-23.828279501021832,3.1110513876142134,-0.033522472310182044,0.007841325443355855,0.017094471458747026,lieber leser,9.00401891531255
-25.073945338785116,3.752544389538934,-0.03750222902578446,-0.0022488883271178997,0.011574561798808586,letzte,7.602880160349697
-25.073945338785116,3.752544389538934,-0.03750222902578446,-0.0022488883271178997,0.011574561798808586,leser letzt+e,7.602880160349697
-25.23603501883519,3.8360047229795966,-0.03809280805442446,-0.003765230272399722,0.010746539051268131,Roman,7.42056571392824
-25.23603501883519,3.8360047229795966,-0.03809280805442446,-0.003765230272399722,0.010746539051268131,letzt+e roman,7.42056571392824
-25.533602575866816,3.989212988598048,-0.03923001608882849,-0.00669856468594518,0.009145760856460933,roman sie,7.0858736974497525
-25.794574852418805,4.12356745580185,-0.040289304068343954,-0.009446740567367884,0.007647189644134748,sie sicherheit,6.792348130829708
-25.948621950491116,4.202868398551365,-0.040944415275953924,-0.011153912326875036,0.006716815539989405,sicherheit sag+en,6.619088201307722
-26.273045947331486,4.36985977764225,-0.04240433899687207,-0.01497903130764941,0.004633634803092139,Ihrem,6.254209639811683
-26.273045947331486,4.36985977764225,-0.04240433899687207,-0.01497903130764941,0.004633634803092139,sag+en ihr+em,6.254209639811683
-26.332627276492772,4.400525430500551,-0.042685233425314384,-0.015718253184356157,0.004231270468030932,Bekanntenkreis,6.187199994078521
-26.332627276492772,4.400525430500551,-0.042685233425314384,-0.015718253184356157,0.004231270468030932,ihr+em bekanntenkrei+s,6.187199994078521
-26.503428312758935,4.488428957031792,-0.04351431755228605,-0.01790622810777487,0.0030407398223256388,gelesen,5.995106745470612
-26.503428312758935,4.488428957031792,-0.04351431755228605,-0.01790622810777487,0.0030407398223256388,bekanntenkrei+s ge+les+en,5.995106745470612
-26.622127960960498,4.549513275515865,-0.044112471249002014,-0.01949041304489932,0.002179111306057538,Oder,5.861612193107394
-26.65900477255304,4.568489648602068,-0.04430216157370639,-0.019993785205311615,0.0019053929920950265,zumindest,5.820139411817814
-26.65900477255304,4.568489648602068,-0.04430216157370639,-0.019993785205311615,0.0019053929920950265,oder zumindest,5.820139411817814
-26.838661909125573,4.660932568246743,-0.045253923004480195,-0.022526576403606363,0.0005285869161853717,klare,5.618094553380685
-26.838661909125573,4.660932568246743,-0.045253923004480195,-0.022526576403606363,0.0005285869161853717,zumindest klar+e,5.618094553380685
-26.874688528522586,4.679468753410307,-0.04545053040808129,-0.023051263750698617,0.0002434626023340991,Me…,5.5775791634237075
-26.874688528522586,4.679468753410307,-0.04545053040808129,-0.023051263750698617,0.0002434626023340991,klar+e me…,5.5775791634237075
-26.903762167643755,4.694427180475676,-0.04561065203829569,-0.023478956061271414,1.1069982565059533e-05,+9829,5.544883230596493
-26.903762167643755,4.694427180475676,-0.04561065203829569,-0.023478956061271414,1.1069982565059533e-05,me… +9829,5.544883230596493
-26.93757358692058,4.711822793554934,-0.04579853290782041,-0.023981223361127124,-0.00026181794397762623,+9829 chars,5.506859424299993
-10.066442333104106,-3.979000708644371,-0.013872462073738753,0.053547689963464824,0.0424030827616892,Museen,24.484866953267943
-14.544723820662782,-1.6716161243050287,-0.01789830970534676,0.04490159340549719,0.037567948690571784,muse+en hamburger,19.447108820570634
7.627869588830972,-13.095953110999488,-0.004535860023251587,0.07104645601335813,0.05227014507164669,Museum,44.389823965954996
-3.092604244781331,-7.572247540503906,-0.009337221685700382,0.06259282123252605,0.04748970590861354,hamburger museum,32.3299803526974
57.54918054574085,-38.817554953188996,0.0065873609894391075,0.08273136804891787,0.058886591324446916,Sturmflut-Katastrophe,100.54797249755045
24.647367300114173,-21.865178862669254,0.0005119436395399392,0.07809387118370119,0.056270713116437866,museum sturm+flut+-+katastrophe,63.535647094654934
6.8756639630618075,-12.708380898284602,-0.004817361252590108,0.07059107861194053,0.052012023742725684,sturm+flut+-+katastrophe 1962,43.54364117799259
-6.837459283952779,-5.642719546067125,-0.011573923320202044,0.05823827269699071,0.04503718483258545,erinnern,28.117260554117646
-6.837459283952779,-5.642719546067125,-0.011573923320202044,0.05823827269699071,0.04503718483258545,1962 erinner+n,28.117260554117646
-22.815675377707095,2.5894920430625756,-0.030853069662627144,0.01447924449321001,0.020736378372144898,erinner+n hier,10.1430481559004
-22.558871568044935,2.4572120351662097,-0.030238790449014157,0.01599122653815603,0.021567238580464644,thema muse+en,10.4319183452882
-21.69703949091092,2.0132614544966234,-0.02833098755034736,0.020648370197221887,0.02412969833852867,sie hamburger,11.401374103301924
-22.05647213122097,2.1984172628457452,-0.02909964003489732,0.01877917041522562,0.02310061585024259,Gedenken,10.997054760258363
-22.05647213122097,2.1984172628457452,-0.02909964003489732,0.01877917041522562,0.02310061585024259,der gedenk+en,10.997054760258363
-19.158261454094383,0.7053572034896263,-0.0237598437718062,0.0315500980462108,0.030149267262471326,gedenk+en verheerend+e,14.257243912199833
-9.819612766445832,-4.106178112971714,-0.013681872992517233,0.05394408116965768,0.04262538012154767,verheerend+e sturm+flut,24.762533789152943
-20.78623305224153,1.544057044259083,-0.02653386148713302,0.024979428831916714,0.026517441814571045,bekommt,12.4259320572799
-20.78623305224153,1.544057044259083,-0.02653386148713302,0.024979428831916714,0.026517441814571045,1962 bekomm+t,12.4259320572799
-22.27018154634734,2.3085039597834784,-0.029574543921181376,0.017619444776193163,0.022462546352792313,bekomm+t hamburg,10.756657879422269
-23.382918179381708,2.8816678461092717,-0.03229606797429267,0.010904392525362558,0.018773900359872954,festen,9.50498076525117
-23.382918179381708,2.8816678461092717,-0.03229606797429267,0.010904392525362558,0.018773900359872954,hamburg fest+en,9.50498076525117
-23.777765064771955,3.0850345834721074,-0.03337884386851525,0.008201208716035475,0.017291692877090047,fest+en ort,9.060839444105898
-24.23112256817123,3.318523463861516,-0.0347129895228888,0.004846668398919576,0.015454316665106658,Dauerausstellung,8.550889194843322
-24.23112256817123,3.318523463861516,-0.0347129895228888,0.004846668398919576,0.015454316665106658,ein dauer+ausstellung,8.550889194843322
-24.893080155123542,3.659412477759347,-0.03686546002602242,-0.0006193673732038663,0.012464802112385404,dauer+ausstellung museum,7.806314687534144
-25.073945338785116,3.752544389538934,-0.03750222902578446,-0.0022488883271178997,0.011574561798808586,museum elbinsel,7.602880160349697
-17.507494031844573,-0.14512606218992108,-0.021384206794006707,0.03705566836982336,0.03320177061966897,Wilhelmsburg,16.114217224867286
-25.27934779233451,3.858305948480745,-0.03825395850643408,-0.004179827263653284,0.010520205027899701,elbinsel wilhelmsburg,7.371848866846851
-25.68641791191274,4.067887279474698,-0.039842852101039855,-0.00828663144696938,0.008279659958115804,Besuchern,6.913995723771614
-25.68641791191274,4.067887279474698,-0.039842852101039855,-0.00828663144696938,0.008279659958115804,wilhelmsburg besucher+n,6.913995723771614
-25.838398548638033,4.146127662818174,-0.04047332381302844,-0.009925699689147437,0.0073861255821132225,erklären,6.743058499611834
-25.838398548638033,4.146127662818174,-0.04047332381302844,-0.009925699689147437,0.0073861255821132225,besucher+n erklär+en,6.743058499611834
-26.1442289590718,4.3035564874953725,-0.041810971285943674,-0.013420930188357903,0.005481951835055648,erklär+en katastrophe,6.399088318838306
-26.273045947331486,4.36985977764225,-0.04240433899687207,-0.01497903130764941,0.004633634803092139,ka…,6.254209639811683
-26.273045947331486,4.36985977764225,-0.04240433899687207,-0.01497903130764941,0.004633634803092139,katastrophe ka…,6.254209639811683
-26.322902691846505,4.39552038967638,-0.04263910129696218,-0.015596776705585041,0.0042973863136347296,+2723,6.198136964620933
-26.322902691846505,4.39552038967638,-0.04263910129696218,-0.015596776705585041,0.0042973863136347296,ka… +2723,6.198136964620933
-26.380077988149864,4.424946961489656,-0.04291195876283994,-0.01631568318309516,0.003906135087036685,+2723 chars,6.133833661327504
-9.819612766445832,-4.106178112971714,-0.013681872992517233,0.05394408116965768,0.04262538012154767,erinner+n sturm+flut+-+katastrophe,24.762533789152943
-15.793361150834436,-1.0282818194411387,-0.01926578949205887,0.04185936009859693,0.03587264238995071,erinnert,18.042483566601934
-15.793361150834436,-1.0282818194411387,-0.01926578949205887,0.04185936009859693,0.03587264238995071,1962 erinner+t,18.042483566601934
-16.038338972770013,-0.9020630849692637,-0.019550203007423418,0.04122065022498707,0.035517097875877326,erinner+t hamburg,17.766901971322714
-18.396670116591906,0.31298556781507614,-0.022616810878151185,0.034213898312090076,0.031625068606833104,hamburg bislang,15.11396776203895
-14.832620057808086,-1.5233079486444439,-0.02641643264783539,0.0377489186197503,0.02708684160499469,wenig,19.123259926801378
-19.37853011424332,0.8188380849161163,-0.024107188492234616,0.030735404297857635,0.02969831547307393,bislang wenig,14.009461558173946
-20.60063250181095,1.4484418113751438,-0.026191401722970638,0.02579832502555484,0.026969441094225846,ändern,12.634713651981347
-20.60063250181095,1.4484418113751438,-0.026191401722970638,0.02579832502555484,0.026969441094225846,der änder+n,12.634713651981347
-21.124670564676904,1.7184066725695208,-0.027178157262090497,0.02343312440792968,0.025664412464138593,ein museum,12.045225532763077
-12.381162796968777,-2.786360445849464,-0.01580531576563291,0.049458661974851825,0.04011317564230379,Stadtteil,21.880962904954643
-21.425161479492687,1.8732051932070295,-0.027773006874426166,0.02199905669498491,0.024873839655157996,museum stadt+teil,11.70720609924489
-21.39018005535713,1.8551845700495928,-0.027702605132639377,0.022169099737710293,0.024967554191451944,stadt+teil wilhelmsburg,11.746556317264616
-21.265254032877195,1.7908288500923986,-0.02745369114810447,0.022769625252758677,0.025298574751713297,nimmt,11.887084353517631
-21.265254032877195,1.7908288500923986,-0.02745369114810447,0.022769625252758677,0.025298574751713297,wilhelmsburg nehm+t,11.887084353517631
-24.658181495203248,3.538451640212784,-0.036071132909744744,0.0014054064715138745,0.013571594746463954,Gestalt,8.070527945099144
-24.658181495203248,3.538451640212784,-0.036071132909744744,0.0014054064715138745,0.013571594746463954,nehm+t gestalt,8.070527945099144
-9.819612766445832,-4.106178112971714,-0.013681872992517233,0.05394408116965768,0.04262538012154767,hin+zu+füg+en sturm+flut+-+katastrophe,24.762533789152943
-25.921923674045992,4.189124903259194,-0.040829204578844536,-0.010853263878151477,0.006880633545434084,Ges…,6.64911614171784
-25.921923674045992,4.189124903259194,-0.040829204578844536,-0.010853263878151477,0.006880633545434084,nehm+t ges…,6.64911614171784
-26.000419527984008,4.229531855754918,-0.0411699936919266,-0.011743086472382647,0.006395820853276807,+2578,6.5608309085555065
-26.000419527984008,4.229531855754918,-0.0411699936919266,-0.011743086472382647,0.006395820853276807,ges… +2578,6.5608309085555065
-26.07437886367164,4.267602350614886,-0.04149689437901385,-0.012598106546683335,0.0059300711780000785,+2578 char+s,6.4776485124949925
-26.64104957842904,4.559312951397481,-0.043796870641741335,-0.018173235677295854,0.0016388327030912898,WarnWetter,5.840303351606584
-26.64104957842904,4.559312951397481,-0.043796870641741335,-0.018173235677295854,0.0016388327030912898,dwd warn+wetter,5.840303351606584
-19.490054956551226,0.8763288098723692,-0.02346690395903705,0.033430402395525395,0.02870607564776814,5.4.0,13.883990181731965
-26.55677309070264,4.515947150389695,-0.043340991042291534,-0.016933261650261336,0.002231068539490906,warn+wetter 5.4.0,5.935082370149159
-26.507945094860695,4.490820959658725,-0.04308067006053887,-0.016225428236166822,0.0025669760824167213,5.4.0 bring+t,5.989995755940971
-26.44816593433184,4.460058524278985,-0.042765628354834904,-0.015368983682960705,0.0029712100927719483,bring+t neu+e,6.057225569542553
-26.403464329912005,4.437054371047722,-0.04253260665116232,-0.014735612302298612,0.00326855516928733,Pushmeldungen,6.107498915002544
-26.403464329912005,4.437054371047722,-0.04253260665116232,-0.014735612302298612,0.00326855516928733,neu+e pushmeldung+en,6.107498915002544
-26.226715164891022,4.346091332649811,-0.04163158336724369,-0.012286986785458413,0.004404516626213523,detailliertere,6.306280981448948
-26.226715164891022,4.346091332649811,-0.04163158336724369,-0.012286986785458413,0.004404516626213523,pushmeldung+en detaillier+t+er+e,6.306280981448948
-26.05669408395406,4.258583752606974,-0.04079330231055846,-0.010008689667826885,0.005440484191505359,Warngebiete,6.497499544256037
-26.05669408395406,4.258583752606974,-0.04079330231055846,-0.010008689667826885,0.005440484191505359,detaillier+t+er+e warn+gebiet+e,6.497499544256037
-25.90194428782322,4.178930618504113,-0.040052336164110025,-0.007993870968026763,0.006338090509847613,warn+gebiet+e der,6.671545390997018
-21.850289453588587,2.0922324541048267,-0.02826101372682656,0.021360213097673404,0.02332945114679407,WarnWetter-App,11.228973457280084
-21.850289453588587,2.0922324541048267,-0.02826101372682656,0.021360213097673404,0.02332945114679407,der warn+wetter+-+ap+p,11.228973457280084
-21.776849977202957,2.0544344163313495,-0.027555786398371206,0.02382984844820386,0.023024122466466724,erhält,11.311568733320842
-21.776849977202957,2.0544344163313495,-0.027555786398371206,0.02382984844820386,0.023024122466466724,warn+wetter+-+ap+p erhalt,11.311568733320842
-21.408788685878758,1.8648326984291375,-0.026682422457033,0.0261033696988484,0.023930348078188182,Version,11.725594702200281
-21.408788685878758,1.8648326984291375,-0.026682422457033,0.0261033696988484,0.023930348078188182,erhalt version,11.725594702200281
-22.29604853749838,2.321889866279359,-0.028750041631222602,0.020837604490306583,0.02155618216975291,version 5.4.0,10.727532139994338
-22.070234086845247,2.20556964355802,-0.0281782131401617,0.022327757138029626,0.022169018007036537,5.4.0 neu+e,10.981544717114776
-20.62457825160316,1.4608436031780325,-0.02490052351500336,0.030771262613050805,0.02566978848347486,Funktionen,12.607746258519114
-20.62457825160316,1.4608436031780325,-0.02490052351500336,0.030771262613050805,0.02566978848347486,neu+e funktion+en,12.607746258519114
-19.809413790157187,1.0408912649779127,-0.02313513197710626,0.03545032599756012,0.027228022190456384,Polleninformationen,13.524725647330172
-19.809413790157187,1.0408912649779127,-0.02313513197710626,0.03545032599756012,0.027228022190456384,funktion+en polleninformation+en,13.524725647330172
-18.246957736539336,0.23591160667514188,-0.019888581363823758,0.04426604679393568,0.029582268140664773,polleninformation+en sowie,15.282353210671584
-17.600873228041188,-0.09696710652265317,-0.018560163212115736,0.0479769624406412,0.03032828513657298,erweiterte,16.0091491475495
-17.600873228041188,-0.09696710652265317,-0.018560163212115736,0.0479769624406412,0.03032828513657298,sowie erweiter+t+e,16.0091491475495
-16.035026677496383,-0.9037709633011097,-0.01524735811997514,0.057560874137520666,0.0315834416285584,Warnmeldungen,17.770626164930786
-16.035026677496383,-0.9037709633011097,-0.01524735811997514,0.057560874137520666,0.0315834416285584,erweiter+t+e warn+meldung+en,17.770626164930786
-10.74060510888786,-3.6332085166504555,0.0027710232451684334,0.11756706514537704,0.02633152798006208,warn+meldung+en hochwasser,23.72718601172563
-11.530554169694017,-3.2246281662913514,-0.015062485495009641,0.051044557941916556,0.04100060239922636,Update,22.83783952930306
-11.530554169694017,-3.2246281662913514,-0.015062485495009641,0.051044557941916556,0.04100060239922636,der update,22.83783952930306
-13.905648664406161,-2.0008889405864743,-0.017246578026707406,0.046334001374593516,0.038367225365838586,update werd+e,20.16602267740118
-15.882389999807184,-0.982411876487113,-0.0193684986396514,0.041628936086092846,0.035744359381498426,12.,17.94233279890651
-15.882389999807184,-0.982411876487113,-0.0193684986396514,0.041628936086092846,0.035744359381498426,werd+e 12.,17.94233279890651
-16.541728799810166,-0.642705167253161,-0.020152885330875343,0.039860683681361544,0.0347604911836218,März,17.200626888494142
-16.541728799810166,-0.642705167253161,-0.020152885330875343,0.039860683681361544,0.0347604911836218,12. märz,17.200626888494142
-17.241374432480367,-0.282234773424352,-0.021034434857949348,0.0378559938673844,0.03364625617009493,2026,16.413580420165164
-17.241374432480367,-0.282234773424352,-0.021034434857949348,0.0378559938673844,0.03364625617009493,märz 2026,16.413580420165164
-17.835600731679783,0.023918428098706812,-0.021827204964985338,0.03603812463083379,0.032636927599410843,veröffentlicht,15.745123926776028
-17.835600731679783,0.023918428098706812,-0.021827204964985338,0.03603812463083379,0.032636927599410843,2026 veröffentlich+t,15.745123926776028
-24.347977298517563,3.378703404015779,-0.03507424013234425,0.00393390579139713,0.014954735184976838,erweitert,8.419448732287384
-24.347977298517563,3.378703404015779,-0.03507424013234425,0.00393390579139713,0.014954735184976838,veröffentlich+t erweiter+t,8.419448732287384
-24.689425943357378,3.554541291184073,-0.03617475257577156,0.0011417787518953962,0.013427449581673488,erweiter+t mehrere,8.035384127397789
-24.920207533925208,3.6733812862294077,-0.03695952865626807,-0.0008597378562142585,0.012333455365394628,Informations-,7.775802087926841
-24.920207533925208,3.6733812862294077,-0.03695952865626807,-0.0008597378562142585,0.012333455365394628,mehrere information+s+-,7.775802087926841
-25.382432633959287,3.9113819881826006,-0.0386433819547438,-0.005183181101556911,0.009972571229233316,information+s+- der,7.255902784634635
-24.49272624476637,3.453247060102557,-0.03553236416556839,0.0027736853147822954,0.014319930423319152,+1252,8.256633122678657
-24.49272624476637,3.453247060102557,-0.03553236416556839,0.0027736853147822954,0.014319930423319152,veröffentlich+t +1252,8.256633122678657
-24.689425943357378,3.554541291184073,-0.03617475257577156,0.0011417787518953962,0.013427449581673488,+1252 chars,8.035384127397789
-20.19013068020847,1.2369622674461747,-0.025459583487108847,0.02754112513340495,0.02793198709337616,sturm+flut+saison fast,13.096487355259917
-21.075472353845136,1.6931942167730831,-0.024181525005161547,0.034700547683972696,0.023088910540776268,vorbei,12.100505962960401
-21.075472353845136,1.6931942167730831,-0.024181525005161547,0.034700547683972696,0.023088910540776268,fast vorbei,12.100505962960401
-21.97954413335526,2.1588947262272127,-0.016964915088598903,0.06470473830093357,0.012200921001330238,Kaum,11.08353438573091
-21.97954413335526,2.1588947262272127,-0.016964915088598903,0.06470473830093357,0.012200921001330238,vorbei kaum,11.08353438573091
-21.60209474258428,1.9645622604095845,-0.022247977392967876,0.04351909919936816,0.018909636913430956,schaden küste,11.508076160796547
-19.96191564711006,1.119390545364313,-0.025067155977424985,0.028471597550439303,0.028446218424577195,küste insel+n,13.35320723238742
-17.667230823529323,-0.06282763302154581,-0.02159821852381564,0.03656463423570399,0.032929156276842314,trotzen,15.934526293143593
-17.667230823529323,-0.06282763302154581,-0.02159821852381564,0.03656463423570399,0.032929156276842314,insel+n trotz+en,15.934526293143593
-9.819612766445832,-4.106178112971714,-0.013681872992517233,0.05394408116965768,0.04262538012154767,trotz+en sturm+flut+en,24.762533789152943
-10.090453462887421,-3.966629127474624,-0.013891148797597671,0.053508756230277774,0.042381251621639734,Acht,24.457856032418977
-19.158261454094383,0.7053572034896263,-0.0237598437718062,0.0315500980462108,0.030149267262471326,sturm+flut+en acht,14.257243912199833
-7.0331260754220395,-5.5419028603329075,-0.011702261953431659,0.05798179880193157,0.04489295116959316,acht leicht+e,27.89714815417897
7.740656648721558,-13.154066374304183,-0.004494216190473588,0.07111333769959387,0.052308060878647374,leicht+e sturm+flut+en,44.516702126208074
-15.793361150834436,-1.0282818194411387,-0.01926578949205887,0.04185936009859693,0.03587264238995071,küste winter,18.042483566601934
-16.830370366546525,-0.4939589040180117,-0.01727080807127098,0.0513595600908893,0.0313344524587717,winter ge+treff+en,16.875910872682038
-18.316943500411895,0.2711317448889661,-0.006057311048696946,0.09693731056307431,0.016734364146784225,ge+treff+en groß+er+e,15.204000402247067
-18.464669611638918,0.34156625537080565,0.01681621231454749,0.18390812942505033,-0.004133676910128111,groß+er+e sand+verlust+e,15.040406769810616
-19.83896069530383,1.0555663845274514,-0.009290019402899438,0.08812535590141057,0.014401165325289013,sand+verlust+e bleib+en,13.491730662587367
-20.75349710990631,1.5272780838327176,-0.017075204818716407,0.06086024553712145,0.01789336124767545,Ostfriesischen,12.462712045262839
-20.75349710990631,1.5272780838327176,-0.017075204818716407,0.06086024553712145,0.01789336124767545,bleib+en ostfriesisch+en,12.462712045262839
-25.736447815291037,4.094128614958918,-0.035530114681565944,0.008404433987115309,0.0036629158455716536,Inselschutz,6.857500519960256
-25.565416765354893,4.0058399268954386,-0.037218978764655186,0.0011227668738568383,0.006922173219801257,insel+schutz niedersachsen,7.0499761105930805
-25.31833530956198,3.8784164745925787,-0.0380958108880466,-0.0033958445113457247,0.01002344691242871,trotzdem,7.327980121278502
-25.31833530956198,3.8784164745925787,-0.0380958108880466,-0.0033958445113457247,0.01002344691242871,niedersachsen trotzdem,7.327980121278502
-24.99893984151136,3.713922717879246,-0.03723539456314631,-0.0015653602829083235,0.011947934033913598,Geld,7.687245023658743
-24.99893984151136,3.713922717879246,-0.03723539456314631,-0.0015653602829083235,0.011947934033913598,trotzdem geld,7.687245023658743
-24.865489857217092,3.6452052067071055,-0.0367702941177299,-0.00037631882937909367,0.01259762202775792,investieren,7.837348015312777
-24.865489857217092,3.6452052067071055,-0.0367702941177299,-0.00037631882937909367,0.01259762202775792,geld investier+en,7.837348015312777
-19.448810589278338,0.8550459434630593,-0.024219701156848017,0.030470997445165546,0.029552000346070088,hin+zu+füg+en acht,13.930402440832912
-25.736447815291037,4.094128614958918,-0.035530114681565944,0.008404433987115309,0.0036629158455716536,Inselsc…,6.857500519960256
-25.88486204463964,4.170498232638291,-0.03669618394734872,0.004714048560469565,0.0032936451460028188,+3056,6.690590781339079
-25.88486204463964,4.170498232638291,-0.03669618394734872,0.004714048560469565,0.0032936451460028188,inselsc… +3056,6.690590781339079
-25.966349157225746,4.2124273913411185,-0.03731652650247655,0.0027721736545462256,0.003049793183571084,+3056 char+s,6.5989494534945905
-19.15806011326513,0.70480579868837,-0.009277574023059683,0.08657342367597831,0.016854961578535943,Sandstrände,14.257667074451263
-19.15806011326513,0.70480579868837,-0.009277574023059683,0.08657342367597831,0.016854961578535943,sturm+flut+en sand+strand+e,14.257667074451263
-21.622145890449566,1.9748778068299684,-0.023521732754976675,0.038731894327778016,0.019998621537015746,neu,11.485527864600938
-21.622145890449566,1.9748778068299684,-0.023521732754976675,0.038731894327778016,0.019998621537015746,sand+strand+e neu,11.485527864600938
-17.05502579897065,-0.37820663203944616,-0.018281290046246075,0.047954127345151955,0.0316396600903997,aufgeschüttet,16.623188971054354
-22.10755931679182,2.224931829353805,-0.025418671040478704,0.03294142551541889,0.019403479639805224,neu auf+ge+schütt+et,10.939494897672494
-23.289043358036267,2.8334876141709398,-0.029765092301642405,0.02021513728686998,0.016961634160871004,auf+ge+schütt+et einig+e,9.610496072766075
-23.70168012856776,3.0460054413590782,-0.03126823148271322,0.01596051858110492,0.015794879220995088,Touristen,9.146349437934312
-23.70168012856776,3.0460054413590782,-0.03126823148271322,0.01596051858110492,0.015794879220995088,einig+e tourist+en,9.146349437934312
-24.172130042509615,3.2882827799816514,-0.03301197014180822,0.01109601814803525,0.014261191500152818,sonnen,8.617179975727606
-24.172130042509615,3.2882827799816514,-0.03301197014180822,0.01109601814803525,0.014261191500152818,tourist+en sonn+en,8.617179975727606
-24.612472656668608,3.5150376880019003,-0.03469609611117823,0.006454347339599355,0.0126171231433563,sonn+en bereits,8.121883708624981
-24.935681932800815,3.6814620215347684,-0.03597791962874507,0.002949192073580631,0.011271571061298995,bereits strand,7.758344545377818
-19.858808195441497,1.0663783974545336,-0.01868752349230101,0.05247837701894892,0.022933292228397475,Lignano,13.469140705939608
-25.204602767806147,3.8199230831633324,-0.03708187809710674,-5.5587515275568045e-05,0.010054815439207984,strand lignano,7.455872285378539
-25.53684161353766,3.9910559482256804,-0.03776508891240499,-0.0010976672681707392,0.007712826559842321,echten,7.082149427173904
-25.53684161353766,3.9910559482256804,-0.03776508891240499,-0.0010976672681707392,0.007712826559842321,mit echt+en,7.082149427173904
-25.405560272940978,3.9234744596838733,-0.03712743141559509,0.0007051930694153066,0.00831360692539201,Strandbetrieb,7.229804195651321
-25.405560272940978,3.9234744596838733,-0.03712743141559509,0.0007051930694153066,0.00831360692539201,echt+en strand+betrieb,7.229804195651321
-25.101634104500416,3.7670087135976438,-0.035670761224928495,0.00485594474474807,0.009593845986818693,strand+betrieb geh+t,7.5716404571076
-24.89647591824717,3.661383379308475,-0.03469677352158242,0.0076603101526969974,0.01037296870705574,erst,7.802392091737419
-24.89647591824717,3.661383379308475,-0.03469677352158242,0.0076603101526969974,0.01037296870705574,geh+t erst,7.802392091737419
-24.661291712382415,3.5402930593991018,-0.03358215402505656,0.010902579291905794,0.011183157293278952,Mai,8.066918303808544
-24.661291712382415,3.5402930593991018,-0.03358215402505656,0.010902579291905794,0.011183157293278952,erst mai,8.066918303808544
-24.52994379310911,3.47266269001696,-0.03295778165131423,0.012735709385729252,0.011597117863434654,mai los,8.214654659871698
-25.405560272940978,3.9234744596838733,-0.03712743141559509,0.0007051930694153066,0.00831360692539201,los strand,7.229804195651321
-23.031192611895257,2.7008228777222714,-0.02513049159752089,0.03697558717788921,0.014144650535532157,gearbeitet,9.900470819545168
-23.031192611895257,2.7008228777222714,-0.02513049159752089,0.03697558717788921,0.014144650535532157,strand ge+arbeit+et,9.900470819545168
-21.206153528930273,1.7593707274549848,-0.006002419204978993,0.10412540294142136,0.005804950975606217,der sand,11.954017315546693
-18.840211749079927,0.5414989964804438,-0.02327192526504919,0.03269043802102313,0.03078078874656726,sand winter,14.615021676160534
-9.819612766445832,-4.106178112971714,-0.013681872992517233,0.05394408116965768,0.04262538012154767,winter sturm+flut+en,24.762533789152943
-19.158261454094383,0.7053572034896263,-0.0237598437718062,0.0315500980462108,0.030149267262471326,davongetragen,14.257243912199833
-19.158261454094383,0.7053572034896263,-0.0237598437718062,0.0315500980462108,0.030149267262471326,sturm+flut+en davon+ge+trag+en,14.257243912199833
-21.822591959528236,2.077938239757816,-0.02859534858347682,0.020006608109678525,0.023776284040922052,davon+ge+trag+en werd+e,11.260142148242036
-22.971960202722872,2.6699930405340595,-0.031238364005441124,0.013527865612641098,0.020213836281246886,per,9.967249190037494
-22.971960202722872,2.6699930405340595,-0.031238364005441124,0.013527865612641098,0.020213836281246886,werd+e per,9.967249190037494
-23.25454775392779,2.815548273854687,-0.03195845879915868,0.011743637934422534,0.019234376861442897,per bagger,9.649378498865634
-24.01397361292616,3.2067209807912,-0.03372934129883194,0.007752857636052483,0.01603958211459769,bagger auf+ge+schütt+et,8.795129186504354
-24.736687680921555,3.5793761122667513,-0.029857758188704668,0.02540660542861377,0.0070683163324264005,Di…,7.9819927126357495
-24.83164380056125,3.628343244749522,-0.02860333475535849,0.030589153042186398,0.0051275295482379225,di… wind,7.875153602413134
-25.008635240750152,3.719546372550497,-0.024512852286263563,0.04693268676495577,-0.00017569011302068574,wind wasser,7.676043304396637
-24.78675062189396,3.605069807309961,-0.019697157203143294,0.06428583907813509,-0.0028671675598686795,wasser setz+en,7.925715586595492
-24.192611891299943,3.294950675622747,0.0039431349469558775,0.151612171865183,-0.02007160906923836,Sandstränden,8.595897409965009
-24.192611891299943,3.294950675622747,0.0039431349469558775,0.151612171865183,-0.02007160906923836,setz+en sand+strand+en,8.595897409965009
-23.947067298901604,3.172684592237819,-0.02454920260517187,0.04245052537401518,0.007854978886051595,sand+strand+en lignano,8.870189062407817
-23.289043358036267,2.8334876141709398,-0.029765092301642405,0.02021513728686998,0.016961634160871004,lignano winter,9.610496072766075
-20.40243860848691,1.3463380636978597,-0.02583378488591835,0.026651202821246528,0.027440383631827568,allein letzt+en,12.857661857890735
-18.101488179400185,0.16090604434151512,-0.02219617960027681,0.03518734186839762,0.03216489355972479,letzt+en groß+er+en,15.446022576623557
-9.819612766445832,-4.106178112971714,-0.013681872992517233,0.05394408116965768,0.04262538012154767,groß+er+en sturm+flut,24.762533789152943
-18.489938366849145,0.36103773160362973,-0.022752216122176927,0.03389974427480176,0.03145091352766698,sturm+flut ende,15.009048932039201
-19.96191564711006,1.119390545364313,-0.025067155977424985,0.028471597550439303,0.028446218424577195,ende februar,13.35320723238742
-21.42615220699524,1.873715564334531,-0.0277750052838,0.021994228650123026,0.0248711789157444,februar werd+en,11.706091641048928
-22.550479374763114,2.4529317924191876,-0.029644288761919307,0.018228014809551756,0.021054174321062255,Pineta,10.441338611297951
-22.550479374763114,2.4529317924191876,-0.029644288761919307,0.018228014809551756,0.021054174321062255,werd+en pineta,10.441338611297951
-23.068201304117505,2.7198007426571147,-0.027877188957898525,0.026647095194474325,0.016499957072847363,pineta fast,9.858881586947685
-23.36005923465933,2.870243831840246,-0.02592083764831516,0.035095422781187144,0.012923462072700596,20.000,9.530529789845483
-23.36005923465933,2.870243831840246,-0.02592083764831516,0.035095422781187144,0.012923462072700596,fast 20.000,9.530529789845483
-23.67850165937581,3.034288994498409,-0.02143724202023238,0.05329100238861603,0.006731066373778936,Kubikmeter,9.172314445908828
-23.67850165937581,3.034288994498409,-0.02143724202023238,0.05329100238861603,0.006731066373778936,20.000 kubikmeter,9.172314445908828
-23.85689838467178,3.12259863558862,0.0023052722579711485,0.14411431338397834,-0.016248771786141408,kubikmeter sand,8.973268812665417
-24.428040730952645,3.420225090036553,-0.01832196614776518,0.06802033983032355,-0.0013767811301502418,sand meer,8.329249579289456
-24.62705228168969,3.522942640665307,-0.022495653137202157,0.05296608862037984,0.0010047389030314012,gespült,8.105295613076928
-24.62705228168969,3.522942640665307,-0.022495653137202157,0.05296608862037984,0.0010047389030314012,meer ge+spül+t,8.105295613076928
-24.916773270309932,3.6722311681200597,-0.02705137322663466,0.03686678866355855,0.0029730218068598907,Derzeit,7.779376019914416
-25.129347390582353,3.781683761709812,-0.029670664483767907,0.027838494884557852,0.0036629085809068707,sieht…,7.540280040103729
-25.129347390582353,3.781683761709812,-0.029670664483767907,0.027838494884557852,0.0036629085809068707,derzeit sieht…,7.540280040103729
-25.313234072391655,3.876338574479807,-0.03161973671935625,0.0212588997655955,0.003901286861259644,+1381,7.333462817402751
-25.313234072391655,3.876338574479807,-0.03161973671935625,0.0212588997655955,0.003901286861259644,sieht… +1381,7.333462817402751
-25.436606753195765,3.939835566542292,-0.032807859494544137,0.017313534555377985,0.003914065348026883,+1381 chars,7.194709484257167
-26.242101610708232,4.353932814947363,-0.0422600846901262,-0.014599808617955859,0.004840075816350129,Riff,6.289012134078446
-26.242101610708232,4.353932814947363,-0.0422600846901262,-0.014599808617955859,0.004840075816350129,norden riff,6.289012134078446
-26.1442289590718,4.3035564874953725,-0.041810971285943674,-0.013420930188357903,0.005481951835055648,riff süden,6.399088318838306
-26.02555436419087,4.24247012273101,-0.04128044853439459,-0.012031825072508703,0.006238527095483962,süden strand,6.53256158348738
-25.908366456522305,4.18214598609339,-0.04077097388946006,-0.010701375552219006,0.006963399529401566,strand der,6.66436416773895
-25.852691835439003,4.153485690164178,-0.04053374109056887,-0.010083050721387814,0.007300366000618053,verwegene,6.726982512039987
-25.852691835439003,4.153485690164178,-0.04053374109056887,-0.010083050721387814,0.007300366000618053,der verwegen+e,6.726982512039987
-25.70240444140099,4.0761174261127815,-0.039908163110493125,-0.008456174535315546,0.008187216136578235,Rettungsplan,6.896015096688875
-25.70240444140099,4.0761174261127815,-0.039908163110493125,-0.008456174535315546,0.008187216136578235,verwegen+e rettung+s+plan,6.896015096688875
-25.402213181532876,3.9215663590875307,-0.03871907435189559,-0.005378444489586166,0.009866013820807776,rettung+s+plan helgoland,7.233654428316292
-25.402213181532876,3.9215663590875307,-0.03871907435189559,-0.005378444489586166,0.009866013820807776,helgoland helgoland,7.233654428316292
-19.961915647110054,1.1193905453643103,-0.025067155977424996,0.028471597550439636,0.02844621842457705,Verfall,13.353207232387424
-19.961915647110054,1.1193905453643103,-0.025067155977424996,0.028471597550439636,0.02844621842457705,helgoland verfall,13.353207232387424
-19.233314593124458,0.7440241387123878,-0.023877308075120902,0.03127485382690887,0.02999689225678919,verfall rett+en,14.172815870298333
3.449706321851533,-10.94327121771699,-0.004148666737458891,0.07602762064435091,0.04888606696987796,Bürgermeister,39.68970783343975
-17.667230823529326,-0.06282763302154137,-0.021598218523815604,0.03656463423570379,0.03292915627684234,rett+en bürger+meister,15.934526293143588
-13.76960214869493,-2.070984837568261,-0.01711167875173734,0.046629017131922655,0.038531928064123006,300,20.31906537355308
-13.76960214869493,-2.070984837568261,-0.01711167875173734,0.046629017131922655,0.038531928064123006,bürger+meister 300,20.31906537355308
-12.507319527709516,-2.721359578692006,-0.015919019428087572,0.04921439520567936,0.039976567649848714,300 jahr+en,21.739045266249715
7.740656648721558,-13.154066374304183,-0.004494216190473588,0.07111333769959387,0.052308060878647374,jahr+en sturm+flut,44.516702126208074
-8.571600121578548,-4.749210070325072,-0.012758124358763896,0.055846743035481296,0.043693179405654356,getrennten,26.166465522220058
-8.571600121578548,-4.749210070325072,-0.012758124358763896,0.055846743035481296,0.043693179405654356,sturm+flut ge+trenn+t+en,26.166465522220058
-13.481748384840497,-2.2192973199451593,-0.016830497052132472,0.0472422836583572,0.03887439915456947,ge+trenn+t+en teil+e,20.642880572922124
-16.30709465300928,-0.7635938237501572,-0.019868835461000746,0.04050274001744432,0.03511762113306323,vereinen,17.46457227483234
-16.30709465300928,-0.7635938237501572,-0.019868835461000746,0.04050274001744432,0.03511762113306323,teil+e verein+en,17.46457227483234
-17.667230823529326,-0.06282763302154137,-0.021598218523815604,0.03656463423570379,0.03292915627684234,Geplant,15.934526293143588
-19.233314593124458,0.7440241387123878,-0.023877308075120902,0.03127485382690887,0.02999689225678919,neuer,14.172815870298333
-19.233314593124458,0.7440241387123878,-0.023877308075120902,0.03127485382690887,0.02999689225678919,ge+plan+t neu+er,14.172815870298333
-19.650990660606816,0.9592068346133731,-0.024548065854791884,0.029697924613029128,0.029124316101190477,neu+er stadt+teil,13.702968522759887
-20.552319927477225,1.423552652062079,-0.0261034709578457,0.02600824588533283,0.02708533754748181,stadt+teil bucht,12.689060405001916
-20.87472439253905,1.5896445578706215,-0.02669980400085101,0.02458186966316114,0.02629806709373025,Hotels,12.326388501251326
-20.87472439253905,1.5896445578706215,-0.02669980400085101,0.02458186966316114,0.02629806709373025,bucht hotel+s,12.326388501251326
-25.382432633959287,3.9113819881826006,-0.0386433819547438,-0.005183181101556911,0.009972571229233316,Wasserpark,7.255902784634635
-25.382432633959287,3.9113819881826006,-0.0386433819547438,-0.005183181101556911,0.009972571229233316,hotel+s wasser+park,7.255902784634635
-25.68641791191274,4.067887279474698,-0.039842852101039855,-0.00828663144696938,0.008279659958115804,wasser+park sogar,6.913995723771614
-25.569029191617247,4.007452115966027,-0.03937027035269591,-0.007061561516346987,0.008947756743194115,Gezeitenkraftwerk,7.046027696141962
-25.569029191617247,4.007452115966027,-0.03937027035269591,-0.007061561516346987,0.008947756743194115,sogar gezeit+en+kraft+werk,7.046027696141962
-25.382432633959287,3.9113819881826006,-0.0386433819547438,-0.005183181101556911,0.009972571229233316,Wass…,7.255902784634635
-25.382432633959287,3.9113819881826006,-0.0386433819547438,-0.005183181101556911,0.009972571229233316,hotel+s wass…,7.255902784634635
-25.51555227953005,3.979919848692385,-0.039158967268633674,-0.006514782894858025,0.00924601588933387,+38,7.106175762096805
-25.51555227953005,3.979919848692385,-0.039158967268633674,-0.006514782894858025,0.00924601588933387,wass… +38,7.106175762096805
-25.586414904592683,4.016402942560477,-0.03943949649921227,-0.007240826574285125,0.008849980103287833,+38 char+s,7.026473192743432
-27.406929255423385,4.953266927946531,0.04156608208248865,-0.009533386593273796,-0.02149740769826054,Düstere,4.979045793304009
-27.36353427001415,4.930866380839733,0.04801650413954018,-0.0018729917574640334,-0.023932893113518604,düster+e prognose,5.027880355760425
-27.27383386539693,4.884390669024352,0.0616173012454095,0.0184658200409032,-0.029796045605178286,Swiss,5.128902885854401
-27.27383386539693,4.884390669024352,0.0616173012454095,0.0184658200409032,-0.029796045605178286,prognose swiss,5.128902885854401
-27.168592486472555,4.8292929512809,0.07745398972216672,0.05020120892784679,-0.038021001276143815,Versicherte,5.247687682328938
-27.168592486472555,4.8292929512809,0.07745398972216672,0.05020120892784679,-0.038021001276143815,swiss versicher+t+e,5.247687682328938
-26.807273536866493,4.631197043182275,0.1261016952426274,0.19281120434761403,-0.07050396004128792,versicher+t+e schaden,5.659589458626439
-27.04003795831645,4.761554402553901,0.09968130087860796,0.0625316981629512,-0.043474987843142604,steuern,5.392989802308464
-27.04003795831645,4.761554402553901,0.09968130087860796,0.0625316981629512,-0.043474987843142604,schaden steuer+n,5.392989802308464
-27.087488934849095,4.786575149435317,0.09637123467343524,0.013864557458471871,-0.03347684477411006,unaufhaltsam,5.339356554444296
-27.087488934849095,4.786575149435317,0.09637123467343524,0.013864557458471871,-0.03347684477411006,steuer+n un+aufhaltsam,5.339356554444296
-27.05797563174334,4.768023472854435,0.11542651069257698,-0.05499110079820588,-0.02158894741309658,200-Milliarden-Dollar-Marke,5.374101392848866
-27.05797563174334,4.768023472854435,0.11542651069257698,-0.05499110079820588,-0.02158894741309658,un+aufhaltsam 200-milliarden-dollar-mark+e,5.374101392848866
-26.562892273881886,4.465386052549489,0.33125365807948653,-0.2289306322861685,-0.010333496301268185,200-milliarden-dollar-mark+e klima+wandel,5.952853734331449
-22.653878957218453,2.496227358343196,0.13657401785148912,-0.08282889386423878,0.01585182407767989,Inflation,10.329617053172148
-22.653878957218453,2.496227358343196,0.13657401785148912,-0.08282889386423878,0.01585182407767989,klima+wandel inflation,10.329617053172148
-26.877976125059245,4.670706784684351,0.12495957098551264,-0.10966114889392203,-0.009027307187394643,unaufhaltsame,5.578692608120039
-26.877976125059245,4.670706784684351,0.12495957098551264,-0.10966114889392203,-0.009027307187394643,inflation un+aufhaltsam+e,5.578692608120039
-26.8513747886593,4.658613822063391,0.10866566235621533,-0.10428153180574992,-0.0072730759629782045,Urbanisierung,5.607876744188064
-26.8513747886593,4.658613822063391,0.10866566235621533,-0.10428153180574992,-0.0072730759629782045,un+aufhaltsam+e urbanisierung,5.607876744188064
-26.78479183286271,4.624326567366459,0.10862915914348081,-0.10425943078142652,-0.006465580293837033,treiben,5.68276927385768
-26.78479183286271,4.624326567366459,0.10862915914348081,-0.10425943078142652,-0.006465580293837033,urbanisierung treib+en,5.68276927385768
-26.691520282856054,4.574746100988564,0.12340724354050817,-0.11019039172176762,-0.006422874914609255,Kosten,5.7883926824770375
-26.691520282856054,4.574746100988564,0.12340724354050817,-0.11019039172176762,-0.006422874914609255,treib+en kosten,5.7883926824770375
-26.553217470555612,4.4982762604586775,0.16149744430667975,-0.1313704201523997,-0.006208359382869965,Erdbeben,5.946365709033184
-26.553217470555612,4.4982762604586775,0.16149744430667975,-0.1313704201523997,-0.006208359382869965,kosten erdbeben,5.946365709033184
-26.20496450827958,4.2906428119886,0.2936161338803222,-0.21283215737009398,-0.0044476655556068175,Hurrikane,6.351061782662335
-26.20496450827958,4.2906428119886,0.2936161338803222,-0.21283215737009398,-0.0044476655556068175,erdbeben hurrikan+e,6.351061782662335
-26.46308057703527,4.458380784397265,0.12463653904035166,-0.09428233783462978,-0.007473486131925677,Waldbrände,6.044757125526011
-26.46308057703527,4.458380784397265,0.12463653904035166,-0.09428233783462978,-0.007473486131925677,hurrikan+e wald+brand+e,6.044757125526011
-26.456783989841774,4.4601826689767154,0.08346838605854619,-0.05828220400650305,-0.008585717015034643,weltweit,6.049521192192148
-26.456783989841774,4.4601826689767154,0.08346838605854619,-0.05828220400650305,-0.008585717015034643,wald+brand+e weltweit,6.049521192192148
-26.404306692957935,4.435802507494609,0.05665278966423683,-0.0278985934665663,-0.01015998075929905,astronomische,6.107330679684048
-26.404306692957935,4.435802507494609,0.05665278966423683,-0.0278985934665663,-0.01015998075929905,weltweit astronomisch+e,6.107330679684048
-26.29968926486809,4.383534586629303,0.03704558817291851,0.007893387016902127,-0.013397998727669242,Höhen,6.224262261482887
-26.29968926486809,4.383534586629303,0.03704558817291851,0.007893387016902127,-0.013397998727669242,astronomisch+e höhe+n,6.224262261482887
-25.765979271679473,4.101447204473701,0.04652855713568091,0.1802832743816918,-0.04455707669971076,doch schaden,6.827872452650668
-25.962675375432635,4.209978365316505,0.01160981466475752,0.08270316129773445,-0.021319634868754305,rasant,6.6033262496233815
-25.962675375432635,4.209978365316505,0.01160981466475752,0.08270316129773445,-0.021319634868754305,schaden rasant,6.6033262496233815
-25.973831741487125,4.216538735100071,-0.0013692977134182015,0.05442618526804005,-0.013558572339425156,rasant steig+en,6.590408131280841
-25.936189824732523,4.197350550526946,-0.012703239303966498,0.035978697900765466,-0.0075731420762956934,steig+en zieh+t,6.6326606041375324
-25.813421076376816,4.134034704862023,-0.026265492174824524,0.02114991647685104,-0.0011768643581111828,Versicherungswirtschaft,6.770796432194248
-25.813421076376816,4.134034704862023,-0.026265492174824524,0.02114991647685104,-0.0011768643581111828,zieh+t versicherung+s+wirtschaft,6.770796432194248
-25.359448181807224,3.899798773518462,-0.03629177487316565,0.00367321157594417,0.007932480351489659,extremen,7.2816386150927475
-25.359448181807224,3.899798773518462,-0.03629177487316565,0.00367321157594417,0.007932480351489659,versicherung+s+wirtschaft extrem+en,7.2816386150927475
-25.181994819067704,3.8082831413897895,-0.036987595487745564,0.0002006247725259147,0.010160683182747588,Risikogebieten,7.481300706774535
-25.181994819067704,3.8082831413897895,-0.036987595487745564,0.0002006247725259147,0.010160683182747588,extrem+en risiko+gebiet+en,7.481300706774535
-24.720099484357075,3.5703368452924664,-0.036277074524456894,0.0008813040899834923,0.013285040177842234,Beschädigte,8.000882514466898
-24.720099484357075,3.5703368452924664,-0.036277074524456894,0.0008813040899834923,0.013285040177842234,risiko+gebiet+en beschädig+t+e,8.000882514466898
-24.30986335445457,3.3590749376240754,-0.034955586055402846,0.004233912938729066,0.015118921027512907,Schiffe,8.462319972132253
-24.30986335445457,3.3590749376240754,-0.034955586055402846,0.004233912938729066,0.015118921027512907,beschädig+t+e schiff+e,8.462319972132253
-23.972345751138686,3.1852498025258003,-0.03393883856651965,0.0067963396318261385,0.016521945848951988,liegen,8.841968283081354
-23.972345751138686,3.1852498025258003,-0.03393883856651965,0.0067963396318261385,0.016521945848951988,schiff+e lieg+en,8.841968283081354
-23.04614163298995,2.7082028369792956,-0.03142441375725694,0.0130676417918629,0.019961129750246547,lieg+en hafen,9.883805468849165
-22.27018154634734,2.3085039597834784,-0.029574543921181376,0.017619444776193163,0.022462546352792313,hafen schleswig-holstein,10.756657879422269
-22.815675377707095,2.5894920430625756,-0.030853069662627144,0.01447924449321001,0.020736378372144898,Anleger,10.1430481559004
-22.815675377707095,2.5894920430625756,-0.030853069662627144,0.01447924449321001,0.020736378372144898,2023 anleger,10.1430481559004
-24.075176450323227,3.2380733798083168,-0.02163627056687943,-0.0031304391780935595,0.015973542677963422,picture,8.726365840259177
-24.075176450323227,3.2380733798083168,-0.02163627056687943,-0.0031304391780935595,0.015973542677963422,bild+quelle picture,8.726365840259177
-24.359885174721327,3.384404523277647,-0.009136820311175811,-0.015018875408841018,0.014639401124094797,alliance/dpa,8.406256532419492
-24.359885174721327,3.384404523277647,-0.009136820311175811,-0.015018875408841018,0.014639401124094797,picture alliance/dpa,8.406256532419492
-24.748208553123927,3.5827749200740855,0.026920602256352295,-0.0451335567743346,0.012554570260072857,Daniel,7.9702090653681115
-24.748208553123927,3.5827749200740855,0.026920602256352295,-0.0451335567743346,0.012554570260072857,alliance/dpa daniel,7.9702090653681115
-24.859146841366474,3.6376975432301295,0.05769321795215547,-0.06838003149753279,0.011798607841314725,Bockwoldt,7.846441150943012
-24.859146841366474,3.6376975432301295,0.05769321795215547,-0.06838003149753279,0.011798607841314725,daniel bockwoldt,7.846441150943012
-24.782464233996055,3.5816530935480198,0.18117315882687837,-0.1540998080234557,0.01174810617506095,bockwoldt klima+wandel,7.940296995456452
-25.579134826919077,4.010152713498787,0.029184184256607994,-0.056812269955451536,0.008216271133273664,inflation und…,7.035819084360973
-25.69169303809659,4.068643760225379,0.01937126428131236,-0.051272096453443994,0.007648931369011153,+572,6.90897001657609
-25.69169303809659,4.068643760225379,0.01937126428131236,-0.051272096453443994,0.007648931369011153,und… +572,6.90897001657609
-25.776679744039978,4.112706897749643,0.013036669035612576,-0.0478789387312859,0.007202703916096075,+572 chars,6.813239186127994
-13.153456821482422,-2.3901617076098844,0.002506294064606245,0.12007875298854796,0.0221004749669196,Elf,21.012960813448213
26.318837387384125,-22.72837109866585,0.014738241333642994,0.13082369441818625,0.04443572219461551,elf meter,65.41683800448249
-7.5450128513763985,-5.283404316076352,0.018701898956622987,0.17372105405413926,0.017245392595733502,meter hoch+e,27.323695382178663
-7.049764185211945,-5.547842432890079,0.04037044669271731,0.2548978291272226,-0.0006129298077211139,hoch+e welle+n,27.885047985862368
-25.67922877898017,4.064000966471426,-0.013374919880072347,0.09243400567633533,-0.016651527728777888,welle+n hundert+e,6.922151198886487
10.75531948494702,-14.708646319933099,0.007968516685069236,0.11592067576282532,0.04318394477576341,Neuseelands,47.908583828095864
-25.51710756266634,3.9814706590366264,-0.02873576293621083,0.0332086761204326,-0.0006932102006160235,mensch+en neuseeland+s,7.104076905688232
10.86530906895555,-14.76461258500338,0.003149385330153817,0.09760661795426522,0.04748508858831253,Hauptstadt,48.03199464764115
10.86530906895555,-14.76461258500338,0.003149385330153817,0.09760661795426522,0.04748508858831253,neuseeland+s haupt+stadt,48.03199464764115
-25.12935279316544,3.7814420061176035,-0.03396595923320428,0.011477211314281921,0.007735354020837505,haupt+stadt evakuier+t,7.540388439727595
-25.51710756266634,3.9814706590366264,-0.02873576293621083,0.0332086761204326,-0.0006932102006160235,evakuier+t neuseeland+s,7.104076905688232
15.868711395667777,-17.342435675227073,0.0029893495078797336,0.09333252269476161,0.05032656469549153,Wellington,53.66042343181318
5.254617972549308,-11.873419943064707,-0.0012830363132734328,0.08532659206302051,0.047712788036001985,haupt+stadt wellington,41.720194550796734
-10.964362702591778,-3.5163535890203104,-0.014589699747660001,0.05204470931349714,0.04156071267718153,wellington dienstag,23.474766668643895
-8.722767200610576,-4.671321933446929,-0.012866628332482147,0.0556248895758639,0.043568605469116825,dienstag hundert+e,25.996412505332533
57.54918054574085,-38.817554953188996,0.0065873609894391075,0.08273136804891787,0.058886591324446916,mensch+en sturm+flut,100.54797249755045
25.16748409924629,-22.133274154710893,0.0020019427782079265,0.08340259701034483,0.055147400984774594,elf,64.12079287212217
19.520311310588983,-19.22354449753033,-3.1496399382617904e-05,0.07938464922662443,0.0546881515741985,sturm+flut elf,57.76807095052453
13.081094613942899,-15.906908975041187,0.008002800813511474,0.11430575241341466,0.044476659298464505,meter hoch+en,50.52489111942759
4.041305900689974,-11.257039207185109,0.03238792865268787,0.21359817861996672,0.017558858486236263,hoch+en welle+n,40.35929627403198
5.16659148912159,-11.829068840367647,0.006551212620198945,0.11505380832994405,0.04072510791946733,welle+n sicherheit,41.62162588139557
-10.499703352642285,-3.7559079487191003,-0.00938283031864482,0.07116724732153569,0.0376260454254855,Wellingtons,23.99753952290822
-11.86344542409303,-3.0531800003004346,-0.011542924732222007,0.06488159434246318,0.037201789116485424,wellington+s bürger+meister,22.46338981113843
-9.499610913479902,-4.2711106748317,-0.010933039774070032,0.06395666479712975,0.04063743144951816,Andrew,25.12253767584909
-13.11894796012723,-2.406253395461807,-0.013436163628132455,0.059567584139105074,0.03651726762657814,bürger+meister andrew,21.051016739866384
-10.13653503941811,-3.942926455198501,-0.011649307962711705,0.06207860419626893,0.04027299973985514,Little,24.406034592106188
-10.13653503941811,-3.942926455198501,-0.011649307962711705,0.06207860419626893,0.04027299973985514,andrew little,24.406034592106188
-14.339549292222745,-1.7773235086357886,-0.01581466608327409,0.05247676887431183,0.03611874672013459,rief,19.6779119520617
-14.339549292222745,-1.7773235086357886,-0.01581466608327409,0.05247676887431183,0.03611874672013459,little ruf,19.6779119520617
-22.19113901844246,2.2678563126057796,-0.028378270742332002,0.021931672137159415,0.021746167519615042,südlichen,10.84553883707379
-25.70155645379508,4.075890556175692,-0.038172195912875705,-0.0018412030400954474,0.00653092373579826,ruf südlich+en,6.8968718214027085
-21.451764174991972,1.8869588744163215,-0.027007023388180108,0.024988721822468436,0.024036681247722288,Küstenvororte,11.677257946394807
-25.85217956931441,4.153418044458453,-0.0389681777725874,-0.004115572754112687,0.00580199120133364,südlich+en küste+n+vorort+e,6.727467970187181
-26.03773507128921,4.248919869889987,-0.0399611249759202,-0.006935595866363081,0.004840553467468228,Owhiro,6.518778774175474
-26.03773507128921,4.248919869889987,-0.0399611249759202,-0.006935595866363081,0.004840553467468228,küste+n+vorort+e owhiro,6.518778774175474
-22.71186119457191,2.536124147268083,-0.029111572167919188,0.020772327605788104,0.019676697608098558,Bay,10.259775487887449
-26.12128279070544,4.291918007616489,-0.0404137821595134,-0.00821561922495092,0.004384153701534554,owhiro bay,6.424815977953831
-26.177699166995264,4.320952055234959,-0.040721708568340176,-0.009084596503573836,0.004067504174291383,Island,6.361367113037065
-26.177699166995264,4.320952055234959,-0.040721708568340176,-0.009084596503573836,0.004067504174291383,bay island,6.361367113037065
-26.12128279070544,4.291918007616489,-0.0404137821595134,-0.00821561922495092,0.004384153701534554,island bay,6.424815977953831
-26.05982000531878,4.260146626897768,-0.04115248115772248,-0.01136199872183264,0.005753136267587736,Houghton…,6.494005161131652
-26.05982000531878,4.260146626897768,-0.04115248115772248,-0.01136199872183264,0.005753136267587736,bay houghton…,6.494005161131652
-25.9353413663962,4.196031959070332,-0.04088701642251871,-0.011004104706031095,0.00679844150242501,houghton… kopier+e,6.634025059154941
-24.837423080721866,3.6307524874175026,-0.036674005276628244,-0.00013053129338112812,0.0127319487833658,hin+zu+füg+en neuseeland+s,7.868917324411097
-24.133899369167526,3.268806272502366,-0.029745483563824546,0.02338770412661411,0.011445431758742658,wor…,8.660083567863056
-24.133899369167526,3.268806272502366,-0.029745483563824546,0.02338770412661411,0.011445431758742658,ge+bring+t wor…,8.660083567863056
-24.374666171943304,3.392782167054081,-0.03113114633752186,0.01906204789392431,0.01102554572120322,+1062,8.389273251778647
-24.374666171943304,3.392782167054081,-0.03113114633752186,0.01906204789392431,0.01102554572120322,wor… +1062,8.389273251778647
-24.586135872669423,3.5016659834594863,-0.03230052589333644,0.0154714612022425,0.010547483958965202,+1062 chars,8.15141870536463
-19.805040358589906,1.0377972300892129,-0.006872785962206327,0.0972178463665915,0.012331646102887821,welle+n neuseeland+s,13.530021099057347
-24.799960015135465,3.611940114538633,-0.03061370908114226,0.02279769574642816,0.007280284885168874,nan,7.910832762748786
-24.799960015135465,3.611940114538633,-0.03061370908114226,0.02279769574642816,0.007280284885168874,haupt+stadt nan,7.910832762748786
-25.201731176029945,3.818726989853557,-0.018754464439299075,0.06970747298240272,-0.0072204519248939315,nan neuseeland+s,7.458962236020749
-22.647710705913667,2.5029735425449715,-0.030448721399275503,0.01547517390347248,0.021283601772783906,wellington heute,10.331985952740814
-22.05647213122097,2.1984172628457452,-0.02909964003489732,0.01877917041522562,0.02310061585024259,heute hundert+e,10.997054760258363
-25.77897757220021,4.115740615225599,-0.03858038574863168,-0.003009172598040545,0.006161927467932933,+806,6.809797071020226
-25.77897757220021,4.115740615225599,-0.03858038574863168,-0.003009172598040545,0.006161927467932933,ruf +806,6.809797071020226
-25.85217956931441,4.153418044458453,-0.0389681777725874,-0.004115572754112687,0.00580199120133364,+806 char+s,6.727467970187181
5.87864101277933,-12.194666968915328,-0.005200964773544418,0.06996152512846798,0.05165528007968012,Neuseeland,42.42205463348477
-19.448810589278338,0.8550459434630593,-0.024219701156848017,0.030470997445165546,0.029552000346070088,sturm+flut neuseeland,13.930402440832912
-21.69703949091092,2.0132614544966234,-0.02833098755034736,0.020648370197221887,0.02412969833852867,neuseeland hundert+e,11.401374103301924
-19.448810589278338,0.8550459434630593,-0.024219701156848017,0.030470997445165546,0.029552000346070088,hundert+e neuseeland,13.930402440832912
-16.618048204201564,-0.6033838184890801,-0.020246492677571826,0.03964867600713835,0.03464259502800717,neuseeland wegen,17.11477346089817
-10.361665809562364,-3.8268887586031255,-0.014104060138532253,0.05306429842752435,0.04213207088465025,sturm+flut sicherheit,24.15276024498015
-22.48218703888892,2.417968809313984,-0.02485230599196095,0.03624997797498103,0.016935817438966935,ge+bring+t elf,10.518057509130776
-23.766250749400974,3.079274075578512,-0.017137206771199016,0.06996341310467,0.0021620635759641155,welle+n erreich+en,9.073704059525904
-24.425730556855832,3.419265509759461,-0.026613369220711794,0.03646894894833128,0.0063919822127759575,erreich+en küste,8.331747481584522
-19.448810589278338,0.8550459434630593,-0.024219701156848017,0.030470997445165546,0.029552000346070088,küste neuseeland,13.930402440832912
-25.163575496847514,3.7991455840098425,-0.03301822702156309,0.01524306214158195,0.006540976968139892,bringen,7.501857311309406
-25.163575496847514,3.7991455840098425,-0.03301822702156309,0.01524306214158195,0.006540976968139892,neuseeland bring+en,7.501857311309406
-25.439749122007925,3.941297026979588,-0.03497423326919414,0.00907398973178744,0.0059471504837424576,bring+en mensch+en,7.191247970108845
-25.654453761924763,4.051800453905621,-0.036413589188233314,0.004629113925393578,0.005304242151569705,mensch+en gefahr,6.9497761063043875
-25.024340776434475,3.7270021938046063,-0.037325313742979815,-0.001795588482976812,0.011822165060837397,wellington küste+n+vorort+e,7.658674461987934
-20.84876443503748,1.57627095327111,-0.026650941438431226,0.02469898372026113,0.02636268685932429,Notstand,12.355590744965715
-24.49272624476637,3.453247060102557,-0.03553236416556839,0.0027736853147822954,0.014319930423319152,küste+n+vorort+e not+stand,8.256633122678657
-24.148816649467015,3.2761353715527375,-0.034462983835082825,0.005477249616683742,0.015799541594065384,not+stand aus+ge+ruf+en,8.643468816829214
-22.05647213122097,2.1984172628457452,-0.02909964003489732,0.01877917041522562,0.02310061585024259,wellington hundert+e,10.997054760258363
-23.44425244978717,2.913258852889454,-0.03245979270373189,0.010496776217105333,0.018550302124299648,der bürger+meister,9.435988947904022
-24.30986335445457,3.3590749376240754,-0.034955586055402846,0.004233912938729066,0.015118921027512907,bürger+meister neuseeland+s,8.462319972132253
-25.300544512954453,3.869219786084336,-0.038333351149772314,-0.0043842145054161785,0.01040863717755482,wellington andrew,7.348007506837768
-25.73382814091188,4.092294763616071,-0.04003722114759369,-0.008791370244172883,0.008004461943946425,ruf not+stand,6.860671789635491
-25.9747811701938,4.216334258503954,-0.04105799682665881,-0.01145048365466688,0.006555231218999948,not+stand südlich+en,6.589666612578961
-26.1666649606946,4.315104793124024,-0.04191298052954902,-0.013688458654745918,0.005336271966718924,+1183,6.373854725906523
-26.1666649606946,4.315104793124024,-0.04191298052954902,-0.013688458654745918,0.005336271966718924,südlich+en +1183,6.373854725906523
-26.231607537546033,4.348531490706426,-0.0422114136439304,-0.014471922230060039,0.004909698701688524,+1183 chars,6.300814639394424
-26.96772138929884,4.728571207538003,-0.03357385179084982,0.022833286279003717,-0.012495620444157429,Zurückbleibenden,5.47238166256961
-26.759013240903084,4.621050208687367,-0.02522353712308898,0.05332499070038853,-0.017677894074803514,geholfen,5.707152969479261
-26.759013240903084,4.621050208687367,-0.02522353712308898,0.05332499070038853,-0.017677894074803514,zurück+bleib+end+en ge+helf+en,5.707152969479261
-26.63697594067478,4.557638684035172,-0.017999477671139026,0.08006984556464863,-0.0229443920667568,ge+helf+en elf,5.8446765809820445
-26.408915376189906,4.438604806409189,-0.007939661047394972,0.11696648757489107,-0.029556400643262284,zwingen,6.101923189425103
-26.408915376189906,4.438604806409189,-0.007939661047394972,0.11696648757489107,-0.029556400643262284,welle+n zwing+en,6.101923189425103
-26.444827898641726,4.458812979579522,-0.018792773576490646,0.07592641452770904,-0.019847377450212058,zwing+en hundert+e,6.0607495755474075
-26.419863513568828,4.446452752663266,-0.026567192195231824,0.04620158709813836,-0.012210563224269767,hundert+e wellington,6.088607169682017
-26.339145955487094,4.404858896798591,-0.031644455136649326,0.026408661605402436,-0.006442780870716338,Flucht,6.1794141083770775
-26.339145955487094,4.404858896798591,-0.031644455136649326,0.026408661605402436,-0.006442780870716338,wellington flucht,6.1794141083770775
-26.290200675688197,4.379582553004626,-0.03322093171371916,0.02012864040211468,-0.004379882609525546,flucht windbö+en,6.234501583667547
-26.11833857966376,4.290834414327499,-0.03629997812999982,0.00745357246590285,0.00046603270261090166,128,6.427927152852638
-26.11833857966376,4.290834414327499,-0.03629997812999982,0.00745357246590285,0.00046603270261090166,windbö+en 128,6.427927152852638
-26.078345686433213,4.27018937577877,-0.036744559858682475,0.005544448722531292,0.0013216972425493315,128 stunde+n+kilo+meter+n,6.4729345982015
-25.872836686341472,4.164140816232103,-0.038282261730220354,-0.001394353020758743,0.0049351681476197465,peitschten,6.704193359418546
-25.872836686341472,4.164140816232103,-0.038282261730220354,-0.001394353020758743,0.0049351681476197465,stunde+n+kilo+meter+n peitsch+ten,6.704193359418546
-25.64881173110165,4.048592687857722,-0.039167455924383324,-0.0058973705771415,0.00799445537343884,peitsch+ten neuseeland+s,6.95626234719635
-25.685529044576192,4.067640828892711,-0.03808791526299307,-0.0015995970336480023,0.006605823328747474,ruf +966,6.914897745583949
-20.40243860848691,1.3463380636978597,-0.02583378488591835,0.026651202821246528,0.027440383631827568,treff+t neuseeland,12.857661857890735
-22.392594161392573,2.3718072953493428,-0.024881788100148385,0.035857422789793286,0.017437087635495924,neuseeland elf,10.618843281693914
-19.04000344648211,0.6444963730134026,-0.02152252464012515,0.03978923949361266,0.028486668415508808,wellington werd+en,14.390242596185365
-18.202563144649112,0.2129805867872756,-0.022338879469725917,0.03485752006211382,0.031981958836326256,werd+en dienstag,15.332321704686782
-17.17719452982458,-0.3153012886851707,-0.020951313688947433,0.03804578043781985,0.03375168883552333,dienstag mehrere,16.48577770288454
-15.971482511501621,-0.9365091795778682,-0.01947202318672371,0.04139641833550552,0.035614927997670354,hundert,17.842110437280304
-15.971482511501621,-0.9365091795778682,-0.01947202318672371,0.04139641833550552,0.035614927997670354,mehrere hundert,17.842110437280304
-14.299787922587274,-1.7978150712029812,-0.017644923963096498,0.045459882619599885,0.03787938992831077,hundert mensch+en,19.72264410385575
-11.318138844883073,-3.3340733150749795,-0.014883164684036701,0.051424762227281734,0.04121348518276176,mensch+en aufgrund,23.076792381065303
7.740656648721558,-13.154066374304183,-0.004494216190473588,0.07111333769959387,0.052308060878647374,aufgrund sturm+flut,44.516702126208074
-25.339987165575344,3.8897714612503576,-0.03628268980946173,0.003616664930441868,0.008098425115690953,ri…,7.303531029012296
-25.339987165575344,3.8897714612503576,-0.03628268980946173,0.003616664930441868,0.008098425115690953,little ri…,7.303531029012296
-25.439323807239415,3.9409073411085758,-0.036800131386038576,0.0021129482532188035,0.007693075602519566,+1187,7.191805584412497
-25.439323807239415,3.9409073411085758,-0.036800131386038576,0.0021129482532188035,0.007693075602519566,ri… +1187,7.191805584412497
-25.55014775332042,3.997954849893245,-0.037378473060494195,0.0004406265993396538,0.007218312525875466,+1187 chars,7.067160987111112
-25.88082347360782,4.167967430640426,-0.04065323191980762,-0.01039439772728503,0.007130685597522914,alte,6.695342267853404
-25.88082347360782,4.167967430640426,-0.04065323191980762,-0.01039439772728503,0.007130685597522914,der alt+e,6.695342267853404
-25.80934298023965,4.131170051438922,-0.04035111219502392,-0.009607561387593,0.007559528172455764,Damm,6.775738020846886
-25.80934298023965,4.131170051438922,-0.04035111219502392,-0.009607561387593,0.007559528172455764,alt+e damm,6.775738020846886
-25.603588254514104,4.025244385960148,-0.039508135357372506,-0.007418635044943958,0.00875300260315931,damm meer,7.007157567100999
-25.49727082215996,3.970507641734681,-0.03908728973619593,-0.006329444436709297,0.009347125204582835,Warum,7.12673785018738
-25.49727082215996,3.970507641734681,-0.03908728973619593,-0.006329444436709297,0.009347125204582835,meer warum,7.12673785018738
-25.300544512954453,3.869219786084336,-0.038333351149772314,-0.0043842145054161785,0.01040863717755482,Jahrhundertfluten,7.348007506837768
-25.300544512954453,3.869219786084336,-0.038333351149772314,-0.0043842145054161785,0.01040863717755482,warum jahr+hundert+flut+en,7.348007506837768
-21.996414168911016,2.167479703183436,-0.02896863794402409,0.019098431274366934,0.02327632518965607,acht,11.064612742884425
-24.49272624476637,3.453247060102557,-0.03553236416556839,0.0027736853147822954,0.014319930423319152,jahr+hundert+flut+en acht,8.256633122678657
-24.30986335445457,3.3590749376240754,-0.034955586055402846,0.004233912938729066,0.015118921027512907,acht jahr+e,8.462319972132253
-24.0626628566038,3.2317649900649803,-0.03420510377019849,0.006126743174504665,0.016155197984766577,jahr+e geb+t,8.740376898863957
-25.9353413663962,4.196031959070332,-0.04088701642251871,-0.011004104706031095,0.00679844150242501,geb+t der,6.634025059154941
-23.617935492725454,3.0027152581753214,-0.03293220090543789,0.0093183889430511,0.017904086688066423,der meer+es+spiegel,9.240622275430573
-21.942251407237936,2.139578818412689,-0.02885139546607245,0.01938391933917609,0.023433467609977856,schneller,11.125539385010184
-21.942251407237936,2.139578818412689,-0.02885139546607245,0.01938391933917609,0.023433467609977856,steig+t schnell+er,11.125539385010184
-19.448810589278338,0.8550459434630593,-0.024219701156848017,0.030470997445165546,0.029552000346070088,schnell+er erwart+et,13.930402440832912
-9.819612766445832,-4.106178112971714,-0.013681872992517233,0.05394408116965768,0.04262538012154767,erwart+et sturm+flut+en,24.762533789152943
-19.158261454094383,0.7053572034896263,-0.0237598437718062,0.0315500980462108,0.030149267262471326,sturm+flut+en komm+en,14.257243912199833
-20.78623305224153,1.544057044259083,-0.02653386148713302,0.024979428831916714,0.026517441814571045,viermal,12.4259320572799
-20.78623305224153,1.544057044259083,-0.02653386148713302,0.024979428831916714,0.026517441814571045,komm+en viermal,12.4259320572799
-21.942251407237936,2.139578818412689,-0.02885139546607245,0.01938391933917609,0.023433467609977856,viermal häufig+er,11.125539385010184
-23.67265646620813,3.030899186431835,-0.0330838039183085,0.0089395192561397,0.017696377681295505,häufig+er 100,9.179069797888467
-23.877512146346007,3.136407843057409,-0.03366362574885853,0.007487347351214313,0.016900510754356855,100 jahr+en,8.948640275649609
-24.385293300798935,3.39792080567647,-0.035191198391297626,0.003637988783654747,0.014792803744359396,2300,8.377475091199099
-24.385293300798935,3.39792080567647,-0.035191198391297626,0.003637988783654747,0.014792803744359396,bis 2300,8.377475091199099
-24.560835881536978,3.488321854383178,-0.03575215021354616,0.002216004948097393,0.014014885639874908,2300 droh+en,8.180022789557984
-22.024799625716454,2.1821503233663586,-0.01499210060411224,0.017021883292589766,0.021367649334292256,fünf,11.032661344843088
-24.77980298746907,3.60108128461888,-0.03647795155884383,0.000369515227899464,0.013005263462860302,droh+en fünf,7.9337281238065405
-24.920207533925208,3.6733812862294077,-0.03695952865626807,-0.0008597378562142585,0.012333455365394628,fünf meter,7.775802087926841
-25.073945338785116,3.752544389538934,-0.03750222902578446,-0.0022488883271178997,0.011574561798808586,meter anstieg,7.602880160349697
-25.421729675573527,3.9316147180600574,-0.03879406714226774,-0.005571980343657169,0.009760404879596746,welche deutsch+en,7.211703096015137
-25.603588254514104,4.025244385960148,-0.039508135357372506,-0.007418635044943958,0.00875300260315931,deutsch+en ort+e,7.007157567100999
-25.68641791191274,4.067887279474698,-0.039842852101039855,-0.00828663144696938,0.008279659958115804,ort+e treff+t,6.913995723771614
-25.838398548638033,4.146127662818174,-0.04047332381302844,-0.009925699689147437,0.0073861255821132225,treff+t zuerst,6.743058499611834
-26.050202215759732,4.255157577982829,-0.041389402314287005,-0.012316799656395656,0.0060832948545028985,lange,6.504840035348679
-26.050202215759732,4.255157577982829,-0.041389402314287005,-0.012316799656395656,0.0060832948545028985,und lange,6.504840035348679
-26.283185727882213,4.37507864138558,-0.04245184886253561,-0.01510398806389629,0.004565614960042583,lange küste+n,6.242805649895896
-26.398530861012436,4.434443965972586,-0.043000865876032315,-0.01655014279085712,0.0037785489102401815,küste+n schütz+en,6.113080367447275
-23.38291817938171,2.8816678461092744,-0.0322960679742926,0.010904392525362176,0.01877390035987291,Obwohl,9.504980765251167
-23.532950764919164,2.958943649622559,-0.032699402061878324,0.009899506524254462,0.018222730541170136,obwohl damals,9.336216892731123
-26.622127960960498,4.549513275515865,-0.044112471249002014,-0.01949041304489932,0.002179111306057538,no…,5.861612193107394
-26.622127960960498,4.549513275515865,-0.044112471249002014,-0.01949041304489932,0.002179111306057538,damals no…,5.861612193107394
-26.486602882647958,4.479770038779995,-0.04343102348257348,-0.017686001933233886,0.003160543516505746,no… obwohl,6.014029480460775
-26.838661909125573,4.660932568246743,-0.045253923004480195,-0.022526576403606363,0.0005285869161853717,satellitengestützten,5.618094553380685
-26.838661909125573,4.660932568246743,-0.045253923004480195,-0.022526576403606363,0.0005285869161853717,damals satellit+en+ge+stütz+t+en,5.618094553380685
-26.959492350764094,4.723099523513168,-0.04592130062577533,-0.024309671813795133,-0.00044025284847166654,Daten,5.48221002713614
-26.959492350764094,4.723099523513168,-0.04592130062577533,-0.024309671813795133,-0.00044025284847166654,satellit+en+ge+stütz+t+en dat+en,5.48221002713614
-26.99148273862629,4.739557541382064,-0.04610187157211998,-0.024793123918697924,-0.0007028743499044934,dat+en geb,5.446234444819044
-27.01736413279132,4.752872374792094,-0.04624918551436803,-0.025187851697128977,-0.0009172799098964637,machte,5.417129023162346
-27.01736413279132,4.752872374792094,-0.04624918551436803,-0.025187851697128977,-0.0009172799098964637,geb mach+te,5.417129023162346
-27.071973757943457,4.78096569348288,-0.04656368445569499,-0.026031502721289554,-0.0013754717665795287,Weltklimarat,5.355717138371748
-27.071973757943457,4.78096569348288,-0.04656368445569499,-0.026031502721289554,-0.0013754717665795287,mach+te welt+klima+rat,5.355717138371748
-27.132713976093743,4.812211311265761,-0.046919481642889574,-0.026987497984159364,-0.0018945858519881856,IPCC,5.287411723284062
-27.132713976093743,4.812211311265761,-0.046919481642889574,-0.026987497984159364,-0.0018945858519881856,welt+klima+rat ipcc,5.287411723284062
-27.185479139312804,4.839353098802431,-0.04723384015674365,-0.02783352908462404,-0.0023539073073810084,ipcc jahr+en,5.228075278781444
-27.214916120582714,4.854494575289099,-0.04741140372080959,-0.02831197582895674,-0.002613628984427647,erstmals,5.194972527581442
-27.214916120582714,4.854494575289099,-0.04741140372080959,-0.02831197582895674,-0.002613628984427647,jahr+en erstmals,5.194972527581442
-27.25141245631608,4.873266587683553,-0.04763377139611629,-0.028911728891178073,-0.002939167212930905,erstmals angabe+n,5.153931591224345
-27.316531077749346,4.906758924352171,-0.04803679021819767,-0.030000367073645062,-0.0035299707819551017,angabe+n anstieg,5.080705019263741
-27.359755448853452,4.9289892259530195,-0.04830885558239058,-0.030736472160529507,-0.003929385850409226,weltweiten,5.032099317144131
-27.359755448853452,4.9289892259530195,-0.04830885558239058,-0.030736472160529507,-0.003929385850409226,anstieg weltweit+en,5.032099317144131
-27.39756372429311,4.948433209068403,-0.048549889558720076,-0.031389425708683014,-0.0042836362948589606,Ozeanpegels,4.989584379178056
-27.39756372429311,4.948433209068403,-0.048549889558720076,-0.031389425708683014,-0.0042836362948589606,weltweit+en ozean+pegel+s,4.989584379178056
-27.440183817183907,4.970350859770637,-0.048825103086855275,-0.032135898170045835,-0.004688571383415174,Durchschnittlich,4.941659048069483
-27.440183817183907,4.970350859770637,-0.048825103086855275,-0.032135898170045835,-0.004688571383415174,ozean+pegel+s durchschnittlich,4.941659048069483
-27.022458645716814,4.75549324389383,-0.04627831342366325,-0.025265933600781013,-0.0009596898954046772,durchschnittlich acht,5.411399905299209
-27.50770165678606,5.005070198616712,-0.04926890903459747,-0.03334173345159179,-0.005342577015731171,acht zentimeter,4.865737746744367
-27.550743879764852,5.027202149193229,-0.04955698658750603,-0.034125825708091126,-0.005767765748864787,+3863,4.8173390217738445
-27.550743879764852,5.027202149193229,-0.04955698658750603,-0.034125825708091126,-0.005767765748864787,zentimeter +3863,4.8173390217738445
-27.567338186484058,5.035734496773485,-0.04966914943405134,-0.034431404614078995,-0.005933455271468543,+3863 chars,4.798679734070775
-27.586099009904782,5.045552019244498,-0.0380954604248672,-0.034248571544784306,-0.008218501700694377,Film,4.7775064316959615
-27.559619862622895,5.03191773956351,-0.03764568771548472,-0.0342494458247585,-0.007892387428003887,Ahrtalkatastrophe,4.80728960546449
-27.559619862622895,5.03191773956351,-0.03764568771548472,-0.0342494458247585,-0.007892387428003887,film ahrtalkatastroph+e,4.80728960546449
-27.506662362985885,5.004649391819689,-0.036713013185829965,-0.034250886201365655,-0.007257214297788531,ahrtalkatastroph+e wie,4.866855152360053
-27.483245221178016,4.99259157704776,-0.03628597753711232,-0.03425157376776514,-0.006983534375246129,greiser,4.893194333892652
-27.483245221178016,4.99259157704776,-0.03628597753711232,-0.03425157376776514,-0.006983534375246129,wie greis+er,4.893194333892652
-24.743628537309053,3.582516148663279,-0.014542067454925565,-0.001888313906112278,0.01018611247633729,Vater,7.974389766755179
-27.45851436145673,4.979873047186908,-0.03574472898065312,-0.033907504592699145,-0.006786205937225263,greis+er vater,4.921003902694878
-27.439398728046996,4.970043692541574,-0.03531186170473781,-0.03360862943579214,-0.006645228660556047,vater um,4.942498572934299
-27.40652661299512,4.9531400758592286,-0.034554935494556925,-0.0331024404809593,-0.006407442986941594,leben komm,4.97946207005671
-27.39300691698945,4.946187705070924,-0.03423888059587578,-0.032897113256947524,-0.006311351351436203,135,4.994664579835927
-27.39300691698945,4.946187705070924,-0.03423888059587578,-0.032897113256947524,-0.006311351351436203,komm 135,4.994664579835927
-27.37926636070656,4.9391216247568215,-0.033914749857097956,-0.03269014409350207,-0.0062147088601399066,135 mensch+en,5.010115502693047
-27.307020549333714,4.901966977302936,-0.03215993709823267,-0.031630512354617044,-0.005723505562323181,Juli,5.0913552045747785
-27.307020549333714,4.901966977302936,-0.03215993709823267,-0.031630512354617044,-0.005723505562323181,sterb+en juli,5.0913552045747785
-27.28796872030766,4.892168349408568,-0.031682312382988936,-0.03135914882039957,-0.005598724204294348,2021,5.1127790913758995
-27.28796872030766,4.892168349408568,-0.031682312382988936,-0.03135914882039957,-0.005598724204294348,juli 2021,5.1127790913758995
-27.236393758731204,4.865641255961165,-0.030356081617149665,-0.03064169085996972,-0.005270937495390215,Flutkatastrophe,5.1707760455424685
-27.236393758731204,4.865641255961165,-0.030356081617149665,-0.03064169085996972,-0.005270937495390215,2021 flut+katastrophe,5.1707760455424685
-27.559619862622895,5.03191773956351,-0.03764568771548472,-0.0342494458247585,-0.007892387428003887,Ahrtal,4.80728960546449
-27.559619862622895,5.03191773956351,-0.03764568771548472,-0.0342494458247585,-0.007892387428003887,flut+katastrophe ahrtal,4.80728960546449
-27.118631738102927,4.805063785140969,-0.02712875833178441,-0.02909987726518784,-0.004577870108789527,Einer,5.303205068089963
-26.999426004796863,4.743731866458628,-0.0235377705051453,-0.027683283474535594,-0.003956571570720529,ein vater,5.437263062790927
-26.944886245260882,4.715666503171442,-0.02176958199461853,-0.02708705926922582,-0.0037000773442575872,Susanne,5.498600153391202
-26.944886245260882,4.715666503171442,-0.02176958199461853,-0.02708705926922582,-0.0037000773442575872,vater susanne,5.498600153391202
-26.898880262847012,4.691990128100169,-0.02020990139345131,-0.02661120100653247,-0.003497665675483725,Jäger,5.55034098963708
-26.898880262847012,4.691990128100169,-0.02020990139345131,-0.02661120100653247,-0.003497665675483725,susanne jäger,5.55034098963708
-26.799689588076742,4.640934736138856,-0.016611920963314597,-0.025675890408808993,-0.003106055913023934,Gefühle,5.661900022075916
-26.799689588076742,4.640934736138856,-0.016611920963314597,-0.025675890408808993,-0.003106055913023934,jäger gefühl+e,5.661900022075916
-26.746024392714144,4.613306933797496,-0.014516579939205358,-0.02522589649683883,-0.0029205925902828257,gefühl+e fünf,5.7222593102640875
-26.71093017605444,4.595237542723806,-0.01308394352450476,-0.024954793855182983,-0.002809699899018695,fünf jahr+e,5.761732154706178
-26.5974917884028,4.536815945767935,-0.008075587937652564,-0.024217677795929843,-0.002509882345499346,jahr+e verheerend+en,5.889330538089903
-26.487477955930956,4.480132564989724,-0.002579952162291314,-0.02373889030297527,-0.002309811482017615,verheerend+en regen,6.01308862856709
-26.432282485839508,4.451681787458876,0.00045541595310444327,-0.02360304172476714,-0.002245377725236381,filmisch,6.07518528401832
-26.432282485839508,4.451681787458876,0.00045541595310444327,-0.02360304172476714,-0.002245377725236381,regen filmisch,6.07518528401832
-26.343238052028045,4.4057621894294385,0.005808374375540673,-0.023559482240568058,-0.002195329221074252,verarbeitet,6.175372863873247
-26.343238052028045,4.4057621894294385,0.005808374375540673,-0.023559482240568058,-0.002195329221074252,filmisch verarbeit+et,6.175372863873247
-26.109759582912954,4.285174710660286,0.023250170555376454,-0.024843816049277392,-0.002409852430978566,Berichtsdeutsch,6.438153958353086
-25.78970785485492,4.1189620965497475,0.059399464381198835,-0.03250812681046285,-0.003589952065882123,nüchtern,6.798792779118507
-25.78970785485492,4.1189620965497475,0.059399464381198835,-0.03250812681046285,-0.003589952065882123,bericht+s+deutsch nüchtern,6.798792779118507
-25.09827051746519,3.744978288979737,0.22091363433033712,-0.10712132296442828,-0.006813301705789861,Starkregen-,7.584751924754053
-25.09827051746519,3.744978288979737,0.22091363433033712,-0.10712132296442828,-0.006813301705789861,nüchtern stark+reg+en+-,7.584751924754053
-24.87625642064345,3.6459711918715056,0.09259354081080948,0.11575511819620432,-0.03166968424346493,Hochwasserereignis,7.827413665572055
-24.87625642064345,3.6459711918715056,0.09259354081080948,0.11575511819620432,-0.03166968424346493,stark+reg+en+- hochwasser+ereignis,7.827413665572055
-24.90024749806924,3.6634861134721923,0.0027148513569132064,0.016330607950310654,0.002524071541499799,Rede,7.798076756012935
-24.90024749806924,3.6634861134721923,0.0027148513569132064,0.016330607950310654,0.002524071541499799,hochwasser+ereignis rede,7.798076756012935
-24.447642389532227,3.4302715831357773,-0.027810834930769756,0.011068420208238595,0.011659010345790945,größten,8.307232271854996
-24.447642389532227,3.4302715831357773,-0.027810834930769756,0.011068420208238595,0.011659010345790945,rede groß,8.307232271854996
-24.178444992026904,3.291489340252054,-0.03355511066949722,0.009051584854969971,0.014730768128769601,Schadensereignis,8.610097997107182
-24.178444992026904,3.291489340252054,-0.03355511066949722,0.009051584854969971,0.014730768128769601,groß schaden+s+ereignis,8.610097997107182
-22.370363743505322,2.360109533228619,-0.029802016757829574,0.01706265498752175,0.02215631664042158,schaden+s+ereignis deutschland,10.64396547710073
-18.489938366849145,0.36103773160362973,-0.022752216122176927,0.03389974427480176,0.03145091352766698,seit hamburger,15.009048932039201
-9.819612766445832,-4.106178112971714,-0.013681872992517233,0.05394408116965768,0.04262538012154767,hamburger sturm+flut,24.762533789152943
-19.448810589278338,0.8550459434630593,-0.024219701156848017,0.030470997445165546,0.029552000346070088,sturm+flut jahr,13.930402440832912
-20.60063250181095,1.448441811375142,-0.026191401722970572,0.025798325025555086,0.026969441094225825,jahr 1962,12.63471365198135
-21.42615220699524,1.873715564334531,-0.0277750052838,0.021994228650123026,0.0248711789157444,1962 erleb+t,11.706091641048928
-22.558871568044935,2.4572120351662097,-0.030238790449014157,0.01599122653815603,0.021567238580464644,+4682,10.4319183452882
-22.558871568044935,2.4572120351662097,-0.030238790449014157,0.01599122653815603,0.021567238580464644,erleb+t +4682,10.4319183452882
-23.04614163298995,2.7082028369792956,-0.03142441375725694,0.0130676417918629,0.019961129750246547,+4682 chars,9.883805468849165
-19.297357846239983,0.7770139626197521,-0.02456737523209209,0.03069888838712533,0.029244014215662577,Rungholt,14.10077531208766
-25.321444494302924,3.879980773204079,-0.03841197549110883,-0.0045867091063062915,0.010298108848149863,rungholt auf,7.324499938921539
-25.14551368794526,3.789395529297415,-0.03776059887286555,-0.0029116734618770124,0.011212592308626906,auf suche,7.52238165601485
-24.750219590079354,3.585847303912732,-0.036378130619280205,0.0006239071327552997,0.013144324862751394,versunkenen,7.967003452031686
-24.750219590079354,3.585847303912732,-0.036378130619280205,0.0006239071327552997,0.013144324862751394,suche versink+en+en,7.967003452031686
-22.00601938869917,2.172415894557499,-0.029704785478321286,0.018635716803009243,0.022493166774635247,Stadt,11.053813536633442
-24.347977298517563,3.378703404015779,-0.03507424013234425,0.00393390579139713,0.014954735184976838,versink+en+en stadt,8.419448732287384
-25.51555227953005,3.979919848692385,-0.039158967268633674,-0.006514782894858025,0.00924601588933387,stadt rungholt,7.106175762096805
-23.117879382805363,2.7451536522481996,-0.03160632769095793,0.012617132275248806,0.019713801075130113,blühende,9.803110673778402
-23.117879382805363,2.7451536522481996,-0.03160632769095793,0.012617132275248806,0.019713801075130113,rungholt blüh+end+e,9.803110673778402
-22.370363743505322,2.360109533228619,-0.029802016757829574,0.01706265498752175,0.02215631664042158,Handelsstadt,10.64396547710073
-22.370363743505322,2.360109533228619,-0.029802016757829574,0.01706265498752175,0.02215631664042158,blüh+end+e handel+s+stadt,10.64396547710073
-9.819612766445832,-4.106178112971714,-0.013681872992517233,0.05394408116965768,0.04262538012154767,handel+s+stadt sturm+flut,24.762533789152943
-21.56310528621689,1.9427681246299695,-0.07009221387900418,-0.0027587313952279757,-0.01988279434347669,unterging,11.552729106142769
-21.56310528621689,1.9427681246299695,-0.07009221387900418,-0.0027587313952279757,-0.01988279434347669,nordsee unter+geh,11.552729106142769
-22.748418626959563,2.554107167158432,-0.05466703196536216,0.001114728318125785,-0.004360062842535744,Kann,10.219047002107224
-23.687264334966095,3.0379513037573025,-0.04848773986130709,6.239045123958287e-06,0.0014163726778356166,Überreste,9.162857226879906
-23.687264334966095,3.0379513037573025,-0.04848773986130709,6.239045123958287e-06,0.0014163726778356166,könn überrest+e,9.162857226879906
-24.161598391703073,3.2823358392777826,-0.046660620491089384,-0.001613033423044169,0.0029047482794787687,überrest+e heute,8.629269020577988
-24.668666072143843,3.5435439319856368,-0.04546457744853637,-0.004067884008014229,0.0036382585535520186,heute wattenmeer,8.05887722033169
-24.982168891694034,3.705019221783142,-0.04507266887960036,-0.0059588846246573235,0.0036895117653422474,aufspüren,7.706232890018189
-24.982168891694034,3.705019221783142,-0.04507266887960036,-0.0059588846246573235,0.0036895117653422474,wattenmeer auf+spür+en,7.706232890018189
-25.328958275963387,3.883619927793295,-0.04492472345199201,-0.008393015469883885,0.0034080632010445727,Besuch,7.3161550866769645
-25.328958275963387,3.883619927793295,-0.04492472345199201,-0.008393015469883885,0.0034080632010445727,ein besuch,7.3161550866769645
-25.5222606026951,3.9831634612759768,-0.04496715436311773,-0.009912322957394665,0.00310050730283868,Schlick,7.098727945167181
-25.5222606026951,3.9831634612759768,-0.04496715436311773,-0.009912322957394665,0.00310050730283868,besuch schlick,7.098727945167181
-25.6763394323989,4.062503107031822,-0.04506352503265498,-0.011210343533560325,0.0027786562380524675,Dennis,6.925421955077489
-25.78532275249656,4.1186187976081055,-0.04516486764840326,-0.012176666830272208,0.0025098580605824768,Wilken,6.802840218897781
-25.78532275249656,4.1186187976081055,-0.04516486764840326,-0.012176666830272208,0.0025098580605824768,dennis wilken,6.802840218897781
-25.886132618334955,4.170523657168484,-0.04528297134364665,-0.01310715920003401,0.00223072479449472,stapft,6.689452847058549
-25.886132618334955,4.170523657168484,-0.04528297134364665,-0.01310715920003401,0.00223072479449472,wilken stapf+t,6.689452847058549
-26.102656836081955,4.281999392165294,-0.04561566725952201,-0.015229454266404235,0.0015311519202071654,stapf+t tag,6.445917754756227
-26.148634989825467,4.305669385131135,-0.04570021618589834,-0.015702632285135326,0.0013648292973050084,durchs,6.394204623488825
-26.148634989825467,4.305669385131135,-0.04570021618589834,-0.015702632285135326,0.0013648292973050084,tag durch,6.394204623488825
-26.225181994220826,4.345075293099942,-0.04585182247584976,-0.016508524555265663,0.0010739346285125462,Nirgendwo,6.30811027149559
-26.225181994220826,4.345075293099942,-0.04585182247584976,-0.016508524555265663,0.0010739346285125462,durch nirgendwo,6.30811027149559
-26.40215453678615,4.436173465351947,-0.046254514760727006,-0.018461310106635098,0.0003335038803505934,nirgendwo mehr,6.1090676206603405
-26.489976445923624,4.481377167831226,-0.04648164361002922,-0.019478693210118123,-6.97886828738073e-05,Himmel,6.0102950776964
-26.489976445923624,4.481377167831226,-0.04648164361002922,-0.019478693210118123,-6.97886828738073e-05,der himmel,6.0102950776964
-26.579294607526542,4.527348550903433,-0.04673143610515002,-0.02054773400051034,-0.0005048937559046958,stahlblau,5.909840852693244
-26.579294607526542,4.527348550903433,-0.04673143610515002,-0.02054773400051034,-0.0005048937559046958,himmel stahlblau,5.909840852693244
-26.6904680320282,4.584564989339862,-0.04706914901261372,-0.021928540388430312,-0.0010823287829525886,stahlblau boden,5.784808180759536
-26.731908005629208,4.605891360598343,-0.04720272388093578,-0.022457940891429745,-0.001307935451905974,nass,5.738202668922605
-26.731908005629208,4.605891360598343,-0.04720272388093578,-0.022457940891429745,-0.001307935451905974,boden nass,5.738202668922605
-26.79116508626577,4.636385919004898,-0.0474010690130922,-0.023229239446495853,-0.00164049599365889,leer,5.671559626849463
-26.79116508626577,4.636385919004898,-0.0474010690130922,-0.023229239446495853,-0.00164049599365889,nass leer,5.671559626849463
-26.853265442148633,4.668342255143381,-0.04761828950564176,-0.024056005364550784,-0.0020017668814837283,der wissenschaftler,5.601719567922039
-26.945346593439936,4.715723676800358,-0.04795824742224025,-0.025317785011716692,-0.0025619573866310884,sucht,5.498163426918944
-26.945346593439936,4.715723676800358,-0.04795824742224025,-0.025317785011716692,-0.0025619573866310884,wissenschaftler such+t,5.498163426918944
-27.004041018685527,4.745923752367676,-0.04818624341949741,-0.026145147436825708,-0.00293463081388844,such+t spur+en,5.432155445794882
-27.059395412243262,4.774403920394147,-0.04840944814601083,-0.026942417910954655,-0.0032974614815019752,spur+en mensch+en,5.369904304123929
-27.120928996311623,4.8060617076208985,-0.04866702052929533,-0.02784858394397756,-0.0037139903661017985,mensch+en rungholt,5.300704833452334
-27.191497646501773,4.842365673016843,-0.04897485411927204,-0.02891437976087735,-0.004209147559663996,rungholt stadt,5.221345708781702
-27.24908011561181,4.871987106650982,-0.049236052651173465,-0.029805748029790163,-0.004627324915742571,stadt +74,5.156591237546744
-27.26487879333462,4.880113930567834,-0.04930931061778697,-0.030053801749429523,-0.004744319294396584,+74 chars,5.138824940791887
-26.944047032843823,4.71527912803427,-0.024220354572839428,-0.024283912077939812,-0.009151360329950928,Klimaanpassung,5.499523592664693
-26.848704546819363,4.666229954392518,-0.02104510313385381,-0.022672170680606174,-0.009276604968085165,Minister,5.606742838055737
-26.848704546819363,4.666229954392518,-0.02104510313385381,-0.022672170680606174,-0.009276604968085165,klima+anpassung minister,5.606742838055737
-23.94079761919769,3.169042662569309,-0.0031802874606190598,0.007183321455430491,0.004678944997685782,Schneider,8.877438187967403
-26.79050826489746,4.6362877785152,-0.018954075372227458,-0.02167082052483736,-0.00940460389864146,minister schneider,5.672189959678385
-26.684808543633377,4.581898312622922,-0.014817076751062277,-0.01979603269511393,-0.009745820102174386,klein,5.791062151844697
-26.684808543633377,4.581898312622922,-0.014817076751062277,-0.01979603269511393,-0.009745820102174386,schneider klein,5.791062151844697
-26.63900541271012,4.558326545402817,-0.012872868278884432,-0.018952346017622523,-0.009940631836265337,beigeben,5.842574740305417
-26.63900541271012,4.558326545402817,-0.012872868278884432,-0.018952346017622523,-0.009940631836265337,klein beigeb+en,5.842574740305417
-26.565870064363374,4.520684236964436,-0.009555067008347637,-0.017551440786297987,-0.01031591875771615,Bundesumweltminister,5.924828630851105
-26.565870064363374,4.520684236964436,-0.009555067008347637,-0.017551440786297987,-0.01031591875771615,beigeb+en bund+es+umwelt+minister,5.924828630851105
-26.79050826489746,4.6362877785152,-0.018954075372227458,-0.02167082052483736,-0.00940460389864146,bund+es+umwelt+minister schneider,5.672189959678385
-26.18333567478698,4.32364984203339,0.013366383351438381,-0.00806855811426601,-0.013912155057895805,schneider groß+e,6.3551245281629
-26.10129699517657,4.281339589999239,0.019839107993538753,-0.005156108951411428,-0.015153248871714885,groß+e plan+e,6.4474308895304855
-25.86307434444383,4.158262395298782,0.04249635687883912,0.00700585049988036,-0.020124401038860523,Anpassung,6.715567803000237
-25.86307434444383,4.158262395298782,0.04249635687883912,0.00700585049988036,-0.020124401038860523,plan+e anpassung,6.715567803000237
-25.2170987519432,3.8197643607674494,0.12173508678828365,0.10034565681165639,-0.04768127509900072,anpassung folge+n,7.444829518460972
-25.289543929249085,3.8610182057338416,0.059402591569711755,-0.03390768965033833,-0.014279426178529456,voranzubringen,7.361554344241399
-25.289543929249085,3.8610182057338416,0.059402591569711755,-0.03390768965033833,-0.014279426178529456,klima+wandel+s voran+zu+bring+en,7.361554344241399
-25.10157420436831,3.766140592650936,-0.004397911293448522,-0.02027352029407642,-0.009643851588293496,Neuhardenberg,7.572099200236314
-24.428643309937726,3.4192876317276144,-0.056070733304951735,-0.013194626996328222,-0.011050243266876255,neuhardenberg wenig,8.329158372066129
-24.204182637390787,3.3035334631919078,-0.06268486343329632,-0.011048390248124887,-0.014061661342681445,wenig erfolg,8.581708300299791
-23.441128591490834,2.9095809941355846,-0.07826749025700012,-0.015716620188429897,-0.02982151134686294,als jahr+e,9.440459211831545
-23.016426037146346,2.689740492766238,-0.09277151284793465,-0.021844046679189447,-0.04479747639060272,jahr+e 1962,9.918688775319325
-22.03662182137524,2.176551757520916,-0.163263245289266,-0.05703711656469816,-0.11855240000778591,1962 nordseeküste,11.024740921078905
-18.101488179400185,0.16090604434151512,-0.02219617960027681,0.03518734186839762,0.03216489355972479,nordseeküste schwer+en,15.446022576623557
-18.489938366849145,0.36103773160362973,-0.022752216122176927,0.03389974427480176,0.03145091352766698,sturm+flut ge+treff+en,15.009048932039201
-20.960539715313047,1.633853303434213,-0.026862413445604014,0.024191821876238463,0.026082876685659125,ge+treff+en werd+e,12.229855270791823
-22.879911422479886,2.6226618739731213,-0.029925077323446524,0.018223445850633953,0.019502881455650975,Wetterkatastrophe,10.070753066818266
-22.879911422479886,2.6226618739731213,-0.029925077323446524,0.018223445850633953,0.019502881455650975,werd+e wetter+katastrophe,10.070753066818266
-23.83681178095083,3.115871429665365,-0.022779805275208086,0.04876819842256841,0.00694279460097133,langfristige,8.994220346368127
-23.83681178095083,3.115871429665365,-0.022779805275208086,0.04876819842256841,0.00694279460097133,wetter+katastrophe langfristig+e,8.994220346368127
-24.033167627193876,3.2131070917217803,0.003141962019850621,0.14795543980969866,-0.018216696129927424,langfristig+e folge+n,8.775120544687939
-24.796468815410783,3.6102229349473185,-0.022945024160429955,0.05197339432446035,9.117051683323399e-05,föderale,7.914718317545858
-24.796468815410783,3.6102229349473185,-0.022945024160429955,0.05197339432446035,9.117051683323399e-05,folge+n föderal+e,7.914718317545858
-25.06085316636439,3.7464519086768875,-0.027325343247582633,0.036460384374368396,0.002031558167881208,Gefüge,7.6173029577763565
-25.06085316636439,3.7464519086768875,-0.027325343247582633,0.036460384374368396,0.002031558167881208,föderal+e gefüge,7.6173029577763565
-25.256483175483222,3.847175396727897,-0.029882917264325102,0.027610730216398358,0.002758741355778669,Nicht,7.397267376913237
-25.386178769806847,3.9139330891835047,-0.03136375924987525,0.022575808605819533,0.0030025021899246877,zuletzt,7.2514000444121285
-25.386178769806847,3.9139330891835047,-0.03136375924987525,0.022575808605819533,0.0030025021899246877,nicht zuletzt,7.2514000444121285
-25.54149466723295,3.993866508560545,-0.03297150308576714,0.01719351072317183,0.0030965931823727436,zuletzt wegen,7.076723083098425
-25.71306121661799,4.082153335416674,-0.03458878183980134,0.011874833111746932,0.0029936351364141835,wegen schwer+en,6.88377421888219
-25.850277722342828,4.152758409506219,-0.03579185632099678,0.007983440231950578,0.0027793537319668014,Flutschäden,6.729458901039722
-25.850277722342828,4.152758409506219,-0.03579185632099678,0.007983440231950578,0.0027793537319668014,schwer+en flut+schaden,6.729458901039722
-26.050500160157107,4.255776337355973,-0.037441565936752616,0.002739036321413993,0.0022862694665461217,+4961,6.50428950743483
-26.050500160157107,4.255776337355973,-0.037441565936752616,0.002739036321413993,0.0022862694665461217,flut+schaden +4961,6.50428950743483
-26.12236433691182,4.292749853479538,-0.038010092303335324,0.0009559919442577308,0.0020621774647455737,+4961 chars,6.423472163186089
