,summary,Hazard,Causes,Impacts,Mitigation,word
summaryOfAllWords,100238.42471388803,16913.301563601875,22175.93869644862,34433.33922368605,26715.845230161147,
Wetter,359.9556151701183,-0.07267136547047379,-0.02741940490597636,0.04158400247881639,0.012026592559029315,Wetter
Leichte,82.93302989044885,-0.050343788378086035,-0.022768517537388677,0.024996462781803196,0.016999965057513396,Leichte
wetter leicht+e,39.32071377720552,-0.028593316838785666,-0.015244331220180707,0.012117950527672249,0.014583030240040757,wetter leicht+e
Sturmflut,4603.586368811326,-0.0990266671600381,-0.039207931300680426,0.05231321305162292,0.02213656014903662,Sturmflut
leicht+e sturm+flut,172.64930959856963,-0.06640645029630131,-0.028252715107660704,0.03423650650898048,0.01873152434002818,leicht+e sturm+flut
droht,124.6094118697982,-0.0511527594052453,-0.02666619460970953,0.030658209025964157,0.013197761492913724,droht
sturm+flut droh+t,67.4205400858756,-0.044903327590705096,-0.020897217858430312,0.021814958647504625,0.016403837605909997,sturm+flut droh+t
niedersächsischer,39.400775316161635,-0.028661064374121942,-0.015267947178418005,0.012158725381956425,0.014590707337499478,niedersächsischer
droh+t niedersächsisch+er,29.831541540983917,-0.018924044772538208,-0.011861896505913983,0.006255760135508488,0.01347644053577206,droh+t niedersächsisch+er
Küste,208.89959419481266,-0.07401504453831884,-0.03241093047919689,0.03994328154903748,0.01893319177858403,Küste
niedersächsisch+er küste,30.370582572734822,-0.02145381610217714,-0.005145125111667416,0.004667955885582413,0.011599183673213876,niedersächsisch+er küste
Hier,194.13394665590798,-0.05160413485454405,-0.03256614325452572,0.036741460585141036,0.010150159536004826,Hier
küste hier,20.405569956684353,-0.004003421303399326,-0.006595170769912898,-0.0029562979343935444,0.011721544960084708,küste hier
finden,179.90911267310977,-0.05258711442598882,-0.029978139019526426,0.03431677303659743,0.011877809337084282,finden
hier find+en,176.64390881915148,-0.0519715871582101,-0.02989129325440359,0.03411643096237581,0.011707244485184542,hier find+en
Sie,421.5419102584843,-0.0719685118983112,-0.03187019779934461,0.04107590528068625,0.01582840104400901,Sie
find+en sie,168.32048378284802,-0.05440294199245695,-0.02903645483155031,0.03435815304336064,0.012150075157982002,find+en sie
Informationen,165.31248771457194,-0.05563057569819414,-0.029286810808292187,0.034832957936424984,0.012450282616358685,Informationen
sie information+en,165.31248771457194,-0.05563057569819414,-0.029286810808292187,0.034832957936424984,0.012450282616358685,sie information+en
Thema,195.17508897324805,-0.07044956027764776,-0.03387769567397524,0.039201533167534434,0.019004315070385403,Thema
information+en thema,182.11394308418156,-0.06773835808530645,-0.03220105120742858,0.04038994113881682,0.014537649727476457,information+en thema
thema wetter,81.94256070758385,-0.05130121558686827,-0.023947108388926407,0.0271770070217868,0.01566897582928949,thema wetter
Lesen,224.80491904229333,-0.0667881036890524,-0.027217862085280934,0.03535219743549569,0.016669992162296976,Lesen
les+en sie,241.62864048519333,-0.06963712917024122,-0.026581623089448073,0.03586271886107939,0.017150578011784327,les+en sie
sie leicht+e,27.89714815417897,-0.016431426975496672,-0.010986088201006437,0.004730833929313686,0.013187481048509258,sie leicht+e
Infolge,9.590726399687647,0.016914791725742617,0.061570090124132074,-0.043050204209589854,-0.009246696018616555,Infolge
Sturmböen,86.6014498797008,-0.0951900255984859,0.12901326805729013,-0.021644939325846803,-0.029658524244226388,Sturmböen
infolge sturmbö+en,9.276122299191188,-0.022009610090778637,0.1916358649366714,-0.08910965773222217,-0.053053063791181986,infolge sturmbö+en
Nordwest,28.26215686599357,0.00615408051231224,0.020622473462159722,-0.013048874952861386,-0.0045048460701297265,Nordwest
sturmbö+en nordwest,8.320864342160782,0.019945173167539115,0.08161090518811219,-0.053961801290877874,-0.015753949164747816,sturmbö+en nordwest
nordwest droh+t,7.961970876454913,0.028056955158854265,0.06362939461898093,-0.049612612163642045,-0.010215011520255602,nordwest droh+t
Nacht,104.79773070501925,-0.050988633360949526,-0.02385882226727877,0.027505066820263893,0.014985410323434012,Nacht
droh+t nacht,8.06901961536571,0.03412851973595303,0.03917214155231644,-0.041501133943447475,-0.002748612541137176,droh+t nacht
Freitag,112.37836364529278,-0.048290937057228624,-0.01966793709934012,0.025358929886558045,0.01282684488646642,Freitag
nacht freitag,43.264092588180375,-0.03228327985453077,-0.014251826765802042,0.01340815478685626,0.014356294773992669,nacht freitag
niedersächsischen,22.06842114855215,-0.012533208849703239,-0.013178288467460553,0.009392624995626014,0.006567574452732952,niedersächsischen
freitag niedersächsisch+en,9.11916672107365,0.03508249658410652,0.007493694156011491,-0.028036437400540962,0.006762750327913921,freitag niedersächsisch+en
niedersächsisch+en küste,23.938914123428443,-0.017876136627274986,-0.01645638253654888,0.015364041418573745,0.004797876576396475,niedersächsisch+en küste
Gefahr,22.148415499498345,0.02356906198383133,-0.031339941842658266,0.017171150418518216,-0.011880362414235334,Gefahr
küste gefahr,11.87095380176549,0.021013544345148936,0.00237140937551657,-0.01885214868303741,0.008618378526014952,küste gefahr
leichten,100.4072192050664,-0.05499477694212452,-0.02436270006109982,0.027695395066136833,0.017505565469956737,leichten
gefahr leicht+en,15.446022576623557,0.008259375182476731,-0.002221902873769172,-0.01067797826607725,0.010228624041968445,gefahr leicht+en
leicht+en sturm+flut,118.75080433904265,-0.0587975283806886,-0.025662356651051443,0.029887855674998794,0.017916333369098855,leicht+en sturm+flut
Wie,48.547953759868676,-0.027685709889608726,0.0007313457898237599,0.012426063781096293,0.0005639128256138859,Wie
Prognosen,16.439381190852043,0.03673103555950795,-0.009598915267238892,-0.015518605632728253,0.004082321958628098,Prognosen
wie prognose+n,13.63021970302075,0.014168926425067875,-9.94272558190183e-05,-0.014447363254570893,0.009490374345733698,wie prognose+n
Sturmflutwarndienstes,24.762533789152943,-0.011853107529319751,-0.009373255825791738,0.001915259778451127,0.012652488024657273,Sturmflutwarndienstes
prognose+n sturm+flut+warn+dienst+es,24.762533789152943,-0.011853107529319751,-0.009373255825791738,0.001915259778451127,0.012652488024657273,prognose+n sturm+flut+warn+dienst+es
Niedersächsischen…,11.260142148242036,0.023721977925275504,0.003352905126592019,-0.020606634759740398,0.00826799617494254,Niedersächsischen…
sturm+flut+warn+dienst+es niedersächsischen…,11.260142148242036,0.023721977925275504,0.003352905126592019,-0.020606634759740398,0.00826799617494254,sturm+flut+warn+dienst+es niedersächsischen…
+1347,9.36899499178768,0.033575189645716534,0.006942044266731312,-0.027044117232769203,0.006965916911045048,+1347
niedersächsischen… +1347,9.36899499178768,0.033575189645716534,0.006942044266731312,-0.027044117232769203,0.006965916911045048,niedersächsischen… +1347
chars,491.61795261385873,-0.07446486743691855,-0.028925107846911484,0.04579350849038861,0.008663766105901345,chars
+1347 chars,9.00401891531255,0.03579665659309067,0.007755308853256779,-0.0285072935175494,0.006666106716359385,+1347 chars
Strandkörbe,17.06458983341909,0.04550723638099073,-0.015310787598681552,-0.012436059872270016,-0.0009343687605945361,Strandkörbe
küste strand+korb+e,9.576073651888068,0.032367393454225776,0.0065005124228181286,-0.026250417153444217,0.007127928934366507,küste strand+korb+e
Spielgeräte,15.952407608950217,0.09391653866437927,-0.02475885120672078,-0.023569885234362525,-0.01208850435356289,Spielgeräte
strand+korb+e spiel+gerät+e,15.952407608950217,0.09391653866437927,-0.02475885120672078,-0.023569885234362525,-0.01208850435356289,strand+korb+e spiel+gerät+e
längst,15.86888067909461,0.16805180915202786,-0.042978894536698314,-0.040020538107259945,-0.03084081382090196,längst
spiel+gerät+e längst,15.86888067909461,0.16805180915202786,-0.042978894536698314,-0.040020538107259945,-0.03084081382090196,spiel+gerät+e längst
Nordseestränden,16.931311853409767,0.39473369184416207,-0.11117400615923119,-0.10176352119796046,-0.09911325852140367,Nordseestränden
längst nord+see+strand+en,16.931311853409767,0.39473369184416207,-0.11117400615923119,-0.10176352119796046,-0.09911325852140367,längst nord+see+strand+en
weggeräumt,16.065069115535145,0.1538233400332067,-0.04628820841730509,-0.02701197050660494,-0.033945888029809836,weggeräumt
nord+see+strand+en weg+ge+räum+t,16.065069115535145,0.1538233400332067,-0.04628820841730509,-0.02701197050660494,-0.033945888029809836,nord+see+strand+en weg+ge+räum+t
Nun,42.27035054668923,-0.00916860385248508,-0.011730079710600347,0.03853970121037035,-0.03581847505411849,Nun
besteht,14.203649378924082,0.08786568057772948,-0.035517891029457974,-0.002888974430702144,-0.02578988067021019,besteht
nun besteh+t,9.926886008939775,0.14147522973677662,-0.04716483264109577,-0.00937230011703287,-0.04703529049598942,nun besteh+t
besteh+t gefahr,9.73327562679122,0.11042113043600393,-0.05117935535842125,0.013801362414825893,-0.051724099379064165,besteh+t gefahr
leichtes,12.697211582573061,0.03191696737408539,-0.03291253785631267,0.05104514796220426,-0.06310578234638814,leichtes
gefahr leicht+es,9.681929121049496,0.06690475599911466,-0.07277575365247983,0.06450151941937214,-0.074094701823433,gefahr leicht+es
Hochwasser,299.41200858903005,-0.1154851533532255,-0.08357234314663031,0.12302298085248337,-0.033689332146396196,Hochwasser
leicht+es hochwasser,10.11668456301101,-0.0014550306686124512,-0.13159557195738897,0.1629558840540655,-0.1333479298865055,leicht+es hochwasser
hochwasser küste,9.09700862685491,0.06307005101413472,-0.05282416875841856,0.042065580146383286,-0.055384384238506994,hochwasser küste
wenige,12.339453214796345,0.04112529933088509,-0.02799930689880667,0.013602174414509463,-0.021541098487431395,wenige
küste wenig+e,8.737866790845322,0.07013549959556258,-0.03609447611464801,0.016942604877596006,-0.039356319928958425,küste wenig+e
wohl,8.523766041500437,0.07530119489356103,-0.02921926192948931,0.00531786375725142,-0.033021087623968146,wohl
wenig+e wohl,8.523766041500437,0.07530119489356103,-0.02921926192948931,0.00531786375725142,-0.033021087623968146,wenig+e wohl
davon,23.863008512792792,-0.003940824873287343,-0.013572319469238325,0.004624230007605804,0.007676391244364532,davon
wohl davon,5.890599683636,0.09299556929505493,-0.0063061591024846505,-0.02758326153094354,-0.021647181729078917,wohl davon
mitbekommen,5.845802910765844,0.10010028882977644,-0.006370594892496508,-0.031227138234748823,-0.02199492196187973,mitbekommen
davon mit+bekomm+en,5.845802910765844,0.10010028882977644,-0.006370594892496508,-0.031227138234748823,-0.02199492196187973,davon mit+bekomm+en
Kopiere,223.9990761172004,-0.05925124993973031,-0.02716077845972756,0.033444385187063976,0.014719678790152567,Kopiere
aktuellen,231.65385135501958,-0.057342651521411894,-0.022234318406578944,0.03176302235613452,0.011867324467660036,aktuellen
kopier+e aktuell+en,225.51617091726268,-0.05828513703170107,-0.026078395465349947,0.033580378865366196,0.013109420415467686,kopier+e aktuell+en
Link,232.82995045137298,-0.054769952592553024,-0.02602490371494019,0.032969204705411786,0.01179392977586516,Link
aktuell+en link,232.82995045137298,-0.054769952592553024,-0.02602490371494019,0.032969204705411786,0.01179392977586516,aktuell+en link
link strand+korb+e,10.652460888836382,0.09633390787675335,-0.015445457852782153,-0.030631671255129382,-0.012495091046059026,link strand+korb+e
+1531,4.92208194475092,0.1175471881398232,-0.016400236518106136,-0.02123802060033235,-0.039136380769506034,+1531
wohl +1531,4.92208194475092,0.1175471881398232,-0.016400236518106136,-0.02123802060033235,-0.039136380769506034,wohl +1531
+1531 chars,4.894277816516918,0.11710428467586376,-0.014220804913779528,-0.02395620003489908,-0.0371014488735488,+1531 chars
Stürmischer,10.4319183452882,0.027733697539042798,0.004810691709462224,-0.023217307709126327,0.007743167988202721,Stürmischer
Norden,313.9928278843262,-0.06887307461086349,-0.024534024030699368,0.03976678622402201,0.009915302395379145,Norden
stürmisch+er norden,12.045225532763087,0.02027548438303534,0.0021043216683352775,-0.01837517224659904,0.008713322882213173,stürmisch+er norden
Erste,34.757913602336735,-0.024391768319854047,-0.013777477754330192,0.009581074908322582,0.014104891395478734,Erste
norden erst+e,13.930402440832912,0.013120611546496245,-0.0004766644653592025,-0.013776419666532475,0.009622292245438428,norden erst+e
Winter-Sturmflut,16.48577770288453,0.005282701235276989,-0.0032872811294389374,-0.008791175136086883,0.010595673031603399,Winter-Sturmflut
erst+e winter+-+sturm+flut,16.48577770288453,0.005282701235276989,-0.0032872811294389374,-0.008791175136086883,0.010595673031603399,erst+e winter+-+sturm+flut
kündigt,16.36041239296075,-0.07661882117103544,0.0914477938749925,0.03096057120564435,-0.07614803561825069,kündigt
winter+-+sturm+flut kündig+t,15.009048932039201,0.009592435730851502,-0.0017439839747110336,-0.011525534086341296,0.010063221283636058,winter+-+sturm+flut kündig+t
Nordsee,246.18726699743098,0.19862644231723542,-0.08087697004295714,-0.02702418338545827,-0.04108243555884027,Nordsee
kündig+t nordsee,11.591782617647551,0.20033392729193253,-0.03747381126106283,-0.06206489673547764,-0.03286631133177457,kündig+t nordsee
Elbe,270.92646377756347,-0.05516303586697326,-0.03383163697054901,0.035414147334644645,0.015014247456256442,Elbe
nordsee elbe,25.063022984284792,0.04799955126061971,-0.021785123164388007,-0.010510110204955157,0.00023407285271665162,nordsee elbe
Seit,48.58735069126985,0.0003111826905904441,-0.024581559980861,0.009000957601170733,0.008270802804875257,Seit
elbe seit,9.402057190162914,0.0821488008828793,-0.003410829860355105,-0.03779346924147172,-0.0035807422640785256,elbe seit
Tagen,32.04412856174371,-0.0007558831339144174,-0.0028453612737270265,-0.0014302545732779155,0.004668024949070641,Tagen
seit tag+en,11.925912200695995,0.05335606381126294,-0.004431059456976093,-0.025768589131849116,0.0017604490869064424,seit tag+en
schon,49.33793930882334,-0.023727675520434612,-0.029324256754362572,0.029256481893156064,0.0005673228686852549,schon
tag+en schon,11.58132134129557,0.04986834557153474,-0.0028536125265351234,-0.025648806688077203,0.0026284129241115448,tag+en schon
schon norden,14.673562823408151,0.012098186086302422,-0.0016535002811579004,-0.012503940182488984,0.009634820436076299,schon norden
ziemlich,10.598306348439486,0.04432979023388135,0.0009211538606375597,-0.026449710572681095,0.004174040898628464,ziemlich
norden ziemlich,10.598306348439486,0.04432979023388135,0.0009211538606375597,-0.026449710572681095,0.004174040898628464,norden ziemlich
windig,23.742102492380972,0.07744442274915941,-0.0292504370083581,-0.014604021001914652,-0.008398135539878488,windig
ziemlich windig,10.307566630131944,0.0436307015874307,0.001907604857110233,-0.026945550722782582,0.004437642311693472,ziemlich windig
bislang,82.83211085842805,-0.053283524398554036,-0.030456963294562194,0.03693813190297821,0.009208736927718359,bislang
windig bislang,9.947255926267497,0.04322639481891418,0.003081975367915918,-0.02769885577505758,0.004671400367782923,windig bislang
stand,22.365485197918126,-0.006096271731016789,-0.021194758944293915,-0.014391688808508211,0.03890514218093852,stand
bislang steh,9.752970619743401,0.043198875336550084,0.0036992933291850887,-0.028165273932991654,0.004759614047452673,bislang steh
Wind,144.93012405073873,-0.06225846228132636,-0.00836856810771855,0.03353280875731597,0.001177237335839376,Wind
steh wind,9.53352983434627,0.04331461298634507,0.004387340247753472,-0.028740905540782007,0.004830428307152396,steh wind
gut,28.77126281145304,-0.037783779414729594,-0.0022790194879891076,0.009388790433294091,0.013119148743213523,gut
wind gut,9.43216976297175,0.04341790936068876,0.004702775069640052,-0.029023957855005555,0.004853431007393675,wind gut
Der,127.62164773168377,-0.043122367927020976,0.0005825302240022698,0.021219584187226477,-0.0014065432683517455,Der
dreht,9.26181569537093,0.04365920884916814,0.005230715938498609,-0.029523816862039687,0.004879006342955067,dreht
der dreh+t,9.26181569537093,0.04365920884916814,0.005230715938498609,-0.029523816862039687,0.004879006342955067,der dreh+t
drückt,18.912247498941912,0.052382808659959104,-0.016314344407744735,-0.01631199608554374,0.00023913759893339775,drückt
dreh+t drück+t,8.944633101222458,0.04432361319620577,0.006210765302427678,-0.03053453378835763,0.0048854115038568435,dreh+t drück+t
deshalb,8.839838288858434,0.0446019324348483,0.006534954062568309,-0.03089131482626239,0.004876364276669789,deshalb
drück+t deshalb,8.839838288858434,0.0446019324348483,0.006534954062568309,-0.03089131482626239,0.004876364276669789,drück+t deshalb
Wasser,139.29622091275536,-0.02683651523937781,-0.030164133518858324,0.02620990563795388,0.007174497274915475,Wasser
deshalb wasser,8.6594527815834,0.04514676114794501,0.007094830657016936,-0.03153216027698415,0.004848422845826756,deshalb wasser
wasser küste,8.482994327116241,0.04575821072658735,0.007646043768750524,-0.032192038018122475,0.0048064270330502035,wasser küste
Flüsse,61.10199657369869,-0.030557732579713053,-0.01939837952748166,0.016946369707770977,0.012888464146074637,Flüsse
küste fluss+e,5.779985538943505,0.06941558581664219,0.016589067931394873,-0.048309869557394386,0.0013924796811434666,küste fluss+e
link seit,15.903818633693659,0.03138856993261205,-0.0076566967944520035,-0.015008319501468708,0.005329784867199885,link seit
Fl…,4.78935460273955,0.079273636686673,0.02235007336323473,-0.05672408860773825,8.481498663582137e-05,Fl…
küste fl…,4.78935460273955,0.079273636686673,0.02235007336323473,-0.05672408860773825,8.481498663582137e-05,küste fl…
+2028,4.774251130479942,0.07946856590416852,0.0224474150589953,-0.05687817657453974,5.6220087181201664e-05,+2028
fl… +2028,4.774251130479942,0.07946856590416852,0.0224474150589953,-0.05687817657453974,5.6220087181201664e-05,fl… +2028
+2028 char+s,4.7564585749270645,0.07970009006610132,0.02256255669951342,-0.05706085335003012,2.2164363206103194e-05,+2028 char+s
Bis,21.959023210132344,-0.008159006168104584,0.0120106060908971,-0.007963276924810735,0.0053232850745831345,Bis
Freitagmorgen,13.096487355259917,0.016112509006827074,0.0006008070446190166,-0.015693893100997103,0.009244670117356593,Freitagmorgen
bis freitag+morgen,13.096487355259917,0.016112509006827074,0.0006008070446190166,-0.015693893100997103,0.009244670117356593,bis freitag+morgen
Sturmflut-Warnung,154.7777126470401,-0.06430374535475258,-0.027538219674897786,0.033039848310955,0.018507117473056257,Sturmflut-Warnung
freitag+morgen sturm+flut+-+warnung,24.762533789152943,-0.011853107529319751,-0.009373255825791738,0.001915259778451127,0.012652488024657273,freitag+morgen sturm+flut+-+warnung
sturm+flut+-+warnung nordsee,15.755345831550185,0.09971346682337215,-0.02205009663783955,-0.03050617203014753,-0.009599569722102111,sturm+flut+-+warnung nordsee
Sturmflutwarnung,225.86187423662267,-0.07118698583496876,-0.029873338968243728,0.036942770303306734,0.019239338301371343,Sturmflutwarnung
Deutschen,19.078842225437253,0.030659631103094317,-0.0004889381972127956,-0.015646308440600824,0.0007040150198894855,Deutschen
sturm+flut+warnung deutsch+en,12.045225532763087,0.02027548438303534,0.0021043216683352775,-0.01837517224659904,0.008713322882213173,sturm+flut+warnung deutsch+en
Wetterdienstes,24.94685518340444,0.01184560424438663,-0.01060242135044472,-0.010141726892752634,0.014115651125348787,Wetterdienstes
deutsch+en wetter+dienst+es,17.512515534540846,0.0426181566672627,-0.000735840997085332,-0.019878923517699834,-0.0015862029193453638,deutsch+en wetter+dienst+es
Nordseeküste,560.5775572207915,0.17886540733466774,-0.08841968427136959,-0.012977707380907472,-0.03784055597680778,Nordseeküste
wetter+dienst+es nordseeküste,9.500787767685924,0.27837473517705463,-0.05199027531555527,-0.08861001826105788,-0.05325419813863451,wetter+dienst+es nordseeküste
Hamburg,265.10047802916733,-0.051960506263996155,-0.03420404137802292,0.037525809063883364,0.010625180513095812,Hamburg
nordseeküste hamburg,21.118434515989094,0.06384940193385999,-0.02134176153880769,-0.016889490164679055,-0.0026306769891808602,nordseeküste hamburg
Nordsee-Inseln,8.238300779109505,0.3410978082882511,-0.06533218479055752,-0.11153804890443064,-0.07129631157987548,Nordsee-Inseln
hamburg nordsee+-+insel+n,8.238300779109505,0.3410978082882511,-0.06533218479055752,-0.11153804890443064,-0.07129631157987548,hamburg nordsee+-+insel+n
Husum,13.305966287055265,0.08841643251456403,-0.015045352563243256,-0.03132893189501162,-0.006396084707753156,Husum
Schleswig-Holstein,94.24230336623451,-0.027791784409329702,-0.031671682181962896,0.022565928484101116,0.013720056964038382,Schleswig-Holstein
husum schleswig-holstein,13.48443752365261,0.07508032307384975,-0.012503722390273173,-0.02799641566715234,-0.003470113523142266,husum schleswig-holstein
Sturm-Alarm,6.832317027154062,0.12201844835335911,-0.001349023742887493,-0.055671374811415965,-0.0113101846747071,Sturm-Alarm
schleswig-holstein sturm+-+alarm,6.832317027154062,0.12201844835335911,-0.001349023742887493,-0.055671374811415965,-0.0113101846747071,schleswig-holstein sturm+-+alarm
kompletten,6.9906079774425365,0.16580466184810536,-0.012398782343114296,-0.06591722423998449,-0.02196328249233522,kompletten
sturm+-+alarm komplett+en,6.9906079774425365,0.16580466184810536,-0.012398782343114296,-0.06591722423998449,-0.02196328249233522,sturm+-+alarm komplett+en
deutschen,99.28133064496352,0.017723716178957002,-0.04269733906452248,0.018846069887612196,-0.0011460921708978551,deutschen
komplett+en deutsch+en,7.287164528491959,0.21451975856799277,-0.025947900394875458,-0.07758720811472238,-0.03458588109171689,komplett+en deutsch+en
deutsch+en nordseeküste,59.283378332431,0.20380184229418513,-0.07546897651122147,-0.03395585497401363,-0.040553691317440535,deutsch+en nordseeküste
Inseln,72.44255386498759,-0.042778307914219035,-0.007610533945243224,0.016133140535555066,0.011772547048693058,Inseln
nordseeküste insel+n,7.915532067235055,0.12351505081896026,-0.00692667440314785,-0.05196036462711963,-0.01231492817890591,nordseeküste insel+n
insel+n hamburg,8.31994587083042,0.07582941554770127,0.0019400013389640894,-0.03943268725565238,-0.0016517523012137896,insel+n hamburg
Deutsche,18.11858513963658,0.003627960884470476,-0.0054632669427319555,-0.006420144499375334,0.010415364645582539,Deutsche
der deutsch+e,45.92509227984224,0.042446709101407035,-0.03232402945426374,-0.000500587508131096,-0.00040364353530834927,der deutsch+e
Wetterdienst,29.636121822663252,-0.015229321988604735,-0.01848960435737519,0.012382833768219019,0.008678056619426529,Wetterdienst
deutsch+e wetter+dienst,12.789913190173712,0.016928474487653593,0.0006599218101762762,-0.01573427229511517,0.008726303573122297,deutsch+e wetter+dienst
Donnerstagnachmittag,11.260142148242036,0.023721977925275504,0.003352905126592019,-0.020606634759740398,0.00826799617494254,Donnerstagnachmittag
wetter+dienst donnerstag+nachmittag,11.260142148242036,0.023721977925275504,0.003352905126592019,-0.020606634759740398,0.00826799617494254,wetter+dienst donnerstag+nachmittag
donnerstag+nachmittag sturm+flut+warnung,24.762533789152943,-0.011853107529319751,-0.009373255825791738,0.001915259778451127,0.012652488024657273,donnerstag+nachmittag sturm+flut+warnung
kom…,11.401374103301924,0.023078157175371164,0.0031193979792731256,-0.02018898720673497,0.008351568657625041,kom…
sturm+flut+warnung kom…,11.401374103301924,0.023078157175371164,0.0031193979792731256,-0.02018898720673497,0.008351568657625041,sturm+flut+warnung kom…
+1005,10.64396547710073,0.026665955991574238,0.004422224359102937,-0.022521073115573713,0.007883549301167593,+1005
kom… +1005,10.64396547710073,0.026665955991574238,0.004422224359102937,-0.022521073115573713,0.007883549301167593,kom… +1005
+1005 char+s,10.053604543457798,0.02971481866468035,0.005532374066139786,-0.024511788409621437,0.007481335410559569,+1005 char+s
sturm+flut niedersächsisch+er,13.930402440832912,0.013120611546496245,-0.0004766644653592025,-0.013776419666532475,0.009622292245438428,sturm+flut niedersächsisch+er
küste norden,10.053604543457798,0.02971481866468035,0.005532374066139786,-0.024511788409621437,0.007481335410559569,küste norden
lni,20.68685647215893,-0.0045762349533077255,-0.006798450682168567,-0.002598921765161596,0.011790094369818645,lni
norden lni,9.435988947904022,0.03318043301270791,0.006797684775736814,-0.026784562922624856,0.007018945268348411,norden lni
lni nacht,8.643468816829214,0.03811756267651224,0.008606602068306877,-0.030040588216790478,0.006350302950478458,lni nacht
nacht niedersächsisch+en,9.649378498865634,0.03194846463646845,0.006347469353343887,-0.025975418737324965,0.007183962126912461,nacht niedersächsisch+en
küste leicht+en,15.446022576623557,0.008259375182476731,-0.002221902873769172,-0.01067797826607725,0.010228624041968445,küste leicht+en
gekommen,26.823047317533025,-0.014944259973747546,-0.010462792321551609,0.0038183383578951394,0.013014313925972854,gekommen
sturm+flut ge+komm+en,15.009048932039201,0.009592435730851502,-0.0017439839747110336,-0.011525534086341296,0.010063221283636058,sturm+flut ge+komm+en
Laut,18.29127050888767,0.0596590068074984,-0.017051886893275227,-0.01853324459670823,-0.0012178901286411235,Laut
Bundesamt,159.26137315894817,-0.04698468240799608,-0.031221847204191144,0.03012399827313212,0.015042541413130571,Bundesamt
laut bund+es+amt,10.87423107544191,0.025539065309336455,0.004012607278049106,-0.021787362139889955,0.00803115661421584,laut bund+es+amt
Seeschiffahrt,9.576073651888068,0.032367393454225776,0.0065005124228181286,-0.026250417153444217,0.007127928934366507,Seeschiffahrt
bund+es+amt see+schiffahrt,9.576073651888068,0.032367393454225776,0.0065005124228181286,-0.026250417153444217,0.007127928934366507,bund+es+amt see+schiffahrt
see+schiffahrt kopier+e,8.550889194843322,0.03873536376110268,0.008833488724823929,-0.03044953038717474,0.006265789016027762,see+schiffahrt kopier+e
Dort,10.993434506651191,0.03550983354241589,-0.0074717574870015215,0.09687557373954322,-0.1599504584879736,Dort
kam,21.73907886268012,-0.012914043152616815,-0.0016529592445200451,0.01114941097549216,-0.0049689019712316216,kam
dort komm,9.675276622132303,0.04455702057646888,0.0036671484255845327,-0.02865573966508421,0.004503641199153221,dort komm
komm nacht,10.997054760258363,0.024951276983367004,0.003799100544079366,-0.021405102713625446,0.00810792668288655,komm nacht
stellenweise,11.87095380176549,0.021013544345148936,0.00237140937551657,-0.01885214868303741,0.008618378526014952,stellenweise
nacht stellenweise,11.87095380176549,0.021013544345148936,0.00237140937551657,-0.01885214868303741,0.008618378526014952,nacht stellenweise
stellenweise sturm+flut,24.762533789152943,-0.011853107529319751,-0.009373255825791738,0.001915259778451127,0.012652488024657273,stellenweise sturm+flut
niedersäc…,9.883805468849165,0.030637718160561284,0.005868972283560558,-0.025115999730975877,0.0073587475725983885,niedersäc…
nacht niedersäc…,9.883805468849165,0.030637718160561284,0.005868972283560558,-0.025115999730975877,0.0073587475725983885,nacht niedersäc…
+862,9.060839444105898,0.03544267403846601,0.007625616553957488,-0.028273851733985677,0.006714040366848894,+862
niedersäc… +862,9.060839444105898,0.03544267403846601,0.007625616553957488,-0.028273851733985677,0.006714040366848894,niedersäc… +862
+862 char+s,8.790563415444343,0.037154707695506085,0.00825323089890049,-0.029403910175820256,0.006481640555349309,+862 char+s
Wintersturmflut,39.466819550675105,-0.028716809955437475,-0.015287378544644306,0.012192273571455577,0.014597023621052533,Wintersturmflut
erst+e winter+sturm+flut,34.713641840264486,-0.024347383402596057,-0.013761958315815411,0.0095541902403882,0.014099818714114453,erst+e winter+sturm+flut
winter+sturm+flut elbe,42.53278741853852,-0.031173089044266595,-0.01614280185992134,0.01366769638336605,0.014874658232916336,winter+sturm+flut elbe
elbe sturm+flut,44.516702126208074,-0.0326376712220159,-0.016652145112430686,0.014544839573020588,0.015039582684725487,elbe sturm+flut
sturm+flut hamburg,116.39838795703929,-0.05835730429309366,-0.025512075738943946,0.029634700333850378,0.017868898446982046,sturm+flut hamburg
hamburg elbe,37.71448013436458,-0.02719324829798846,-0.014756027954448041,0.011274369580745423,0.014424146640401128,hamburg elbe
schwappt,68.38617976400523,-0.041479466156634816,-0.0169971549586079,0.02001158131571755,0.013567597727632972,schwappt
elbe schwapp+t,68.38617976400523,-0.041479466156634816,-0.0169971549586079,0.02001158131571755,0.013567597727632972,elbe schwapp+t
Fischmarkt,113.24808128569373,-0.04462513086642378,-0.019089394070647102,0.025887067412944643,0.009479602748025003,Fischmarkt
schwapp+t fisch+markt,35.49321379916951,-0.01926239823798528,-0.015166918839207393,0.008847136612218077,0.013033792270522282,schwapp+t fisch+markt
fisch+markt hier,21.102462785073996,-0.00540364477396425,-0.007091926160972871,-0.0020832275796409815,0.011888935567066319,fisch+markt hier
thema erst+e,10.64396547710073,0.026665955991574238,0.004422224359102937,-0.022521073115573713,0.007883549301167593,thema erst+e
sie sturm+flut,118.75080433904265,-0.0587975283806886,-0.025662356651051443,0.029887855674998794,0.017916333369098855,sie sturm+flut
erste,89.538651181611,-0.04707332442214592,-0.01734832980614334,0.02168937612489385,0.015013291254998088,erste
hamburg erst+e,11.917046730615112,0.020816904454908258,0.0023002341055979626,-0.01872502149288186,0.00864369657220102,hamburg erst+e
winter+sturm+flut fisch+markt,10.947625819222363,0.024557464148934102,0.003233220844794014,-0.020270922127191764,0.007408640785656127,winter+sturm+flut fisch+markt
Hansestadt,10.52277257861283,0.025602341901784943,0.002913049124137569,-0.019496382013460413,0.006027608878085678,Hansestadt
fisch+markt hansestadt,10.52277257861283,0.025602341901784943,0.002913049124137569,-0.019496382013460413,0.006027608878085678,fisch+markt hansestadt
überschwemmt,65.55524806890885,-0.0463647740288346,-0.020523220395515965,0.025595523560137327,0.01205644981842891,überschwemmt
hansestadt überschwemm+t,10.263210598207431,0.02513570372002804,0.001533843067728323,-0.01669035224344522,0.003936674928799541,hansestadt überschwemm+t
frühen,13.392444124277697,0.04068621697902965,-0.009912610878683923,-0.0032821010496068854,-0.013975292729696864,frühen
Vormittag,9.793752425212874,0.0229246370221224,-0.002461929142256577,-0.008715094813088875,-0.0014569520817605743,Vormittag
früh+en vormittag,9.793752425212874,0.0229246370221224,-0.002461929142256577,-0.008715094813088875,-0.0014569520817605743,früh+en vormittag
erreichte,19.924068039267095,-0.00773450350491799,-0.01110977463002335,0.005722510573459239,0.0066297406519040085,erreichte
vormittag erreich+te,9.630775864641024,0.021423713975676776,-0.00463724899827039,-0.004444009010168881,-0.004162559306695111,vormittag erreich+te
erreich+te elbe,9.431534963241239,0.01848081439915831,-0.008467344443026685,0.0029784049064119837,-0.008692023658552154,erreich+te elbe
Wasserstand,23.911200830220597,0.017099159157162914,-0.02250317072526197,0.006910381476174257,-0.0013861144434116682,Wasserstand
elbe wasser+stand,9.29885166431681,0.015168141308822622,-0.012435789314792592,0.010554148077616931,-0.01317870086082946,elbe wasser+stand
wasser+stand gut,9.150120273197764,0.0075810664059052305,-0.02091984999662893,0.02640939653205409,-0.022373413713833175,wasser+stand gut
"1,90",9.123775971139771,0.004823693461149215,-0.02389189245276992,0.031863069004370304,-0.02551584182187111,"1,90"
"gut 1,90",9.123775971139771,0.004823693461149215,-0.02389189245276992,0.031863069004370304,-0.02551584182187111,"gut 1,90"
Meter,115.76839513596383,-0.06644285276887127,-0.04597770963431249,0.06115683604885587,-0.00329175565884585,Meter
"1,90 meter",9.09959857006739,0.0005756577777804303,-0.028403259523113403,0.04004793334665756,-0.030236382479671614,"1,90 meter"
mittleren,27.012441152281486,-0.030245359895564802,-0.0469732906855231,0.0607288861972502,-0.024033391056212838,mittleren
meter mittler+en,22.074992358952954,-0.026690473315930288,-0.04303190386122934,0.056723340510825414,-0.023869627789412845,meter mittler+en
mittler+en hochwasser,18.951684954250457,-0.08292490173747215,-0.1254459466492144,0.17953357082791463,-0.11118428729294641,mittler+en hochwasser
aus…,8.754039682743578,-0.011865642231605652,-0.042820086263020515,0.06563768407489519,-0.04622827467598716,aus…
hochwasser aus…,8.754039682743578,-0.011865642231605652,-0.042820086263020515,0.06563768407489519,-0.04622827467598716,hochwasser aus…
+906,5.661101079001239,0.03161671438536304,-0.01606462144400498,0.01966489052890557,-0.033250687570615875,+906
aus… +906,5.661101079001239,0.03161671438536304,-0.01606462144400498,0.01966489052890557,-0.033250687570615875,aus… +906
+906 char+s,5.608555337761532,0.03589278593219157,-0.012024490113989289,0.012159866061698507,-0.02941090221334021,+906 char+s
fisch+markt wind,8.784167352493453,0.06068244378912284,0.0033752078969995834,-0.03461699050516697,0.0014396034358732169,fisch+markt wind
wind nordwest,18.427224132281633,0.04466534455400687,-0.014068095777831668,-0.015095520231684157,0.001986031299706584,wind nordwest
nordwest wasser,14.54978367826586,0.13075981289874353,-0.02702350021464796,-0.03949980607423392,-0.01652462500632631,nordwest wasser
wasser nordsee,25.299777553025518,0.3175008602301964,-0.08934324460812325,-0.08033823474158108,-0.06842477288139151,wasser nordsee
tief,16.590209794286533,0.11456380795245791,-0.026715761810495106,-0.033000353217199775,-0.013211558452984416,tief
nordsee tief,16.590209794286533,0.11456380795245791,-0.026715761810495106,-0.033000353217199775,-0.013211558452984416,nordsee tief
tief fluss+e,18.340244382770347,0.024349550788547364,-0.009758411287666375,-0.010804222041285977,0.006286799667974994,tief fluss+e
gedrückt,20.012839368401647,-0.0031856245874813125,-0.006304798394139725,-0.0034670318086024612,0.01162350353442615,gedrückt
fluss+e ge+drück+t,20.012839368401647,-0.0031856245874813125,-0.006304798394139725,-0.0034670318086024612,0.01162350353442615,fluss+e ge+drück+t
gibt,71.21721744997474,-0.051627475128259666,-0.010013056028883704,0.023351758752412508,0.009626937255686963,gibt
geb+t sturm+flut,82.16676685091389,-0.05010906407058859,-0.02268792729748909,0.024859744320298253,0.016974352190390188,geb+t sturm+flut
Die,396.3638930097174,-0.04658714961739671,-0.04437196205785876,0.041162482099954094,0.010626568179941722,Die
der erst+e,55.55194509660265,-0.03400148972748561,-0.02003759780216619,0.01751512513343143,0.014747958262614682,der erst+e
erst+e elbe,18.697013096800696,-0.00027983971638636585,-0.005271588582364479,-0.0052866496701227846,0.01127345153755054,erst+e elbe
elbe hamburg,21.376701862733754,0.043369282985161864,-0.01728623997686116,-0.012165846516426491,0.0017487756473750352,elbe hamburg
Winter,52.23454750479047,-0.03812411342301035,-0.018918102188197127,0.01851554140724239,0.015036953471032349,Winter
hamburg winter,14.807122962180616,0.010226311942325823,-0.0015165557854471918,-0.01192910949848365,0.009984344426887188,hamburg winter
Damit,18.602944402616387,-0.0007369311490669456,-0.005888926028828175,-0.004083935785585905,0.01053743092602053,Damit
Touri-Hotspot,7.806314687534144,0.044069406764833834,0.01079736736238984,-0.03399418012810028,0.005528033639224893,Touri-Hotspot
damit touri-hotspot,7.806314687534144,0.044069406764833834,0.01079736736238984,-0.03399418012810028,0.005528033639224893,damit touri-hotspot
touri-hotspot überschwemm+t,7.4355227007557945,0.05644079592217809,0.009912064881966267,-0.03804812025014141,0.0030854344272066452,touri-hotspot überschwemm+t
link wind,7.712518717706066,0.09380288599692252,0.0006171055782106528,-0.04558875853566249,-0.005347021211107414,link wind
Tou…,7.806314687534144,0.044069406764833834,0.01079736736238984,-0.03399418012810028,0.005528033639224893,Tou…
damit tou…,7.806314687534144,0.044069406764833834,0.01079736736238984,-0.03399418012810028,0.005528033639224893,damit tou…
+1091,7.630556856116331,0.045433670325012235,0.011301096651598083,-0.034904767462275124,0.005336969862279946,+1091
tou… +1091,7.630556856116331,0.045433670325012235,0.011301096651598083,-0.034904767462275124,0.005336969862279946,tou… +1091
+1091 chars,7.470718871572293,0.04671340268453286,0.011774150366663697,-0.03576040864284841,0.005156847180257455,+1091 chars
Starker,7.52238165601485,0.04629557218776143,0.011619641948445067,-0.03548088630046865,0.005215753015852428,Starker
stark+er wind,45.09410879891534,-0.01841716440528205,-0.01962462332568934,0.011873877963504595,0.012213764800913879,stark+er wind
nordwest winter+sturm+flut,8.419448732287384,0.039628706089016925,0.00916177747576641,-0.031041452710025334,0.006143242917789749,nordwest winter+sturm+flut
winter+sturm+flut überschwemm+t,9.240622275430573,0.034342653237086865,0.00722283639681745,-0.02754911982436771,0.006862608824882121,winter+sturm+flut überschwemm+t
Hamburger,93.47700494048485,-0.049757072998436035,-0.025426542146955923,0.02738860780589717,0.015657570797285213,Hamburger
überschwemm+t hamburger,33.10704858295898,-0.02268286511317349,-0.013179590599661888,0.00854467682950897,0.013909248317948649,überschwemm+t hamburger
hamburger fisch+markt,39.140221907782696,-0.026871647326675276,-0.007680853715651348,0.00892531649258937,0.011514957052227742,hamburger fisch+markt
fisch+markt der,20.181047710572937,0.00958215583263163,-0.009040877091787348,-0.005966697386255871,0.009002049628226733,fisch+markt der
erst+e sturm+flut,82.16676685091389,-0.05010906407058859,-0.02268792729748909,0.024859744320298253,0.016974352190390188,erst+e sturm+flut
sturm+flut winter,8.419448732287384,0.039628706089016925,0.00916177747576641,-0.031041452710025334,0.006143242917789749,sturm+flut winter
winter hamburg,10.64396547710073,0.026665955991574238,0.004422224359102937,-0.022521073115573713,0.007883549301167593,winter hamburg
erreicht,125.43055900642256,-0.044870379282214164,0.006639932691190208,0.014338425830345447,0.003628657709288651,erreicht
hamburg erreich+t,9.883805468849165,0.030637718160561284,0.005868972283560558,-0.025115999730975877,0.0073587475725983885,hamburg erreich+t
Größere,9.179069797888467,0.03471590138785967,0.007359462091285371,-0.027794909639242884,0.006812263641740816,Größere
Einsätze,18.179947148150468,0.04288596100256931,-0.005431499718660941,-0.013471713361149457,-0.006015769285142988,Einsätze
groß+er+e einsatz+e,8.740376898863957,0.037480681513242256,0.00837283227396531,-0.029619366128201347,0.006437227812838857,groß+er+e einsatz+e
gab,80.50063434484018,-0.04414158783421566,-0.030445086998013945,0.03142432076688964,0.01102202743045265,gab
einsatz+e geb,8.336367629875395,0.040203484744591345,0.009373130757901001,-0.03142266602459795,0.006064183439258322,einsatz+e geb
Feuerwehr,23.92717708562793,-0.017217049702544198,0.03570670319120929,0.013987267490577278,-0.038244537674588665,Feuerwehr
geb feuer+wehr,7.806314687534144,0.044069406764833834,0.01079736736238984,-0.03399418012810028,0.005528033639224893,geb feuer+wehr
bisher,25.530844381415214,0.0016804742856122567,-0.01269913234876779,-0.00036619623046706893,0.009833099319067748,bisher
feuer+wehr bisher,7.52238165601485,0.04629557218776143,0.011619641948445067,-0.03548088630046865,0.005215753015852428,feuer+wehr bisher
+1775,5.401288855816636,0.03165271438311587,-0.01824556218979627,0.023980704478570775,-0.037321060976499294,+1775
aus… +1775,5.401288855816636,0.03165271438311587,-0.01824556218979627,0.023980704478570775,-0.037321060976499294,aus… +1775
+1775 char+s,5.346398552675034,0.036930511878623354,-0.01320397438404944,0.014657572539581151,-0.03248170862915298,+1775 char+s
Küstenschutz,139.19630505702537,-0.12396441695210379,-0.09941488009929772,-0.040402726919013476,0.18514914366240504,Küstenschutz
Umweltminister,30.60061836134013,-0.010592514530357146,-0.03016027916450471,-0.011786831559154843,0.045388544837323665,Umweltminister
küste+n+schutz umwelt+minister,16.628403757632515,-0.011733339927425158,-0.020559097747915155,-0.026457236456611744,0.05631306086309024,küste+n+schutz umwelt+minister
Großteil,39.604185180210486,-0.03751435293999303,-0.025918972242699772,0.0013313635581614059,0.04193877850503484,Großteil
umwelt+minister großteil,27.287028928557568,-0.022933645250286107,-0.018217229956811982,-0.0035858029069532446,0.03338799268557763,umwelt+minister großteil
Deiche,139.81723476119294,-0.12446101290822505,-0.0960402809006434,-0.03758186318985375,0.18035172012054715,Deiche
großteil deich+e,50.83179306201386,-0.06579671489420232,-0.04973547817663159,-0.015565384120169718,0.0957594388734518,großteil deich+e
seit,118.54901228312676,-0.06115846579291298,-0.03192984953691829,0.023236636287310018,0.032799733253695854,seit
deich+e seit,55.1547360067667,-0.039691841740831096,-0.019426372033506226,0.017943258172765233,0.017122822621965184,deich+e seit
seit sturm+flut,118.75080433904265,-0.0587975283806886,-0.025662356651051443,0.029887855674998794,0.017916333369098855,seit sturm+flut
repariert,108.93675634996345,-0.058866898494099394,-0.02486625853201145,0.025525207764695343,0.02298945267788968,repariert
sturm+flut reparier+t,36.80864854285996,-0.026367469945525537,-0.014467790473015822,0.01077598358287157,0.014330228268584596,sturm+flut reparier+t
reparier+t seit,22.740472567078204,0.02235867633387889,-0.01434406304307108,-0.006597186032805094,0.005964385579489864,reparier+t seit
Ostsee-Sturmflut,64.98557298670048,0.045635257729395876,-0.03847921249898882,0.002819638741829019,-0.0018676112231204001,Ostsee-Sturmflut
seit ostsee+-+sturm+flut,53.36408064879266,0.04999003105676337,-0.03634431983422734,-0.0003834699925747561,-0.0023341325202850738,seit ostsee+-+sturm+flut
Oktober,101.13631297782891,-0.031107612884512977,-0.02780979776005298,0.022735260742664045,0.01244023983887719,Oktober
ostsee+-+sturm+flut oktober,43.363309211223,-0.03179729909582043,-0.016359950593851296,0.014041774654055093,0.014945005341930146,ostsee+-+sturm+flut oktober
2023,94.65441962739058,0.020258293580925034,-0.042205760293966325,0.017318996370074894,-0.001168441430114824,2023
oktober 2023,85.1714715881563,-0.02601088366764412,-0.027779813444999874,0.020492450155522316,0.012236619365045678,oktober 2023
wurden,78.20380786569343,-0.04234675427062837,-0.027665426656816046,0.025160249531680452,0.015931288534560613,wurden
2023 werd+en,34.09764690875026,-0.026630328769018587,-0.016520465337348356,0.006096637678105714,0.02210908660367954,2023 werd+en
defekten,30.38018817569941,-0.03824479366156128,-0.031209791258747895,-0.013132363230926957,0.06398493544860538,defekten
werd+en defekt+en,30.38018817569941,-0.03824479366156128,-0.031209791258747895,-0.013132363230926957,0.06398493544860538,werd+en defekt+en
defekt+en deich+e,33.661431507557786,-0.06659073380931695,-0.06095245096352308,-0.0403051048806395,0.13171494948229134,defekt+en deich+e
Millionen,35.204307546957594,-0.03246461659504797,-0.03556913099628404,0.0007927114331401376,0.0470805492721327,Millionen
deich+e million+en,25.304476850391467,-0.033502661664357405,-0.031022809960829345,-0.01973429435658661,0.06896610849303346,deich+e million+en
Euro,28.77487652455221,-0.012466932827914246,-0.030601729055322397,-0.005310651747949364,0.038919661850855235,Euro
million+en euro,28.77487652455221,-0.012466932827914246,-0.030601729055322397,-0.005310651747949364,0.038919661850855235,million+en euro
euro reparier+t,35.29998616940124,-0.02908140198096433,-0.018214581599224726,0.005514815313860775,0.025668413537924272,euro reparier+t
gebaut,21.43057528323391,-0.017922306241293363,-0.025803461727813233,-0.02092984845371216,0.057405715235192764,gebaut
Und,32.1521635272744,-0.06551546646223788,-0.03868154898323788,0.03769331510117457,0.021891821168572505,Und
Zukunft,30.47594847432554,-0.0378094468925957,-0.033838923255799624,-0.011096385658504371,0.06328555939192083,Zukunft
und zukunft,21.366737733105786,-0.02373245063926565,-0.03025402347292051,-0.025686992965789978,0.06977803994791633,und zukunft
zukunft küste+n+schutz,19.86459484048399,-0.06940256258313975,-0.08302832710545109,-0.08378796769317416,0.19241591386150828,zukunft küste+n+schutz
kosten,17.572273010399886,0.010090769727730842,-0.014752761346123749,-0.01790239026917922,0.028202421503545762,kosten
küste+n+schutz kost+en,17.572273010399886,0.010090769727730842,-0.014752761346123749,-0.01790239026917922,0.028202421503545762,küste+n+schutz kost+en
Küstenschut…,6.5437847636752995,0.05138109402572659,0.011085472880632248,-0.04534332566533368,0.014400980479218646,Küstenschut…
zukunft küstenschut…,6.5437847636752995,0.05138109402572659,0.011085472880632248,-0.04534332566533368,0.014400980479218646,zukunft küstenschut…
+2652,6.358329086237444,0.0536784810345623,0.012234915370396003,-0.046116417070268104,0.012875622615924082,+2652
küstenschut… +2652,6.358329086237444,0.0536784810345623,0.012234915370396003,-0.046116417070268104,0.012875622615924082,küstenschut… +2652
+2652 char+s,6.28588951562074,0.054584312213419986,0.012678858417133001,-0.04644767320380192,0.012311919825956592,+2652 char+s
reparier+t hier,18.19624650074045,0.00043237099948213996,-0.005332391235922011,-0.006529036376553862,0.012450534416460324,reparier+t hier
thema küste+n+schutz,31.499288761682454,-0.0731034312540938,-0.06603585414860653,-0.04791015260307316,0.14666588965982708,thema küste+n+schutz
sie umwelt+minister,9.784290857014792,0.025444066771801284,0.0001145579707660065,-0.03177157526651638,0.02361487839151667,sie umwelt+minister
Nach,138.3917828081646,-0.07428832143234307,-0.013374531066185951,0.038504488901574846,0.0057422013588471444,Nach
Angaben,28.596238897811205,0.030466272736994836,-0.028392534355601372,-0.007431078007051701,0.013107765020181813,Angaben
nach angabe+n,11.125539385010184,0.024345948132266357,0.0035793298677040206,-0.021011755606710807,0.008186829796992002,nach angabe+n
Schleswig-Holsteinischen,9.883805468849165,0.030637718160561284,0.005868972283560558,-0.025115999730975877,0.0073587475725983885,Schleswig-Holsteinischen
angabe+n schleswig-holsteinisch+en,9.883805468849165,0.030637718160561284,0.005868972283560558,-0.025115999730975877,0.0073587475725983885,angabe+n schleswig-holsteinisch+en
Umweltministers,8.43063274521488,0.038301233033793375,0.007834304420542837,-0.03236892576524895,0.00975703227023118,Umweltministers
schleswig-holsteinisch+en umwelt+minister+s,8.43063274521488,0.038301233033793375,0.007834304420542837,-0.03236892576524895,0.00975703227023118,schleswig-holsteinisch+en umwelt+minister+s
Tobias,13.478992749827,0.059848953290577794,-0.011759083798584194,-0.027234848647765066,0.005272284845356513,Tobias
umwelt+minister+s tobias,8.821237537627535,0.03367134409389445,0.00476986729728857,-0.03288727377743199,0.01592225987648269,umwelt+minister+s tobias
Goldschmidt,9.35517235573768,0.09832444522649264,-0.011644051089224646,-0.046798422819752813,0.0031216350147645114,Goldschmidt
tobias goldschmidt,9.35517235573768,0.09832444522649264,-0.011644051089224646,-0.046798422819752813,0.0031216350147645114,tobias goldschmidt
goldschmidt großteil,10.967720853729087,0.016978443114608492,-0.004548014916678886,-0.030347984334617804,0.030968703207661555,goldschmidt großteil
sturm+flut oktober,42.834528143418915,-0.031401778153523206,-0.016222368887838463,0.013804786639580917,0.014900440655524984,sturm+flut oktober
2023 reparier+t,10.43806464006821,0.02714468939638942,0.004221683566808824,-0.02205240895763755,0.00715415984554939,2023 reparier+t
Wir,9.524243895022902,0.023870886526310257,-0.0025118617106605996,-0.00851146798112593,-0.00229060121804914,Wir
massive,23.199268435135508,0.014429022511294288,-0.023015429619412157,0.009398319715551608,-0.0024882262009544606,massive
wir massiv+e,9.00667563014895,0.012867475589887257,-0.016034001206718527,0.017422671987535665,-0.017805591550269784,wir massiv+e
Schäden,206.09724394543633,-0.1521891515148621,-0.10489541875246948,0.18107908881104562,-0.0875427587479417,Schäden
massiv+e schaden,8.931963168819275,-0.019463149485454103,-0.04993007809870448,0.07774496556675832,-0.0529486126566812,massiv+e schaden
+2760,7.720518042358239,0.030298218427562997,-0.003972356580597929,-0.004811256849206692,-0.010048096036990584,+2760
schaden +2760,7.720518042358239,0.030298218427562997,-0.003972356580597929,-0.004811256849206692,-0.010048096036990584,schaden +2760
+2760 chars,7.543709823449146,0.03380933183873544,-0.001259590223874168,-0.00996106859225223,-0.007982057954190389,+2760 chars
Keine,10.750893934232991,0.016670157898511864,-0.005573573733959396,-0.0030448295424431644,-0.0021122487918948927,Keine
Fähren,61.10997434415203,-0.01691504135913618,-0.015968779886781553,0.01270084898081137,0.007267762886820874,Fähren
kein+e fähre+n,11.43739943761827,0.019923402465777146,-3.535673032076161e-05,-0.01400165949405454,0.005196813948031075,kein+e fähre+n
Helgoland,28.493491126276318,0.006758314737905555,-0.0160036482413187,0.00030460937376813077,0.008456790887391161,Helgoland
fähre+n helgoland,13.930402440832912,0.013120611546496245,-0.0004766644653592025,-0.013776419666532475,0.009622292245438428,fähre+n helgoland
tobt,27.476266133757107,-0.037753867092889255,0.037601333807678786,0.006001574188038313,-0.016239819409383977,tobt
sturm+flut tob+t,15.039203464834342,0.019309768961337244,-0.0037510586304756103,-0.013532608742105618,0.00805614662787173,sturm+flut tob+t
tob+t nordseeküste,13.044515237414036,0.15892437809953722,-0.030680055854407636,-0.04875201271533221,-0.022900129635540393,tob+t nordseeküste
Kurz,10.753593840761537,0.0741550837374677,-0.005824675417569109,-0.03276797289224566,-0.0023633504755044823,Kurz
nordseeküste kurz,10.753593840761537,0.0741550837374677,-0.005824675417569109,-0.03276797289224566,-0.0023633504755044823,nordseeküste kurz
Weihnachten,9.871991255007893,0.06365685188305209,-0.00096999222048663,-0.032410285553814415,0.00029749426305693255,Weihnachten
kurz weihnachten,9.871991255007893,0.06365685188305209,-0.00096999222048663,-0.032410285553814415,0.00029749426305693255,kurz weihnachten
weihnachten nordseeküste,13.044515237414036,0.15892437809953722,-0.030680055854407636,-0.04875201271533221,-0.022900129635540393,weihnachten nordseeküste
ungemütlich,15.466195129929243,0.06584675801021808,-0.014166506487193451,-0.02312045626111195,-0.001957608923849735,ungemütlich
nordseeküste un+gemütlich,8.047082645401042,0.1587494262419429,-0.01569896637084433,-0.06024566685813406,-0.02084806621474744,nordseeküste un+gemütlich
Das,289.1092147450528,-0.06102100665984624,0.0068629737875117265,0.022726472373217604,0.002130693428989531,Das
der wasser,32.5196580442382,0.007339464879617482,-0.022034963855983622,0.00681279520721123,0.004605449721321828,der wasser
tritt,11.375294925659576,0.05937751107475126,-0.005394683153732007,-0.026591131213748235,-0.0004425049368813803,tritt
wasser tret,7.30842815397214,0.10851790451987366,-0.000749988163390115,-0.05052970035115883,-0.008471995863535933,wasser tret
vielerorts,12.33131031733638,0.07420984899008586,-0.009826635268999491,-0.029709232207502833,-0.002927260277419515,vielerorts
tret vielerorts,7.1901007573983025,0.10251288406358847,0.0011698555679624586,-0.04955927568794192,-0.007019691196421697,tret vielerorts
Ufer,14.778193344163418,0.08195791333807968,-0.008127427934219637,-0.03075357758020102,-0.008353208307744718,Ufer
vielerorts ufer,7.605298707328993,0.06388654247889011,0.007553680909022267,-0.03910407015328438,0.0013674587800404424,vielerorts ufer
laufen,19.059710726706204,0.002881768866700965,-0.00635755174350994,-0.005592748898589511,0.010565639986407976,laufen
fähre+n lauf+en,7.984951510211611,0.05331931967920778,0.00810082176698817,-0.03543817792226865,0.003446410609777874,fähre+n lauf+en
rummst,11.084507376013105,0.06197419293012468,-0.004121813062698162,-0.029326016320402923,0.00018701307610902116,rummst
schleswig-holstein rumms+t,11.084507376013105,0.06197419293012468,-0.004121813062698162,-0.029326016320402923,0.00018701307610902116,schleswig-holstein rumms+t
rumms+t nordseeküste,14.003839385599044,0.13569268960201833,-0.027141596446542876,-0.04148953244529474,-0.01755179484499018,rumms+t nordseeküste
nordseeküste sturm+flut,82.16676685091389,-0.05010906407058859,-0.02268792729748909,0.024859744320298253,0.016974352190390188,nordseeküste sturm+flut
Warnung,100.40714021382138,-0.09562873557870163,-0.06136399648730913,-0.014046009589892253,0.11788792856896815,Warnung
der warnung,13.461758062850286,-0.011396367131323058,-0.026908069093530974,-0.04320276923914718,0.0803891833227761,der warnung
warnung wetter+dienst+es,11.096863516307206,0.01591626257261851,-0.005235913866669266,-0.030440117124374035,0.032293146440076505,warnung wetter+dienst+es
wurde,96.92237085339286,-0.05586192790676493,-0.028923941949466944,0.036589455799050034,0.009977911827406464,wurde
wetter+dienst+es werd+e,9.623156514999774,0.02746272205989693,0.001595841028489165,-0.031155088547773064,0.02037413836474643,wetter+dienst+es werd+e
ostfriesischen,8.770200287260389,0.034074349795401464,0.004966500556124825,-0.03302569784604199,0.015670947555981956,ostfriesischen
werd+e ostfriesisch+en,8.770200287260389,0.034074349795401464,0.004966500556124825,-0.03302569784604199,0.015670947555981956,werd+e ostfriesisch+en
ostfriesisch+en insel+n,22.35640440435376,-0.011090109578635782,-0.011339460504277534,0.003566609704435463,0.011668045747450433,ostfriesisch+en insel+n
Borkum,7.674412806491166,0.04315959586126463,0.009166516503878576,-0.03680986808597175,0.010954911363637784,Borkum
insel+n borkum,7.674412806491166,0.04315959586126463,0.009166516503878576,-0.03680986808597175,0.010954911363637784,insel+n borkum
Norderney,61.39879475663627,-0.04247095853780937,-0.020172506568079316,0.02010672253805024,0.0165857541186103,Norderney
borkum norderney,7.459203427816291,0.045074782480737284,0.01000586041812778,-0.03774254166525712,0.010150973823764512,borkum norderney
Wangerooge,7.137880538346019,0.048041308120716136,0.01128214503362446,-0.03926034899773419,0.009006070562778795,Wangerooge
norderney wangerooge,7.137880538346019,0.048041308120716136,0.01128214503362446,-0.03926034899773419,0.009006070562778795,norderney wangerooge
nordfriesischen,13.256637921744865,0.039256761182894076,-0.0052076429305698,-0.02118532165631006,0.005964638398695281,nordfriesischen
wangerooge norden+friesisch+en,6.887635929591213,0.05045283688782324,0.012301302215572364,-0.04055220969107287,0.00815355933991077,wangerooge norden+friesisch+en
Inse…,6.62689162904199,0.053073371976630736,0.013393039856640572,-0.04200769084267135,0.0072952024916272526,Inse…
norden+friesisch+en inse…,6.62689162904199,0.053073371976630736,0.013393039856640572,-0.04200769084267135,0.0072952024916272526,norden+friesisch+en inse…
+966,10.803877686856657,0.023751166974309016,0.0019325278679061587,-0.019481620641839097,0.008012067112171055,+966
inse… +966,6.525878936759978,0.054121155059998496,0.01382553391490431,-0.04260326463106162,0.006969582445087265,inse… +966
+966 chars,10.660329393590086,0.024557921046498447,0.0022938785248138305,-0.02007890610739718,0.00794355585930884,+966 chars
Angesagte,36.80864854285996,-0.026367469945525537,-0.014467790473015822,0.01077598358287157,0.014330228268584596,Angesagte
hochwasser an+ge+sag+t+e,26.166465522220058,-0.01399501386414029,-0.010128477082877452,0.003234852573658391,0.01290347702918241,hochwasser an+ge+sag+t+e
an+ge+sag+t+e sturm+flut,63.535647094654934,-0.043263497692160306,-0.020331793545567918,0.02085082033626775,0.016223117617321443,an+ge+sag+t+e sturm+flut
bleibt,72.89422146333256,-0.04499279591555716,-0.019914131207956497,0.016806041001110595,0.02212881175123966,bleibt
hamburg bleib+t,28.807910834661868,-0.017633160305148065,-0.011408529844321412,0.005466729436927217,0.013326991610970453,hamburg bleib+t
Ursprünglich,17.1091349071225,0.008019438304194049,-0.004759959994114654,-0.008655695118636578,0.009903082176702542,Ursprünglich
bleib+t ursprünglich,10.535819852455571,0.027206823328916455,0.004618960821579321,-0.02287362677862276,0.00781250259387181,bleib+t ursprünglich
Montagmorgen,29.868461295369052,-0.01896948274408243,-0.011877846811778852,0.006283505801748166,0.013481693328917632,Montagmorgen
ursprünglich montag+morgen,20.986065631821912,-0.0051741427769222675,-0.007010542070236947,-0.0022262057380022494,0.011861540334695237,ursprünglich montag+morgen
erneut,46.27342305638799,-0.033862186354477186,-0.01707759293888458,0.015276720030967335,0.015177126718803514,erneut
montag+morgen erneut,28.929232014389818,-0.017789369377507816,-0.011463414217440083,0.0055622898067631595,0.013345098846025765,montag+morgen erneut
erneut sturm+flut,63.535647094654934,-0.043263497692160306,-0.020331793545567918,0.02085082033626775,0.016223117617321443,erneut sturm+flut
sturm+flut norden,106.6775459144148,-0.056396970692941494,-0.024842318835053678,0.028505312430542745,0.017657297359401337,sturm+flut norden
angesagt,20.986065631821912,-0.0051741427769222675,-0.007010542070236947,-0.0022262057380022494,0.011861540334695237,angesagt
norden an+ge+sag+t,20.986065631821912,-0.0051741427769222675,-0.007010542070236947,-0.0022262057380022494,0.011861540334695237,norden an+ge+sag+t
Doch,77.8908114907247,-0.052112929613747264,-0.015522457968138906,0.01800770175158763,0.021284004112132226,Doch
Ende,27.837437384795074,-0.016350793462227377,-0.01095773000942718,0.004681410211539414,0.0131781068455185,Ende
doch ende,16.789429266664946,0.0044608697551263,-0.0035809874126458466,-0.00827164924239988,0.01069646667090942,doch ende
stieg,28.83315820523673,0.013216161432225305,-0.017544943002360022,-0.0008608540937858639,0.0070978297051336086,stieg
ende steig,16.065946339781185,0.006453250500940813,-0.0028686260580722558,-0.009532193412533538,0.010451706728905573,ende steig
steig wasser,22.511421553613804,0.009706261845022525,-0.011558320789386194,-0.004105448309652207,0.008607578944066918,steig wasser
weniger,14.257243912199833,0.012013474822737963,-0.0008747281387608724,-0.01306889543144142,0.00976115700078214,weniger
wasser weniger,14.257243912199833,0.012013474822737963,-0.0008747281387608724,-0.01306889543144142,0.00976115700078214,wasser weniger
hoch,17.80695448053561,0.06756421151931896,-0.02107468680000688,-0.01442771405409352,-0.008515529118063284,hoch
weniger hoch,13.632590131398999,0.015010709119963838,-0.00027332190560924074,-0.0146212579043611,0.009316479695943566,weniger hoch
zunächst,37.64860198724742,-0.002438601919418803,-0.021664411614326827,0.009210266770970072,0.007378477787017076,zunächst
hoch zunächst,13.081007442134014,0.033121178748081334,-0.002825110259843791,-0.01935058646845113,0.005706591175112439,hoch zunächst
angenommen,12.62125162806242,0.053049581416676164,-0.0059731322069108165,-0.02446636275870044,0.0016019559325117132,angenommen
zunächst an+ge+nehm+en,12.62125162806242,0.053049581416676164,-0.0059731322069108165,-0.02446636275870044,0.0016019559325117132,zunächst an+ge+nehm+en
blieb,11.923506477200613,0.05859335318945388,-0.00553020421896061,-0.026935688094887583,0.0006282357705137438,blieb
kritischen,7.872333784242801,0.17928445264931547,-0.01989263856677762,-0.06609850268065069,-0.025856765356095584,kritischen
bleib kritisch+en,7.872333784242801,0.17928445264931547,-0.01989263856677762,-0.06609850268065069,-0.025856765356095584,bleib kritisch+en
Pegel,16.861969504537985,0.42627656115210394,-0.10417863264187409,-0.11613086151765162,-0.1199934637714721,Pegel
kritisch+en pegel,8.56023762452207,0.323658730347721,-0.061468418836592334,-0.10500741852584909,-0.06612282999380277,kritisch+en pegel
link ursprünglich,9.741884884785557,0.03970030831179263,0.004458064805836855,-0.027428068431445532,0.005507854332283419,link ursprünglich
kritis…,6.826126150595847,0.05229651894598591,0.013844065386860432,-0.03951001523199198,0.0043606421563624044,kritis…
bleib kritis…,6.826126150595847,0.05229651894598591,0.013844065386860432,-0.03951001523199198,0.0043606421563624044,bleib kritis…
+853,6.679771924062545,0.05366959757017105,0.014354662355025229,-0.04043632636697553,0.004162188055186376,+853
kritis… +853,6.679771924062545,0.05366959757017105,0.014354662355025229,-0.04043632636697553,0.004162188055186376,kritis… +853
+853 char+s,6.604302915401856,0.0543945669783369,0.014624497376268055,-0.040926069106918005,0.004056978604494636,+853 char+s
bleib+t hier,10.535819852455571,0.027206823328916455,0.004618960821579321,-0.02287362677862276,0.00781250259387181,bleib+t hier
thema hochwasser,37.446319426692604,-0.06394445667670168,-0.05251551791143929,0.0786386477055686,-0.024052532754416954,thema hochwasser
sie an+ge+sag+t+e,15.009048932039201,0.009592435730851502,-0.0017439839747110336,-0.011525534086341296,0.010063221283636058,sie an+ge+sag+t+e
der elbe,10.452369221682353,0.0816365016320178,-0.006586485265689188,-0.03513672123912063,-0.003908696711524789,der elbe
elbe nordsee,12.476824394839792,0.17411730232201025,-0.03310019327917517,-0.053579687194109424,-0.02649119206529723,elbe nordsee
angekündigte,43.42827915048997,-0.025364527816362236,-0.017857099168475825,0.013109873925401142,0.013447856767305586,angekündigte
nordsee an+ge+kündig+t+e,13.996115176355763,0.03563332542836713,-0.0051827905714012905,-0.01848254577257447,0.004916166139396443,nordsee an+ge+kündig+t+e
an+ge+kündig+t+e sturm+flut,82.16676685091389,-0.05010906407058859,-0.02268792729748909,0.024859744320298253,0.016974352190390188,an+ge+kündig+t+e sturm+flut
sturm+flut montag+morgen,12.857661857890735,0.01701739131597943,0.0009271896161061701,-0.016275394985840356,0.009129768895009665,sturm+flut montag+morgen
ausgeblieben,10.756657879422269,0.02611031822839331,0.004220206419084988,-0.02215916079815174,0.007956400535550464,ausgeblieben
montag+morgen aus+ge+bleib+en,10.756657879422269,0.02611031822839331,0.004220206419084988,-0.02215916079815174,0.007956400535550464,montag+morgen aus+ge+bleib+en
kletterte,8.841968283081354,0.036823495216524484,0.008131741112792768,-0.02918508702015897,0.0065267132597321195,kletterte
wasser kletter+te,8.841968283081354,0.036823495216524484,0.008131741112792768,-0.02918508702015897,0.0065267132597321195,wasser kletter+te
kletter+te zunächst,7.967003452031686,0.04285940220416822,0.01035108711641152,-0.03318791257284533,0.005696675959201057,kletter+te zunächst
erwartet,357.85418746210394,-0.059037267010491,-0.03410534644737118,0.038085834952119695,0.013992985715301139,erwartet
zunächst erwart+et,7.687245023658743,0.0449888497591837,0.011136790128143661,-0.034607690527396415,0.005399374523909511,zunächst erwart+et
Stand,41.07313584541582,-0.05090050649269428,0.01425264451696638,0.025496676536265767,-0.013877933827034993,Stand
erwart+et stand,7.211703096015137,0.04887157231511967,0.012573099217822143,-0.037206612969946505,0.00485109151767633,erwart+et stand
"1,50",7.007157567100999,0.05065510052788919,0.013234480161676079,-0.038404827558171144,0.004596499464834538,"1,50"
"stand 1,50",7.007157567100999,0.05065510052788919,0.013234480161676079,-0.038404827558171144,0.004596499464834538,"stand 1,50"
"1,50 meter",6.913995723771614,0.05149215551378867,0.013545234908527009,-0.03896813436931611,0.004476408973130047,"1,50 meter"
Hochwasse…,6.518633466112178,0.055232039264657515,0.014936418119563234,-0.04149238042640271,0.003935071818413663,Hochwasse…
mittler+en hochwasse…,6.518633466112178,0.055232039264657515,0.014936418119563234,-0.04149238042640271,0.003935071818413663,mittler+en hochwasse…
+681,6.3614084436925165,0.05681086799734797,0.015525080087771006,-0.042561666527009226,0.003704161416823844,+681
hochwasse… +681,6.3614084436925165,0.05681086799734797,0.015525080087771006,-0.042561666527009226,0.003704161416823844,hochwasse… +681
+681 chars,6.300814639394424,0.057434398106681786,0.015757784993838668,-0.042984558881684336,0.0036125733350867444,+681 chars
deich+e schleswig-holstein,10.808296888225398,0.027416971209533063,-0.010898735528267062,-0.03784203300294364,0.03851135510027451,deich+e schleswig-holstein
schleswig-holstein seit,14.375240511601234,0.05109784637834237,-0.009116923657000824,-0.021311090949681474,0.0015189614825420695,schleswig-holstein seit
seit ostsee-sturmflut,16.75909717802628,0.08209312925875607,-0.01973045526622255,-0.02523434927287055,-0.005847501105180129,seit ostsee-sturmflut
ostsee-sturmflut reparier+t,15.009048932039201,0.009592435730851502,-0.0017439839747110336,-0.011525534086341296,0.010063221283636058,ostsee-sturmflut reparier+t
kosten.Nach,6.511418101141399,0.02280359298280129,-0.01894976040853826,-0.07782091331208048,0.09301382522470544,kosten.Nach
küste+n+schutz kosten.nach,6.511418101141399,0.02280359298280129,-0.01894976040853826,-0.07782091331208048,0.09301382522470544,küste+n+schutz kosten.nach
kosten.nach angabe+n,6.317943597874808,0.03282997870430946,-0.009809714205333017,-0.07017049001026535,0.07168287440402839,kosten.nach angabe+n
+2610,6.162542455751465,0.03908925850122536,-0.004378645766273135,-0.06613451457048346,0.05909067187793202,+2610
angabe+n +2610,6.162542455751465,0.03908925850122536,-0.004378645766273135,-0.06613451457048346,0.05909067187793202,angabe+n +2610
+2610 chars,6.093664701294137,0.04150465852118839,-0.0023577905031196807,-0.06477933388522451,0.05446130275876918,+2610 chars
Sich,6.355644778047307,0.07056891451002856,0.012657176460229012,-0.045694155980434976,0.0007053942274762644,Sich
ans,6.41888522591241,0.07051926892798753,0.012293106732207633,-0.045390703803510526,0.0006714416540373183,ans
sich an,6.41888522591241,0.07051926892798753,0.012293106732207633,-0.045390703803510526,0.0006714416540373183,sich an
Meer,34.802253462464876,-0.0688100970832322,0.008972089940012315,0.0397495252936303,-0.01780505960727365,Meer
an meer,6.471634894975546,0.07050008709046023,0.011988881212386946,-0.04514595258153257,0.0006386144741764668,an meer
wünschen,6.583440872406399,0.07052756147695927,0.011341740420577898,-0.044652316628571234,0.0005551734742878774,wünschen
meer wünsch+en,6.583440872406399,0.07052756147695927,0.011341740420577898,-0.044652316628571234,0.0005551734742878774,meer wünsch+en
verfolgen,7.597718788624819,0.07564199115255055,0.0050822560219767315,-0.041797999119445615,-0.0012133418223099915,verfolgen
wünsch+en verfolg+en,7.597718788624819,0.07564199115255055,0.0050822560219767315,-0.041797999119445615,-0.0012133418223099915,wünsch+en verfolg+en
eigene,8.181268248858608,0.08384240518260463,0.0007732067262184285,-0.041709458934214926,-0.0033628973140119403,eigene
verfolg+en eigen+e,8.181268248858608,0.08384240518260463,0.0007732067262184285,-0.041709458934214926,-0.0033628973140119403,verfolg+en eigen+e
Schatten,8.47011835261078,0.08999205488440896,-0.0017297375953025192,-0.042231264373186694,-0.004894455440791928,Schatten
eigen+e schatten,8.47011835261078,0.08999205488440896,-0.0017297375953025192,-0.042231264373186694,-0.004894455440791928,eigen+e schatten
Eine,149.84882557935066,-0.06059444907641144,-0.028359613300859548,0.03535376149988565,0.013952449369004333,Eine
schatten ein,8.920530454978458,0.10353071953842498,-0.006423375008660019,-0.044080516083380795,-0.008194965352211293,schatten ein
Reise,9.225912271364017,0.11652091404762441,-0.010428690050385936,-0.046328158338329206,-0.011340266237494512,Reise
ein reise,9.225912271364017,0.11652091404762441,-0.010428690050385936,-0.046328158338329206,-0.011340266237494512,ein reise
Ostsee,247.64796049811883,0.15284616123644265,-0.07820453427153698,-0.010727511891112778,-0.02876640485353629,Ostsee
reise ostsee,10.478424404495415,0.23861063992959164,-0.04431114847563075,-0.07483089445624332,-0.04259428786766162,reise ostsee
führte,10.840666162478948,0.10968462206003719,-0.013889114171273743,-0.04083241164595028,-0.01042778922920911,führte
ostsee führ+te,10.840666162478948,0.10968462206003719,-0.013889114171273743,-0.04083241164595028,-0.01042778922920911,ostsee führ+te
Autorin,12.857661857890735,0.01701739131597943,0.0009271896161061701,-0.016275394985840356,0.009129768895009665,Autorin
führ+te autor+in,12.857661857890735,0.01701739131597943,0.0009271896161061701,-0.016275394985840356,0.009129768895009665,führ+te autor+in
autor+in sturm+flut,24.762533789152943,-0.011853107529319751,-0.009373255825791738,0.001915259778451127,0.012652488024657273,autor+in sturm+flut
Strandkörben,14.615021676160534,0.010840300702510002,-0.0012961547502746181,-0.012320366201319146,0.009907801217343724,Strandkörben
sturm+flut strand+korb+en,14.615021676160534,0.010840300702510002,-0.0012961547502746181,-0.012320366201319146,0.009907801217343724,sturm+flut strand+korb+en
Sätzen,10.997054760258363,0.024951276983367004,0.003799100544079366,-0.021405102713625446,0.00810792668288655,Sätzen
strand+korb+en satz+en,10.997054760258363,0.024951276983367004,0.003799100544079366,-0.021405102713625446,0.00810792668288655,strand+korb+en satz+en
Thomas,9.883805468849165,0.030637718160561284,0.005868972283560558,-0.025115999730975877,0.0073587475725983885,Thomas
satz+en thomas,9.883805468849165,0.030637718160561284,0.005868972283560558,-0.025115999730975877,0.0073587475725983885,satz+en thomas
Mann,9.36899499178768,0.033575189645716534,0.006942044266731312,-0.027044117232769203,0.006965916911045048,Mann
thomas mann,9.36899499178768,0.033575189645716534,0.006942044266731312,-0.027044117232769203,0.006965916911045048,thomas mann
unerhörten,9.50498076525117,0.032777938662342986,0.006650544702969162,-0.026520062014802902,0.007072936683023557,unerhörten
mann un+erhör+t+en,9.50498076525117,0.032777938662342986,0.006650544702969162,-0.026520062014802902,0.007072936683023557,mann un+erhör+t+en
Echo,10.4319183452882,0.027733697539042798,0.004810691709462224,-0.023217307709126327,0.007743167988202721,Echo
un+erhör+t+en echo,10.4319183452882,0.027733697539042798,0.004810691709462224,-0.023217307709126327,0.007743167988202721,un+erhör+t+en echo
Vergangenheit,12.229855270791823,0.019509278487420692,0.0018272172799001004,-0.017880518339653474,0.008811648745742902,Vergangenheit
echo vergangenheit,12.229855270791823,0.019509278487420692,0.0018272172799001004,-0.017880518339653474,0.008811648745742902,echo vergangenheit
ein sturm+flut,118.75080433904265,-0.0587975283806886,-0.025662356651051443,0.029887855674998794,0.017916333369098855,ein sturm+flut
lässt,25.686675563012287,0.03212906903953792,-0.01900243978078865,-0.006677827744118068,0.003525755012704184,lässt
sturm+flut lass+st,15.009048932039201,0.009592435730851502,-0.0017439839747110336,-0.011525534086341296,0.010063221283636058,sturm+flut lass+st
lass+st ostsee,12.654594987736306,0.1692333113643475,-0.03231305639607345,-0.052020792015627156,-0.0253286249302308,lass+st ostsee
Travemünde,19.479755996715497,0.06790557193655695,-0.027313852892597978,-0.010784781836096822,-0.00832652385403614,Travemünde
ostsee travemünde,10.898962814807144,0.08657592327164387,-0.008922523199721798,-0.03530189041695848,-0.005186329083256317,ostsee travemünde
travemünde küste,9.501542675461993,0.06531408558594841,-0.00012549726260720342,-0.033707744960969,9.576323000425133e-05,travemünde küste
zurückerobern,9.113630514690284,0.06241766133340336,0.0018162345830813492,-0.03408323370486197,0.0009046583959724737,zurückerobern
küste zurück+erober+n,9.113630514690284,0.06241766133340336,0.0018162345830813492,-0.03408323370486197,0.0009046583959724737,küste zurück+erober+n
Haben,8.329710943996242,0.05924033406567282,0.005433021643071767,-0.03565312755325652,0.001981745926710798,Haben
hab+en sie,8.099823716105892,0.05889113305703132,0.006447048888334194,-0.03630452075250362,0.0021790274522754146,hab+en sie
sie schon,7.96064465096042,0.058795781548100765,0.007055492270913715,-0.03673981218843567,0.002275281747245183,sie schon
unbekannten,7.415103192901305,0.05921996143155199,0.009425072412033424,-0.03874487537615213,0.0024952618518427937,unbekannten
schon un+bekenn+t+en,7.415103192901305,0.05921996143155199,0.009425072412033424,-0.03874487537615213,0.0024952618518427937,schon un+bekenn+t+en
Ort,17.245694417100793,0.013990624034164574,-0.00615460619564075,-0.009757148284433616,0.008650645113837247,Ort
un+bekenn+t+en ort,7.1426517753534835,0.05988805002778341,0.010613929440509278,-0.0399285645908493,0.002516310119221418,un+bekenn+t+en ort
betreten,7.061082085073085,0.06014564864308393,0.010972322480324925,-0.040307414807911744,0.0025115240445182916,betreten
ort betret+en,7.061082085073085,0.06014564864308393,0.010972322480324925,-0.040307414807911744,0.0025115240445182916,ort betret+en
Wald,11.027661405324379,0.029659801288992947,0.0027584072015373077,-0.02235205524623531,0.0071129019123748055,Wald
betret+en wald,6.771602528559204,0.06127240018783572,0.012258073949157887,-0.04174622325861791,0.0024538663548480046,betret+en wald
Bergwiese,6.600523830020286,0.06209426749303896,0.013031103233611572,-0.042668287247883414,0.002390083559392978,Bergwiese
wald berg+wiese,6.600523830020286,0.06209426749303896,0.013031103233611572,-0.042668287247883414,0.002390083559392978,wald berg+wiese
Stelle,6.333608476446477,0.06361008836542774,0.014262936570806798,-0.044219506075446086,0.0022463002334520807,Stelle
berg+wiese stelle,6.333608476446477,0.06361008836542774,0.014262936570806798,-0.044219506075446086,0.0022463002334520807,berg+wiese stelle
stelle ufer,6.1520311096398865,0.06480662858336614,0.01512280226226481,-0.045357673064978864,0.0021172306504916192,stelle ufer
plötzlich…,6.050038150560002,0.06553866954143914,0.015614878582030513,-0.04602805609436077,0.002033418198658843,plötzlich…
ufer plötzlich…,6.050038150560002,0.06553866954143914,0.015614878582030513,-0.04602805609436077,0.002033418198658843,ufer plötzlich…
+9189,5.937483054726765,0.06639750759636497,0.01616634186277016,-0.04679491485936411,0.0019313053951319802,+9189
plötzlich… +9189,5.937483054726765,0.06639750759636497,0.01616634186277016,-0.04679491485936411,0.0019313053951319802,plötzlich… +9189
+9189 char+s,5.884779798977533,0.0668183108955904,0.01642781640166455,-0.04716404397549441,0.0018799708723580579,+9189 char+s
Sturm,248.3034768709326,-0.06508382041914675,-0.015635303908333044,0.035038415167550956,0.006784911558464042,Sturm
Norddeutschland,67.4068649328648,-0.005574641923564484,-0.02318625114786053,0.014947167546149756,0.003129508145264735,Norddeutschland
sturm norddeutschland,30.993886394076554,-0.020319191748015462,-0.012351400524146783,0.007106822063023674,0.013637489357288412,sturm norddeutschland
norddeutschland sturm+flut,44.516702126208074,-0.0326376712220159,-0.016652145112430686,0.014544839573020588,0.015039582684725487,norddeutschland sturm+flut
sturm+flut nordseeküste,116.94657817582795,0.11286230119034746,-0.06113546400009391,-0.006623904357946661,-0.018065735120924336,sturm+flut nordseeküste
bringt,70.62628216615592,-0.0297421583811295,-0.03314332547209607,0.03635098266808175,-0.002103773952999179,bringt
nordseeküste bring+t,26.425134313289185,0.018466946355240398,-0.034485721718149925,0.024446088891958918,-0.015680691407695506,nordseeküste bring+t
Fährausfälle,85.41429839140902,-0.10295572966553715,-0.07258754396809936,0.12383878070749134,-0.05114860747913155,Fährausfälle
bring+t fähr+ausfall+e,26.804718021781774,-0.03641316048331319,-0.04838303319248191,0.07530182516778319,-0.03973848738691808,bring+t fähr+ausfall+e
Ein,120.15411627276575,-0.06631696295144396,0.061103238083066974,0.007375569972187782,-0.021448934742576586,Ein
fähr+ausfall+e ein,23.95153445421094,-0.0189092313617325,0.024710930158819394,-0.002170702593046402,-0.006132689260903751,fähr+ausfall+e ein
Sturmtief,212.43421671995543,-0.1556788554662433,0.27419180996409986,-0.05834602593866305,-0.10263217037896974,Sturmtief
ein sturm+tief,47.08447142271686,-0.12148746710634484,0.28443183641990183,-0.07925426905858629,-0.10810734044195583,ein sturm+tief
treibt,13.798011480604147,0.005358696999321422,0.0919803845899903,-0.040648027735499186,-0.032557628229616255,treibt
sturm+tief treib+t,13.798011480604147,0.005358696999321422,0.0919803845899903,-0.040648027735499186,-0.032557628229616255,sturm+tief treib+t
treib+t wasser,13.571429924944495,0.03682530251208144,0.04846896391470143,-0.034420493044854984,-0.021594083858801294,treib+t wasser
schleswig-holsteinische,45.18490127121262,-0.011379166290047342,-0.014838399338687398,0.008579500714002116,0.00824945658259173,schleswig-holsteinische
wasser schleswig-holsteinisch+e,14.4665122408738,0.0649155842909516,0.009453255665839658,-0.0312200967912367,-0.010784976759782289,wasser schleswig-holsteinisch+e
schleswig-holsteinisch+e nordseeküste,46.54882954990197,0.20699038620011798,-0.07078643798353162,-0.03987941584226748,-0.03923574076684792,schleswig-holsteinisch+e nordseeküste
Morgen,74.89985015936354,-0.02797431025195603,-0.021660339435488854,0.01911252843556723,0.01032675631812712,Morgen
kommt,88.06294660087981,-0.06249042409939449,-0.0015135724659966492,0.031301816024455295,-0.0013769065370661103,kommt
morgen komm+t,24.15276024498015,-0.010871131423951146,-0.009026616463118678,0.00130889161655978,0.012536998363329686,morgen komm+t
komm+t sturm+flut,44.516702126208074,-0.0326376712220159,-0.016652145112430686,0.014544839573020588,0.015039582684725487,komm+t sturm+flut
Ausfällen,31.346757417968593,-0.03232385108583323,0.029534658852411636,-0.004939242364514148,0.0016041374822799682,Ausfällen
sturm+flut ausfall+en,24.15276024498015,-0.010871131423951146,-0.009026616463118678,0.00130889161655978,0.012536998363329686,sturm+flut ausfall+en
Fährverkehr,70.24244274484484,-0.05022150119444078,-0.026807292803244617,0.03473588917578744,0.007381235156334182,Fährverkehr
ausfall+en fähr+verkehr,25.63062639660366,-0.013196204094346521,-0.009846962372528306,0.0027432050601915474,0.012810018244908322,ausfall+en fähr+verkehr
fähr+verkehr insel+n,25.312146230969446,-0.013005701371959548,-0.0035032880968469448,0.00029556496003981095,0.010645365284949665,fähr+verkehr insel+n
Halligen,27.754363618839122,0.022704992346373735,-0.013080451930643265,-0.005467133682121355,0.003270280017161284,Halligen
insel+n hallige+n,14.664550239826765,0.00745714940172285,0.010542348798766707,-0.01570351750210585,0.006524649916556768,insel+n hallige+n
link ein,18.632376583535706,-0.009358373470477917,0.054253178962977926,-0.025290155156601844,-0.008227471702209834,link ein
Eine…,8.29609645870296,0.040484982520377535,0.009476678625505476,-0.03160947057082289,0.006025402909144173,Eine…
+952,8.035384127397789,0.042354836594437145,0.010165126762264763,-0.03285208071091099,0.005766773752056442,+952
eine… +952,8.035384127397789,0.042354836594437145,0.010165126762264763,-0.03285208071091099,0.005766773752056442,eine… +952
+952 chars,7.868917324411097,0.043593873609507776,0.010621923677946742,-0.03367716369344316,0.005594401481767269,+952 chars
fähr+ausfall+e hier,9.306490916064037,0.04179558405631936,-0.01283997890609048,-0.0022926734104282013,-0.013570922734188218,fähr+ausfall+e hier
thema sturm,19.563564092323258,0.011297742179512672,-0.008657365426718314,-0.006877739556790179,0.008757888705096606,thema sturm
sturm+flut morgen,12.857661857890735,0.01701739131597943,0.0009271896161061701,-0.016275394985840356,0.009129768895009665,sturm+flut morgen
morgen schleswig-holsteinisch+e,11.015234477178913,0.03281022010982279,0.0021473213167689637,-0.023056881940935654,0.006456147455576471,morgen schleswig-holsteinisch+e
nordseeküste erreich+t,37.27883477201168,0.06369027646518485,-0.03306293743810626,-0.008013610203502624,-0.004359375729243916,nordseeküste erreich+t
Dagebüll,32.18518856572704,0.0032638723306100265,-0.016758290190110166,0.008100907453558927,0.0012407013700293018,Dagebüll
Nordfriesland,19.392064123629403,0.036235936979846964,-0.013535613415049124,-0.012338410136802747,0.0035972409573647893,Nordfriesland
dagebüll nordfriesland,19.392064123629403,0.036235936979846964,-0.013535613415049124,-0.012338410136802747,0.0035972409573647893,dagebüll nordfriesland
etwa,45.77970962447324,-0.0030821595614480388,-0.023399628958602283,0.0096543418015826,0.008605409065224473,etwa
nordfriesland etwa,17.694603563174557,0.03227455522731756,-0.010509792242144548,-0.0131632962740253,0.004755751199274877,nordfriesland etwa
etwa steig,11.511781871891674,0.06649919992998148,-0.00619535601537973,-0.029486626105341283,-0.0009548519818884265,etwa steig
Rohdaten,10.777638237150352,0.05924709639941252,-0.002709034083895541,-0.029359982658056217,0.0008947930902041961,Rohdaten
wasser rohdat+en,10.777638237150352,0.05924709639941252,-0.002709034083895541,-0.029359982658056217,0.0008947930902041961,wasser rohdat+en
Bundesamts,22.830148859784956,0.003609786607274759,-0.01065187639028667,-0.0026002976470754203,0.009804308856278553,Bundesamts
rohdat+en bund+es+amt+s,10.422292618189354,0.056807612442864364,-0.00118436920984701,-0.02959492945563916,0.0015615418461491647,rohdat+en bund+es+amt+s
Seeschifffahrt,112.93342481217469,-0.04400082117117872,-0.027865581364666953,0.026611870107385308,0.01518743719738125,Seeschifffahrt
bund+es+amt+s see+schiff+fahrt,20.991511149013828,0.006028250851869191,-0.00923938232604908,-0.004536248164308449,0.009593330170018238,bund+es+amt+s see+schiff+fahrt
Hydrographie,92.65751618888626,-0.05118212287504176,-0.02406594319493903,0.0262224743269323,0.01693637818429766,Hydrographie
see+schiff+fahrt hydrographie,92.65751618888626,-0.05118212287504176,-0.02406594319493903,0.0262224743269323,0.01693637818429766,see+schiff+fahrt hydrographie
BSH…,6.00611173555941,0.0762187571745101,0.013628285950284464,-0.04868370370097054,-0.000284804554492699,BSH…
hydrographie bsh…,6.00611173555941,0.0762187571745101,0.013628285950284464,-0.04868370370097054,-0.000284804554492699,hydrographie bsh…
+797,5.95037387444482,0.07619745232561612,0.013997603654118522,-0.04896365306801566,-0.0002374328135195432,+797
bsh… +797,5.95037387444482,0.07619745232561612,0.013997603654118522,-0.04896365306801566,-0.0002374328135195432,bsh… +797
+797 chars,5.905754381687565,0.0762020689547944,0.014292335757864151,-0.04919567525447485,-0.00020398761510767254,+797 chars
Orkanböen,65.47165214212637,-0.013774884863316805,-0.029623495985433745,0.02422632882080246,0.00128288011080665,Orkanböen
orkanbö+en norden,15.446022576623557,0.008259375182476731,-0.002221902873769172,-0.01067797826607725,0.010228624041968445,orkanbö+en norden
norden sturm+flut,24.762533789152943,-0.011853107529319751,-0.009373255825791738,0.001915259778451127,0.012652488024657273,norden sturm+flut
stoppt,22.40171765711636,0.0022456196236173825,-0.00995791358669431,-0.0026369382742152214,0.010144035776015513,stoppt
sturm+flut stopp+t,15.057249443900245,0.02506184264199122,-0.004950268469807259,-0.014731818581437352,0.006856936788539996,sturm+flut stopp+t
Nordsee-Fähren,13.259294804904044,0.1534703761465524,-0.02983172440838483,-0.04703430901033121,-0.02162914512948134,Nordsee-Fähren
stopp+t nordsee+-+fähre+n,13.259294804904044,0.1534703761465524,-0.02983172440838483,-0.04703430901033121,-0.02162914512948134,stopp+t nordsee+-+fähre+n
nordsee+-+fähre+n der,10.812693822768063,0.1423902740417617,-0.021320971072386653,-0.04881355867258889,-0.018127429300094224,nordsee+-+fähre+n der
Nordsee-Küste,21.18631440918556,0.167629185821292,-0.04512934866894136,-0.041531611479945246,-0.026832577287661027,Nordsee-Küste
der nordsee+-+küste,10.647299049283124,0.23236909324141888,-0.043159387027134066,-0.07271712349299232,-0.04097307502070412,der nordsee+-+küste
nordsee+-+küste schleswig-holstein,18.176610307402118,0.03692535903432641,-0.012125902760209575,-0.01366692964379781,0.003679157542692139,nordsee+-+küste schleswig-holstein
erlebt,22.719648554005396,-0.021926585995857385,0.04053349916443759,-0.014629342432693112,-0.0018901429491004608,erlebt
schleswig-holstein erleb+t,14.257243912199833,0.012013474822737963,-0.0008747281387608724,-0.01306889543144142,0.00976115700078214,schleswig-holstein erleb+t
erleb+t sturm+flut,24.762533789152943,-0.011853107529319751,-0.009373255825791738,0.001915259778451127,0.012652488024657273,erleb+t sturm+flut
Fährverbindungen,23.277210515357062,-0.06762530642900651,-0.056156276210775145,0.1006140450164601,-0.05097892893425304,Fährverbindungen
sturm+flut fähr+verbindung+en,14.920705147078603,-0.009859673117976728,-0.021996128570761206,0.02679663069499629,-0.010792172603142958,sturm+flut fähr+verbindung+en
fähr+verbindung+en werd+en,11.076998146548162,0.017708045652704476,-0.003444130786583236,-0.007258649843644068,0.0008646953522238617,fähr+verbindung+en werd+en
gestrichen,22.086486606095193,-0.007641544938584616,-0.0026444900273759394,0.00414686019640916,0.0016542422590104396,gestrichen
werd+en ge+streich+en,10.36603480356925,0.01610236119062431,-0.0074657829014818065,0.0007146010808077749,-0.005036618662013179,werd+en ge+streich+en
Hochwasserstände,9.628223133069326,-0.019237766892639997,-0.04682656932073499,0.07218692313700681,-0.047557513148832685,Hochwasserstände
ge+streich+en hochwasser+stand+e,9.628223133069326,-0.019237766892639997,-0.04682656932073499,0.07218692313700681,-0.047557513148832685,ge+streich+en hochwasser+stand+e
erreichen,24.320724859480766,-0.014250670280120843,-0.024937040151716838,0.02523487127599112,-0.0035433662173174254,erreichen
hochwasser+stand+e erreich+en,8.446565566004391,0.022510163657707135,-0.008498140237165195,0.0034776667071580334,-0.011949415953526263,hochwasser+stand+e erreich+en
zwei,67.76451280565777,-0.012740571507942914,-0.03451384459783192,0.025652864821452067,0.0026800814573472377,zwei
erreich+en zwei,8.039826728246483,0.029822660778863076,-0.0028420565959680635,-0.007175709671217094,-0.007622267119636754,erreich+en zwei
zwei meter,21.12862729158517,0.023563420520155715,-0.0313957947591016,0.017958629257284062,-0.012876982150381031,zwei meter
Normal,12.683030389310915,-0.0015842089450241225,-0.028488033131592434,0.03623233351921267,-0.02351404308695329,Normal
meter normal,12.683030389310915,-0.0015842089450241225,-0.028488033131592434,0.03623233351921267,-0.02351404308695329,meter normal
Kiel/Hamburg,21.18095682602811,0.04296233720086871,-0.019914042537764094,-0.008031681156000187,-0.0011151453407892324,Kiel/Hamburg
kiel/hamburg der,7.072101623282885,0.05519438091110676,0.004008921355802296,-0.02724461398490284,-0.004629059341039272,kiel/hamburg der
Wassermassen,7.000391102605036,0.06037738312343119,0.00369351287744041,-0.0292841844614845,-0.005290484447590439,Wassermassen
der wasser+masse+n,7.000391102605036,0.06037738312343119,0.00369351287744041,-0.0292841844614845,-0.005290484447590439,der wasser+masse+n
türmen,7.138616810963658,0.06759366551589192,0.0055607768832764415,-0.03649069186727671,-0.002719933781517753,türmen
wasser+masse+n türm+en,7.138616810963658,0.06759366551589192,0.0055607768832764415,-0.03649069186727671,-0.002719933781517753,wasser+masse+n türm+en
meterhoch,16.19762614183911,0.013005526556248141,-0.008414370628122385,-0.0049067946187134216,0.004964262159483211,meterhoch
türm+en meter+hoch,7.390426704907425,0.07143175011266731,0.00639121968020381,-0.040742633334103925,-0.0007420772864118341,türm+en meter+hoch
brechen,13.998394483878329,0.02503748997745936,-0.006418686071515617,-0.01123663697976881,0.0036548618155836546,brechen
meter+hoch brech+en,7.678599158172338,0.07419313817544694,0.005024792495065627,-0.04118107161880751,-0.0009393342942524895,meter+hoch brech+en
Gewalt,8.064179919977798,0.07867964507442347,0.0023784919199453265,-0.04090116671159321,-0.0021486453092829333,Gewalt
brech+en gewalt,8.064179919977798,0.07867964507442347,0.0023784919199453265,-0.04090116671159321,-0.0021486453092829333,brech+en gewalt
gewalt küste,8.646928039559125,0.08963501856049953,-0.0023353522684950814,-0.04161837138049383,-0.004903051977291233,gewalt küste
Land,71.21385292096795,-0.050555397982272585,-0.01636015079417585,0.027286988232505284,0.008985457284392834,Land
land nordsee,10.647299049283124,0.23236909324141888,-0.043159387027134066,-0.07271712349299232,-0.04097307502070412,land nordsee
Dienstagmorgen,21.153462768621655,0.010175779047987879,-0.010246051889836226,-0.005267800407726032,0.00872004793343474,Dienstagmorgen
dienstag+morgen sturm+flut,24.762533789152943,-0.011853107529319751,-0.009373255825791738,0.001915259778451127,0.012652488024657273,dienstag+morgen sturm+flut
sturm+flut nordsee+-+küste,14.003839385599044,0.13569268960201833,-0.027141596446542876,-0.04148953244529474,-0.01755179484499018,sturm+flut nordsee+-+küste
getroffen…,9.153181688095092,0.05247921396651841,0.0037705814447744506,-0.031759550111778015,0.0030396376166768493,getroffen…
schleswig-holstein getroffen…,9.153181688095092,0.05247921396651841,0.0037705814447744506,-0.031759550111778015,0.0030396376166768493,schleswig-holstein getroffen…
+1232,8.530546219147809,0.052403751640545296,0.006077205890675469,-0.03351689170683475,0.0033571217414251607,+1232
getroffen… +1232,8.530546219147809,0.052403751640545296,0.006077205890675469,-0.03351689170683475,0.0033571217414251607,getroffen… +1232
+1232 chars,8.277859415571392,0.052716855166319194,0.007011339956657609,-0.034361348637958755,0.0034195863164798636,+1232 chars
schleswig-holstein sturm+flut,63.535647094654934,-0.043263497692160306,-0.020331793545567918,0.02085082033626775,0.016223117617321443,schleswig-holstein sturm+flut
sorgt,112.81865323916762,-0.06083184644817488,0.010604988843507187,0.02888463717968644,-0.00930079509884577,sorgt
nordseeküste sorg+t,10.988653875985616,0.05998883398972381,-0.01711816774888945,-0.009165286474699334,-0.013381973632424072,nordseeküste sorg+t
sorg+t fähr+ausfall+e,21.41638871883098,-0.08906711243390947,-0.04364948207995829,0.1253111728976754,-0.08628239831077801,sorg+t fähr+ausfall+e
fähr+ausfall+e morgen,13.096487355259917,0.016112509006827074,0.0006008070446190166,-0.015693893100997103,0.009244670117356593,fähr+ausfall+e morgen
morgen sturm+flut,24.762533789152943,-0.011853107529319751,-0.009373255825791738,0.001915259778451127,0.012652488024657273,morgen sturm+flut
Teile,70.78481086090936,-0.03962953674988294,0.0003557732709104491,0.015916057958834464,0.003618270504793137,Teile
sturm+flut teil+e,15.009048932039201,0.009592435730851502,-0.0017439839747110336,-0.011525534086341296,0.010063221283636058,sturm+flut teil+e
teil+e nordseeküste,13.259294804904044,0.1534703761465524,-0.02983172440838483,-0.04703430901033121,-0.02162914512948134,teil+e nordseeküste
Örtlich,9.647129763137503,0.06666899773278014,-0.0008922652880704056,-0.033643194864332766,-0.00026484877652202006,Örtlich
steht,10.351392375227709,-0.0649322267287849,0.09250383328238916,0.007077294804070759,-0.05108359849906103,steht
örtlich steh+t,9.113630514690284,0.062417661333403575,0.0018162345830813492,-0.03408323370486197,0.0009046583959724737,örtlich steh+t
steh+t wasser,8.624248419244076,0.055964831657146545,0.00029094634006773405,-0.027058877109824242,-0.0022767533687282795,steh+t wasser
rund,8.356278363105345,0.05113251038339116,-0.0024174058597289817,-0.01975955963912121,-0.006009159499906714,rund
wasser rund,18.978174945074677,0.003455632544066428,-0.010087909963054642,-0.0004272824780926222,0.006668377128446867,wasser rund
rund zwei,8.200494552860501,0.04653896727887591,-0.005905116889821007,-0.011824500101886936,-0.010173138325879863,rund zwei
normalen,7.8248778672849895,0.028589892658880383,-0.0345427489276676,0.038169625032539505,-0.04116005211407391,normalen
meter normal+en,7.8248778672849895,0.028589892658880383,-0.0345427489276676,0.038169625032539505,-0.04116005211407391,meter normal+en
Hochwasserstand,7.977481581585449,3.098526039555072e-05,-0.08237365149765981,0.11120032387597029,-0.08990291569777394,Hochwasserstand
normal+en hochwasser+stand,7.977481581585449,3.098526039555072e-05,-0.08237365149765981,0.11120032387597029,-0.08990291569777394,normal+en hochwasser+stand
Fährausfällen,8.624676962818544,0.04568062431138706,-0.08108510194659156,0.08729449758698038,-0.08611262414277106,Fährausfällen
komm+t fähr+ausfall+en,8.624676962818544,0.04568062431138706,-0.08108510194659156,0.08729449758698038,-0.08611262414277106,komm+t fähr+ausfall+en
nordseeküste schleswig-holstein,9.907684136593076,0.07866514141459886,-0.004579042381411031,-0.035308655073272036,-0.003311555897867514,nordseeküste schleswig-holstein
schleswig-holstein komm+t,12.045225532763087,0.02027548438303534,0.0021043216683352775,-0.01837517224659904,0.008713322882213173,schleswig-holstein komm+t
wegen,116.56824397918803,-0.058479776481485966,-0.026496289807021386,0.030846533739523174,0.01714102603710606,wegen
komm+t wegen,14.257243912199833,0.012013474822737963,-0.0008747281387608724,-0.01306889543144142,0.00976115700078214,komm+t wegen
wegen sturm+flut,136.81804945936793,-0.06181422441362364,-0.026690960705145608,0.031618042059868734,0.018240578532099323,wegen sturm+flut
Verzögerungen,13.930402440832912,0.013120611546496245,-0.0004766644653592025,-0.013776419666532475,0.009622292245438428,Verzögerungen
sturm+flut verzögerung+en,13.930402440832912,0.013120611546496245,-0.0004766644653592025,-0.013776419666532475,0.009622292245438428,sturm+flut verzögerung+en
verzögerung+en ausfall+en,10.64396547710073,0.026665955991574238,0.004422224359102937,-0.022521073115573713,0.007883549301167593,verzögerung+en ausfall+en
morgen erreich+te,13.63021970302075,0.014168926425067875,-9.94272558190183e-05,-0.014447363254570893,0.009490374345733698,morgen erreich+te
erreich+te sturm+flut,24.762533789152943,-0.011853107529319751,-0.009373255825791738,0.001915259778451127,0.012652488024657273,erreich+te sturm+flut
sturm+flut küste,26.632674918923033,0.0020178075457294112,-0.01432893244347419,0.001195403550198801,0.008948634494384947,sturm+flut küste
+1447,8.740376898863957,0.037480681513242256,0.00837283227396531,-0.029619366128201347,0.006437227812838857,+1447
etwa +1447,8.740376898863957,0.037480681513242256,0.00837283227396531,-0.029619366128201347,0.006437227812838857,etwa +1447
+1447 chars,8.462319972132253,0.03933520129586779,0.009053891835936818,-0.030846901497323127,0.0061835493793015815,+1447 chars
sturm+flut sorg+t,36.80864854285996,-0.026367469945525537,-0.014467790473015822,0.01077598358287157,0.014330228268584596,sturm+flut sorg+t
Überschwemmungen,16.82449787608229,-0.037713848608922095,0.00231284102989138,0.059789375825453836,-0.059645945482883614,Überschwemmungen
fähr+ausfall+e überschwemmung+en,10.818317088950051,0.020394494456771346,-0.0014956173525368212,-0.01095808954899326,0.0022405767639286887,fähr+ausfall+e überschwemmung+en
überschwemmung+en ein,13.930402440832912,0.013120611546496245,-0.0004766644653592025,-0.013776419666532475,0.009622292245438428,überschwemmung+en ein
heftige,44.09855530769452,-0.0374889642388506,-0.013449590707601008,0.03264659678224193,-0.008423566550639697,heftige
ein heftig+e,27.89714815417897,-0.016431426975496672,-0.010986088201006437,0.004730833929313686,0.013187481048509258,ein heftig+e
heftig+e sturm+flut,44.516702126208074,-0.0326376712220159,-0.016652145112430686,0.014544839573020588,0.015039582684725487,heftig+e sturm+flut
sorg+t nordseeküste,20.82747732521948,0.1736516723705145,-0.04620390256568014,-0.043366135980142974,-0.028275600637114293,sorg+t nordseeküste
Chaos,16.672023920494134,0.05852688400491175,-0.014521329663178564,-0.02002522366982696,-0.0006383755021364773,Chaos
nordseeküste chaos,16.672023920494134,0.05852688400491175,-0.014521329663178564,-0.02002522366982696,-0.0006383755021364773,nordseeküste chaos
Zwischen,15.699512678521467,0.04948863049532188,-0.011084367360700531,-0.019194739252604943,0.0015339269054063661,Zwischen
vielen,22.67164709070908,0.015475486867904153,-0.012878994113049859,-0.005194792535613673,0.007399066068480865,vielen
zwischen viel+en,14.714640534707756,0.04323076999908154,-0.008089225936264006,-0.01911343738730787,0.003114730031354783,zwischen viel+en
viel+en insel+n,14.090762169817575,0.04045391025170947,-0.006360626792413098,-0.01938961833047212,0.003869836607270299,viel+en insel+n
fallen,35.9357674950751,0.02148665816827493,-0.014723029069096723,0.004088371106761886,-0.00692250362800523,fallen
insel+n fall+en,13.557115871841727,0.038697912101967144,-0.00495425081024611,-0.019806621177985706,0.004390482461018152,insel+n fall+en
fall+en fähre+n,12.854111832618457,0.03716000439681673,-0.003172342168256455,-0.020595746202931968,0.004922892109805233,fall+en fähre+n
der hamburger,12.040903787742264,0.03637379391898318,-0.001170368278018744,-0.021838393303915956,0.005346908134494563,der hamburger
überflutet,20.059605898480875,0.015784684676567302,-0.007197154739527693,-0.0042485950170571924,0.0013437812745320825,überflutet
fisch+markt überflutet,12.090371960690248,0.020086656321667756,0.00203601457279579,-0.01825321852650685,0.00873757740397514,fisch+markt überflutet
wasser komm+t,11.938814673069349,0.024990961316368285,0.0014019771433147203,-0.019575021625615117,0.007768920424251838,wasser komm+t
Richtung,16.03936396489983,-0.01978521487540098,0.04358993289630742,0.002697350709597093,-0.028462673401066767,Richtung
komm+t richtung,12.303495990098723,0.022808367583839813,0.0009899557817385702,-0.01845199101952709,0.008103665457617508,komm+t richtung
richtung land,12.671133896674492,0.02093192611603172,0.0005434254545806152,-0.017417739989119354,0.00837721883460195,richtung land
berichtet,13.060030155489985,0.01916779175843108,6.157526548750623e-05,-0.016399671019184502,0.008624494278996142,berichtet
land bericht+et,13.060030155489985,0.01916779175843108,6.157526548750623e-05,-0.016399671019184502,0.008624494278996142,land bericht+et
Henning,10.535819852455571,0.027206823328916455,0.004618960821579321,-0.02287362677862276,0.00781250259387181,Henning
bericht+et henning,10.535819852455571,0.027206823328916455,0.004618960821579321,-0.02287362677862276,0.00781250259387181,bericht+et henning
Hünerbein,11.549808636576845,0.02241315352571826,0.0028783366578330467,-0.019757983990918805,0.008437704416461078,Hünerbein
henning hünerbein,11.549808636576845,0.02241315352571826,0.0028783366578330467,-0.019757983990918805,0.008437704416461078,henning hünerbein
Hen…,6.07099552907546,0.0662861260839342,0.015322717411004537,-0.04609259231195266,0.0018540542832284244,Hen…
bericht+et hen…,6.07099552907546,0.0662861260839342,0.015322717411004537,-0.04609259231195266,0.0018540542832284244,bericht+et hen…
+74,8.722429854829379,0.042892928128993035,0.007324367558933558,-0.030853734920091018,0.0052977507790043015,+74
hen… +74,6.01253027482504,0.06668351859473629,0.015614871709219063,-0.04647635672293236,0.001811220118930545,hen… +74
+74 char+s,5.974993713007445,0.06694689590019343,0.015803602831928446,-0.04672695024969766,0.0017821490094888362,+74 char+s
Wetterkapriolen,6.088972300113796,0.07215231007172797,0.013963402625900866,-0.047337204176688207,0.0005515737183955223,Wetterkapriolen
Wintersturm,22.845836975280026,0.011386436210741434,-0.012224572925692501,-0.004208328202548141,0.008214480325378816,Wintersturm
wetter+kapriole+n winter+sturm,6.273448240374085,0.07190708945203268,0.012867675771690073,-0.04638544261724059,0.0004697241241456799,wetter+kapriole+n winter+sturm
fegt,44.526516172910654,-0.05296519737845466,0.04297155027127226,0.006205158547632497,-0.011880813595028497,fegt
winter+sturm feg+t,6.420846498562916,0.07189990157103943,0.011987606164462837,-0.045696204371255496,0.0003659410862921548,winter+sturm feg+t
Deutschland,187.30581882504626,-0.07370339054882406,0.00949252931597673,0.03253889915572662,-0.005578572177896821,Deutschland
feg+t deutschland,30.893993324055582,-0.03546308986989862,-0.006116321880125001,0.025471990323473626,-0.006151695172203041,feg+t deutschland
Baustelle,6.771970284278034,0.07260408516222334,0.009853381706934547,-0.04431051611160245,-2.95822417496289e-05,Baustelle
deutschland bau+stelle,6.771970284278034,0.07260408516222334,0.009853381706934547,-0.04431051611160245,-2.95822417496289e-05,deutschland bau+stelle
brennt,6.947186158902663,0.07336709387742645,0.008756249547038226,-0.04375711973080496,-0.00031257638835874274,brennt
bau+stelle brenn+t,6.947186158902663,0.07336709387742645,0.008756249547038226,-0.04375711973080496,-0.00031257638835874274,bau+stelle brenn+t
brenn+t der,7.166065145104039,0.07474795223893939,0.007341324247879961,-0.04320116978347861,-0.0007562950734080072,brenn+t der
kräftige,12.0417034960203,0.05394691619807169,-0.004831907377542382,-0.025686766052828276,0.0015944654563117163,kräftige
erst+e kräftig+e,12.0417034960203,0.05394691619807169,-0.004831907377542382,-0.025686766052828276,0.0015944654563117163,erst+e kräftig+e
kräftig+e sturm,12.477335645209873,0.05736317926708535,-0.006560656617856692,-0.02567007169023712,0.0007147821365795349,kräftig+e sturm
neuen,20.617540679890666,0.023824754692611902,-0.011627427010412198,-0.00887878572278071,0.005708185866015715,neuen
sturm neu+en,13.044018507901026,0.06315764400100699,-0.00903083981580354,-0.026010200292766975,-0.0007197522382600454,sturm neu+en
Jahres,17.50902600600777,0.0015599707219976927,0.07925419508012704,-0.057063082141371534,0.0020341329931038675,Jahres
neu+en jahr+es,13.438078844357381,0.0682713269065349,-0.010943210399451888,-0.02652950625121071,-0.0019550853800062297,neu+en jahr+es
trifft,56.98781807718091,-0.03551286643028113,-0.0010488821828373207,0.015392958099629605,0.002960750248130835,trifft
jahr+es treff+t,13.96520303590544,0.07684890987403913,-0.013838335027066058,-0.027668966771674748,-0.003997238914881271,jahr+es treff+t
Wucht,15.005423275996845,0.10202484089777443,-0.021296771495292532,-0.03201749477267135,-0.00994547596516325,Wucht
treff+t wucht,15.005423275996845,0.10202484089777443,-0.021296771495292532,-0.03201749477267135,-0.00994547596516325,treff+t wucht
wucht nordseeküste,17.2926161915853,0.24404244043372564,-0.0597263955201939,-0.0656245342288906,-0.046034702618481575,wucht nordseeküste
hamburg erwart+et,21.350666053028625,-0.005887384759539069,-0.007263419853575802,-0.0017820168686431728,0.01194662685286979,hamburg erwart+et
erwart+et erst+e,30.107939826950517,-0.019262383313820113,-0.011980652385414575,0.00646231400028376,0.013515541254202009,erwart+et erst+e
bereits,43.993008873876526,-0.035021318120278706,-0.016599324196291076,0.021877187410238006,0.006920798531465589,bereits
sturm+flut bereits,25.46554279674961,-0.01294555357306593,-0.009758594391589522,0.0025888167769048003,0.012780657150493422,sturm+flut bereits
bereits nacht,19.191420603173064,-0.0014030863130137996,-0.005671252748158206,-0.004582363141888122,0.011409082771945049,bereits nacht
facht,17.846202878578097,0.0017500303966678597,-0.0045484646986182296,-0.006562283949616483,0.011027311479135549,facht
nacht fach+t,17.846202878578097,0.0017500303966678597,-0.0045484646986182296,-0.006562283949616483,0.011027311479135549,nacht fach+t
fach+t sturm,44.516702126208074,-0.0326376712220159,-0.016652145112430686,0.014544839573020588,0.015039582684725487,fach+t sturm
Brand,14.80839613086904,0.01022227868715506,-0.0015180032341079233,-0.011926540473167801,0.009984846774498847,Brand
sturm brand,14.80839613086904,0.01022227868715506,-0.0015180032341079233,-0.011926540473167801,0.009984846774498847,sturm brand
link der,18.936312946232356,0.04515264872822744,-0.014825324643319116,-0.01470384914589256,0.001785922359919883,link der
+1378,8.336367629875395,0.040203484744591345,0.009373130757901001,-0.03142266602459795,0.006064183439258322,+1378
+1378 chars,8.106334508650336,0.04183763894537791,0.009974593819848651,-0.032508071840584796,0.005838489779618293,+1378 chars
sturm+flut nordsee,75.34125424787447,0.11908843119257458,-0.05687190250878129,-0.012259585515593717,-0.01864343150266282,sturm+flut nordsee
Mehrere,34.89677563579132,-0.013260733567893838,-0.014927819263262948,0.021579134051017048,-0.007504348895063502,Mehrere
nordsee mehrere,11.547814881175672,0.06783361240194333,-0.018268471455285516,-0.009817689417293966,-0.01695898830793627,nordsee mehrere
Verletzte,55.66828085737221,-0.09813483449481968,-0.060328331481249275,0.11751016340316806,-0.05439428606518394,Verletzte
mehrere verletz+t+e,28.953818966039048,-0.0705668335846651,-0.04323222758915915,0.10141608177770904,-0.06114675773970943,mehrere verletz+t+e
Tief,26.44144902442502,-0.05014528983960122,0.20515784529309947,-0.074019102634402,-0.06838872962974094,Tief
verletz+t+e tief,9.801992083999616,-0.0100779501697069,0.1634610271332404,-0.06218364077678153,-0.06544445696021438,verletz+t+e tief
Bernd,25.58755568072442,-0.05436067752009491,0.12907100489863887,-0.022560181221496573,-0.053518242487611604,Bernd
tief bernd,9.190202213725826,0.016061786319001476,0.0937870805190745,-0.043287810795665314,-0.037977492276893246,tief bernd
Umgestürzte,29.95747553243421,-0.02570765868284296,0.022794175310867543,0.0006204252666453394,-0.0038777632350425794,Umgestürzte
bernd um+ge+stürz+t+e,8.760768776044028,0.0248014208747321,0.07372666102775367,-0.040642678124846385,-0.028476747131880014,bernd um+ge+stürz+t+e
Bäume,66.42516252365026,-0.04885980827222382,0.0267926200980425,0.007324480997871095,-0.001828213389150132,Bäume
um+ge+stürz+t+e baum+e,41.04093304068192,-0.03791082331564797,0.04677912955605262,-0.005418875751028716,-0.009278519991859479,um+ge+stürz+t+e baum+e
verwehte,12.935720118905332,-0.0022414891265800786,0.08590733764964283,-0.036531422049467466,-0.02717518591071739,verwehte
baum+e verweh+t+e,12.935720118905332,-0.0022414891265800786,0.08590733764964283,-0.036531422049467466,-0.02717518591071739,baum+e verweh+t+e
Haltestelle,12.57309531424567,-0.00892875630328632,0.11150234265288261,-0.046600450794083405,-0.03417755549470053,Haltestelle
verweh+t+e halt+e+stelle,12.57309531424567,-0.00892875630328632,0.11150234265288261,-0.046600450794083405,-0.03417755549470053,verweh+t+e halt+e+stelle
halt+e+stelle der,12.383155079051152,-0.03856275115697475,0.20226173612021753,-0.0804530855707076,-0.06453199755670584,halt+e+stelle der
der sturm+tief,25.98878562338221,-0.17585704142353714,0.438680840725713,-0.16479958554702961,-0.1733612068814707,der sturm+tief
sturm+tief bernd,19.921249638271004,-0.04968480882892115,0.1412539592906521,-0.03083045864478769,-0.05775538165186822,sturm+tief bernd
führt,17.47590525771866,0.003446681968571042,0.06521902754672707,-0.029930970023216583,-0.02032587640053945,führt
bernd führ+t,11.261896534896799,-0.007700450038688618,0.1219699893040635,-0.054360723537124664,-0.03524009376570862,bernd führ+t
Teilen,67.76470768026127,-0.02556551632807238,-0.007304709075487926,0.014240203393797014,0.00352985888720873,Teilen
führ+t teil+en,10.931032618917314,-0.0007737735561268623,0.09855516723070855,-0.04514243194085292,-0.029012404779273446,führ+t teil+en
teil+en deutschland,10.713781674245238,0.00257767955325994,0.08584595761188282,-0.03970080497026003,-0.026213617186990158,teil+en deutschland
chaotischen,10.323162430973412,0.0066333613816334505,0.06653226694467138,-0.030117251515569137,-0.02335013706609542,chaotischen
deutschland chaotisch+en,10.323162430973412,0.0066333613816334505,0.06653226694467138,-0.030117251515569137,-0.02335013706609542,deutschland chaotisch+en
Szenen,10.063514495162762,0.007961786457735704,0.055164818919872245,-0.023098031355066412,-0.022970185322809547,Szenen
chaotisch+en szene+n,10.063514495162762,0.007961786457735704,0.055164818919872245,-0.023098031355066412,-0.022970185322809547,chaotisch+en szene+n
Einige,21.93022849334213,-0.01747513500176299,0.008618573441393234,0.0042254936548001484,-0.0016768872288584564,Einige
Menschen,224.85670788246082,-0.07470290379417267,-0.01350512299669519,0.04375559030504891,-0.0009433347241533322,Menschen
einig+e mensch+en,15.322978868621245,-0.00535205188400121,0.020382559141496948,-0.004083171175306539,-0.008497296644314435,einig+e mensch+en
verletzt,33.34838202942834,0.0009502957041981971,0.008625182728057772,0.0013951178120534542,-0.009638025760706723,verletzt
mensch+en verletz+t,13.633695701203099,-0.02360515420825242,0.0763789673910401,-0.013415263419602561,-0.03452891492505908,mensch+en verletz+t
Auch,83.63975134636644,-0.034755463123690426,-0.020984078269157342,0.022183670629507206,0.009901155552771287,Auch
Bahnstrecken,11.240498593056254,0.0010531250390287265,0.03036274796102997,-0.005833968939013249,-0.018937529387836525,Bahnstrecken
auch bahn+strecke+n,8.381720008912001,0.009146847468474481,0.04278362263095911,-0.00893499392261368,-0.031115500426516535,auch bahn+strecke+n
müssen,42.217511031538315,-0.04276468900403794,-0.0024128097698025825,0.012569523770294527,0.012126579782950099,müssen
bahn+strecke+n müss+en,8.302275331682106,0.004180020507084279,0.037297355101572775,0.0015530567808072547,-0.03687041112739298,bahn+strecke+n müss+en
gesperrt,17.062265449288727,-0.01306949229635958,0.03601160237732056,-0.0008133262215687366,-0.02139599384050654,gesperrt
müss+en ge+sperr+t,8.282794766012017,-0.0009441913211521338,0.03395672468766402,0.01038144506817791,-0.0424096796472534,müss+en ge+sperr+t
ge+sperr+t fähr+verbindung+en,6.215489080971434,-0.05398340631024189,-0.03635966018074119,0.12932328167814505,-0.12220219685935421,ge+sperr+t fähr+verbindung+en
fähr+verbindung+en fall+en,5.741459757507581,0.008049804679804698,0.04429345473592187,0.01296193094221675,-0.06136991591519129,fähr+verbindung+en fall+en
Fährv…,4.725046652370706,0.059165123673577645,0.06306686787603696,-0.05698129190813636,-0.021462543252784856,Fährv…
ge+sperr+t fährv…,4.725046652370706,0.059165123673577645,0.06306686787603696,-0.05698129190813636,-0.021462543252784856,ge+sperr+t fährv…
+2245,4.700925843365954,0.060260699836764804,0.0615513209181451,-0.05709109209081052,-0.020710562168772602,+2245
fährv… +2245,4.700925843365954,0.060260699836764804,0.0615513209181451,-0.05709109209081052,-0.020710562168772602,fährv… +2245
+2245 char+s,4.68335039552059,0.0610407589951862,0.0605010493266156,-0.05718404373144288,-0.020184836556812573,+2245 char+s
Fährhafen,5.627454524666886,0.037849319908648496,0.033039065509942095,-0.010013360729353589,-0.04026183252996279,Fährhafen
fähr+hafen dagebüll,5.721310083267857,0.03182749771386524,0.03215686944907581,-0.0020231306553905298,-0.046038402339604684,fähr+hafen dagebüll
dagebüll überschwemm+t,5.822249234576136,0.024230827772313356,0.030098510610609336,0.008608402790296309,-0.053436688695136035,dagebüll überschwemm+t
überschwemm+t mehrere,6.077417877150156,-0.0011856607787509895,0.01671558286616948,0.04722918075722626,-0.07858259664950032,überschwemm+t mehrere
verletz+t+e norden,6.210048839535509,0.004089467186270616,0.04989709973514017,0.019540591884103703,-0.0731041070152513,verletz+t+e norden
Westen,6.546032031589595,-0.03322361167562225,0.20930939188084768,-0.05422388011838413,-0.11042561854667347,Westen
norden westen,6.266008036425802,0.01049598262470453,0.08242590772328065,-0.010504285818057272,-0.06670602424634652,norden westen
Deutschlands,68.34373540702948,-0.026613749719483836,-0.004071251107722368,0.016780176966857838,-0.001812659369869014,Deutschlands
westen deutschland+s,6.342216839854727,0.00872935764479107,0.10693726844115237,-0.025935993140599176,-0.06853281795615535,westen deutschland+s
deutschland+s der,6.632043882932673,-0.015536436253281605,0.1980120410354176,-0.0666883634585595,-0.09305467599442857,deutschland+s der
mehreren,28.485172064407205,-0.05020115628403902,0.024740734526292864,0.07428372991332874,-0.09341418894497511,mehreren
bernd mehrere+n,6.754554411422119,0.0189591232494031,0.06230266091917642,-0.00551114150305947,-0.060168251293773505,bernd mehrere+n
Bundesländern,15.621902019296273,-0.019908271077982414,-0.003377557156986226,0.048491980962950765,-0.04999139936016391,Bundesländern
mehrere+n bund+es+land+ern,15.621902019296273,-0.019908271077982414,-0.003377557156986226,0.048491980962950765,-0.04999139936016391,mehrere+n bund+es+land+ern
Verletzten,7.511082066156289,-0.027877006654164108,-0.05139138864860268,0.11967365604130203,-0.1107837916950718,Verletzten
bund+es+land+ern verletz+t+en,7.511082066156289,-0.027877006654164108,-0.05139138864860268,0.11967365604130203,-0.1107837916950718,bund+es+land+ern verletz+t+en
sowie,19.537361247817714,-0.014764572027530046,-0.021136637353448253,0.03142986182900812,-0.014619564018069874,sowie
verletz+t+en sowie,7.386820542781772,0.01890075648151535,-0.024624709101479306,0.05496552034672816,-0.06690473719951104,verletz+t+en sowie
zahlreichen,19.34915491770124,-0.0624674023178538,0.05080292376064101,0.04584922041483255,-0.06762785981216182,zahlreichen
sowie zahlreich+en,7.478476705764965,0.02467038906011317,-0.02917387958725165,0.052406595478395435,-0.0632517473573066,sowie zahlreich+en
zahlreich+en schaden,7.980572736544298,0.0004802097458663098,-0.0741046432867767,0.10880116608156981,-0.09338811487720923,zahlreich+en schaden
Problemen,13.59113083139161,0.04039079908176266,-0.029586937143297746,0.014379217563663449,-0.02077592091650069,Problemen
schaden problem+en,7.876573983080002,0.0627958018121578,-0.03439059626273285,0.020736071030068956,-0.040794485195325365,schaden problem+en
Verkehr,14.577584567745218,0.004147249718828712,-0.01615132971503477,0.060671543656376205,-0.07251783324688756,Verkehr
problem+en verkehr,8.157727024437332,0.09674836535516346,-0.021438680476978528,-0.01619481371243333,-0.026343250264313906,problem+en verkehr
geführt,8.423442259461936,0.1223509355011503,-0.01954437259727353,-0.03408462225968964,-0.02341172306396495,geführt
verkehr ge+führ+t,8.423442259461936,0.1223509355011503,-0.01954437259727353,-0.03408462225968964,-0.02341172306396495,verkehr ge+führ+t
nordseeküste werd+e,9.866550786227885,0.09734069057314469,-0.008257644217652103,-0.040143777454934575,-0.007207854691205534,nordseeküste werd+e
Fähranleger,10.679034110923793,0.04221074476361781,0.0011329436651124777,-0.02581035380956403,0.0045942686071770815,Fähranleger
werd+e fähr+anleger,10.679034110923793,0.04221074476361781,0.0011329436651124777,-0.02581035380956403,0.0045942686071770815,werd+e fähr+anleger
fähr+anleger dagebüll,12.4259320572799,0.01871263988855259,0.0015392884259264222,-0.01736677089629867,0.008913623858778759,fähr+anleger dagebüll
dagebüll sturm+flut,24.762533789152943,-0.011853107529319751,-0.009373255825791738,0.001915259778451127,0.012652488024657273,dagebüll sturm+flut
überspült,29.232533566540063,-0.013863070690671374,-0.012440664339615104,0.004926956679737067,0.012533742083303346,überspült
sturm+flut überspült,15.009048932039201,0.009592435730851502,-0.0017439839747110336,-0.011525534086341296,0.010063221283636058,sturm+flut überspült
sturm+flut dienstag+morgen,12.857661857890735,0.01701739131597943,0.0009271896161061701,-0.016275394985840356,0.009129768895009665,sturm+flut dienstag+morgen
dienstag+morgen schleswig-holsteinisch+e,10.189673236292291,0.0507652253920386,0.0007720829432691714,-0.028785653522588953,0.002958394949699211,dienstag+morgen schleswig-holsteinisch+e
Hydrograp…,6.06882077556486,0.07952434978731672,0.012515141196100765,-0.049127793480290685,-0.00106631918727114,Hydrograp…
see+schiff+fahrt hydrograp…,6.06882077556486,0.07952434978731672,0.012515141196100765,-0.049127793480290685,-0.00106631918727114,see+schiff+fahrt hydrograp…
+2448,5.954257014799526,0.0791225431986006,0.013345228871808706,-0.0496160278503257,-0.0008898075958296196,+2448
hydrograp… +2448,5.954257014799526,0.0791225431986006,0.013345228871808706,-0.0496160278503257,-0.0008898075958296196,hydrograp… +2448
+2448 char+s,5.900682624484034,0.07898915338686475,0.013729095793696753,-0.0498627645834621,-0.0008187497356098754,+2448 char+s
auch sturm+flut,63.535647094654934,-0.043263497692160306,-0.020331793545567918,0.02085082033626775,0.016223117617321443,auch sturm+flut
sturm+flut sturm,44.516702126208074,-0.0326376712220159,-0.016652145112430686,0.014544839573020588,0.015039582684725487,sturm+flut sturm
sturm sorg+t,28.91231555181624,-0.025873055729301066,-0.01976435427421611,0.021123228926825482,0.004887634111266154,sturm sorg+t
sorg+t schaden,26.035047555312957,-0.058698510723721266,-0.05613243631439898,0.08537578416254518,-0.034044030351641524,sorg+t schaden
Verkehrsprobleme,22.396642068825738,-0.024402639229634232,-0.024968071171128228,0.031225785099868036,-0.005163882345762756,Verkehrsprobleme
schaden verkehr+s+problem+e,22.396642068825738,-0.024402639229634232,-0.024968071171128228,0.031225785099868036,-0.005163882345762756,schaden verkehr+s+problem+e
verkehr+s+problem+e norden,20.02098740870953,-0.010156144746000361,-0.013462116701264784,0.010157791812963422,0.004328495823838147,verkehr+s+problem+e norden
norden hier,18.20608084062428,-0.00010794281237179927,-0.00587270504777598,-0.004059633380932538,0.010099360950058036,norden hier
thema auch,17.84211043728031,0.0017601079122325297,-0.00454487185697998,-0.00656862624200107,0.011026086120245481,thema auch
sie sturm,10.939494897672494,0.01955530838090305,-0.001971149650384106,-0.010072382288772315,0.0020473996857826578,sie sturm
heftiger,15.071388341082686,0.0366805669769652,-0.011301036563276783,-0.011476415236473822,0.0003818985409789303,heftiger
ein heftig+er,7.604115362738302,0.03878292638096468,0.0042407030320804045,-0.020782692497771493,-0.002054894812206076,ein heftig+er
heftig+er sturm,7.370384033181034,0.04167352342481009,0.005975145442449774,-0.024073415056020838,-0.0012584935396659804,heftig+er sturm
sturm nacht,7.565993359577455,0.04380887367058635,0.009266650321702038,-0.030769619297863263,0.0029710524774155347,sturm nacht
nacht norddeutschland,7.887374503463933,0.04125103968679439,0.008279089755233593,-0.028982759793192765,0.0032515675590539194,nacht norddeutschland
gezogen,8.562572155192626,0.027557935268047992,0.03564991185828562,-0.03331909142490612,-0.0055937166485183635,gezogen
norddeutschland ge+zieh+en,8.488669921154141,0.03622624182956672,0.005944932369635648,-0.0246507848633874,0.0030745899130003914,norddeutschland ge+zieh+en
Verkehrsbehinderungen,29.303642152675785,-0.019487082994671424,-0.012882399894293791,0.008222545140251203,0.012126813571516805,Verkehrsbehinderungen
geb verkehr+s+behinderung+en,9.346337848839646,0.02941186806077747,0.002533092833325434,-0.018296866199146194,0.0023631804296019247,geb verkehr+s+behinderung+en
verkehr+s+behinderung+en schaden,13.219190007446716,-0.010712283806866911,-0.02680248550674023,0.03591105094438129,-0.01859990622783692,verkehr+s+behinderung+en schaden
schaden sturm+flut,24.762533789152943,-0.011853107529319751,-0.009373255825791738,0.001915259778451127,0.012652488024657273,schaden sturm+flut
schleswig-holsteinischen,12.857661857890735,0.01701739131597943,0.0009271896161061701,-0.016275394985840356,0.009129768895009665,schleswig-holsteinischen
sturm+flut schleswig-holsteinisch+en,12.857661857890735,0.01701739131597943,0.0009271896161061701,-0.016275394985840356,0.009129768895009665,sturm+flut schleswig-holsteinisch+en
schleswig-holsteinisch+en nordseeküste,10.173178574832393,0.250334796050431,-0.046513727092435744,-0.07883661518310447,-0.04567723431886703,schleswig-holsteinisch+en nordseeküste
hamburg steig,8.401052789469524,0.09744310106107483,-0.0030952534565121476,-0.0441814026528404,-0.00654652917287319,hamburg steig
Wa…,8.011363738874564,0.08742924331462269,0.0007044740197997704,-0.04309083043954963,-0.0040757365038688554,Wa…
steig wa…,8.011363738874564,0.08742924331462269,0.0007044740197997704,-0.04309083043954963,-0.0040757365038688554,steig wa…
+3233,7.84412359138384,0.08417093247660754,0.0021355749372378215,-0.042898115286734026,-0.0032526788385204407,+3233
wa… +3233,7.84412359138384,0.08417093247660754,0.0021355749372378215,-0.042898115286734026,-0.0032526788385204407,wa… +3233
+3233 char+s,7.662361519996622,0.08120413166477874,0.0035888804692212686,-0.04284408943892626,-0.0024868589871715105,+3233 char+s
norden um+ge+stürz+t+e,9.883805468849165,0.030637718160561284,0.005868972283560558,-0.025115999730975877,0.0073587475725983885,norden um+ge+stürz+t+e
beschädigte,20.986065631821912,-0.0051741427769222675,-0.007010542070236947,-0.0022262057380022494,0.011861540334695237,beschädigte
baum+e beschädig+t+e,20.986065631821912,-0.0051741427769222675,-0.007010542070236947,-0.0022262057380022494,0.011861540334695237,baum+e beschädig+t+e
Dächer,27.89714815417897,-0.016431426975496672,-0.010986088201006437,0.004730833929313686,0.013187481048509258,Dächer
beschädig+t+e dach+er,27.89714815417897,-0.016431426975496672,-0.010986088201006437,0.004730833929313686,0.013187481048509258,beschädig+t+e dach+er
dach+er sturm+flut,44.516702126208074,-0.0326376712220159,-0.016652145112430686,0.014544839573020588,0.015039582684725487,dach+er sturm+flut
sturm+flut verkehr+s+behinderung+en,23.593038213269143,-0.00993988872929465,-0.008697651922486052,0.0007330446477815197,0.012427226163156132,sturm+flut verkehr+s+behinderung+en
ein sturm,38.706334772193834,-0.029403674348808848,-0.01642760511740523,0.014363764459862002,0.013135207926817178,ein sturm
sturm tob+t,15.562931460421646,0.007911346627093582,-0.002346593277852348,-0.010456965169756836,0.01027170098825463,sturm tob+t
tob+t nacht,13.930402440832902,0.013120611546497123,-0.000476664465358425,-0.013776419666531687,0.009622292245439087,tob+t nacht
nacht norden,12.91580668539431,0.016794994619678177,0.0008469512731116817,-0.016132409203851544,0.009158038850655381,nacht norden
kommenden,14.37734434186146,0.012068355927496246,0.005332484992539605,-0.015059650229935393,0.007114508982277723,kommenden
komm+end+en tag+en,11.753607003242834,0.021518903498159492,0.0025543799608102142,-0.019179019580634844,0.008553237499435542,komm+end+en tag+en
langsam,14.518621538378396,0.00268217129381092,0.029690545719315394,-0.021678862862944594,0.000925225440438569,langsam
tag+en langsam,11.85169374930366,0.021096019769553227,0.0024012653464286614,-0.01890547905613307,0.008607754722089833,tag+en langsam
ruhiger,7.967003452031686,0.04285940220416822,0.01035108711641152,-0.03318791257284533,0.005696675959201057,ruhiger
langsam ruhig+er,7.967003452031686,0.04285940220416822,0.01035108711641152,-0.03318791257284533,0.005696675959201057,langsam ruhig+er
link um+ge+stürz+t+e,9.883805468849165,0.030637718160561284,0.005868972283560558,-0.025115999730975877,0.0073587475725983885,link um+ge+stürz+t+e
ru…,6.726982512039987,0.05322201348863412,0.014188155565672949,-0.040134195502855276,0.004226994633853632,ru…
langsam ru…,6.726982512039987,0.05322201348863412,0.014188155565672949,-0.040134195502855276,0.004226994633853632,langsam ru…
+3117,6.64911614171784,0.053962662296008726,0.014463721133327263,-0.04063424703073812,0.004119693489591085,+3117
ru… +3117,6.64911614171784,0.053962662296008726,0.014463721133327263,-0.04063424703073812,0.004119693489591085,ru… +3117
+3117 chars,6.5608309085555065,0.05481757441078367,0.014782020190766828,-0.04121203685838243,0.003995453244477012,+3117 chars
BSH,164.39302075628407,-0.0651036031219894,-0.028224267952545283,0.03393780047138062,0.018341884976906104,BSH
hochwasser bsh,23.62745395213817,-0.011397550154858986,-0.010155313348050508,0.0035097663667591488,0.010969564737591744,hochwasser bsh
warnt,178.6673355393941,-0.06783342608740123,-0.022216381523240777,0.032755496337813605,0.016700714648265762,warnt
bsh warn+t,102.4947601203051,-0.055474866258101226,-0.024526966063660626,0.02797289415602131,0.017557551868222013,bsh warn+t
warn+t sturm+flut,225.86187423662267,-0.07118698583496876,-0.029873338968243728,0.036942770303306734,0.019239338301371343,warn+t sturm+flut
norden nordseeküste,11.591782617647551,0.20033392729193253,-0.03747381126106283,-0.06206489673547764,-0.03286631133177457,norden nordseeküste
nordseeküste elbe,15.265661956325115,0.056544408614705596,-0.011847137930864435,-0.02130552385864938,0.00011692754332915006,nordseeküste elbe
steigt,42.21272855677873,-0.05007849228478151,-0.010971026826382202,0.030994715701964985,-0.0005940574204895233,steigt
elbe steig+t,15.774332521102155,0.03536963390026897,-0.008267237331072319,-0.016025747363200574,0.004521804613385827,elbe steig+t
steig+t wasser,17.28642439445079,0.003158139269628676,-0.004046174484754287,-0.00744936495579232,0.010855767333977707,steig+t wasser
Teils,18.935309604660134,-0.0008261600321298765,-0.005466018528032992,-0.00494395934149507,0.01133946971224285,Teils
teils morgen,25.430426434452514,-0.012891952871747507,-0.009739695091787593,0.0025557940192466617,0.012774376169550785,teils morgen
Sturmflutmarke,44.516702126208074,-0.0326376712220159,-0.016652145112430686,0.014544839573020588,0.015039582684725487,Sturmflutmarke
morgen sturm+flut+mark+e,44.516702126208074,-0.0326376712220159,-0.016652145112430686,0.014544839573020588,0.015039582684725487,morgen sturm+flut+mark+e
sturm+flut+mark+e erreich+t,23.076792381065303,-0.009054200092063442,-0.008384567359971626,0.00018463829644364902,0.012322595781313296,sturm+flut+mark+e erreich+t
Auswirkungen,31.98182598814522,-0.03138183826910124,0.030183901001491736,-0.0052844060008559795,0.0009146876054668168,Auswirkungen
der auswirkung+en,25.970725561990278,-0.019645209215032176,0.02039702782300264,-0.006472287994768292,0.0035197188724415975,der auswirkung+en
auswirkung+en fähr+verkehr,22.454242990627158,0.002716178228823407,-0.0012493684217487794,-0.005911765350355857,0.0068877758397772595,auswirkung+en fähr+verkehr
link nordseeküste,8.592668573523916,0.32196162190899513,-0.06109883372602854,-0.10437849235756715,-0.06562597095525678,link nordseeküste
Bunde…,7.716281056330972,0.04476279606834984,0.011053315077511552,-0.034456784891972576,0.005431047882338409,Bunde…
der bunde…,7.716281056330972,0.04476279606834984,0.011053315077511552,-0.034456784891972576,0.005431047882338409,der bunde…
+1060,7.496356773376581,0.046505543880148124,0.011697279882918065,-0.035621335203313786,0.005186162836797908,+1060
bunde… +1060,7.496356773376581,0.046505543880148124,0.011697279882918065,-0.035621335203313786,0.005186162836797908,bunde… +1060
+1060 char+s,7.348007506837768,0.047722430000576264,0.012147504858063382,-0.03643605991084897,0.005014207891447596,+1060 char+s
sie bsh,23.593038213269143,-0.00993988872929465,-0.008697651922486052,0.0007330446477815197,0.012427226163156132,sie bsh
der bund+es+amt,68.54168696128883,-0.006931204883448281,-0.028500945250482704,0.01443925753769537,0.008911375226200186,der bund+es+amt
bund+es+amt see+schiff+fahrt,94.23801285711696,-0.03923159338292627,-0.02655084166683637,0.024061141693557254,0.014609766887102284,bund+es+amt see+schiff+fahrt
hydrographie bsh,73.96014360156342,-0.04738878846037747,-0.02175299245318358,0.02327169930873055,0.016676823984187922,hydrographie bsh
nordseeküste hamburger,9.785745007910535,0.06052920468233333,-3.40519662270159e-05,-0.03192018520350931,0.001015737560219492,nordseeküste hamburger
hamburger elbe,9.145216485710343,0.07807152159386352,-0.0016435679473830686,-0.03754303623532624,-0.0025551441344916904,hamburger elbe
morgen mehrere+n,8.247214446858742,0.19036553453440522,-0.024215969721588848,-0.06775496941084565,-0.02887038087879937,morgen mehrere+n
Pegeln,8.310071619604539,0.3448714264617667,-0.06676897225794477,-0.1125134529134849,-0.07250638786217886,Pegeln
mehrere+n pegel+n,8.310071619604539,0.3448714264617667,-0.06676897225794477,-0.1125134529134849,-0.07250638786217886,mehrere+n pegel+n
pegel+n elbe,7.661945436780893,0.1970145577510993,-0.02332196029471704,-0.07149190808290268,-0.030251770854907545,pegel+n elbe
Pegelstand,7.617057599307586,0.3831355303001026,-0.07552607182654984,-0.12751917564089502,-0.08433842255246699,Pegelstand
hamburg pegel+stand,7.617057599307586,0.3831355303001026,-0.07552607182654984,-0.12751917564089502,-0.08433842255246699,hamburg pegel+stand
+910,6.977926600443292,0.20690942136543689,-0.022436989060752806,-0.07675934012928108,-0.03239814999257215,+910
pegel+stand +910,6.977926600443292,0.20690942136543689,-0.022436989060752806,-0.07675934012928108,-0.03239814999257215,pegel+stand +910
+910 chars,6.859366851133675,0.18627545943750196,-0.016667485777406177,-0.07176545394147134,-0.027011513421142237,+910 chars
wetter bsh,17.84211043728031,0.0017601079122325297,-0.00454487185697998,-0.00656862624200107,0.011026086120245481,wetter bsh
bsh sturm+flut+warnung,24.762533789152943,-0.011853107529319751,-0.009373255825791738,0.001915259778451127,0.012652488024657273,bsh sturm+flut+warnung
Ostseeküste,151.3143141259021,0.16060454222353285,-0.07791378099987047,-0.016132457997408443,-0.0278353669503817,Ostseeküste
sturm+flut+warnung ost+see+küste,11.99996696439753,0.1878305674120659,-0.03535669159070295,-0.057993012239454855,-0.029797323832074958,sturm+flut+warnung ost+see+küste
ost+see+küste der,10.281120088060431,0.09114974014900289,-0.008162349506267015,-0.03772008597212514,-0.005976037499836931,ost+see+küste der
Wasserstände,64.09907802111991,0.0039016291729457725,-0.029675431779203586,0.01149362053252175,0.006872865401475708,Wasserstände
der wasser+stand+e,15.036337152355976,0.08249705975994553,-0.01703328112735798,-0.027453215240515097,-0.005535963731729077,der wasser+stand+e
wasser+stand+e ost+see+küste,18.112645741147173,0.22566517070624886,-0.056022724826544835,-0.0596619108886693,-0.04123524694827254,wasser+stand+e ost+see+küste
sollen,56.41340369292407,0.005723059060294099,-0.02404435919465131,0.008248783900139734,0.005396650011514531,sollen
ost+see+küste soll+en,16.22686830600645,0.09119756991300415,-0.020914631974446086,-0.02794999470095033,-0.007774694272177254,ost+see+küste soll+en
Abend,20.836010290988803,0.03456337013464636,-0.013030029044315874,-0.006735441274057255,-0.0028704850745233193,Abend
soll+en abend,17.557559020150112,0.028378071084196335,-0.00951862212518503,-0.012472887010486697,0.005601053591222614,soll+en abend
steigen,36.897272077990486,0.0715300266762072,-0.03402253637399489,0.0009468935038671631,-0.020609185533702844,steigen
abend steig+en,18.697013096800696,-0.00027983971638636585,-0.005271588582364479,-0.0052866496701227846,0.01127345153755054,abend steig+en
Samstag,80.32663721265844,-0.034666414276521916,-0.021699344613991128,0.02035938134818486,0.012796665833955825,Samstag
samstag sturm+flut,44.516702126208074,-0.0326376712220159,-0.016652145112430686,0.014544839573020588,0.015039582684725487,samstag sturm+flut
rechnen,51.55338935180498,-0.03865208989882246,-0.015699497474505972,0.018590537906329526,0.012667385809018912,rechnen
sturm+flut rechn+en,24.15276024498015,-0.010871131423951146,-0.009026616463118678,0.00130889161655978,0.012536998363329686,sturm+flut rechn+en
Vor,39.09708755461732,-0.033188414401791946,-0.020071095233589627,0.00695305598376376,0.027778152062081018,Vor
östlich,17.842110437280304,0.001760107912232973,-0.004544871856979533,-0.006568626242001293,0.011026086120245701,östlich
vor östlich,17.842110437280304,0.001760107912232973,-0.004544871856979533,-0.006568626242001293,0.011026086120245701,vor östlich
Rügens,16.48577770288454,0.005282701235276547,-0.0032872811294396057,-0.008791175136088115,0.0105956730316023,Rügens
östlich rügen+s,16.48577770288454,0.005282701235276547,-0.0032872811294396057,-0.008791175136088115,0.0105956730316023,östlich rügen+s
hoher,14.615021676160534,0.010840300702510002,-0.0012961547502747294,-0.012320366201318808,0.009907801217343724,hoher
rügen+s hoch+er,14.615021676160534,0.010840300702510002,-0.0012961547502747294,-0.012320366201318808,0.009907801217343724,rügen+s hoch+er
Wert,14.090244472601587,0.012574817184716253,-0.0006729448629112141,-0.013427488592536122,0.00969080761502054,Wert
hoch+er wert,14.090244472601587,0.012574817184716253,-0.0006729448629112141,-0.013427488592536122,0.00969080761502054,hoch+er wert
wert erwart+et,13.715600997627432,0.018364220229921863,-0.0011133610688755355,-0.01520429624191213,0.008601288917542206,wert erwart+et
Bundesamt…,10.934730215573603,0.02524840798501867,0.003907016792234944,-0.021598299256626763,0.008069137832700995,Bundesamt…
der bundesamt…,10.934730215573603,0.02524840798501867,0.003907016792234944,-0.021598299256626763,0.008069137832700995,der bundesamt…
+624,7.445458292317873,0.046919190579770426,0.011850268517160735,-0.035898133566224025,0.005127800786844609,+624
bundesamt… +624,7.445458292317873,0.046919190579770426,0.011850268517160735,-0.035898133566224025,0.005127800786844609,bundesamt… +624
+624 char+s,7.324499938921539,0.04791845104267371,0.012220073060313795,-0.03656741974469293,0.004986434078197589,+624 char+s
sturm ostsee,40.09944181187888,0.06581888924779253,-0.03485529738667378,-0.007493015638820934,-0.0050279359264522845,sturm ostsee
ostsee sturm+flut+warnung,44.516702126208074,-0.0326376712220159,-0.016652145112430686,0.014544839573020588,0.015039582684725487,ostsee sturm+flut+warnung
Sperrwerk,47.44773942167028,-0.0732908388610953,-0.06855130351245216,-0.036993626869094264,0.13675228678601917,Sperrwerk
sturm+flut+warnung sperr+werk,30.87979977667576,-0.05346001126188255,-0.046397862995258464,-0.028280206353836074,0.10122747722752536,sturm+flut+warnung sperr+werk
geschlossen,40.76338622458843,-0.02575362267015651,-0.02398213639462812,0.004249865500305152,0.029827463905364643,geschlossen
sperr+werk ge+schließ+en,25.443061730287724,-0.011398531172496703,-0.020165511726804405,-0.008249677481098505,0.03375905258882385,sperr+werk ge+schließ+en
ge+schließ+en hier,9.422460387486108,0.02788477994725583,0.0012516345682704014,-0.03273452693123011,0.02231537822522105,ge+schließ+en hier
sie sturm+flut+warnung,24.762533789152943,-0.011853107529319751,-0.009373255825791738,0.001915259778451127,0.012652488024657273,sie sturm+flut+warnung
nach sturm+flut+warnung,24.762533789152943,-0.011853107529319751,-0.009373255825791738,0.001915259778451127,0.012652488024657273,nach sturm+flut+warnung
deutsche,62.551024980677425,0.04147446056816229,-0.03702857442181817,0.003297031080654852,-0.0008915734887359735,deutsche
sturm+flut+warnung deutsch+e,11.536189804049096,0.07756047593033638,-0.00863575210823078,-0.03194413729423905,-0.003403581429879038,sturm+flut+warnung deutsch+e
deutsch+e ost+see+küste,10.88090509018757,0.22104718252025668,-0.046767239177886416,-0.07531747515131804,-0.02550025661841025,deutsch+e ost+see+küste
ost+see+küste sperr+werk,9.464955470023021,0.03613422289954569,-0.05995483051587802,-0.09727165864882957,0.1349469895318833,ost+see+küste sperr+werk
Greifswald,8.66206108043596,0.05700763987476544,-0.024137950182554584,-0.06463947696043872,0.06140904529400426,Greifswald
sperr+werk greifswald,8.66206108043596,0.05700763987476544,-0.024137950182554584,-0.06463947696043872,0.06140904529400426,sperr+werk greifswald
Freitagabend,12.983475189474229,0.026733449240912224,-0.010917696052329727,-0.028226577075892784,0.02735468272868751,Freitagabend
greifswald freitag+abend,8.035534102283403,0.05987235923467356,-0.010331062267693534,-0.05463014963908342,0.037288237216137186,greifswald freitag+abend
vorsorglich,7.615119531345977,0.0606010394584149,-0.004021264197971987,-0.05133987928420393,0.02788769908754652,vorsorglich
freitag+abend vorsorglich,7.615119531345977,0.0606010394584149,-0.004021264197971987,-0.05133987928420393,0.02788769908754652,freitag+abend vorsorglich
vorsorglich ge+schließ+en,7.304463553990057,0.06120135848943677,-0.00020737138929904694,-0.049987083577067534,0.022797879233772286,vorsorglich ge+schließ+en
Schließung,10.538396166545603,0.033943231045449225,-0.0013135222292338924,-0.029119171358960565,0.016091497153031417,Schließung
der schließung,6.929372686683176,0.06223697771270888,0.003761983196615151,-0.049259651369261824,0.018006402007054997,der schließung
erfolgt,6.738604428543086,0.06293593167524797,0.005585660811209976,-0.04920532791079065,0.01598249878175608,erfolgt
schließung erfolg+t,6.738604428543086,0.06293593167524797,0.005585660811209976,-0.04920532791079065,0.01598249878175608,schließung erfolg+t
aufgrund,26.50715819719829,-0.012553587265202858,-0.011892395538718287,0.001891470972225281,0.015155187175356343,aufgrund
erfolg+t aufgrund,6.613924778138428,0.0634632376712692,0.006722036647268915,-0.04927202040188027,0.014778294458687046,erfolg+t aufgrund
vergleichsweise,12.868471390946132,0.03893648031995494,-0.04752496666207995,0.034805091327914484,-0.032790914089360204,vergleichsweise
aufgrund vergleichsweise,6.432021330920979,0.06433834400336579,0.008314100931540572,-0.049504842351819234,0.013164553117690549,aufgrund vergleichsweise
hohen,53.444545975156224,-0.05333684339064423,-0.0352234448923793,0.04661766923278962,0.00010394858562542283,hohen
vergleichsweise hoch+en,6.236739608115676,0.06542412925496026,0.009951068668148365,-0.049924286249815715,0.011593783228978746,vergleichsweise hoch+en
Wasserstände…,6.170271002381969,0.06582952882343714,0.010493975521858358,-0.05010555129032468,0.011092394659109665,Wasserstände…
hoch+en wasserstände…,6.170271002381969,0.06582952882343714,0.010493975521858358,-0.05010555129032468,0.011092394659109665,hoch+en wasserstände…
+928,6.017595631680868,0.0668317995675689,0.01171807651775751,-0.05059391313349755,0.009997067424495989,+928
wasserstände… +928,6.017595631680868,0.0668317995675689,0.01171807651775751,-0.05059391313349755,0.009997067424495989,wasserstände… +928
+928 char+s,5.970512779130603,0.06716126321752566,0.012089886836803676,-0.050764483925431265,0.009673888703700605,+928 char+s
Über,39.203628120347815,0.11518061566197037,0.0008619067644809996,-0.03559982730711209,-0.033477453862359986,Über
ge+schließ+en über,9.628965059915672,0.12515813357522332,-0.02042787293672157,-0.054414034436222246,0.0006358707202289078,ge+schließ+en über
über ostsee,21.570540625160223,0.1613704726437689,-0.0440261995459869,-0.03963606693583244,-0.025345242293441733,über ostsee
braut,14.505867522615583,0.16698622587691356,-0.03804721790604924,-0.0512052746722184,-0.019927793814617123,braut
ostsee brau+t,14.505867522615583,0.16698622587691356,-0.03804721790604924,-0.0512052746722184,-0.019927793814617123,ostsee brau+t
brau+t sturm,17.9300964162527,0.038511639245470956,-0.01212222836708148,-0.014263034114889965,0.003391963429405055,brau+t sturm
zusammen,18.987108555540075,0.03487515202493392,-0.015380355256450824,-0.015167326270683186,0.009556176056041822,zusammen
sturm zusammen,16.024819153818267,0.03398801357729101,-0.008384943672523978,-0.015420306399028036,0.004754994029744849,sturm zusammen
samstag küste,25.430426434452514,-0.012891952871747507,-0.009739695091787593,0.0025557940192466617,0.012774376169550785,samstag küste
küste sturm+flut,63.535647094654934,-0.043263497692160306,-0.020331793545567918,0.02085082033626775,0.016223117617321443,küste sturm+flut
sturm+flut erwart+et,142.69401815959446,-0.058392418414378595,-0.02778509937400472,0.03129621195125012,0.0175254239386578,sturm+flut erwart+et
Blick,18.46927627166662,0.00025111306271884197,-0.005082549895607693,-0.005619958357743942,0.011209198307159733,Blick
auch blick,18.46927627166662,0.00025111306271884197,-0.005082549895607693,-0.005619958357743942,0.011209198307159733,auch blick
havarierten,16.065946339781185,0.006453250500940813,-0.0028686260580722558,-0.009532193412533538,0.010451706728905573,havarierten
blick havarier+t+en,16.065946339781185,0.006453250500940813,-0.0028686260580722558,-0.009532193412533538,0.010451706728905573,blick havarier+t+en
Öltanker,14.709895361344685,0.010535711684469786,-0.001405505155284025,-0.012126228432662818,0.009945790374845366,Öltanker
havarier+t+en öl+tanker,14.709895361344685,0.010535711684469786,-0.001405505155284025,-0.012126228432662818,0.009945790374845366,havarier+t+en öl+tanker
Rügen,13.63021970302076,0.014168926425066999,-9.942725582012863e-05,-0.014447363254571906,0.009490374345732598,Rügen
öl+tanker rügen,13.63021970302076,0.014168926425066999,-9.942725582012863e-05,-0.014447363254571906,0.009490374345732598,öl+tanker rügen
Entwicklung,17.45619549762025,0.0066507667358633405,-0.005648585603457947,-0.007025585733725638,0.00942973352357961,Entwicklung
rügen entwicklung,7.764138324052035,0.05550308074061277,0.008603640764102334,-0.03666954769127602,0.003097751824151072,rügen entwicklung
genau,7.992287373550316,0.008678307974052729,0.041806768544748685,-0.055152624808882875,0.027813615200777502,genau
entwicklung genau,7.46837289506574,0.0764781495054394,0.005503788227502129,-0.042456396904605405,-0.001322842227257487,entwicklung genau
beobachtet,7.342680057140332,0.08814810492698455,0.0035779246730164387,-0.045611839865159154,-0.003853681521650673,beobachtet
genau beobacht+et,7.342680057140332,0.08814810492698455,0.0035779246730164387,-0.045611839865159154,-0.003853681521650673,genau beobacht+et
link über,8.070933766626302,0.18656638274042303,-0.02253883511463843,-0.06733038260512846,-0.0278081688378032,link über
Entwick…,7.745795568613238,0.04453424192435724,0.010968933113824237,-0.03430425534155414,0.005463044173873,Entwick…
rügen entwick…,7.745795568613238,0.04453424192435724,0.010968933113824237,-0.03430425534155414,0.005463044173873,rügen entwick…
+1111,7.470718871572293,0.04671340268453286,0.011774150366663697,-0.03576040864284841,0.005156847180257455,+1111
entwick… +1111,7.470718871572293,0.04671340268453286,0.011774150366663697,-0.03576040864284841,0.005156847180257455,entwick… +1111
+1111 chars,7.324499938921539,0.04791845104267371,0.012220073060313795,-0.03656741974469293,0.004986434078197589,+1111 chars
Unwetter,38.10060595629158,-0.024495648578811903,-0.028042325009624714,0.0023034202498335844,0.03469198137883306,Unwetter
unwetter warnung,21.389902994990067,-0.04003587074445909,-0.042315416811624575,-0.03820283543753106,0.1021477348470407,unwetter warnung
leichter,48.722914219778104,-0.03546756014135132,-0.017634808316329516,0.01623418755774573,0.015356980818634645,leichter
warnung leicht+er,37.993990903114664,-0.02744264121774648,-0.014843044833903321,0.011424765627829203,0.014452480565906064,warnung leicht+er
leicht+er sturm+flut,82.16676685091389,-0.05010906407058859,-0.02268792729748909,0.024859744320298253,0.016974352190390188,leicht+er sturm+flut
sturm+flut ost+see+küste,32.0549879034132,0.13421157139534187,-0.0460142286517807,-0.026556006064610557,-0.020025338770345683,sturm+flut ost+see+küste
ost+see+küste hier,10.986997704600164,0.07340600700787427,-0.0063040707525651015,-0.032104040170504174,-0.002285521416398257,ost+see+küste hier
thema unwetter,10.77841263521695,0.014113761956842356,-0.00812996967562893,-0.035073267150305475,0.04128012095291256,thema unwetter
sie warnung,12.445977777598667,-0.01245365618412276,-0.030624818898822712,-0.05110431281375718,0.0926547249028565,sie warnung
bsh leicht+en,26.983298515169167,-0.015171192807922897,-0.010542681199045872,0.0039577092960508395,0.013040775813565117,bsh leicht+en
sturm+flut deutsch+en,31.180338705372243,0.00942172658887801,-0.018349155057812615,0.0011090675293575632,0.0076397348236223045,sturm+flut deutsch+en
deutsch+en ost+see+küste,37.23472508717783,0.16205859394689676,-0.0555388796307581,-0.031273722531286824,-0.027216212439084245,deutsch+en ost+see+küste
Ausnahme,25.674549059464432,0.02238966848968951,-0.021147148489102905,0.001319195851450613,0.0013326070560808032,Ausnahme
ost+see+küste ausnahme,16.28124845049664,0.06909459323159502,-0.016180772080866188,-0.022844339435327498,-0.002860439293888366,ost+see+küste ausnahme
Kieler,28.412128205933076,-0.008846559912696514,-0.015278759232204828,0.006940181989467793,0.009143829942565023,Kieler
ausnahme kieler,18.34114959646073,0.013881684928368283,-0.011579258906990674,-0.002899508737707659,0.004428476913393679,ausnahme kieler
Bucht,35.96297165184409,-0.02040465357876298,-0.016653167251827094,0.011333268083454804,0.011736309045327971,Bucht
kieler bucht,27.43247843113923,-0.008880098964361026,-0.014080034758166193,0.005738575451105007,0.009737292202281941,kieler bucht
gewarnt,25.881668813292674,0.021631880238904683,-0.017008994265900995,-0.004320546971797634,0.005695649557919498,gewarnt
bucht ge+warn+t,8.265858177503167,0.06784687353570529,0.0038669953949190005,-0.037788519973865564,0.0001365657258407483,bucht ge+warn+t
entspricht,7.81148213654656,0.06540865675045102,0.006305519263018409,-0.03872817096095351,0.0009172654872601233,entspricht
der entsprech+t,7.81148213654656,0.06540865675045102,0.006305519263018409,-0.03872817096095351,0.0009172654872601233,der entsprech+t
laut,17.128224461587003,-0.013938906848431852,-0.030975363788187698,-0.036001138419997046,0.07664277862531221,laut
entsprech+t laut,7.4996937644176995,0.06454232288567609,0.007903191064378484,-0.03963136794513374,0.001285887877972317,entsprech+t laut
laut bsh,7.280844608951657,0.06428611648023361,0.0090022456824309,-0.040385930256941205,0.0014729814823167288,laut bsh
Anstieg,14.327434699548993,0.018153923780989286,-0.002240839271621901,-0.014264019682303685,0.008478075742502722,Anstieg
bsh anstieg,7.067502385198875,0.06429819614937796,0.010063484007338133,-0.04121625328089856,0.0016026855715316336,bsh anstieg
+943,6.861819524375606,0.06454399351458764,0.011082809666433147,-0.042105674750531,0.001681065210204817,+943
anstieg +943,6.861819524375606,0.06454399351458764,0.011082809666433147,-0.042105674750531,0.001681065210204817,anstieg +943
+943 chars,6.7767055346982366,0.06471107880777345,0.011504768612945929,-0.04249952859483017,0.0017005610186357056,+943 chars
Kiel/Rostock,10.986997704600164,0.07340600700787427,-0.0063040707525651015,-0.032104040170504174,-0.002285521416398257,Kiel/Rostock
ost+see+küste kiel/rostock,10.986997704600164,0.07340600700787427,-0.0063040707525651015,-0.032104040170504174,-0.002285521416398257,ost+see+küste kiel/rostock
kiel/rostock der,9.558911332533103,0.059144501361155656,0.0009926537672890487,-0.03217795295048309,0.0014150457473432513,kiel/rostock der
ausnahme kopier+e,8.860355988925658,0.07358683952758298,0.00034509471521272926,-0.03731204635950795,-0.0014264956283385232,ausnahme kopier+e
wasser deutsch+en,12.928473001913655,0.043110001213585415,-0.004565011708757964,-0.021767596310704223,0.0036375675701457422,wasser deutsch+en
ost+see+küste steig+t,7.806782881383969,0.1751448782490773,-0.01859407238557986,-0.06525182344788674,-0.02478029451456185,ost+see+küste steig+t
hydrographie warn+t,10.64396547710073,0.026665955991574238,0.004422224359102937,-0.022521073115573713,0.007883549301167593,hydrographie warn+t
teils,16.16346195554827,0.02291607564563002,-0.006337225769967548,-0.01288220643786023,0.00704064351155932,teils
warn+t teils,11.401374103301924,0.023078157175371164,0.0031193979792731256,-0.02018898720673497,0.008351568657625041,warn+t teils
teils leicht+en,15.446022576623557,0.008259375182476731,-0.002221902873769172,-0.01067797826607725,0.010228624041968445,teils leicht+en
Seeschifffah…,10.756657879422269,0.02611031822839331,0.004220206419084988,-0.02215916079815174,0.007956400535550464,Seeschifffah…
bund+es+amt seeschifffah…,10.756657879422269,0.02611031822839331,0.004220206419084988,-0.02215916079815174,0.007956400535550464,bund+es+amt seeschifffah…
+1072,9.435988947904022,0.03318043301270791,0.006797684775736814,-0.026784562922624856,0.007018945268348411,+1072
seeschifffah… +1072,9.435988947904022,0.03318043301270791,0.006797684775736814,-0.026784562922624856,0.007018945268348411,seeschifffah… +1072
+1072 char+s,9.060839444105898,0.03544267403846601,0.007625616553957488,-0.028273851733985677,0.006714040366848894,+1072 char+s
sorgte,6.01047426718619,0.22606017745512344,0.08681888929216258,-0.10206443858178361,-0.11744489392946955,sorgte
bernd sorg+te,5.6296275122252535,0.014825280951820098,0.15227926901116648,-0.07684447322733748,-0.051984514210465786,bernd sorg+te
heute,61.115108545985386,-0.036136719575990794,-0.019515450123612835,0.013206037425678177,0.021152057375743483,heute
sorg+te heute,5.625954725022327,0.022059026851016964,0.12757319463987027,-0.06727022511884706,-0.04417661278069294,sorg+te heute
Warnemünde,13.447953940108357,0.0014175450651719693,0.03253140967828215,-0.01847172342812475,-0.0047675052654230065,Warnemünde
heute warnemünde,5.642297722231362,0.027905183884605302,0.10483712231979857,-0.058131807235121326,-0.03757075337215461,heute warnemünde
warnemünde leicht+es,5.71881748506707,0.034055281698841776,0.07249530089248546,-0.04364998053011531,-0.029730436236155722,warnemünde leicht+es
Sturmhochwasser,5.768756201334788,0.03525936636560398,0.060915219689627986,-0.037594063265210316,-0.027680856050291427,Sturmhochwasser
leicht+es sturm+hochwasser,5.768756201334788,0.03525936636560398,0.060915219689627986,-0.037594063265210316,-0.027680856050291427,leicht+es sturm+hochwasser
Unterwarnow,5.940440231917731,0.03453418368653795,0.034776561040532984,-0.02035100352101041,-0.025989583296363705,Unterwarnow
sturm+hochwasser unterwarnow,5.940440231917731,0.03453418368653795,0.034776561040532984,-0.02035100352101041,-0.025989583296363705,sturm+hochwasser unterwarnow
Rostock,24.149392387586296,-0.0297334130880257,-0.02165706993897272,0.03319897259427421,-0.0072032293527862345,Rostock
unterwarnow rostock,6.0835011680534254,0.030501413350330988,0.01878192177018685,-0.005733520166799933,-0.02837511614097763,unterwarnow rostock
rostock werd+e,6.17828302630061,0.026273262679479693,0.008972755004723838,0.00529583401219748,-0.03167521079877061,rostock werd+e
sogar,23.715965790274556,-0.02982322084649809,-0.015102066603493041,0.029923403608153192,-0.008140045464912237,sogar
werd+e sogar,6.263945440169647,0.021275752488713766,7.839265168122811e-05,0.01664637376039878,-0.03595188992407013,werd+e sogar
zweite,32.179950107210765,-0.030179308318054914,-0.01913100490754089,0.02270937197620966,0.004933042532090134,zweite
sogar zweit+e,6.469445477362015,0.004340369421049091,-0.022890366295784448,0.0502016720653215,-0.05163470913988226,sogar zweit+e
Hochwasser-Warnstufe,6.8124848227693695,-0.03599722510896915,-0.06715958536129463,0.11931479932835387,-0.09105426115949962,Hochwasser-Warnstufe
zweit+e hochwasser+-+warn+stufe,6.8124848227693695,-0.03599722510896915,-0.06715958536129463,0.11931479932835387,-0.09105426115949962,zweit+e hochwasser+-+warn+stufe
hochwasser+-+warn+stufe erreich+t,6.620611259213696,0.029947544429711367,-0.01077005455130065,0.008900931650263193,-0.022120321289511063,hochwasser+-+warn+stufe erreich+t
Mit,37.360593001721,-0.030709633267263132,-0.01775582268661127,0.017915161026496977,0.010401912244070917,Mit
mit ausnahme,13.188247216308927,0.008767724174062458,-0.006755931958746802,-0.0014493674568924876,0.0018788198919680132,mit ausnahme
bucht bund+es+amt,12.296935353713664,0.017536398441392733,-2.765900451733451e-05,-0.01426013675390587,0.007047269534965481,bucht bund+es+amt
bsh samstag,13.343612243410515,0.01519948643618711,0.00027172780928345317,-0.015107900061525709,0.009360276769115326,bsh samstag
Tagesverlauf,14.125514743880979,0.012455513171128243,-0.0007158380609989931,-0.013351251976106279,0.00970576917782332,Tagesverlauf
samstag tag+es+verlauf,14.125514743880979,0.012455513171128243,-0.0007158380609989931,-0.013351251976106279,0.00970576917782332,samstag tag+es+verlauf
tag+es+verlauf leicht+en,15.446022576623557,0.008259375182476731,-0.002221902873769172,-0.01067797826607725,0.010228624041968445,tag+es+verlauf leicht+en
gesamten,16.531986253917847,0.0427783269743535,-0.010995941459405113,-0.016723234280065228,0.0027786355331595953,gesamten
sturm+flut ge+sam+t+en,12.857661857890735,0.01701739131597943,0.0009271896161061701,-0.016275394985840356,0.009129768895009665,sturm+flut ge+sam+t+en
ge+sam+t+en deutsch+en,15.05802097018612,0.10099321762304152,-0.021158012162479978,-0.03170554150025531,-0.009722636579973276,ge+sam+t+en deutsch+en
ost+see+küste ge+warn+t,9.410564805091836,0.11624963178022997,-0.011000907982544932,-0.04577286420373017,-0.01136113555448028,ost+see+küste ge+warn+t
Kräftiger,8.885296479620992,0.09131474360077631,0.00893506027058429,-0.04606388355673576,-0.010007289615695478,Kräftiger
kräftig+er wind,8.453446170696884,0.07448093342784266,0.032099900408691186,-0.050398561657663134,-0.012763688177695886,kräftig+er wind
Bft,13.502038089516837,0.03977855594611932,0.05024458439950334,-0.04128647284249737,-0.016467885224287562,Bft
wind bft,8.18872275348193,0.06335373391232249,0.0543775762620829,-0.056227077873693965,-0.0174745564713838,wind bft
bft nordwest,8.367559943195701,0.03962973726873783,0.08102135583112512,-0.05955798246427025,-0.021350130338140455,bft nordwest
nordwest sturmbö+en,9.229034761971091,-0.0222233942760567,0.19318729729936773,-0.08985653427464112,-0.0536315202565755,nordwest sturmbö+en
sturmbö+en bft,8.18872275348193,0.06335373391232249,0.0543775762620829,-0.056227077873693965,-0.0174745564713838,sturmbö+en bft
sorgt…,9.892937095798084,0.021962689958712714,0.03725485957225324,-0.034529782094314246,-0.0018220022774429357,sorgt…
bft sorgt…,9.892937095798084,0.021962689958712714,0.03725485957225324,-0.034529782094314246,-0.0018220022774429357,bft sorgt…
11.,17.705608557332212,-0.0009281995217906011,0.006752342064299702,-0.010035038889930337,0.007802189376142909,11.
sorgt… 11.,10.462294364247477,0.024826094291975978,0.014916785347189767,-0.026124910956193195,0.004835564741135757,sorgt… 11.
Januar,35.370691232466555,-0.024998351354472127,-0.01398952317168671,0.009948313438486933,0.0141741707308257,Januar
11. januar,18.46927627166662,0.00025111306271884197,-0.005082549895607693,-0.005619958357743942,0.011209198307159733,11. januar
2025,20.31906537355308,-0.003825120427325211,-0.006531877416330105,-0.003067599650176673,0.011700186947537987,2025
januar 2025,20.31906537355308,-0.003825120427325211,-0.006531877416330105,-0.003067599650176673,0.011700186947537987,januar 2025
OlafLeichte,14.257243912199833,0.012013474822737963,-0.0008747281387608724,-0.01306889543144142,0.00976115700078214,OlafLeichte
2025 olafleicht+e,14.257243912199833,0.012013474822737963,-0.0008747281387608724,-0.01306889543144142,0.00976115700078214,2025 olafleicht+e
olafleicht+e sturm+flut,24.762533789152943,-0.011853107529319751,-0.009373255825791738,0.001915259778451127,0.012652488024657273,olafleicht+e sturm+flut
sturm+flut 11.,10.462294364247477,0.024826094291975978,0.014916785347189767,-0.026124910956193195,0.004835564741135757,sturm+flut 11.
2025 warnemünde,10.535819852455571,0.027206823328916455,0.004618960821579321,-0.02287362677862276,0.00781250259387181,2025 warnemünde
warnemünde mit,9.50498076525117,0.032777938662342986,0.006650544702969162,-0.026520062014802902,0.007072936683023557,warnemünde mit
vo…,6.265711098842048,0.05779958885935647,0.015894135063069595,-0.04323239655786549,0.003558827594263834,vo…
tag+es+verlauf vo…,6.265711098842048,0.05779958885935647,0.015894135063069595,-0.04323239655786549,0.003558827594263834,tag+es+verlauf vo…
+3404,6.209164718229482,0.05839409748295206,0.016116197881467023,-0.04363610946634065,0.003471167581128716,+3404
vo… +3404,6.209164718229482,0.05839409748295206,0.016116197881467023,-0.04363610946634065,0.003471167581128716,vo… +3404
+3404 chars,6.144335123118854,0.05908537722318139,0.016374552150035623,-0.04410592317720807,0.0033689805382624075,+3404 chars
gilt,27.45003437174155,-0.020352410123719078,-0.015417734582158464,-0.0004610740455825126,0.02571474981671939,gilt
warnung gelt,11.404088774575598,0.011019269202744094,-0.009349803595939449,-0.033309343482271894,0.04203838293625511,warnung gelt
ganzen,12.857661857890735,0.01701739131597943,0.0009271896161061701,-0.016275394985840356,0.009129768895009665,ganzen
gelt ganz+en,12.857661857890735,0.01701739131597943,0.0009271896161061701,-0.016275394985840356,0.009129768895009665,gelt ganz+en
Sonntag,170.10124313985744,-0.047053477761359055,-0.026580668612479187,0.030436969170983787,0.01097878939362121,Sonntag
ganz+en sonntag,15.009048932039201,0.009592435730851502,-0.0017439839747110336,-0.011525534086341296,0.010063221283636058,ganz+en sonntag
Sturmflut-Gefahr,82.16676685091389,-0.05010906407058859,-0.02268792729748909,0.024859744320298253,0.016974352190390188,Sturmflut-Gefahr
sonntag sturm+flut+-+gefahr,24.762533789152943,-0.011853107529319751,-0.009373255825791738,0.001915259778451127,0.012652488024657273,sonntag sturm+flut+-+gefahr
sturm+flut+-+gefahr ost+see+küste,14.608433563885072,0.12242283006791772,-0.025208609177457073,-0.037402776470137775,-0.014572724037914174,sturm+flut+-+gefahr ost+see+küste
ost+see+küste sturm+flut+-+gefahr,24.762533789152943,-0.011853107529319751,-0.009373255825791738,0.001915259778451127,0.012652488024657273,ost+see+küste sturm+flut+-+gefahr
sturm+flut+-+gefahr ostsee,22.993368802021475,0.1397627442276358,-0.0403233457372037,-0.03317518824694088,-0.020305186853479276,sturm+flut+-+gefahr ostsee
Hydrografie,17.64964480112282,0.002237598917403357,-0.004374604541989025,-0.006869240450736592,0.010967987815336727,Hydrografie
see+schiff+fahrt hydrografi+e,17.64964480112282,0.002237598917403357,-0.004374604541989025,-0.006869240450736592,0.010967987815336727,see+schiff+fahrt hydrografi+e
hydrografi+e bsh,20.986065631821912,-0.0051741427769222675,-0.007010542070236947,-0.0022262057380022494,0.011861540334695237,hydrografi+e bsh
rostock sturm+flut+-+gefahr,24.762533789152943,-0.011853107529319751,-0.009373255825791738,0.001915259778451127,0.012652488024657273,rostock sturm+flut+-+gefahr
Sonntagabend,12.66922762577064,0.025388986294583023,-0.0003567222642965611,-0.01837121393836517,0.007451143904250621,Sonntagabend
bis sonntag+abend,7.32358367608943,0.06214532261016521,0.009247112367839374,-0.03974243558535261,0.0019140425206583904,bis sonntag+abend
seien,48.633488687185036,-0.0321591432223427,-0.018923954958014685,0.01485314940004531,0.016177641161667155,seien
sonntag+abend sei,7.074905779895061,0.08171919857236841,0.006301587438482264,-0.04515866865709859,-0.0022481593783172413,sonntag+abend sei
erhöhte,6.975851970020418,0.09171967893753408,0.004638491431756821,-0.047874877846086274,-0.004430334503640016,erhöhte
sei erhöh+t+e,6.975851970020418,0.09171967893753408,0.004638491431756821,-0.047874877846086274,-0.004430334503640016,sei erhöh+t+e
erhöh+t+e wasser+stand+e,6.857597385894693,0.10646912530329715,0.0020091593465703167,-0.05183437314587829,-0.0077157243975084595,erhöh+t+e wasser+stand+e
wasser+stand+e ge+sam+t+en,6.629892421399257,0.15617623430926314,-0.008143205225616647,-0.06499833392038551,-0.01935522604163661,wasser+stand+e ge+sam+t+en
deutsch+en küste,6.553539809295909,0.2550428411240996,-0.032591904338342886,-0.09197088557582174,-0.04505214641727526,deutsch+en küste
küste ostsee,6.809431979416151,0.43420044286363074,-0.08807197184041153,-0.14867149865259452,-0.10113650438903313,küste ostsee
erwar…,6.35263020492685,0.26752068012715197,-0.03475814969523566,-0.09651401849944595,-0.04839557899757405,erwar…
ostsee erwar…,6.35263020492685,0.26752068012715197,-0.03475814969523566,-0.09651401849944595,-0.04839557899757405,ostsee erwar…
+1515,6.193720666135221,0.22159467932367768,-0.021645873987008395,-0.08428489805271623,-0.03572111265958281,+1515
erwar… +1515,6.193720666135221,0.22159467932367768,-0.021645873987008395,-0.08428489805271623,-0.03572111265958281,erwar… +1515
+1515 chars,6.102887416560984,0.2002697237270124,-0.01567390675644956,-0.07895273174365068,-0.03006645750363697,+1515 chars
wirkt,8.95050956767885,0.0191230490564055,-0.009778427740200244,-0.04743556881492105,0.05407643372055541,wirkt
küste+n+schutz wirk+t,8.95050956767885,0.0191230490564055,-0.009778427740200244,-0.04743556881492105,0.05407643372055541,küste+n+schutz wirk+t
Kein,9.272746209239036,0.024562189023406077,-0.002794250273168349,-0.03794862200369637,0.03398425243599529,Kein
wirk+t kein,9.272746209239036,0.024562189023406077,-0.002794250273168349,-0.03794862200369637,0.03398425243599529,wirk+t kein
Anlass,9.562744591884414,0.02671911389354615,0.00059171993417208,-0.03257888678359998,0.023402745557233165,Anlass
kein anlass,9.562744591884414,0.02671911389354615,0.00059171993417208,-0.03257888678359998,0.023402745557233165,kein anlass
Sorge,23.350713726547916,-0.02112312291833757,0.033767386668432174,-0.008851326316047348,-0.003925186933500608,Sorge
anlass sorge,10.4319183452882,0.027733697539042798,0.004810691709462224,-0.023217307709126327,0.007743167988202721,anlass sorge
sorge küste,8.756844906898317,-0.022478100123567848,-0.0538351156195317,-0.09549063098831634,0.16123293090118013,sorge küste
küste leicht+er,15.446022576623557,0.008259375182476731,-0.002221902873769172,-0.01067797826607725,0.010228624041968445,küste leicht+er
Wochenende,105.12347360211625,-0.047542449831755755,-0.005996048546670085,0.020163359837227997,0.008071744855716056,Wochenende
sturm+flut woche+n+ende,13.930402440832912,0.013120611546496245,-0.0004766644653592025,-0.013776419666532475,0.009622292245438428,sturm+flut woche+n+ende
woche+n+ende ostsee,21.76562921785715,0.1582649958385952,-0.04348395013498336,-0.038699613802748604,-0.024611867730051206,woche+n+ende ostsee
leichte,52.33908384384695,-0.031470042913734106,-0.019573307887198053,0.016312701839523377,0.01440043459436939,leichte
ostsee leicht+e,27.44061835503289,-0.015808933344024823,-0.010767118344166127,0.004349128251934278,0.013115067899911943,ostsee leicht+e
gegeben,26.166465522220058,-0.01399501386414029,-0.010128477082877452,0.003234852573658391,0.01290347702918241,gegeben
sturm+flut ge+geb+en,26.166465522220058,-0.01399501386414029,-0.010128477082877452,0.003234852573658391,0.01290347702918241,sturm+flut ge+geb+en
hielt,20.012839368401647,-0.0031856245874813125,-0.006304798394139725,-0.0034670318086024612,0.01162350353442615,hielt
der halt,20.012839368401647,-0.0031856245874813125,-0.006304798394139725,-0.0034670318086024612,0.01162350353442615,der halt
Spitze,17.114773460898164,0.0036022974419447416,-0.0038876243976322974,-0.007729546282435282,0.010801519414929581,Spitze
halt spitze,17.114773460898164,0.0036022974419447416,-0.0038876243976322974,-0.007729546282435282,0.010801519414929581,halt spitze
spitze etwa,16.08711103552076,0.005136753687007751,-0.004185122872005529,-0.00698447582664998,0.009135209914972289,spitze etwa
Stunden,27.51000387530406,0.015032734455536198,-0.009808303863935148,-0.0005267462037606216,-0.0008086808382432264,Stunden
etwa stunde+n,15.206509348819031,0.003163366855215855,-0.007964731179161251,0.00044355997094743053,0.003999334295032271,etwa stunde+n
hier werd+e,13.67909755522236,-0.022890649079964735,-0.03825348367333745,0.0562271237719327,-0.029496183413734195,hier werd+e
Sand,33.98732868617358,-0.09076843341119874,-0.08227149886400345,0.11513209913101288,-0.0374737647710102,Sand
werd+e sand,13.797600294528218,-0.05777250238330297,-0.07400328037913219,0.11600344806339419,-0.06590804610107073,werd+e sand
Küsten,34.161867304678296,-0.07949671199193248,-0.015094937349327,0.020364968019488543,0.03372309123986991,Küsten
sand küste+n,12.566085905411333,-0.011283562586990635,-0.0290896766435594,0.04019208249440318,-0.02220041545721773,sand küste+n
abgetragen,12.157569536139741,-0.0028438791674519764,-0.02148601413708403,0.026465423784947,-0.015239044986585865,abgetragen
küste+n ab+ge+trag+en,12.157569536139741,-0.0028438791674519764,-0.02148601413708403,0.026465423784947,-0.015239044986585865,küste+n ab+ge+trag+en
Grund,17.104187222400192,-0.0025765553501163187,-0.01518382333903244,0.011487424428647693,-0.0007540301141574487,Grund
ab+ge+trag+en grund,11.682012113526358,0.01238745722013839,-0.014721959995242877,0.01043436965691256,-0.009322652581377225,ab+ge+trag+en grund
grund sorge,7.4576158424200605,0.050243300139024616,0.0005070212060038181,-0.0208049457141174,-0.006525005486961332,grund sorge
sei,7.593381587689138,0.052365597834083226,0.0022254151822538293,-0.024914235300308073,-0.004178473750338578,sei
sorge sei,7.593381587689138,0.052365597834083226,0.0022254151822538293,-0.024914235300308073,-0.004178473750338578,sorge sei
link woche+n+ende,9.501542675461993,0.06531408558594841,-0.00012549726260720342,-0.033707744960969,9.576323000425133e-05,link woche+n+ende
+1626,6.870452182173674,0.041176445527691494,0.00252723929348658,-0.016916727324203504,-0.007117744799301898,+1626
grund +1626,6.870452182173674,0.041176445527691494,0.00252723929348658,-0.016916727324203504,-0.007117744799301898,grund +1626
+1626 char+s,6.765053397008456,0.04316342903569633,0.003941500770206412,-0.01962460647366472,-0.006174407640940895,+1626 char+s
küste+n+schutz nach,26.983298515169167,-0.015171192807922897,-0.010542681199045872,0.0039577092960508395,0.013040775813565117,küste+n+schutz nach
nach sturm+flut,100.54797249755045,-0.0550275833982658,-0.02437392675034751,0.02771436420763327,0.01750911910296785,nach sturm+flut
Deckwerk,34.77257185896612,-0.024406447168802914,-0.01378261018789722,0.009589965734029256,0.014106568916278213,Deckwerk
sturm+flut deck+werk,34.77257185896612,-0.024406447168802914,-0.01378261018789722,0.009589965734029256,0.014106568916278213,sturm+flut deck+werk
Langeneß,34.600806591828125,-0.02499247294503099,-0.01736581026766528,0.005718921668634757,0.022274516479522548,Langeneß
deck+werk langeneß,27.079707803593173,-0.015306844659294409,-0.010590429365820359,0.004040997684038483,0.013056587225968442,deck+werk langeneß
langeneß reparier+t,24.363161552148554,-0.0112137001395639,-0.009147572595871546,0.001520526242014201,0.012577318150356703,langeneß reparier+t
sie nach,15.446022576623557,0.008259375182476731,-0.002221902873769172,-0.01067797826607725,0.010228624041968445,sie nach
bisherigen,14.615021676160534,0.010840300702510002,-0.0012961547502746181,-0.012320366201319146,0.009907801217343724,bisherigen
der bisherig+en,14.615021676160534,0.010840300702510002,-0.0012961547502746181,-0.012320366201319146,0.009907801217343724,der bisherig+en
Sturmfluten,573.4266799118083,-0.08407241116470322,-0.03421554468213931,0.044138806439273356,0.020592506695178505,Sturmfluten
bisherig+en sturm+flut+en,24.762533789152943,-0.011853107529319751,-0.009373255825791738,0.001915259778451127,0.012652488024657273,bisherig+en sturm+flut+en
Winters,12.4259320572799,0.01871263988855259,0.0015392884259264222,-0.01736677089629867,0.008913623858778759,Winters
sturm+flut+en winter+s,12.4259320572799,0.01871263988855259,0.0015392884259264222,-0.01736677089629867,0.008913623858778759,sturm+flut+en winter+s
größeren,67.54321689081847,-0.05462345208805976,-0.036010039718299344,0.04449533292894037,0.004359166264715617,größeren
winter+s groß+er+en,10.121840303414873,0.006839829183221339,-0.01792891669377911,0.00012577735729054617,0.01019035289767191,winter+s groß+er+en
groß+er+en schaden,51.085803106739576,-0.09262666317744413,-0.07745937481986935,0.11105415425995525,-0.0340837816790414,groß+er+en schaden
Küstenschutzanlagen,16.206525561895287,-0.017351571077876233,-0.0820518030911352,-0.059652272961399196,0.14055757559450957,Küstenschutzanlagen
schaden küste+n+schutz+anlage+n,9.429109836878519,0.004706726354215119,-0.07839110751143244,-0.056550735017423526,0.12262652816553227,schaden küste+n+schutz+anlage+n
küste+n+schutz+anlage+n nordsee,8.849834901092262,0.2989367984401263,-0.07777841563125812,-0.10023723323721008,-0.03618424849289322,küste+n+schutz+anlage+n nordsee
angerichtet,19.582998419088568,-0.02768179525029438,-0.038773718680771216,0.09949831485638529,-0.08990748423367291,angerichtet
nordsee an+ge+richt+et,8.843502657277929,0.1517558336314205,-0.03997689400885803,-0.0703827029300248,0.01624506974854166,nordsee an+ge+richt+et
der küste+n+schutz+anlage+n,9.87179179207611,0.01694782647396352,-0.0521636906978154,-0.086546330078932,0.1294701751072735,der küste+n+schutz+anlage+n
küste+n+schutz+anlage+n sei,11.158957412981284,0.02134672824190795,0.0005801099773453282,-0.024010975497069424,0.016303736640465836,küste+n+schutz+anlage+n sei
sei bisher,12.045225532763087,0.02027548438303534,0.0021043216683352775,-0.01837517224659904,0.008713322882213173,sei bisher
bisher gut,13.63021970302075,0.014168926425067875,-9.94272558190183e-05,-0.014447363254570893,0.009490374345733698,bisher gut
Sturmflutsaison,190.4470846017402,-0.06821492135518888,-0.028866413750816892,0.03526262427948013,0.018924013917288766,Sturmflutsaison
gut sturm+flut+saison,24.762533789152943,-0.011853107529319751,-0.009373255825791738,0.001915259778451127,0.012652488024657273,gut sturm+flut+saison
sturm+flut+saison ge+komm+en,13.096487355259917,0.016112509006827074,0.0006008070446190166,-0.015693893100997103,0.009244670117356593,sturm+flut+saison ge+komm+en
+1574,10.87423107544191,0.025539065309336455,0.004012607278049106,-0.021787362139889955,0.00803115661421584,+1574
ge+komm+en +1574,10.87423107544191,0.025539065309336455,0.004012607278049106,-0.021787362139889955,0.00803115661421584,ge+komm+en +1574
+1574 chars,10.23577215147023,0.028748279904219503,0.005180135812113588,-0.0238798116550475,0.0076093000515821425,+1574 chars
Anfang,19.18502228068938,-0.0013887997560057385,-0.005666171577574369,-0.004591313804250921,0.011407360206550624,Anfang
reparier+t anfang,11.260142148242036,0.023721977925275504,0.003352905126592019,-0.020606634759740398,0.00826799617494254,reparier+t anfang
anfang januar,21.350666053028625,-0.005887384759539069,-0.007263419853575802,-0.0017820168686431728,0.01194662685286979,anfang januar
januar geb,24.762533789152943,-0.011853107529319751,-0.009373255825791738,0.001915259778451127,0.012652488024657273,januar geb
geb sturm+flut,44.516702126208074,-0.0326376712220159,-0.016652145112430686,0.014544839573020588,0.015039582684725487,geb sturm+flut
der deich+e,18.426976939032752,-0.012166634451630621,-0.06794042699131721,-0.0713436174623552,0.14056787537017787,der deich+e
Küstenschutzbauwerke,16.13086420992372,-0.04096082913906304,-0.08054599823180197,-0.09064554786010814,0.18343462312329537,Küstenschutzbauwerke
deich+e küste+n+schutz+bau+werk+e,16.13086420992372,-0.04096082913906304,-0.08054599823180197,-0.09064554786010814,0.18343462312329537,deich+e küste+n+schutz+bau+werk+e
hielten,13.597991411554395,0.006264853728149074,-0.027572424225846184,-0.043397598721189846,0.07076910888949303,hielten
küste+n+schutz+bau+werk+e halt+en,13.597991411554395,0.006264853728149074,-0.027572424225846184,-0.043397598721189846,0.07076910888949303,küste+n+schutz+bau+werk+e halt+en
halt+en stand,13.042360650635274,0.010817082437206227,-0.022032095414776513,-0.03967396733571831,0.05952896095735042,halt+en stand
Kleinere,12.627000475730949,0.01377707200659989,-0.018484222568193234,-0.03759363764057359,0.05256760557544821,Kleinere
Schadstellen,12.16459071079158,0.016784008818428744,-0.014985321976393802,-0.03584018065167956,0.045934884474272346,Schadstellen
klein+er+e schad+stelle+n,12.16459071079158,0.016784008818428744,-0.014985321976393802,-0.03584018065167956,0.045934884474272346,klein+er+e schad+stelle+n
schad+stelle+n langeneß,11.53060360462273,0.01994049399288443,-0.009580172306296895,-0.03296443918791928,0.03629132318172277,schad+stelle+n langeneß
aktuell,11.537554109871138,0.020867601212675668,-0.003377455843108508,-0.02640072419362862,0.022769826398275007,aktuell
langeneß aktuell,11.537554109871138,0.020867601212675668,-0.003377455843108508,-0.02640072419362862,0.022769826398275007,langeneß aktuell
aktuell reparier+t,7.658674461987934,0.045212457069807,0.011219377712420901,-0.034757006877429206,0.005368017359184981,aktuell reparier+t
der grund,8.550889194843322,0.03873536376110268,0.008833488724823929,-0.03044953038717474,0.006265789016027762,der grund
link anfang,11.260142148242036,0.023721977925275504,0.003352905126592019,-0.020606634759740398,0.00826799617494254,link anfang
repari…,6.649988204767238,0.053116335174345504,0.0055650363544181135,-0.050134354127077,0.02357542167600857,repari…
aktuell repari…,6.649988204767238,0.053116335174345504,0.0055650363544181135,-0.050134354127077,0.02357542167600857,aktuell repari…
+1760,6.518497607617567,0.05455287759386605,0.006780113932194118,-0.05021531117928994,0.02174208399967132,+1760
repari… +1760,6.518497607617567,0.05455287759386605,0.006780113932194118,-0.05021531117928994,0.02174208399967132,repari… +1760
+1760 char+s,6.437177638297809,0.05544763919397483,0.007512760045431302,-0.050306183237928605,0.02066554416810046,+1760 char+s
Naturkatastrophen,25.051655367567356,-0.012307390357044153,-0.00953353295949271,0.002195483038514675,0.012705825647095942,Naturkatastrophen
Historiker,47.477842616583935,-0.025133140993835165,-0.019268630853030846,0.013787368191289827,0.01356847204684961,Historiker
natur+katastrophe+n historiker,24.762533789152943,-0.011853107529319751,-0.009373255825791738,0.001915259778451127,0.012652488024657273,natur+katastrophe+n historiker
historiker sturm+flut,63.535647094654934,-0.043263497692160306,-0.020331793545567918,0.02085082033626775,0.016223117617321443,historiker sturm+flut
1825,103.87617054311261,-0.0542457277829,-0.025021389230466175,0.027755506314457282,0.01751024749628471,1825
sturm+flut 1825,73.8792200647433,-0.04617779211324472,-0.021966741823159032,0.02302558311516207,0.016447270265276395,sturm+flut 1825
1825 bleib+t,32.58845477716724,-0.02980111278617995,-0.020846828092470435,6.823284976766808e-05,0.03500546609476454,1825 bleib+t
bleib+t warnung,29.437330170165616,-0.05501963002806221,-0.049191391883878464,-0.03290504992864266,0.10926275472472968,bleib+t warnung
Naturgewalt,34.04930865455346,-0.033047739919798744,-0.02312342345696678,-0.000779284679645626,0.039756870674193236,Naturgewalt
warnung natur+gewalt,34.04930865455346,-0.033047739919798744,-0.02312342345696678,-0.000779284679645626,0.039756870674193236,warnung natur+gewalt
natur+gewalt hier,9.43556170025361,0.026495311336565283,-0.00013783404241976427,-0.03412399554192041,0.026014750436659347,natur+gewalt hier
thema natur+katastrophe+n,10.64396547710073,0.026665955991574238,0.004422224359102937,-0.022521073115573713,0.007883549301167593,thema natur+katastrophe+n
sie historiker,14.257243912199833,0.012013474822737963,-0.0008747281387608724,-0.01306889543144142,0.00976115700078214,sie historiker
verheerenden,22.378673073921906,-0.022513978734809884,-0.01330782707277165,0.021708514854625403,-0.003223483285445114,verheerenden
verheerend+en sturm+flut,24.762533789152943,-0.011853107529319751,-0.009373255825791738,0.001915259778451127,0.012652488024657273,verheerend+en sturm+flut
1825 nordseeküste,11.721262345745409,0.19628705553537387,-0.03678233509379909,-0.060741874980131574,-0.03186724404544867,1825 nordseeküste
sieht,18.205987949003603,0.045010195687120835,-0.013847574589446581,-0.01539327821021267,0.0019552177331226715,sieht
nordseeküste seh+t,10.019776923216511,0.09307605316505867,-0.007794253460154072,-0.038779225474690655,-0.006304478171116374,nordseeküste seh+t
seh+t historiker,17.572714432639728,0.030130936272087898,-0.010128773338933172,-0.013071821587556105,0.00572138987104782,seh+t historiker
Heiko,8.70178058947367,0.06407416347419015,-0.0034331939357655494,-0.04240062238597132,0.014356089403444348,Heiko
historiker heiko,8.70178058947367,0.06407416347419015,-0.0034331939357655494,-0.04240062238597132,0.014356089403444348,historiker heiko
Suhr,8.702918620614932,0.05248448621232291,-0.0035639667953419967,-0.04253139524554789,0.022257367530261755,Suhr
heiko suhr,8.702918620614932,0.05248448621232291,-0.0035639667953419967,-0.04253139524554789,0.022257367530261755,heiko suhr
suhr heute,9.48384432406867,0.02139126858051775,-0.005241876798467559,-0.03922803829796817,0.039444300662560446,suhr heute
reichende,9.964510968572958,0.014753890268241606,-0.010298288451457435,-0.04173858178478528,0.05048707525951764,reichende
heute reich+end+e,9.964510968572958,0.014753890268241606,-0.010298288451457435,-0.04173858178478528,0.05048707525951764,heute reich+end+e
reich+end+e warnung,11.202082664571162,-0.014464494495587687,-0.03635460630489608,-0.06273397352213265,0.1107344708280576,reich+end+e warnung
der sturm+flut,100.54797249755045,-0.0550275833982658,-0.02437392675034751,0.02771436420763327,0.01750911910296785,der sturm+flut
Bedeutung,20.156449356671068,-0.03103321968132764,-0.034742947714287424,0.04033656574474253,-0.00537733969069434,Bedeutung
1825 bedeutung,11.549808636576845,0.02241315352571826,0.0028783366578330467,-0.019757983990918805,0.008437704416461078,1825 bedeutung
Gegenwart,9.649378498865634,0.03194846463646845,0.006347469353343887,-0.025975418737324965,0.007183962126912461,Gegenwart
bedeutung gegenwart,9.649378498865634,0.03194846463646845,0.006347469353343887,-0.025975418737324965,0.007183962126912461,bedeutung gegenwart
+1592,8.790563415444343,0.037154707695506085,0.00825323089890049,-0.029403910175820256,0.006481640555349309,+1592
gegenwart +1592,8.790563415444343,0.037154707695506085,0.00825323089890049,-0.029403910175820256,0.006481640555349309,gegenwart +1592
+1592 char+s,8.506121861660061,0.039037462073515675,0.008944477132342248,-0.030649620465167622,0.006224392983092058,+1592 char+s
natur+gewalt ein,13.930402440832912,0.013120611546496245,-0.0004766644653592025,-0.013776419666532475,0.009622292245438428,natur+gewalt ein
schwere,66.40554325093754,-0.07935769684253517,-0.015774454481039035,0.0715943879768448,-0.03497490109053188,schwere
ein schwer+e,27.89714815417897,-0.016431426975496672,-0.010986088201006437,0.004730833929313686,0.013187481048509258,ein schwer+e
schwer+e sturm+flut,172.64930959856963,-0.06640645029630131,-0.028252715107660704,0.03423650650898048,0.01873152434002818,schwer+e sturm+flut
traf,26.98913447505285,-0.044950722981367056,0.02985882699201199,0.015825301360087973,-0.01805223208804425,traf
sturm+flut treff,26.166465522220058,-0.01399501386414029,-0.010128477082877452,0.003234852573658391,0.01290347702918241,sturm+flut treff
200,36.6676038141935,-0.020124889081308224,-0.015606155301445265,0.009473666111271567,0.01311221943272117,200
treff 200,21.350666053028625,-0.005887384759539069,-0.007263419853575802,-0.0017820168686431728,0.01194662685286979,treff 200
Jahren,88.64487362728818,-0.05283279340550367,-0.026107953200805327,0.02402890969008204,0.0223726908323535,Jahren
200 jahr+en,28.761580084067543,-0.012314132186931408,-0.012414681119398334,0.004365570361831245,0.012274745837619758,200 jahr+en
jahr+en deutsch+e,17.778592808846565,0.08588140273770314,-0.02202913388918769,-0.024983398774489244,-0.0069094581727800804,jahr+en deutsch+e
deutsch+e nordseeküste,50.461097435870556,0.22296400250849777,-0.07631214999318463,-0.043140494261319766,-0.043659732385133994,deutsch+e nordseeküste
Hunderte,47.907412245586826,-0.015399168764970796,-0.031505234836199374,0.02631984354035597,0.001044183305402528,Hunderte
hundert+e mensch+en,66.84324725633005,-0.025409942864761427,-0.02966465453103808,0.02505486913532881,0.007417832115606945,hundert+e mensch+en
Tiere,13.054926391692147,0.06696367591920209,-0.00986672681952757,-0.026846087296490927,-0.0015556392419841345,Tiere
mensch+en tier+e,13.054926391692147,0.06696367591920209,-0.00986672681952757,-0.026846087296490927,-0.0015556392419841345,mensch+en tier+e
starben,32.265989273899045,-0.060141247825549166,0.0024315353803711303,0.06140482448355202,-0.04781747856410519,starben
tier+e sterb+en,12.701133925074586,0.06258689927340529,-0.008167882300898094,-0.02645155396194129,-0.000490896598976291,tier+e sterb+en
Katastrophe,77.87650892564936,-0.04252853903958166,-0.025910048315760815,0.020276144037300346,0.020968859023475683,Katastrophe
damals,17.57496976508095,0.018349248349142776,-0.007500605295314405,-0.010321357502874308,0.007683823945132323,damals
katastrophe damals,11.43033743776439,0.048572675866020015,-0.0022009298653226706,-0.02565717534588699,0.0029592457323275073,katastrophe damals
damals seh+t,11.4397201522703,0.042366127495614206,-0.0009326655411315785,-0.02427792541389759,0.00428155067552497,damals seh+t
Bezug,8.180022789557984,0.04130715893685888,0.00977925490629746,-0.032155471041936425,0.00591190443960595,Bezug
historiker bezug,8.180022789557984,0.04130715893685888,0.00977925490629746,-0.032155471041936425,0.00591190443960595,historiker bezug
bezug heute,8.841968283081354,0.036823495216524484,0.008131741112792768,-0.02918508702015897,0.0065267132597321195,bezug heute
reicht,9.179069797888467,0.03471590138785967,0.007359462091285371,-0.027794909639242884,0.006812263641740816,reicht
heute reich+t,9.179069797888467,0.03471590138785967,0.007359462091285371,-0.027794909639242884,0.006812263641740816,heute reich+t
Be…,6.383786364424738,0.07280478361481031,0.01201349096500241,-0.04607325564977794,0.00019257229405500388,Be…
historiker be…,6.383786364424738,0.07280478361481031,0.01201349096500241,-0.04607325564977794,0.00019257229405500388,historiker be…
+1779,6.322060216182491,0.0727607556568088,0.012391579261328244,-0.04635076461419478,0.0002463676025764862,+1779
be… +1779,6.322060216182491,0.0727607556568088,0.012391579261328244,-0.04635076461419478,0.0002463676025764862,be… +1779
+1779 char+s,6.251508520784233,0.07274938277454197,0.012822046475542893,-0.04668208186830574,0.00029986373792363267,+1779 char+s
Hochwasserschutz,31.401717251622486,-0.052243144347595784,-0.0447374077974045,0.0656407550289286,-0.019080259348107177,Hochwasserschutz
hochwasser+schutz sturmflutsaison,44.516702126208074,-0.0326376712220159,-0.016652145112430686,0.014544839573020588,0.015039582684725487,hochwasser+schutz sturmflutsaison
verläuft,31.63755516037677,-0.021061719308487943,-0.012611722466379675,0.007559056823622632,0.01372300661006178,verläuft
sturmflutsaison verlauf+t,31.63755516037677,-0.021061719308487943,-0.012611722466379675,0.007559056823622632,0.01372300661006178,sturmflutsaison verlauf+t
Niedersachsen,81.51100221952473,-0.038306848915808565,-0.022002801467137508,0.022698405090113075,0.012192511561391842,Niedersachsen
verlauf+t niedersachsen,25.996412505332533,-0.013743911782068009,-0.010040002179097464,0.0030803677856369124,0.012874117247191117,verlauf+t niedersachsen
niedersachsen bislang,24.58287496583264,-0.01156720086234114,-0.009272356359240109,0.0017388031217830929,0.012618890342955385,niedersachsen bislang
ruhig,34.768687233503826,-0.009959745943864848,-0.016598701098788676,0.006675247827884316,0.011242583256624437,ruhig
bislang ruhig,26.22972389133091,-0.01408786094960597,-0.010161187258697739,0.0032919601464498484,0.012914328763711366,bislang ruhig
ruhig hier,8.811299716533155,0.03479855817583781,0.00589708137923198,-0.024712991462589647,0.0041254910356805456,ruhig hier
thema hochwasser+schutz,13.003440764618288,-0.010882931899599171,-0.02752629539526601,0.03726961551443818,-0.019746369176398767,thema hochwasser+schutz
sie sturmflutsaison,24.762533789152943,-0.011853107529319751,-0.009373255825791738,0.001915259778451127,0.012652488024657273,sie sturmflutsaison
aktuelle,26.983298515169167,-0.015171192807922897,-0.010542681199045872,0.0039577092960508395,0.013040775813565117,aktuelle
der aktuell+e,26.983298515169167,-0.015171192807922897,-0.010542681199045872,0.0039577092960508395,0.013040775813565117,der aktuell+e
aktuell+e sturm+flut+saison,44.516702126208074,-0.0326376712220159,-0.016652145112430686,0.014544839573020588,0.015039582684725487,aktuell+e sturm+flut+saison
Niedersachsens,11.760412283087602,0.043650741341405085,-0.002000440712531708,-0.023942350023501598,0.003896936413306647,Niedersachsens
sturm+flut+saison niedersachsen+s,11.760412283087602,0.043650741341405085,-0.002000440712531708,-0.023942350023501598,0.003896936413306647,sturm+flut+saison niedersachsen+s
niedersachsen+s nordseeküste,10.478424404495415,0.2386106399295918,-0.04431114847563075,-0.07483089445624332,-0.04259428786766162,niedersachsen+s nordseeküste
nordseeküste angabe+n,8.920530454978458,0.10353071953842498,-0.006423375008660019,-0.044080516083380795,-0.008194965352211293,nordseeküste angabe+n
Küstenschützern,8.3408613296628,0.08703502675130143,-0.000570737734832773,-0.04194342632944927,-0.004162491375010674,Küstenschützern
angabe+n küste+n+schütze+ern,8.3408613296628,0.08703502675130143,-0.000570737734832773,-0.04194342632944927,-0.004162491375010674,angabe+n küste+n+schütze+ern
küste+n+schütze+ern bislang,7.771854724130503,0.07759115301477175,0.003876995462458873,-0.041633104507025044,-0.0017452717327141132,küste+n+schütze+ern bislang
eher,10.151371201639938,0.04291195420411219,0.027432793527369864,-0.03659703767551589,-0.004538365309386517,eher
bislang eher,7.54335416035071,0.07510889472839957,0.005447486897231587,-0.04187112818900035,-0.0010636301488885752,bislang eher
eher ruhig,7.414581353057366,0.07397967981400758,0.006294277642622626,-0.04208345089599472,-0.0007377490503425659,eher ruhig
verlaufen,12.346406054449822,0.05747456423226113,-0.006286441722596717,-0.025923570113484614,0.0007323335813733041,verlaufen
ruhig verlauf+en,12.346406054449822,0.05747456423226113,-0.006286441722596717,-0.025923570113484614,0.0007323335813733041,ruhig verlauf+en
entlang,6.819580641232844,0.07090175054009862,0.009959182773701492,-0.043722403782096374,0.0003141986809129998,entlang
ort entlang,6.819580641232844,0.07090175054009862,0.009959182773701492,-0.043722403782096374,0.0003141986809129998,ort entlang
entlang küste,6.627724764006367,0.07056452906878287,0.011084318405381476,-0.044466248077804534,0.000516799633607832,entlang küste
küste geb,6.540478590249654,0.07050593343624775,0.011590839274838768,-0.044837959271127235,0.0005894929736892884,küste geb
geb seit,6.445011399501655,0.07050722323506677,0.01214250036889874,-0.0452685318709282,0.0006556995486538761,geb seit
seit oktober,6.380594473704887,0.07054588241006407,0.012513615620770493,-0.04557313099400986,0.0006926969498232592,seit oktober
oktober zwei,6.283416276901044,0.07066065559641842,0.013072394670039988,-0.04605413695089501,0.0007370872012343876,oktober zwei
vier,6.181852308241797,0.07085183567534734,0.013655816611397947,-0.046584604600471126,0.0007691208637787576,vier
zwei vier,6.181852308241797,0.07085183567534734,0.013655816611397947,-0.046584604600471126,0.0007691208637787576,zwei vier
Sturmflu…,6.128620566011292,0.07098065608281384,0.01396167711168386,-0.04687403612651884,0.0007801598537746577,Sturmflu…
vier sturmflu…,6.128620566011292,0.07098065608281384,0.01396167711168386,-0.04687403612651884,0.0007801598537746577,vier sturmflu…
+2873,6.018669567062933,0.07130816744125998,0.014594309695215774,-0.04749691873693554,0.0007906581049271825,+2873
sturmflu… +2873,6.018669567062933,0.07130816744125998,0.014594309695215774,-0.04749691873693554,0.0007906581049271825,sturmflu… +2873
+2873 chars,5.962463255134956,0.07150724261376065,0.014918463918335982,-0.04782849765382243,0.0007897015233866615,+2873 chars
Winterzeit,23.076792381065303,-0.009054200092063442,-0.008384567359971626,0.00018463829644364902,0.012322595781313296,Winterzeit
ruhig winter+zeit,13.35320723238742,0.015164500790815327,0.00025912276465840184,-0.015085460488296442,0.009364700130736743,ruhig winter+zeit
Sturmflutzeit,44.516702126208074,-0.0326376712220159,-0.016652145112430686,0.014544839573020588,0.015039582684725487,Sturmflutzeit
winter+zeit sturm+flut+zeit,44.516702126208074,-0.0326376712220159,-0.016652145112430686,0.014544839573020588,0.015039582684725487,winter+zeit sturm+flut+zeit
sturm+flut+zeit nordseeküste,21.434765658944794,0.1635602457361751,-0.0444105961452317,-0.04029801477113827,-0.02586420675084348,sturm+flut+zeit nordseeküste
Inselstränden,15.926130843345627,0.03743619919660202,-0.01784435175718486,-0.0034400575741015006,-0.005055309812726749,Inselstränden
Hochwassern,14.527432591230843,-0.033639740474164376,-0.07408144961339563,0.10514413695845887,-0.0647367163421313,Hochwassern
insel+strand+en hochwasser+n,14.527432591230843,-0.033639740474164376,-0.07408144961339563,0.10514413695845887,-0.0647367163421313,insel+strand+en hochwasser+n
hochwasser+n schon,13.21350557886134,0.0025104029812717085,-0.03506898025499717,0.04084235212021718,-0.027079953389137355,hochwasser+n schon
Abbruchkanten,12.833903673576092,0.0058544712975239785,-0.030765521469373024,0.03398195096160512,-0.02339118603652031,Abbruchkanten
schon abbruch+kanten,12.833903673576092,0.0058544712975239785,-0.030765521469373024,0.03398195096160512,-0.02339118603652031,schon abbruch+kanten
sehen,20.89826975292735,-0.03345589302822739,-0.04828984411787511,0.06738277180165418,-0.030334920706104915,sehen
abbruch+kanten seh+en,12.049428276407415,0.005286665543684019,-0.029625164831173216,0.033873479175328104,-0.023813344437171074,abbruch+kanten seh+en
Küstenschützer,12.04650756938739,-0.0007821753102421026,-0.03008279729903736,0.037380222086691804,-0.02428889102987378,Küstenschützer
küste+n+schütze+er seh+en,12.307355790579697,-0.017067668267612274,-0.04173766548829055,0.06000794134632029,-0.03569433045943564,küste+n+schütze+er seh+en
Sandverluste,24.370366752213872,-0.0875005625744896,-0.09003782550416167,0.13885222161542052,-0.06985508763526445,Sandverluste
seh+en sand+verlust+e,13.021099156109278,-0.06167430463345532,-0.0851908557560349,0.13170980474483926,-0.07881926684920987,seh+en sand+verlust+e
sand+verlust+e bislang,8.712254505384998,0.020040042296665138,-0.009861832739613557,0.005943632986886899,-0.01242953244840984,sand+verlust+e bislang
gelassen,9.04014915533346,0.025970578061616793,-0.00229123098442698,-0.008734236651066115,-0.0035551538075061823,gelassen
bislang ge+lass+en,9.04014915533346,0.025970578061616793,-0.00229123098442698,-0.008734236651066115,-0.0035551538075061823,bislang ge+lass+en
link winter+zeit,13.35320723238742,0.015164500790815327,0.00025912276465840184,-0.015085460488296442,0.009364700130736743,link winter+zeit
bislan…,6.718331657965042,0.0222475503834038,-0.027413855460370878,0.03528682180628722,-0.038832600556483444,bislan…
sand+verlust+e bislan…,6.718331657965042,0.0222475503834038,-0.027413855460370878,0.03528682180628722,-0.038832600556483444,sand+verlust+e bislan…
+3046,6.538324345092299,0.03223121850662854,-0.01754784651841495,0.017560518806710706,-0.0295644828557697,+3046
bislan… +3046,6.538324345092299,0.03223121850662854,-0.01754784651841495,0.017560518806710706,-0.0295644828557697,bislan… +3046
+3046 char+s,6.4396735476593285,0.03659251852002477,-0.013284009637091134,0.009815769561662496,-0.02568196128463557,+3046 char+s
Historische,11.401374103301924,0.023078157175371164,0.0031193979792731256,-0.02018898720673497,0.008351568657625041,Historische
historisch+e katastrophe,13.930402440832912,0.013120611546496245,-0.0004766644653592025,-0.013776419666532475,0.009622292245438428,historisch+e katastrophe
katastrophe sturm+flut,44.516702126208074,-0.0326376712220159,-0.016652145112430686,0.014544839573020588,0.015039582684725487,katastrophe sturm+flut
sturm+flut 200,13.63021970302075,0.014168926425067875,-9.94272558190183e-05,-0.014447363254570893,0.009490374345733698,sturm+flut 200
veränderte,11.508163435774351,0.0665795634849952,-0.006203366022039245,-0.029511751208047544,-0.0009711953436876085,veränderte
jahr+en veränder+t+e,11.508163435774351,0.0665795634849952,-0.006203366022039245,-0.029511751208047544,-0.0009711953436876085,jahr+en veränder+t+e
veränder+t+e nordseeküste,13.259294804904044,0.1534703761465524,-0.02983172440838483,-0.04703430901033121,-0.02162914512948134,veränder+t+e nordseeküste
nordseeküste der,27.977670595192137,0.033460730999939785,0.016298941061386157,-0.01879459884005411,-0.01124719914750547,nordseeküste der
hinterlässt,21.970095438310352,-0.03448667912412511,0.00665058922437141,0.024855195180368907,-0.016652667511716065,hinterlässt
1825 hinterlass+st,21.350666053028625,-0.005887384759539069,-0.007263419853575802,-0.0017820168686431728,0.01194662685286979,1825 hinterlass+st
verheerende,32.114831019314025,-0.053749316094765326,-0.01063570749581978,0.05161153298470175,-0.026709879083896732,verheerende
hinterlass+st verheerend+e,18.07950773711739,0.011293472314786378,-0.006769410797243272,-0.008310437680831409,0.00903564950565836,hinterlass+st verheerend+e
Spuren,26.5490628442833,0.02913754318481113,-0.019084371288480343,-0.005511521952837955,0.004049201072654266,Spuren
verheerend+e spur+en,16.314505958552488,0.0782886140782101,-0.01822137646013798,-0.024884943814599127,-0.004901043673160048,verheerend+e spur+en
spur+en nordseeküste,19.263156985044418,0.20211238127520822,-0.05145619467667542,-0.0521798560923143,-0.03525476439546871,spur+en nordseeküste
800,13.761605440165631,0.12820867478620063,-0.02493136312590043,-0.040031329052450465,-0.015706928197769497,800
800 mensch+en,13.446080226303549,0.11411889898552055,-0.02107217242484792,-0.037133459783454593,-0.012314872165244753,800 mensch+en
sterben,15.675430180320395,0.03964389882229655,0.04684872859482612,-0.023822601958930163,-0.03570319347385468,sterben
mensch+en sterb+en,16.434830784130657,-0.007664482310370775,0.06873859755669759,0.019537389833902182,-0.0830115746065219,mensch+en sterb+en
10.000,12.564981385879598,0.07519613441087107,-0.013560496004202123,-0.03266991107658243,0.003161273274353915,10.000
sterb+en 10.000,12.564981385879598,0.07519613441087107,-0.013560496004202123,-0.03266991107658243,0.003161273274353915,sterb+en 10.000
Häuser,45.55068834342676,-0.06552483039182097,0.02053078422444428,0.03558454445112226,-0.02404185218594408,Häuser
10.000 haus+er,12.89001423322501,0.05505450506296825,-0.010282444967294017,-0.027924316888235726,0.008120106062673629,10.000 haus+er
unbewohnbar,13.70759383952279,0.0209330386736174,-0.005760036725306037,-0.020107972724057708,0.016889840106316053,unbewohnbar
haus+er un+bewohn+bar,13.70759383952279,0.0209330386736174,-0.005760036725306037,-0.020107972724057708,0.016889840106316053,haus+er un+bewohn+bar
Noch,20.544089865519158,-0.07552914820921494,0.029580082756842624,0.05303578466890017,-0.05031145808678183,Noch
noch heute,15.30129624494655,0.003720641472362107,-0.0071955780943650195,-0.01632545702212357,0.024167731983057765,noch heute
prägt,16.033432541752163,0.0006403324188135396,-0.008922302242351928,-0.01595766496885597,0.027003917341542998,prägt
heute präg+t,16.033432541752163,0.0006403324188135396,-0.008922302242351928,-0.01595766496885597,0.027003917341542998,heute präg+t
präg+t katastrophe,17.62139274364402,-0.0062358556374293725,-0.013147712268721932,-0.016101977154023544,0.03475381530195412,präg+t katastrophe
katastrophe küste+n+schutz,22.449544505880148,-0.03878967760462754,-0.03968668563452079,-0.03348080812075431,0.09423909461779209,katastrophe küste+n+schutz
Boy-Peter,6.361230710168031,0.041193678887453955,-0.024927742304249694,-0.08588060399229519,0.09520268480981085,Boy-Peter
Andres…,6.199200291382992,0.05013120389349459,-0.01495975602856652,-0.07705098446071794,0.07265410161962627,Andres…
boy-peter andres…,6.199200291382992,0.05013120389349459,-0.01495975602856652,-0.07705098446071794,0.07265410161962627,boy-peter andres…
+6353,6.082730393853772,0.05485937255904347,-0.009464741101584297,-0.072532365566036,0.06043048057561753,+6353
andres… +6353,6.082730393853772,0.05485937255904347,-0.009464741101584297,-0.072532365566036,0.06043048057561753,andres… +6353
+6353 chars,6.014136889880639,0.05715284000303649,-0.006730276532409043,-0.07042549666395231,0.05446783378588938,+6353 chars
Große,19.908255449256032,-0.026293483701900246,-0.03022260697013976,0.04100554922965866,-0.01289179541320356,Große
Halligflut,9.179069797888467,0.03471590138785967,0.007359462091285371,-0.027794909639242884,0.006812263641740816,Halligflut
groß+e halligflut,9.179069797888467,0.03471590138785967,0.007359462091285371,-0.027794909639242884,0.006812263641740816,groß+e halligflut
Februar,46.569293375264444,-0.032914596008730715,-0.01748292930772281,0.015050199978966429,0.015223325092634113,Februar
halligflut februar,10.64396547710073,0.026665955991574238,0.004422224359102937,-0.022521073115573713,0.007883549301167593,halligflut februar
februar 1825,37.307317729701104,-0.024731380772098303,-0.01532824420018818,0.010328946666106238,0.014602569176303874,februar 1825
1825 sterb+en,21.739045266249715,-0.006629317625420714,-0.0075263256553139415,-0.0013204481415475973,0.012034974632252995,1825 sterb+en
sterb+en sturm+flut,44.516702126208074,-0.0326376712220159,-0.016652145112430686,0.014544839573020588,0.015039582684725487,sterb+en sturm+flut
hunderte,40.96359570578919,0.0013191089833313229,-0.021843838134100606,0.006610845722416528,0.00851447236273442,hunderte
nordsee hundert+e,19.72392545958149,0.06504162839257803,-0.020006388741583794,-0.018362060932194384,-0.0026567361579872715,nordsee hundert+e
Computermodelle,9.487939590638817,0.058766554422462154,0.0013071997387523726,-0.03227504795960939,0.0015284602313638794,Computermodelle
mensch+en computer+modell+e,9.487939590638817,0.058766554422462154,0.0013071997387523726,-0.03227504795960939,0.0015284602313638794,mensch+en computer+modell+e
rekonstruieren,13.227298355669708,0.03173891692962653,-0.00284744584654697,-0.01881791358470449,0.005953990590057208,rekonstruieren
computer+modell+e rekonstruier+en,8.582658137982824,0.05598812185118529,0.005125093851294488,-0.03415792526070421,0.002557394142498585,computer+modell+e rekonstruier+en
rekonstruier+en katastrophe,9.179069797888467,0.03471590138785967,0.007359462091285371,-0.027794909639242884,0.006812263641740816,rekonstruier+en katastrophe
katastrophe februar,10.64396547710073,0.026665955991574238,0.004422224359102937,-0.022521073115573713,0.007883549301167593,katastrophe februar
Jahre,61.73254672275611,0.07282469790336293,-0.046143095848709556,-0.00796781386011759,-0.00016391633474933687,Jahre
200 jahr+e,9.287325616579043,0.05783293505597405,0.002181431883227382,-0.032590524337957824,0.0018212043112922453,200 jahr+e
später,8.933220041334149,0.05664061456825171,0.0036805176348689715,-0.03329057097742219,0.002244683338228734,später
jahr+e spät+er,8.933220041334149,0.05664061456825171,0.0036805176348689715,-0.03329057097742219,0.002244683338228734,jahr+e spät+er
spät+er soll+en,8.582658137982824,0.05598812185118529,0.005125093851294488,-0.03415792526070421,0.002557394142498585,spät+er soll+en
Computer,8.283422233718603,0.05581617636328246,0.00633955398329899,-0.035033134611317567,0.0027478003431211217,Computer
soll+en computer,8.283422233718603,0.05581617636328246,0.00633955398329899,-0.035033134611317567,0.0027478003431211217,soll+en computer
computer katastrophe,7.82675601638914,0.05619519740447159,0.008182226563512156,-0.03660932092697777,0.0029128928403473198,computer katastrophe
katastrophe rekonstruier+en,7.487277543460012,0.0569580980217569,0.009560126751153645,-0.03797443225835849,0.0029428235647473927,katastrophe rekonstruier+en
geht,11.862066047486632,0.023817140105857455,-0.00029100484187884976,-0.01635194745753672,0.005869291194169886,geht
doch geh+t,7.019341606732552,0.05866630360625387,0.011497190971405998,-0.040142116748440954,0.0028592102745645925,doch geh+t
langer,6.720979631486186,0.06015344784844871,0.012769744979024954,-0.0417099283603825,0.0027309384860402853,langer
geh+t lang+er,6.720979631486186,0.06015344784844871,0.012769744979024954,-0.0417099283603825,0.0027309384860402853,geh+t lang+er
Zeit,6.613467497957085,0.060766443997613544,0.01323779088383926,-0.0423127755993467,0.002670272112065713,Zeit
lang+er zeit,6.613467497957085,0.060766443997613544,0.01323779088383926,-0.0423127755993467,0.002670272112065713,lang+er zeit
nacht februar,6.287181124312232,0.06811848699533246,0.012473402052013468,-0.04665312956892135,0.0036962121712562387,nacht februar
kamen,13.524402107033762,0.022137679883285445,-0.0027051594492920506,-0.017565773687482876,0.010458685128290807,kamen
1825 komm+en,6.167235279966083,0.07733651784954428,0.00932822222148236,-0.05138971495810649,0.0058619538051736435,1825 komm+en
Zutaten,6.077831249666057,0.08563297522052231,0.006353497773676856,-0.05562651213371751,0.00781514198448674,Zutaten
komm+en zutaten,6.077831249666057,0.08563297522052231,0.006353497773676856,-0.05562651213371751,0.00781514198448674,komm+en zutaten
zutaten katastrophe,5.959434037331982,0.09980581846544695,0.001000226734207075,-0.0627978680765984,0.01111096735263101,zutaten katastrophe
katastrophe zusammen,5.889699720628547,0.11127198138510513,-0.0035344278500855095,-0.06853075100949199,0.013690396054784741,katastrophe zusammen
Immer,5.8405290572159325,0.12219714382449466,-0.007982896172838297,-0.07392994849500094,0.01603411165321108,Immer
immer heftig+e,5.770312785736141,0.15022698231479262,-0.0197404835600661,-0.08747319112290222,0.02132660745391889,immer heftig+e
Nordwestwinde,5.755784201610782,0.16530500373910134,-0.026155551216481932,-0.0945634897000607,0.023644519915844285,Nordwestwinde
heftig+e nordwest+wind+e,5.755784201610782,0.16530500373910134,-0.026155551216481932,-0.0945634897000607,0.023644519915844285,heftig+e nordwest+wind+e
Monaten,5.788364704031826,0.23107632656392035,-0.05382043546063508,-0.12390713055726775,0.028707570682978606,Monaten
nordwest+wind+e monat+en,5.788364704031826,0.23107632656392035,-0.05382043546063508,-0.12390713055726775,0.028707570682978606,nordwest+wind+e monat+en
zuvor,5.864851731321933,0.28294870502887887,-0.074839680855098,-0.1455332335237987,0.027008675904552987,zuvor
monat+en zuvor,5.864851731321933,0.28294870502887887,-0.074839680855098,-0.1455332335237987,0.027008675904552987,monat+en zuvor
zuvor nordsee,6.238251977782339,0.46312514766244695,-0.14607799777300917,-0.217506966384705,-0.008178094672478011,zuvor nordsee
nordsee deich+e,6.12910689961185,0.1549328549440394,-0.14465700605421847,-0.2173497829438763,0.22911456348591053,nordsee deich+e
Mündungen,5.602242781093638,0.17137518246707625,-0.06667329656268026,-0.14030025707828267,0.09885847606830182,Mündungen
deich+e mündung+en,5.602242781093638,0.17137518246707625,-0.06667329656268026,-0.14030025707828267,0.09885847606830182,deich+e mündung+en
Elb…,5.414967131359036,0.15949876440517366,-0.043998156524986926,-0.1185204081413659,0.06794650211980353,Elb…
mündung+en elb…,5.414967131359036,0.15949876440517366,-0.043998156524986926,-0.1185204081413659,0.06794650211980353,mündung+en elb…
+4445,5.356756641418605,0.15485706083329015,-0.03788035540240478,-0.11277515967967462,0.06041385221488543,+4445
elb… +4445,5.356756641418605,0.15485706083329015,-0.03788035540240478,-0.11277515967967462,0.06041385221488543,elb… +4445
+4445 chars,5.305697186019202,0.15066809679404317,-0.032900316009157146,-0.10816130747393694,0.05453644538510443,+4445 chars
meisten,5.960477633883556,0.07231831868329694,0.009383823278846928,-0.05378965565075427,0.01211739428017541,meisten
der meist+en,5.960477633883556,0.07231831868329694,0.009383823278846928,-0.05378965565075427,0.01211739428017541,der meist+en
halbnackt,6.036450745940596,0.07209335196995696,0.008589644944309997,-0.05372234470694486,0.012844308518795816,halbnackt
meist+en halbnack+t,6.036450745940596,0.07209335196995696,0.008589644944309997,-0.05372234470694486,0.012844308518795816,meist+en halbnack+t
durchnässt,6.203633619190766,0.0717357360773859,0.006769903294446118,-0.053710572032797665,0.014571522479703622,durchnässt
halbnack+t durchnäss+t,6.203633619190766,0.0717357360773859,0.006769903294446118,-0.053710572032797665,0.014571522479703622,halbnack+t durchnäss+t
Angst,6.57197571474409,0.05461722336068185,0.060895354735612986,-0.07103049901322281,0.0007164853654999565,Angst
durchnäss+t angst,6.461604399959224,0.07155408218247902,0.0037253030919342394,-0.05409364019142571,0.017653344187297183,durchnäss+t angst
Kälte,26.67882618437246,-0.08468281439362874,0.17540845424975038,-0.02260802504622948,-0.08222497632701611,Kälte
angst kälte,6.60424242521487,0.07164458910077147,0.0018889467742489062,-0.05453985177171717,0.01962792896274886,angst kälte
zitternd,6.697456629213859,0.0717755581113019,0.0006180441084540406,-0.05493252237473175,0.021045137028991027,zitternd
kälte zitter+nd,6.697456629213859,0.0717755581113019,0.0006180441084540406,-0.05493252237473175,0.021045137028991027,kälte zitter+nd
Während,24.382454893701585,-0.001631517120889546,-0.009079895844140541,-0.0087725033412421,0.019598728071970186,Während
zitter+nd während,6.867999286367089,0.07215629355588375,-0.0018769959917680765,-0.055881293199544047,0.02394678029206224,zitter+nd während
napoleonischen,11.885887398946998,0.0505426180277934,-0.022554790000422827,-0.045019662222065514,0.04155483427480945,napoleonischen
während napoleonisch+en,11.885887398946998,0.0505426180277934,-0.022554790000422827,-0.045019662222065514,0.04155483427480945,während napoleonisch+en
Besatzung,12.678459201214869,0.05308369765303925,-0.034197094566883975,-0.053904830186437595,0.059239074558853466,Besatzung
napoleonisch+en besatzung,12.678459201214869,0.05308369765303925,-0.034197094566883975,-0.053904830186437595,0.059239074558853466,napoleonisch+en besatzung
besatzung küste+n+schutz,14.491578536990914,0.03232966294137259,-0.09121802286802606,-0.1070431973633695,0.16754809605055115,besatzung küste+n+schutz
küste+n+schutz nordsee,16.007971233593995,0.2690875553415555,-0.079495009843565,-0.08990756355660144,-0.021450319652192726,küste+n+schutz nordsee
vernachlässigt,16.181913444128604,0.11833062775966845,-0.03377730672203284,-0.04153581675416126,0.00048165079065411783,vernachlässigt
nordsee vernachlässig+t,16.181913444128604,0.11833062775966845,-0.03377730672203284,-0.04153581675416126,0.00048165079065411783,nordsee vernachlässig+t
worden,44.12674426719994,-0.025958192464248867,-0.02510949594784967,0.023357821315281885,0.006325579291251864,worden
vernachlässig+t werd+en,18.106460766845395,0.018502028565303995,-0.008259106158557092,-0.0098001330421452,0.007545954144344482,vernachlässig+t werd+en
Daher,20.012839368401647,-0.0031856245874813125,-0.006304798394139725,-0.0034670318086024612,0.01162350353442615,Daher
weitete,22.15395136413556,-0.007402452555745198,-0.007800131875586888,-0.000839997779282758,0.01212686446311516,weitete
daher weit+ete,22.15395136413556,-0.007402452555745198,-0.007800131875586888,-0.000839997779282758,0.01212686446311516,daher weit+ete
weit+ete sturm+flut,44.516702126208074,-0.0326376712220159,-0.016652145112430686,0.014544839573020588,0.015039582684725487,weit+ete sturm+flut
3./4,23.593038213269143,-0.00993988872929465,-0.008697651922486052,0.0007330446477815197,0.012427226163156132,3./4
sturm+flut 3./4,23.593038213269143,-0.00993988872929465,-0.008697651922486052,0.0007330446477815197,0.012427226163156132,sturm+flut 3./4
1825 katastrophe,16.201476931228964,0.006070899368498069,-0.003005418537214122,-0.009290009943918782,0.010498784820296562,1825 katastrophe
katastrophe hundert+e,8.462319972132253,0.03933520129586779,0.009053891835936818,-0.030846901497323127,0.0061835493793015815,katastrophe hundert+e
Opfer,10.962166544688682,0.012750359646450249,-0.008943084460615494,0.0033368566055416334,-0.005054150376759818,Opfer
hundert+e opfer,7.967003452031686,0.04285940220416822,0.01035108711641152,-0.03318791257284533,0.005696675959201057,hundert+e opfer
fielen,7.775802087926841,0.04430313142694883,0.01088362413673155,-0.03415006608724035,0.005495370360973413,fielen
opfer fall+en,7.775802087926841,0.04430313142694883,0.01088362413673155,-0.03415006608724035,0.005495370360973413,opfer fall+en
Konsequenzen,7.452736469837132,0.04594213554532449,0.010873213482714814,-0.03687518860066995,0.007793068172372985,Konsequenzen
der konsequenz+en,7.452736469837132,0.04594213554532449,0.010873213482714814,-0.03687518860066995,0.007793068172372985,der konsequenz+en
wirken,7.188296053891625,0.052886524138581324,0.00709515378241773,-0.04325910774830255,0.014172795319460033,wirken
konsequenz+en wirk+en,7.188296053891625,0.052886524138581324,0.00709515378241773,-0.04325910774830255,0.014172795319460033,konsequenz+en wirk+en
wirk+en heute,7.0110121953083535,0.06358576612446182,0.0021774484959037,-0.05016386020142333,0.019496924485642043,wirk+en heute
Hunderte…,8.462319972132253,0.03933520129586779,0.009053891835936818,-0.030846901497323127,0.0061835493793015815,Hunderte…
katastrophe hunderte…,8.462319972132253,0.03933520129586779,0.009053891835936818,-0.030846901497323127,0.0061835493793015815,katastrophe hunderte…
+6619,8.035384127397789,0.042354836594437145,0.010165126762264763,-0.03285208071091099,0.005766773752056442,+6619
hunderte… +6619,8.035384127397789,0.042354836594437145,0.010165126762264763,-0.03285208071091099,0.005766773752056442,hunderte… +6619
+6619 char+s,7.837348015312777,0.04383300812711809,0.010710141291911258,-0.03383655919537807,0.005561041448008179,+6619 char+s
Finanzieller,7.17156722713505,0.04333298512006617,0.006573822032974127,-0.04396867199838431,0.02169417277641948,Finanzieller
Kraftakt,7.478180931366696,0.03938867292267455,0.004191373630444214,-0.043768811501663535,0.025936177840472658,Kraftakt
finanziell+er kraft+akt,7.478180931366696,0.03938867292267455,0.004191373630444214,-0.043768811501663535,0.025936177840472658,finanziell+er kraft+akt
Länder,7.790794508405311,0.03515247009070959,0.0014429890998712343,-0.04406711086961279,0.03122235049704837,Länder
kraft+akt land+er,7.790794508405311,0.03515247009070959,0.0014429890998712343,-0.04406711086961279,0.03122235049704837,kraft+akt land+er
Milliardeninvestitionen,8.06038671425981,0.03120631108932908,-0.0013020039984275955,-0.044841003687684476,0.03684305392014396,Milliardeninvestitionen
land+er milliarde+n+investition+en,8.06038671425981,0.03120631108932908,-0.0013020039984275955,-0.044841003687684476,0.03684305392014396,land+er milliarde+n+investition+en
milliarde+n+investition+en küste+n+schutz,9.740795871801096,-0.01837094355124582,-0.04549076039151514,-0.08026271661270049,0.13788567900380966,milliarde+n+investition+en küste+n+schutz
notwendig,10.34931622651432,0.017716485967996253,-0.005851658124109629,-0.03491160559127072,0.03705241182505176,notwendig
küste+n+schutz notwendig,10.34931622651432,0.017716485967996253,-0.005851658124109629,-0.03491160559127072,0.03705241182505176,küste+n+schutz notwendig
notwendig jahr+e,11.87095380176549,0.021013544345148936,0.00237140937551657,-0.01885214868303741,0.008618378526014952,notwendig jahr+e
großen,34.658444320355215,-0.025617416071535903,-0.015099183972814149,0.010417409429408645,0.014843512316804119,großen
jahr+e groß+en,28.929232014389818,-0.017789369377507816,-0.011463414217440083,0.0055622898067631595,0.013345098846025765,jahr+e groß+en
groß+en sturm+flut,44.516702126208074,-0.0326376712220159,-0.016652145112430686,0.014544839573020588,0.015039582684725487,groß+en sturm+flut
1962,112.15721119027545,-0.05069112265937928,-0.02651590379875858,0.027846619533184402,0.01648081060314636,1962
sturm+flut 1962,52.5686463285453,-0.037777460444616266,-0.01843545299228034,0.017607770932041,0.015614848810265028,sturm+flut 1962
1962 thema,19.280190735912626,-0.018875929967569118,-0.023515788463472152,-0.022993729276934365,0.05867236930097144,1962 thema
aktueller,15.998192261326478,-0.012328380805554005,-0.0223588744384858,-0.030117384470614204,0.06236348139542444,aktueller
küste+n+schutz aktuell+er,15.998192261326478,-0.012328380805554005,-0.0223588744384858,-0.030117384470614204,0.06236348139542444,küste+n+schutz aktuell+er
Allein,21.33981629274686,-0.02342900786344829,-0.025308454703426422,-0.020589340415249416,0.05984303549374964,Allein
allein deich+e,13.960987934912621,-0.0653095853057175,-0.08139978700559104,-0.0986023716075369,0.20370534966026912,allein deich+e
deich+e laut,12.687533033058092,-0.017230466222895983,-0.03491252743041639,-0.05462026304997008,0.1023806446166841,deich+e laut
Schleswig-Holsteins,31.775145679778024,0.008800559494892904,-0.031196960232363073,-0.011525743602667518,0.03408223088905043,Schleswig-Holsteins
laut schleswig-holstein+s,12.376427946556579,-0.010364005812176275,-0.028654557206130894,-0.04932258223202827,0.08801391341598344,laut schleswig-holstein+s
schleswig-holstein+s umwelt+minister,11.579740925034205,0.07712926638546148,-0.019980033691068683,-0.04369134016650378,0.020546257270966407,schleswig-holstein+s umwelt+minister
2040,7.161469088806516,0.04203170065567881,0.005159900822158681,-0.045569230433745805,0.025613261310486527,2040
umwelt+minister 2040,7.161469088806516,0.04203170065567881,0.005159900822158681,-0.045569230433745805,0.025613261310486527,umwelt+minister 2040
Milliardenbeträge,7.252485026494719,0.04323253634546908,0.0069340632481714685,-0.042845648939597115,0.020107097711532705,Milliardenbeträge
2040 milliarde+n+betrag+e,7.252485026494719,0.04323253634546908,0.0069340632481714685,-0.042845648939597115,0.020107097711532705,2040 milliarde+n+betrag+e
nötig,7.665000945429263,0.04438674344268083,0.010393664085294975,-0.035582720504555375,0.007620343455370302,nötig
milliarde+n+betrag+e nötig,7.665000945429263,0.04438674344268083,0.010393664085294975,-0.035582720504555375,0.007620343455370302,milliarde+n+betrag+e nötig
Zur,158.07833142546556,-0.061026417286658204,-0.021458989949800843,0.031968862182195905,0.013145780074958459,Zur
link zu,158.07833142546556,-0.061026417286658204,-0.021458989949800843,0.031968862182195905,0.013145780074958459,link zu
Merkliste,160.4837589461663,-0.06064469947086971,-0.021967333941141864,0.03203809096126941,0.013237928491078335,Merkliste
zu merk+liste,160.4837589461663,-0.06064469947086971,-0.021967333941141864,0.03203809096126941,0.013237928491078335,zu merk+liste
hinzufügen,169.30755090758902,-0.05925976903361414,-0.02399484391005917,0.03226668991563156,0.013745748413621185,hinzufügen
merk+liste hin+zu+füg+en,128.24931736099717,-0.0577202331538885,-0.017535847283849642,0.027132714130767746,0.014382745376478384,merk+liste hin+zu+füg+en
hin+zu+füg+en jahr+e,11.87095380176549,0.021013544345148936,0.00237140937551657,-0.01885214868303741,0.008618378526014952,hin+zu+füg+en jahr+e
Umw…,7.069674541844255,0.034174310931182866,-0.003564675047090127,-0.055732569103901085,0.04956300939490579,Umw…
schleswig-holstein+s umw…,7.069674541844255,0.034174310931182866,-0.003564675047090127,-0.055732569103901085,0.04956300939490579,schleswig-holstein+s umw…
+3466,6.948891416047635,0.03682624575240004,-0.0015266853468997072,-0.05471516976386421,0.045111046888719676,+3466
umw… +3466,6.948891416047635,0.03682624575240004,-0.0015266853468997072,-0.05471516976386421,0.045111046888719676,umw… +3466
+3466 chars,6.837742497388792,0.039126599517938204,0.00018782502426806512,-0.05397607279426896,0.041436452673697645,+3466 chars
schweren,66.97981589074504,-0.043812679292697304,-0.021986009459134117,0.022457357899839117,0.015791360404846147,schweren
nach schwer+en,37.993990903114664,-0.02744264121774648,-0.014843044833903321,0.011424765627829203,0.014452480565906064,nach schwer+en
schwer+en sturm+flut,82.16676685091389,-0.05010906407058859,-0.02268792729748909,0.024859744320298253,0.016974352190390188,schwer+en sturm+flut
Reparaturarbeiten,18.195744725895135,0.07880235861588936,-0.02104768686904642,-0.022934059202311532,-0.00541010360433276,Reparaturarbeiten
sturm+flut reparatur+arbeit+en,14.615021676160534,0.010840300702510002,-0.0012961547502746181,-0.012320366201319146,0.009907801217343724,sturm+flut reparatur+arbeit+en
Deich,20.403812598795447,-0.003999809223076375,-0.006593888636300074,-0.0029585524376904856,0.011721112378960721,Deich
reparatur+arbeit+en deich,10.535819852455571,0.027206823328916455,0.004618960821579321,-0.02287362677862276,0.00781250259387181,reparatur+arbeit+en deich
Schönhagen,9.68233621859761,0.04795501768162451,0.0029377613016275824,-0.029385126789041087,0.003774254075196272,Schönhagen
deich schönhage+n,9.68233621859761,0.04795501768162451,0.0029377613016275824,-0.029385126789041087,0.003774254075196272,deich schönhage+n
schreiten,9.059151399216798,0.09208285167645912,-0.004391008355150312,-0.041010751300652876,-0.005654931178229484,schreiten
schönhage+n schreit+en,9.059151399216798,0.09208285167645912,-0.004391008355150312,-0.041010751300652876,-0.005654931178229484,schönhage+n schreit+en
voran,8.719212292478119,0.15018357721783357,-0.02085164416440457,-0.04931369503545939,-0.023721986621040022,voran
schreit+en voran,8.719212292478119,0.15018357721783357,-0.02085164416440457,-0.04931369503545939,-0.023721986621040022,schreit+en voran
voran der,8.636278800658985,0.2164015314105868,-0.03997124166591468,-0.06215243999972191,-0.043701671334992885,voran der
Ostseesturmflut,26.656027895048286,0.5950651701024874,-0.20029774237734166,-0.16766987634461203,-0.18051758085972536,Ostseesturmflut
der ost+see+sturm+flut,12.184437351050068,0.3936676470858968,-0.11633613352287023,-0.08738438615645017,-0.11249178473333368,der ost+see+sturm+flut
ost+see+sturm+flut 2023,14.605185801454482,0.34329100861979367,-0.11496388841487072,-0.054319922033300626,-0.1064790674445605,ost+see+sturm+flut 2023
2023 schwer+e,18.313968860840234,0.032986945010840915,-0.030221007391211505,0.013878863559084301,-0.014640946129587057,2023 schwer+e
schwer+e schaden,13.750622273227815,-0.16157899553047297,-0.1291827128545387,0.3147058107913423,-0.33079653580416063,schwer+e schaden
hinterlassen,18.320005451198163,0.028451376924033604,-0.04546644475416554,0.03684813159527485,-0.03020568332751214,hinterlassen
schaden hinterlass+en,10.421935173202552,0.07998738243719916,-0.0734354068464084,0.05740392121522276,-0.07267614769727286,schaden hinterlass+en
Zum,15.339739356690805,0.030132956636358843,-0.02785193247961847,0.01497582803387212,-0.01614376789311264,Zum
Teil,11.13106399344546,0.0541824717879267,-0.029994650710690473,0.011721466609051656,-0.02625845659422491,Teil
zu teil,11.13106399344546,0.0541824717879267,-0.029994650710690473,0.011721466609051656,-0.02625845659422491,zu teil
immer,35.21598385812772,-0.03821869797089967,0.017360083490387885,-0.0009258401171323318,0.010342250917974827,immer
teil immer,10.661268678858903,0.05379157607063726,-0.021689965493316928,0.0011876650491544746,-0.01888561008285821,teil immer
sichtbar,10.353110171067645,0.0531794205962321,-0.017332823579557368,-0.004060933387038703,-0.01520635487263535,sichtbar
immer sicht+bar,10.353110171067645,0.0531794205962321,-0.017332823579557368,-0.004060933387038703,-0.01520635487263535,immer sicht+bar
große,37.15945489165976,-0.021820818339195244,-0.011750182518568157,0.020087946140815372,-0.0027954367399068017,große
ein groß+e,8.905871601575098,0.07837417223985486,-0.021504805964722026,-0.008153890898331207,-0.023767133171787552,ein groß+e
Deichbaustelle,8.811915166607061,0.0774780619671636,-0.019723557463126023,-0.009971216760303835,-0.022246476830882933,Deichbaustelle
groß+e deich+bau+stelle,8.811915166607061,0.0774780619671636,-0.019723557463126023,-0.009971216760303835,-0.022246476830882933,groß+e deich+bau+stelle
demnächst,8.555635020891154,0.08722626670556759,-0.017669244480363038,-0.01751022631392952,-0.02101059266854936,demnächst
deich+bau+stelle demnächst,8.555635020891154,0.08722626670556759,-0.017669244480363038,-0.01751022631392952,-0.02101059266854936,deich+bau+stelle demnächst
abgeschlossen,6.085127168926076,0.20112458006660572,-0.024046675252683322,-0.0667386278892319,-0.038848578650632314,abgeschlossen
demnächst ab+ge+schließ+en,5.946526190995371,0.10718560362721583,-0.00100626589052777,-0.043698218527076345,-0.015808169288476625,demnächst ab+ge+schließ+en
merk+liste hinzu+füg+en,50.04486505216796,-0.019491579358961814,-0.026661876623761148,0.020353152935062995,0.0075291585632274284,merk+liste hinzu+füg+en
hinzu+füg+en der,31.172728816850572,0.04307602176447833,-0.04483635560671558,-0.004224233381201988,0.013865112837214696,hinzu+füg+en der
abgesc…,4.918644781562301,0.11985659085118636,-0.005516840811049144,-0.0384349605168584,-0.027832651353010867,abgesc…
demnächst abgesc…,4.918644781562301,0.11985659085118636,-0.005516840811049144,-0.0384349605168584,-0.027832651353010867,demnächst abgesc…
+1050,4.883260826182631,0.11831881628534668,-0.003747247628284723,-0.0399431806084866,-0.02628763996459179,+1050
abgesc… +1050,4.883260826182631,0.11831881628534668,-0.003747247628284723,-0.0399431806084866,-0.02628763996459179,abgesc… +1050
+1050 char+s,4.860660435700024,0.11737784014564882,-0.002668787780226706,-0.04085579776424685,-0.025356328532627852,+1050 char+s
Brutal,21.535984809393533,-0.006243652856474876,-0.007389682697282956,-0.0015603144590514287,0.011989070943360844,Brutal
sturm+flut brutal,14.257243912199833,0.012013474822737963,-0.0008747281387608724,-0.01306889543144142,0.00976115700078214,sturm+flut brutal
wichtig,19.165683252394704,-0.0013455793598159977,-0.005650799432759525,-0.004618392910569666,0.011402148622363648,wichtig
brutal wichtig,19.165683252394704,-0.0013455793598159977,-0.005650799432759525,-0.004618392910569666,0.011402148622363648,brutal wichtig
Grundschüler,16.85638914396762,0.004282339659387099,-0.003644765785079374,-0.008158870641316813,0.010718331858100828,Grundschüler
wichtig grund+schüler,16.85638914396762,0.004282339659387099,-0.003644765785079374,-0.008158870641316813,0.010718331858100828,wichtig grund+schüler
informieren,30.511786441767654,-0.020752648051137905,-0.008423790722125112,0.005694845734380797,0.012526014083332208,informieren
grund+schüler informier+en,15.123496433217163,0.00923826722704806,-0.0018710065982776875,-0.01130019939748744,0.010107228502596361,grund+schüler informier+en
informier+en deich,13.272913798951697,0.015458327539405773,0.0003649971018868177,-0.015273953051303893,0.009327535662014618,informier+en deich
deich hier,8.506121861660061,0.039037462073515675,0.008944477132342248,-0.030649620465167622,0.006224392983092058,deich hier
thema nach,12.63471365198135,0.01788298724018663,0.001239623744519574,-0.016832333116404863,0.009019549963386978,thema nach
sie brutal,10.756657879422269,0.02611031822839331,0.004220206419084988,-0.02215916079815174,0.007956400535550464,sie brutal
Fasziniert,7.52238165601485,0.04629557218776143,0.011619641948445067,-0.03548088630046865,0.005215753015852428,Fasziniert
schauen,17.077192912200864,0.0037003420054274572,-0.0038526183277754734,-0.007791418118394498,0.010789535607798526,schauen
faszinier+t schau+en,7.255902784634635,0.04849558845808548,0.012433804079520477,-0.03695437185985182,0.0049045398794062365,faszinier+t schau+en
Kinder,14.97777564186846,-0.0006872809648545457,-0.012412935779835398,0.00893946419925568,-0.0008990566423814492,Kinder
schau+en kind+er,7.007157567100999,0.05065510052788919,0.013234480161676079,-0.038404827558171144,0.004596499464834538,schau+en kind+er
kind+er groß+en,6.743058499611834,0.05307062711350787,0.014131852619837532,-0.040032045198699504,0.00424888867115325,kind+er groß+en
Bagger,13.465303865614576,0.014758281640189282,0.0001127910543806976,-0.014824994053223572,0.009416024893548378,Bagger
groß+en bagger,6.634025059154941,0.05410764191249111,0.014517682969886342,-0.040732186329363256,0.004098653429659007,groß+en bagger
Boden,25.579761285280256,-0.02913121881269373,-0.00019876657107336377,-0.0015638770752301645,0.020151028336104337,Boden
bagger boden,6.411879173290509,0.05629799307722789,0.015333767206861542,-0.0422140764196531,0.003779328094377249,bagger boden
boden wenig+e,6.336848331259167,0.057062565363862984,0.015618999699696604,-0.042732332740967466,0.0036672174669439336,boden wenig+e
wenig+e meter,6.254209639811683,0.057919883082370664,0.015939058446754816,-0.043314059942175895,0.0035411067992104496,wenig+e meter
entfernt,6.082557999160264,0.0597539816382128,0.01662458060076017,-0.044560721430987535,0.0032698803076763403,entfernt
meter entfern+t,6.082557999160264,0.0597539816382128,0.01662458060076017,-0.044560721430987535,0.0032698803076763403,meter entfern+t
verdichtet,5.995106745470612,0.06071742904105199,0.016985124835035212,-0.045216761658501324,0.003126618010319418,verdichtet
entfern+t verdicht+et,5.995106745470612,0.06071742904105199,0.016985124835035212,-0.045216761658501324,0.003126618010319418,entfern+t verdicht+et
Als,13.34626172950827,-0.03442902245328805,0.16054437976225813,-0.029035778432000878,-0.09019309704578783,Als
Füßen,5.733620549766138,0.06372414706757958,0.01811226905730849,-0.047269319421872354,0.002675999022997769,Füßen
als fuß+en,5.733620549766138,0.06372414706757958,0.01811226905730849,-0.047269319421872354,0.002675999022997769,als fuß+en
vibrieren,5.667237207549782,0.06451938368850234,0.018410881707285304,-0.04781350949129675,0.002555915174781376,vibrieren
fuß+en vibrier+en,5.667237207549782,0.06451938368850234,0.018410881707285304,-0.04781350949129675,0.002555915174781376,fuß+en vibrier+en
beginnt,5.597657633356899,0.06536763014163607,0.018729629923417014,-0.04839458203197921,0.002427407725740482,beginnt
vibrier+en beginn+t,5.597657633356899,0.06536763014163607,0.018729629923417014,-0.04839458203197921,0.002427407725740482,vibrier+en beginn+t
fangen,5.538455931923486,0.06610158307596117,0.019005621786943972,-0.04889786630517895,0.0023158651409637626,fangen
beginn+t fang+en,5.538455931923486,0.06610158307596117,0.019005621786943972,-0.04889786630517895,0.0023158651409637626,beginn+t fang+en
kichern,5.417129023162346,0.06764224572506934,0.019585545213884118,-0.049955853261278334,0.002080660049870585,kichern
fang+en kicher+n,5.417129023162346,0.06764224572506934,0.019585545213884118,-0.049955853261278334,0.002080660049870585,fang+en kicher+n
Mädchen,5.344918495296678,0.06858345456903517,0.019940214887820853,-0.050603208942689604,0.0019362585009882515,Mädchen
der mädchen,5.344918495296678,0.06858345456903517,0.019940214887820853,-0.050603208942689604,0.0019362585009882515,der mädchen
+3824,5.287411723284062,0.06934648502101197,0.020227958897840927,-0.05112858269769539,0.0018187949724268516,+3824
mädchen +3824,5.287411723284062,0.06934648502101197,0.020227958897840927,-0.05112858269769539,0.0018187949724268516,mädchen +3824
+3824 chars,5.25732051263916,0.0697506377000432,0.02038044613106023,-0.05140706231094466,0.0017564333584878641,+3824 chars
Ich,12.857661857890735,0.01701739131597943,0.0009271896161061701,-0.016275394985840356,0.009129768895009665,Ich
1962 ich,12.857661857890735,0.01701739131597943,0.0009271896161061701,-0.016275394985840356,0.009129768895009665,1962 ich
wusste,12.045225532763087,0.02027548438303534,0.0021043216683352775,-0.01837517224659904,0.008713322882213173,wusste
ich wiss+e,12.045225532763087,0.02027548438303534,0.0021043216683352775,-0.01837517224659904,0.008713322882213173,ich wiss+e
Kraft,9.649378498865634,0.03194846463646845,0.006347469353343887,-0.025975418737324965,0.007183962126912461,Kraft
wiss+e kraft,9.649378498865634,0.03194846463646845,0.006347469353343887,-0.025975418737324965,0.007183962126912461,wiss+e kraft
kraft wasser,9.240622275430573,0.034342653237086865,0.00722283639681745,-0.02754911982436771,0.006862608824882121,kraft wasser
Jedes,9.576073651888068,0.032367393454225776,0.0065005124228181286,-0.026250417153444217,0.007127928934366507,Jedes
wasser jed+es,9.576073651888068,0.032367393454225776,0.0065005124228181286,-0.026250417153444217,0.007127928934366507,wasser jed+es
Frühjahr,10.053604543457798,0.02971481866468035,0.005532374066139786,-0.024511788409621437,0.007481335410559569,Frühjahr
jed+es frühjahr,10.053604543457798,0.02971481866468035,0.005532374066139786,-0.024511788409621437,0.007481335410559569,jed+es frühjahr
treffen,12.156965764278555,-0.07532355457416828,0.1884392066511295,-0.06422379570880354,-0.04710968295352009,treffen
frühjahr treff+en,10.997054760258363,0.024951276983367004,0.003799100544079366,-0.021405102713625446,0.00810792668288655,frühjahr treff+en
treff+en hamburg,14.257243912199833,0.012013474822737963,-0.0008747281387608724,-0.01306889543144142,0.00976115700078214,treff+en hamburg
Sturmflut-Überlebenden,24.762533789152943,-0.011853107529319751,-0.009373255825791738,0.001915259778451127,0.012652488024657273,Sturmflut-Überlebenden
hamburg sturm+flut+-+überleb+ende+n,24.762533789152943,-0.011853107529319751,-0.009373255825791738,0.001915259778451127,0.012652488024657273,hamburg sturm+flut+-+überleb+ende+n
sturm+flut+-+überleb+ende+n 1962,15.009048932039201,0.009592435730851502,-0.0017439839747110336,-0.011525534086341296,0.010063221283636058,sturm+flut+-+überleb+ende+n 1962
erzählen,10.053604543457798,0.02971481866468035,0.005532374066139786,-0.024511788409621437,0.007481335410559569,erzählen
und erzähl+en,10.053604543457798,0.02971481866468035,0.005532374066139786,-0.024511788409621437,0.007481335410559569,und erzähl+en
erzähl+en nacht,8.89464253577544,0.036486871588624,0.008008301249305348,-0.028962787362986055,0.0065724669526650336,erzähl+en nacht
Nachbarn,8.035384127397789,0.042354836594437145,0.010165126762264763,-0.03285208071091099,0.005766773752056442,Nachbarn
nacht nachbar+n,8.035384127397789,0.042354836594437145,0.010165126762264763,-0.03285208071091099,0.005766773752056442,nacht nachbar+n
Freunde,7.716281056330972,0.04476279606834984,0.011053315077511552,-0.034456784891972576,0.005431047882338409,Freunde
nachbar+n freund+e,7.716281056330972,0.04476279606834984,0.011053315077511552,-0.034456784891972576,0.005431047882338409,nachbar+n freund+e
Geschwister,7.470718871572293,0.04671340268453286,0.011774150366663697,-0.03576040864284841,0.005156847180257455,Geschwister
freund+e geschwister,7.470718871572293,0.04671340268453286,0.011774150366663697,-0.03576040864284841,0.005156847180257455,freund+e geschwister
letzten,24.62387871663787,-0.003225785727814031,0.003148365679121567,-0.005064199533277152,0.005914508755737773,letzten
geschwister letzt+en,7.106175762096805,0.049782608967000874,0.01291080913348088,-0.03781832212242368,0.004721262369096598,geschwister letzt+en
Mal,17.354234021835996,0.002984313499638404,-0.0041082098470034654,-0.007339761523571317,0.010876979695414318,Mal
letzt+en mal,6.950595597035717,0.05116140277458809,0.013422416796315397,-0.038745477260495834,0.004523907725296996,letzt+en mal
sahen,6.878241792139937,0.05181768104806572,0.01366614637581488,-0.03918736553083025,0.0044296015806498355,sahen
mal seh+en,6.878241792139937,0.05181768104806572,0.01366614637581488,-0.03918736553083025,0.0044296015806498355,mal seh+en
Auf,40.845054126502,-0.02862962584306603,-0.020645786379134282,0.018090253768836127,0.011237969911040901,Auf
auf zwei,6.695342267853404,0.053521483012866716,0.014299554747376955,-0.040336325913751546,0.004183646336229691,auf zwei
Billardtischen,6.619088201307722,0.05425160548399832,0.014571273364008156,-0.04082945733530388,0.0040777490656059125,Billardtischen
zwei billard+tisch+en,6.619088201307722,0.05425160548399832,0.014571273364008156,-0.04082945733530388,0.0040777490656059125,zwei billard+tisch+en
breitet,6.415342332728467,0.055758022746088355,0.014793796875721838,-0.041115270414066686,0.003239357763237395,breitet
billard+tisch+en breit+et,6.415342332728467,0.055758022746088355,0.014793796875721838,-0.041115270414066686,0.003239357763237395,billard+tisch+en breit+et
Detlef,70.1888668061929,-0.05984916697170123,0.032800952901945936,0.00986539002551965,-0.0036855430069429136,Detlef
breit+et detlef,6.322400267393657,0.05577899884121652,0.014179593359181189,-0.03978453753935374,0.002098482017573227,breit+et detlef
Baade,6.246722949923406,0.05571807987260396,0.013587846197834336,-0.03851513118309463,0.0010656634602150973,Baade
detlef baad+e,6.246722949923406,0.05571807987260396,0.013587846197834336,-0.03851513118309463,0.0010656634602150973,detlef baad+e
Zeitungsmeldungen,6.185687127873767,0.05560383185081207,0.013035673894299068,-0.03734002698484497,0.0001489781466798427,Zeitungsmeldungen
baad+e zeitung+s+meldung+en,6.185687127873767,0.05560383185081207,0.013035673894299068,-0.03734002698484497,0.0001489781466798427,baad+e zeitung+s+meldung+en
vergilbtem,5.948835896456331,0.05426249810559854,0.00989254664504465,-0.03077746336669538,-0.004500004102142999,vergilbtem
auf vergilbt+em,5.948835896456331,0.05426249810559854,0.00989254664504465,-0.03077746336669538,-0.004500004102142999,auf vergilbt+em
Papier,5.8679330906910545,0.05322649103643895,0.00819065473281126,-0.027290356512188817,-0.0067609178524955064,Papier
vergilbt+em papier,5.8679330906910545,0.05322649103643895,0.00819065473281126,-0.027290356512188817,-0.0067609178524955064,vergilbt+em papier
stehen,19.800858625552983,-0.012648125271253035,-0.022008397085692886,0.029421806580967318,-0.012536858358489946,stehen
papier steh+en,5.820757903697435,0.05236910345686418,0.006927264363188358,-0.0247248752387373,-0.00836582370922043,papier steh+en
Schlagzeilen,5.753338737501661,0.05062241081812794,0.004568120993721499,-0.019979499967629284,-0.011241102882176657,Schlagzeilen
steh+en schlag+zeile+n,5.753338737501661,0.05062241081812794,0.004568120993721499,-0.019979499967629284,-0.011241102882176657,steh+en schlag+zeile+n
schlag+zeile+n der,5.675410314018547,0.047122426189323156,0.00027879478193710834,-0.011479444474460565,-0.01619735501731848,schlag+zeile+n der
wasser geb+t,5.6305292314458875,0.04323842257333036,-0.004153693694437294,-0.0028434782691179315,-0.021094410899042113,wasser geb+t
geb+t opfer,5.604514338054064,0.0386201077690271,-0.009203333667539452,0.006833862039365036,-0.02651004619647339,geb+t opfer
frei,5.5950911771877765,0.03433443020756752,-0.013768396259523466,0.015446973972659681,-0.03131248948567386,frei
opfer frei,5.5950911771877765,0.03433443020756752,-0.013768396259523466,0.015446973972659681,-0.03131248948567386,opfer frei
Abschied,5.599080720605181,0.02589550661106905,-0.02257022544639712,0.03171656217479795,-0.04042303043926328,Abschied
frei abschied,5.599080720605181,0.02589550661106905,-0.02257022544639712,0.03171656217479795,-0.04042303043926328,frei abschied
Toten,20.967165115193417,-0.10065250056320571,-0.10523145178485507,0.1629601753387162,-0.08838090768341848,Toten
abschied tot+en,5.915718048002134,-0.0447190462035507,-0.09392203834837527,0.1498877380111477,-0.11240328916120475,abschied tot+en
tot+en komm,5.458830740958433,0.02272561416907648,-0.02709289456563467,0.0400662465523567,-0.04610013885227806,tot+en komm
Katast…,5.341858930110495,0.03535178344165566,-0.014899106523462305,0.01783289891308388,-0.03427656766975518,Katast…
komm katast…,5.341858930110495,0.03535178344165566,-0.014899106523462305,0.01783289891308388,-0.03427656766975518,komm katast…
+377,5.270807319883289,0.041611722878076116,-0.008981818312247229,0.0067807512658508064,-0.028653092041984823,+377
katast… +377,5.270807319883289,0.041611722878076116,-0.008981818312247229,0.0067807512658508064,-0.028653092041984823,katast… +377
+377 char+s,5.236457859590546,0.044285192027388655,-0.0064946013676723995,0.0020845611136683624,-0.026325738493120858,+377 char+s
Störsperrwerk,7.881663754018159,0.009640666264916697,-0.024629908743244357,-0.07106287865139199,0.09755704947036493,Störsperrwerk
küste+n+schutz stör+sperr+werk,7.881663754018159,0.009640666264916697,-0.024629908743244357,-0.07106287865139199,0.09755704947036493,küste+n+schutz stör+sperr+werk
stör+sperr+werk jahr+e,8.60043084427479,0.009018770079659441,-0.021811583907030675,-0.06260738068952972,0.08653772781302717,stör+sperr+werk jahr+e
jahr+e der,8.949547740728091,-0.001800626913414005,-0.031508523007368366,-0.07047595145757432,0.10848930270647385,jahr+e der
der sperr+werk,15.588385039991069,-0.0536359058135449,-0.0657723612663298,-0.07679657271737365,0.166510447199148,der sperr+werk
Störmündung,16.803936392686094,-0.00522525342716781,-0.013534016803054482,-0.01863553807791079,0.037540717235142476,Störmündung
sperr+werk stör+mündung,16.803936392686094,-0.00522525342716781,-0.013534016803054482,-0.01863553807791079,0.037540717235142476,sperr+werk stör+mündung
schützt,18.935309604660134,-0.0008261600321298765,-0.005466018528032992,-0.00494395934149507,0.01133946971224285,schützt
stör+mündung schütz+t,18.935309604660134,-0.0008261600321298765,-0.005466018528032992,-0.00494395934149507,0.01133946971224285,stör+mündung schütz+t
Hinterland,23.076792381065303,-0.009054200092063442,-0.008384567359971626,0.00018463829644364902,0.012322595781313296,Hinterland
schütz+t hinterland,23.076792381065303,-0.009054200092063442,-0.008384567359971626,0.00018463829644364902,0.012322595781313296,schütz+t hinterland
hinterland sturm+flut+en,44.516702126208074,-0.0326376712220159,-0.016652145112430686,0.014544839573020588,0.015039582684725487,hinterland sturm+flut+en
Bestehens,16.949228076672174,0.00403638734556439,-0.0037326157322442313,-0.008003547955676923,0.010748436644281328,Bestehens
jahr+en besteh+ens,16.949228076672174,0.00403638734556439,-0.0037326157322442313,-0.008003547955676923,0.010748436644281328,jahr+en besteh+ens
mehr,40.95785598438382,-0.05663540297684685,0.016487121015201944,0.03491613616342062,-0.025048942776427455,mehr
besteh+ens mehr,14.522406923838668,0.011140230481408839,-0.0011884513824129647,-0.012511615462523095,0.009870359534100556,besteh+ens mehr
1000,13.77721289269753,0.013651718023139983,-0.0002855845284003221,-0.014116216273009,0.009555511583784383,1000
mehr 1000,13.77721289269753,0.013651718023139983,-0.0002855845284003221,-0.014116216273009,0.009555511583784383,mehr 1000
1000 mal,13.420454579274635,0.014920254933488442,0.00017113276481054335,-0.014928833161739305,0.009395567692941543,1000 mal
mal ge+schließ+en,8.000882514466898,0.042608659649083155,0.010258664601221018,-0.03302099403031732,0.005731527371992933,mal ge+schließ+en
geschlosse…,8.000882514466898,0.042608659649083155,0.010258664601221018,-0.03302099403031732,0.005731527371992933,geschlosse…
mal geschlosse…,8.000882514466898,0.042608659649083155,0.010258664601221018,-0.03302099403031732,0.005731527371992933,mal geschlosse…
+1562,7.602880160349697,0.04565254017635601,0.011381965168194877,-0.03505100473995282,0.005306225711802035,+1562
geschlosse… +1562,7.602880160349697,0.04565254017635601,0.011381965168194877,-0.03505100473995282,0.005306225711802035,geschlosse… +1562
+1562 char+s,7.445458292317873,0.046919190579770426,0.011850268517160735,-0.035898133566224025,0.005127800786844609,+1562 char+s
Entgegen,26.340494604870763,-0.014249718848918685,-0.010218204691009626,0.003391495614371001,0.012933240784280547,Entgegen
Trend,33.077742229686656,-0.022651491074420677,-0.01316860697929326,0.008525624707303192,0.013905649991054323,Trend
entgegen trend,33.077742229686656,-0.022651491074420677,-0.01316860697929326,0.008525624707303192,0.013905649991054323,entgegen trend
Ruhige,40.819814600327206,-0.029831652863972515,-0.015675819381221732,0.012862606246850419,0.014723197834773402,Ruhige
trend ruhig+e,28.929232014389818,-0.017789369377507816,-0.011463414217440083,0.0055622898067631595,0.013345098846025765,trend ruhig+e
ruhig+e sturm+flut+saison,63.535647094654934,-0.043263497692160306,-0.020331793545567918,0.02085082033626775,0.016223117617321443,ruhig+e sturm+flut+saison
Nord-,84.49182651379999,0.012108408925280789,-0.035244268800155194,0.012665372511011956,0.00459491688319466,Nord-
sturm+flut+saison norden+-,30.055792752879288,0.017989174245143208,-0.019351034657531404,-0.0012333780161090469,0.0059873023841545145,sturm+flut+saison norden+-
norden+- ostsee,72.84325454902061,0.19944184243304722,-0.07593619745277616,-0.03265301157687846,-0.03835650400001139,norden+- ostsee
ostsee hier,18.770623126021103,0.08726124526265482,-0.02365412615640386,-0.02429518265183999,-0.007412638911528883,ostsee hier
thema entgegen,11.125539385010184,0.024345948132266357,0.0035793298677040206,-0.021011755606710807,0.008186829796992002,thema entgegen
sie ruhig+e,16.48577770288453,0.005282701235276989,-0.0032872811294389374,-0.008791175136086883,0.010595673031603399,sie ruhig+e
sturm+flut+saison deutsch+en,11.723277194275047,0.02873622160927191,0.0011621900828691564,-0.020779719228100735,0.0070595672087073865,sturm+flut+saison deutsch+en
deutsch+en norden+-,10.58554801747038,0.0945956163855161,-0.009808806739099793,-0.037836806157688196,-0.006876330460359271,deutsch+en norden+-
Ostseeküsten,10.10280503235184,0.2531222786002148,-0.04704493931508788,-0.07979586889135043,-0.04641752280353964,Ostseeküsten
norden+- ost+see+küste+n,10.10280503235184,0.2531222786002148,-0.04704493931508788,-0.07979586889135043,-0.04641752280353964,norden+- ost+see+küste+n
ost+see+küste+n vergleichsweise,8.741207256563499,0.11332640268998515,-0.007953833929559732,-0.04692126237976575,-0.01036696045017308,ost+see+küste+n vergleichsweise
vergleichsweise ruhig,8.050198212914438,0.09007152016503438,-3.718304379429224e-05,-0.04357618273305123,-0.004691594201004842,vergleichsweise ruhig
einzige,7.423123842003107,0.07914944860836023,0.005142820624535257,-0.043234907914082056,-0.001889206068429858,einzige
der einzig+e,7.423123842003107,0.07914944860836023,0.005142820624535257,-0.043234907914082056,-0.001889206068429858,der einzig+e
Auffälligkeit,7.2343391623662185,0.0770895154972167,0.006499836907961804,-0.04347306246318542,-0.0013172864981452256,Auffälligkeit
einzig+e auffälligkeit,7.2343391623662185,0.0770895154972167,0.006499836907961804,-0.04347306246318542,-0.0013172864981452256,einzig+e auffälligkeit
Sommersturmflut,6.662173925067843,0.07341688061030348,0.010283554404221793,-0.04496631489502819,-0.00013547513600602727,Sommersturmflut
auffälligkeit sommer+sturm+flut,6.662173925067843,0.07341688061030348,0.010283554404221793,-0.04496631489502819,-0.00013547513600602727,auffälligkeit sommer+sturm+flut
23.,6.383786364424736,0.07280478361481073,0.01201349096500241,-0.04607325564977771,0.00019257229405522587,23.
sommer+sturm+flut 23.,6.383786364424736,0.07280478361481073,0.01201349096500241,-0.04607325564977771,0.00019257229405522587,sommer+sturm+flut 23.
August,6.334184563671981,0.07276687275174389,0.012317432303741932,-0.0462953444601042,0.0002363209621341477,August
23. august,6.334184563671981,0.07276687275174389,0.012317432303741932,-0.0462953444601042,0.0002363209621341477,23. august
vergangenen,21.817350205990532,0.023764977049549642,-0.011290568828047617,-0.009234528070794123,0.005923628632044655,vergangenen
august vergeh+en+en,6.251508520784232,0.07274938277454218,0.012822046475542893,-0.04668208186830562,0.00029986373792385466,august vergeh+en+en
vergeh+en+en jahr+es,6.12070591812207,0.07283550799269932,0.01361668824483734,-0.047336173443208236,0.0003771406450214006,vergeh+en+en jahr+es
+3027,6.020915744567986,0.07299250685525827,0.014221177652379693,-0.04787005077977159,0.00041752606209103114,+3027
jahr+es +3027,6.020915744567986,0.07299250685525827,0.014221177652379693,-0.04787005077977159,0.00041752606209103114,jahr+es +3027
+3027 chars,5.964588032487037,0.07311526483977135,0.01456216841438956,-0.04818479315776886,0.0004334060194406064,+3027 chars
Klimawissenschaftler,16.53946277471159,0.06264591954599699,-0.015197309295839819,-0.021095507571989327,-0.001505645292936228,Klimawissenschaftler
ostsee klima+wissenschaftler,10.357628797303743,0.12320779088166907,-0.015576467497250966,-0.04513420396310913,-0.013390155490820997,ostsee klima+wissenschaftler
gehen,19.18502228068938,-0.0013887997560057385,-0.005666171577574369,-0.004591313804250921,0.011407360206550624,gehen
klima+wissenschaftler geh+en,19.18502228068938,-0.0013887997560057385,-0.005666171577574369,-0.004591313804250921,0.011407360206550624,klima+wissenschaftler geh+en
geh+en davon,20.986065631821912,-0.0051741427769222675,-0.007010542070236947,-0.0022262057380022494,0.011861540334695237,geh+en davon
davon sturm+flut+en,44.516702126208074,-0.0326376712220159,-0.016652145112430686,0.014544839573020588,0.015039582684725487,davon sturm+flut+en
sturm+flut+en norden+-,31.445661671860915,0.007479844773422531,-0.01812591326804557,0.001638369522055351,0.008011518609687554,sturm+flut+en norden+-
stärker,21.112096579761186,0.09007084814157777,-0.02769449578840522,-0.02190090808828408,-0.009116974485437893,stärker
ostsee stark+er,18.022508791905086,0.0990479493362068,-0.025280411073324086,-0.02777504698207154,-0.00993781871599826,ostsee stark+er
häufiger,29.73700213624305,0.005683932742511102,-0.02130871161322597,0.007786360076294426,0.003809829362920318,häufiger
stark+er häufig+er,15.989483406128027,0.06143595553453465,-0.01408048766037652,-0.02148074380125647,-0.0011176045304430436,stark+er häufig+er
doch vergeh+en+en,13.306273489658922,0.041081271648933625,-0.005885947686312811,-0.021711122181656363,0.005985342185992866,doch vergeh+en+en
Saison,12.623292264779803,0.03684601548837905,-0.006134801732847916,-0.024628032284637523,0.0125902476941046,Saison
vergeh+en+en saison,12.623292264779803,0.03684601548837905,-0.006134801732847916,-0.024628032284637523,0.0125902476941046,vergeh+en+en saison
saison geb,12.288220932492758,0.0346598924373889,-0.006729242125099403,-0.026632630753569028,0.016967992015977193,saison geb
größere,39.0430473156992,-0.048466261172556015,-0.03851037923682293,0.04724019276630221,-0.001038319953878588,größere
geb groß+er+e,7.295442266796785,0.049173407277071084,-0.004820406555226571,-0.05498481266002047,0.040218387774827495,geb groß+er+e
Bewährungsprobe,7.169308962383987,0.04368855813852106,-0.00964265454482887,-0.06128196226467586,0.0547791516502033,Bewährungsprobe
groß+er+e bewährung+s+probe,7.169308962383987,0.04368855813852106,-0.00964265454482887,-0.06128196226467586,0.0547791516502033,groß+er+e bewährung+s+probe
bewährung+s+probe küste+n+schutz,7.578081054782879,-0.02867473001643194,-0.06775712208781681,-0.11957403799205918,0.1968272208346374,bewährung+s+probe küste+n+schutz
hin+zu+füg+en klima+wissenschaftler,9.303902698252218,0.033962503609973875,0.007083728382521965,-0.02729891099859485,0.006913815978798494,hin+zu+füg+en klima+wissenschaftler
+2958,7.302633729489869,0.06357423687975593,0.009046763107385312,-0.04014300143079024,0.0016151569127183763,+2958
geb +2958,7.302633729489869,0.06357423687975593,0.009046763107385312,-0.04014300143079024,0.0016151569127183763,geb +2958
+2958 chars,7.1696176142911066,0.0635960762566352,0.009696987247810556,-0.04065727428290973,0.0016920719727596299,+2958 chars
Klimaforscher,13.297343540901263,0.009473727940620286,-0.005755663866550741,-0.0033966112722421758,0.0031032784590620316,Klimaforscher
alarmiert,14.257243912199833,0.012013474822737963,-0.0008747281387608724,-0.01306889543144142,0.00976115700078214,alarmiert
klima+forscher alarmier+t,14.257243912199833,0.012013474822737963,-0.0008747281387608724,-0.01306889543144142,0.00976115700078214,klima+forscher alarmier+t
alarmier+t sturm+flut+en,24.762533789152943,-0.011853107529319751,-0.009373255825791738,0.001915259778451127,0.012652488024657273,alarmier+t sturm+flut+en
sturm+flut+en nordsee,12.843419859800942,0.16417355968332703,-0.03150673475417355,-0.05041279407639852,-0.02413239932132119,sturm+flut+en nordsee
nordsee heftig+er,10.43281178133038,0.07323682184276868,-0.0047136313923361985,-0.033263867365767794,-0.002035842838172,nordsee heftig+er
Wissenschaftler,14.943837245690638,0.03266162816772525,0.0022133779257821973,-0.017953788648531428,7.552814472269353e-05,Wissenschaftler
heftig+er wissenschaftler,9.653199114635598,0.06300782159244822,-0.0015212029332885787,-0.03074017844685861,-0.0008937864217404449,heftig+er wissenschaftler
warnen,31.134726738845576,-0.011853242205964872,-0.017209111195577578,0.009889406248451048,0.008774236778096915,warnen
wissenschaftler warn+en,8.777615972362144,0.04790648787259105,-0.0067942536918676345,-0.01283472066749898,-0.009050552809696055,wissenschaftler warn+en
steigender,8.403828368926165,0.03452687411548876,-0.017213168701932263,0.009871134804747711,-0.021080519168623735,steigender
warn+en steig+end+er,8.403828368926165,0.03452687411548876,-0.017213168701932263,0.009871134804747711,-0.021080519168623735,warn+en steig+end+er
Hochwasser-Gefahr,8.3835970718554,0.0028067246621909674,-0.06054671839277072,0.08238764778290028,-0.06581605211593544,Hochwasser-Gefahr
steig+end+er hochwasser+-+gefahr,8.3835970718554,0.0028067246621909674,-0.06054671839277072,0.08238764778290028,-0.06581605211593544,steig+end+er hochwasser+-+gefahr
hochwasser+-+gefahr norddeutschland,7.519295331968573,0.10182484744260535,-0.0232233088412067,-0.014473670400374188,-0.03075257304132099,hochwasser+-+gefahr norddeutschland
wie hoch,7.240186981397392,0.2177001309736728,-0.035077014916497826,-0.05970337644146295,-0.05199332365560946,wie hoch
hoch nordsee,7.43738851531722,0.38338284004946743,-0.07568652233615783,-0.11437423297665153,-0.10092403414392775,hoch nordsee
nordsee steig+en,7.000281773177543,0.24073677374345934,-0.025511544637157366,-0.07611348415982584,-0.05863310690425613,nordsee steig+en
viele,23.080884270998073,0.007314260691284603,-0.014771645560647534,0.009644970382915124,-0.004979825672533371,viele
steig+en viel+e,6.569855518603549,0.1476094646069564,0.01900767393099317,-0.06337399747991927,-0.038200334961161715,steig+en viel+e
viel+e mensch+en,6.4879906184871805,0.13514442885971847,0.028604685854842313,-0.06369476186767141,-0.036830209144632066,viel+e mensch+en
betrifft,6.341364345619403,0.11449576797847766,0.049901709486172986,-0.06674052769401821,-0.03672420673326926,betrifft
mensch+en betreff+t,6.341364345619403,0.11449576797847766,0.049901709486172986,-0.06674052769401821,-0.03672420673326926,mensch+en betreff+t
norddeutschland der,6.161869883877979,0.07973968867682792,0.11147726143749113,-0.08336507485912932,-0.048504684395869545,norddeutschland der
menschengemachte,6.153745742134529,0.07298580971263119,0.1272398288353744,-0.0883890199993277,-0.05290779449226978,menschengemachte
der mensch+en+ge+mach+t+e,6.153745742134529,0.07298580971263119,0.1272398288353744,-0.0883890199993277,-0.05290779449226978,der mensch+en+ge+mach+t+e
Klimawandel,20.82685275518022,-0.1344136941081657,0.37810734362892634,-0.14777189502812188,-0.13324919300831783,Klimawandel
mensch+en+ge+mach+t+e klima+wandel,6.437298657172019,-0.0030474289354507026,0.31309180879203075,-0.15883734904994323,-0.12098766430295375,mensch+en+ge+mach+t+e klima+wandel
Treibgas-Ausstoß,5.818194686159778,0.06401285690923181,0.1264051589136214,-0.08736374758293179,-0.046958407839190176,Treibgas-Ausstoß
klima+wandel treib+gas+-+ausstoß,5.818194686159778,0.06401285690923181,0.1264051589136214,-0.08736374758293179,-0.046958407839190176,klima+wandel treib+gas+-+ausstoß
macht,36.238603243769234,-0.023749549490273518,0.013097168862603129,0.0007182364589474593,0.0029847201516442117,macht
treib+gas+-+ausstoß mach+t,6.195891269553879,0.047346102641511574,0.19126488604554742,-0.11044590049759603,-0.07352288272163084,treib+gas+-+ausstoß mach+t
unserer,5.589940245781836,0.07358895439491926,0.08866102625071441,-0.07514796981793911,-0.032517042443017646,unserer
mach+t unser+er,5.589940245781836,0.07358895439491926,0.08866102625071441,-0.07514796981793911,-0.032517042443017646,mach+t unser+er
Umwelt,5.527515901232461,0.0751896792175125,0.08141383478826918,-0.07293767031681835,-0.029615826850762778,Umwelt
unser+er umwelt,5.527515901232461,0.0751896792175125,0.08141383478826918,-0.07293767031681835,-0.029615826850762778,unser+er umwelt
extrem,5.477100005923235,0.07627352290499385,0.07629743803042702,-0.0714190899524204,-0.027522567368220518,extrem
umwelt extrem,5.477100005923235,0.07627352290499385,0.07629743803042702,-0.0714190899524204,-0.027522567368220518,umwelt extrem
schaffen,20.499554650154074,-0.0017119437452473027,0.012399701340928257,-0.009779672878070904,0.0032642047595496065,schaffen
extrem schaff+en,5.410480386112455,0.07748129776372782,0.0704007254976236,-0.06972517931200388,-0.02505146084383378,extrem schaff+en
stark,8.141773148145614,0.04092442079996261,0.030024183459551223,-0.028274343918028872,-0.015940620966407828,stark
wie stark,5.325687068901285,0.07874162442613088,0.06408787562629402,-0.06800273745169988,-0.02231788653560699,wie stark
Meere,5.187818512482538,0.08036529386041832,0.05604728452302224,-0.06602093029989338,-0.018657999475044772,Meere
stark meer+e,5.187818512482538,0.08036529386041832,0.05604728452302224,-0.06602093029989338,-0.018657999475044772,stark meer+e
auswirkt,5.158889957816037,0.0806632111604604,0.05464177428886251,-0.06571048767228721,-0.017991883152025132,auswirkt
meer+e aus+wirk+t,5.158889957816037,0.0806632111604604,0.05464177428886251,-0.06571048767228721,-0.017991883152025132,meer+e aus+wirk+t
aus+wirk+t wissenschaftler,5.086093647808456,0.08137320904231538,0.05145947510040896,-0.06506459944370607,-0.01644726826586124,aus+wirk+t wissenschaftler
Norddeutsc…,5.002794460449156,0.08214195753949567,0.04835799862849207,-0.06453516688290056,-0.0148844939182787,Norddeutsc…
wissenschaftler norddeutsc…,5.002794460449156,0.08214195753949567,0.04835799862849207,-0.06453516688290056,-0.0148844939182787,wissenschaftler norddeutsc…
+2389,4.952579004263054,0.08259493276957013,0.04672672979246072,-0.06431060630657065,-0.0140350704337015,+2389
norddeutsc… +2389,4.952579004263054,0.08259493276957013,0.04672672979246072,-0.06431060630657065,-0.0140350704337015,norddeutsc… +2389
+2389 char+s,4.930334823636244,0.08279485410861603,0.046055284469389085,-0.06423180653214067,-0.013679080531131376,+2389 char+s
hochwasser sturm+flut,348.52625815286024,-0.07784023376186486,-0.032120104976366616,0.04067618999723536,0.019940787533691266,hochwasser sturm+flut
Portal,37.80020818113507,-0.027808477373285855,-0.015333546195285574,0.012355282831839466,0.01387342153591694,Portal
sturm+flut portal,25.430426434452514,-0.012891952871747507,-0.009739695091787593,0.0025557940192466617,0.012774376169550785,sturm+flut portal
Bürger,40.68626661693085,-0.03091814932329073,-0.01685905852056877,0.01508376967421214,0.013471468165172595,Bürger
portal bürger,32.364153596787226,-0.02286188798439694,-0.013906819024390324,0.009959793210069545,0.01278974629591652,portal bürger
besser,53.933931613358894,-0.04042930504422505,-0.019281025314250747,0.020801820953622617,0.013749113336065105,besser
bürger gut+er,30.882779640429238,-0.021637311744988175,-0.013789546065132555,0.009829821458701201,0.012113202507643172,bürger gut+er
Naturgefahren,33.95758666096223,-0.026618606502657547,-0.016605862210122575,0.014934742159614612,0.010847102530668135,Naturgefahren
gut+er natur+gefahr+en,21.89586647532468,-0.008426615858794366,-0.00917484041227878,0.0018158115245175397,0.010495472502718152,gut+er natur+gefahr+en
vorbereiten,32.493887229693954,-0.026263739418473986,-0.017294263389639665,0.0163036387671289,0.009412617205830582,vorbereiten
natur+gefahr+en vor+bereit+en,22.091353511610148,-0.010501944610053712,-0.011062536870351646,0.005387303755809639,0.008745195678020654,natur+gefahr+en vor+bereit+en
vor+bereit+en hier,8.668501574544587,0.03522560126529032,0.005714640657085013,-0.024282026162072,0.0034583415392565615,vor+bereit+en hier
sie portal,10.87423107544191,0.025539065309336455,0.004012607278049106,-0.021787362139889955,0.00803115661421584,sie portal
mit neu+en,11.007300494560814,0.02444838860750087,0.005467682901868332,-0.02186904730684668,0.007631719048260472,mit neu+en
Internetportal,27.846835186852093,-0.018685012568539282,-0.01234699997630126,0.008567916391244894,0.010756665004918202,Internetportal
neu+en internet+portal,7.233654428316292,0.048684436562564375,0.012503763199801567,-0.03708105142572698,0.004877703601315307,neu+en internet+portal
internet+portal soll+en,6.932187806957381,0.05132744292159431,0.013484067934270028,-0.0388572407630572,0.004500070609239147,internet+portal soll+en
soll+en mensch+en,10.092093617811503,0.029133028774991108,0.006851435656062538,-0.024787876139135728,0.007108849239020631,soll+en mensch+en
mensch+en deutschland,6.5466266318151565,0.05495666164084522,0.014833827251492952,-0.04130609865596893,0.003975201172494492,mensch+en deutschland
künftig,24.409715154136578,-0.013390331829780135,-0.0013907737758772616,-0.0006738807367460914,0.010388405221506958,künftig
deutschland künftig,6.386414100092296,0.05655603648491381,0.015430011999160085,-0.04238893128419969,0.003741528270663249,deutschland künftig
künftig gut+er,28.569487920903093,-0.019461626937483486,-0.010819405183011218,0.007738143402199311,0.011060527646283142,künftig gut+er
extreme,9.239205588285301,0.034049192366173056,0.008347212575734158,-0.02788635154611362,0.006539196031668029,extreme
gut+er extrem+e,9.239205588285301,0.034049192366173056,0.008347212575734158,-0.02788635154611362,0.006539196031668029,gut+er extrem+e
Naturereignisse,6.0725416380007085,0.05986331239999871,0.01666547938931767,-0.044635127413271365,0.0032536504818125693,Naturereignisse
extrem+e natur+ereignis+se,6.0725416380007085,0.05986331239999871,0.01666547938931767,-0.044635127413271365,0.0032536504818125693,extrem+e natur+ereignis+se
natur+ereignis+se informier+en,5.922133859779752,0.06153708500572067,0.017292098770852405,-0.04577552569359904,0.0030043070376426493,natur+ereignis+se informier+en
darauf,8.66290035072691,0.037736371263412095,0.009497640974286403,-0.030233737615584927,0.006097740533518369,darauf
informier+en darauf,5.787952122739797,0.06308319990625882,0.01787174421561209,-0.04683111230419262,0.0027725090360429827,informier+en darauf
darauf vor+bereit+en,5.733620549766138,0.06372414706757958,0.01811226905730849,-0.047269319421872354,0.002675999022997769,darauf vor+bereit+en
Naturgefahrenportal,9.662247051344227,0.031173027137926624,0.0055925600554857955,-0.02447883144872803,0.006445187542094916,Naturgefahrenportal
mit natur+gefahr+en+portal,5.532065092730321,0.06618149972849567,0.01903568399937691,-0.048952694890136254,0.0023037001211401132,mit natur+gefahr+en+portal
natur+gefahr+en+portal lass+st,5.411399905299209,0.06771624611217779,0.019613419645086602,-0.05000672211175912,0.0020693264189363277,natur+gefahr+en+portal lass+st
präzi…,5.350304179491708,0.06851261287839025,0.019913509824408464,-0.050554457699453784,0.0019471459942383552,präzi…
lass+st präzi…,5.350304179491708,0.06851261287839025,0.019913509824408464,-0.050554457699453784,0.0019471459942383552,lass+st präzi…
+2278,5.307963267542268,0.06907239992659911,0.020124577240071804,-0.05093980678308598,0.0018610297146199448,+2278
präzi… +2278,5.307963267542268,0.06907239992659911,0.020124577240071804,-0.05093980678308598,0.0018610297146199448,präzi… +2278
+2278 chars,5.277284773252051,0.06948212032297812,0.020279128178153714,-0.05122202569030928,0.0017978773653240215,+2278 chars
vor+bereit+en hochwasser,24.54499766330115,-0.03622779046369851,-0.034630041598196167,0.04841544929272751,-0.013246109257105372,vor+bereit+en hochwasser
Starkregen,40.43086439033554,-0.06485984622777129,0.0970465002834298,-0.022312349717866664,-0.016531756807361925,Starkregen
sturm+flut stark+reg+en,33.315912300853874,-0.051878164804791876,0.08778267866787931,-0.022008819168844035,-0.01622787632488058,sturm+flut stark+reg+en
stark+reg+en mensch+en,26.603887142231564,-0.02419958327832909,0.0244835706793616,-0.006558368815039188,0.00298337635487032,stark+reg+en mensch+en
betroffenen,32.26624897072512,-0.030281697010531596,-0.002597945104921077,0.012404474344004131,0.004937514455727377,betroffenen
mensch+en betreff+en+en,23.160695833006297,-0.014970447303909737,0.012752035140894846,-0.005886763095646862,0.006299222289426499,mensch+en betreff+en+en
Gebieten,23.970553774685914,-0.020033955576729018,-0.0018165969683343038,0.008851251501314576,0.002601282799200996,Gebieten
betreff+en+en gebiet+en,23.970553774685914,-0.020033955576729018,-0.0018165969683343038,0.008851251501314576,0.002601282799200996,betreff+en+en gebiet+en
gebiet+en soll+en,19.667844055419202,-0.005833513973208319,0.006448581600144935,-0.007556028698880431,0.007982405981423413,gebiet+en soll+en
soll+en künftig,18.351239100385726,-0.0021992261209932227,0.005103607116749899,-0.00872628716116586,0.008307143174633273,soll+en künftig
darüber,17.07961037549882,0.0015019338263740141,0.004256375000124121,-0.010146577974952964,0.008483279116154574,darüber
gut+er darüber,17.07961037549882,0.0015019338263740141,0.004256375000124121,-0.010146577974952964,0.008483279116154574,gut+er darüber
darüber informier+en,16.520035960478616,0.0032068081671033323,0.004016706023233883,-0.010867068204261277,0.008519779963429104,darüber informier+en
Dabei,15.568623949015734,0.006244342743300023,0.0016315856476136717,-0.010836531968755479,0.008534018745942961,Dabei
helfen,15.493674656533832,0.006646133050644306,0.0008323891276177105,-0.010643946380838744,0.00869525074186231,helfen
dabei helf+en,15.493674656533832,0.006646133050644306,0.0008323891276177105,-0.010643946380838744,0.00869525074186231,dabei helf+en
helf+en internet+portal,11.705796647068796,0.02028184956434833,0.0037629103130413406,-0.01809998130735979,0.006993708355424372,helf+en internet+portal
hin+zu+füg+en hochwasser,25.359764321462457,-0.03568516718455228,-0.03320531548102417,0.0458130131553161,-0.011179571630575326,hin+zu+füg+en hochwasser
+2459,6.641693140069197,0.05295243785468624,0.018498668704720944,-0.04188739038716817,0.002943449371854165,+2459
helf+en +2459,6.641693140069197,0.05295243785468624,0.018498668704720944,-0.04188739038716817,0.002943449371854165,helf+en +2459
+2459 chars,6.553820614910515,0.0538583809969863,0.018617585767956277,-0.04240437929982775,0.002876920528635707,+2459 chars
Neues,8.811299716533155,0.03479855817583781,0.00589708137923198,-0.024712991462589647,0.0041254910356805456,Neues
natur+gefahr+en neu+es,8.811299716533155,0.03479855817583781,0.00589708137923198,-0.024712991462589647,0.0041254910356805456,natur+gefahr+en neu+es
neu+es portal,9.143820303978869,0.03238265368910725,0.0047938512610123905,-0.022674993205064258,0.004062907432914755,neu+es portal
gut+er vor+bereit+en,11.629526668713648,0.015534755556957658,-0.004000061310927522,-0.006349977854475242,0.0015593064477003337,gut+er vor+bereit+en
Inter­netportal,6.214731127207838,0.057498016347038675,0.019199635424480742,-0.044532190602253954,0.0025750864452155136,Inter­netportal
neu+en inter­netportal,6.214731127207838,0.057498016347038675,0.019199635424480742,-0.044532190602253954,0.0025750864452155136,neu+en inter­netportal
inter­netportal soll+en,6.047825580964452,0.05938158447964885,0.019559343785204387,-0.04566227752893469,0.0023991967640849027,inter­netportal soll+en
Deutsch­land,5.824187475864245,0.062012317514033674,0.020119442891458884,-0.04726977290209859,0.0021336650835802377,Deutsch­land
mensch+en deutsch­land,5.824187475864245,0.062012317514033674,0.020119442891458884,-0.04726977290209859,0.0021336650835802377,mensch+en deutsch­land
deutsch­land künftig,5.722249745646223,0.06325544633489925,0.020405238396939016,-0.04804022235821206,0.0020007834096162566,deutsch­land künftig
Natur­ereig­nisse,5.528829945336077,0.06569670072572162,0.021001790184478775,-0.0495717093794313,0.0017271814007311628,Natur­ereig­nisse
extrem+e natur­ereig­niss+e,5.528829945336077,0.06569670072572162,0.021001790184478775,-0.0495717093794313,0.0017271814007311628,extrem+e natur­ereig­niss+e
infor­mieren,5.414204621206431,0.06719808272220563,0.021389899097912314,-0.050524885501731176,0.001551163028964186,infor­mieren
natur­ereig­niss+e infor­mier+en,5.414204621206431,0.06719808272220563,0.021389899097912314,-0.050524885501731176,0.001551163028964186,natur­ereig­niss+e infor­mier+en
infor­mier+en darauf,5.320957171974671,0.06845156541631162,0.021725236244814386,-0.05132681662033015,0.0013999908045873525,infor­mier+en darauf
vorbe­reiten,5.284813533796855,0.06894550918054636,0.021860050666250103,-0.05164429155537956,0.0013394102275334796,vorbe­reiten
darauf vorbe­reit+en,5.284813533796855,0.06894550918054636,0.021860050666250103,-0.05164429155537956,0.0013394102275334796,darauf vorbe­reit+en
Natur­gefah­renportal,5.138353960460149,0.07099556435215147,0.022434715640319867,-0.052970373783393136,0.0010821623029170777,Natur­gefah­renportal
mit natur­gefah­renportal,5.138353960460149,0.07099556435215147,0.022434715640319867,-0.052970373783393136,0.0010821623029170777,mit natur­gefah­renportal
lässt…,5.045972674590182,0.07233071261874116,0.02282125971880839,-0.05384097582566299,0.0009098205457383868,lässt…
natur­gefah­renportal lässt…,5.045972674590182,0.07233071261874116,0.02282125971880839,-0.05384097582566299,0.0009098205457383868,natur­gefah­renportal lässt…
+2658,5.01442502327229,0.07279447984359295,0.022957649398474254,-0.05414460493209183,0.0008491114744837166,+2658
lässt… +2658,5.01442502327229,0.07279447984359295,0.022957649398474254,-0.05414460493209183,0.0008491114744837166,lässt… +2658
+2658 char+s,4.991422344253087,0.07313521015712734,0.02305852766515712,-0.05436807295388891,0.0008042375975778033,+2658 char+s
Deutscher,7.913623203262864,0.04176041598044596,0.008941168354802824,-0.030324145364022427,0.004036598567467296,Deutscher
deutsch+er wetter+dienst,8.272093005847015,0.03889202524572358,0.007708189084786927,-0.028053410025471924,0.004116435444609156,deutsch+er wetter+dienst
wetter+dienst warn+t,20.56523288059301,0.0043724578301693835,-0.010349063997660597,-0.0038188490945883164,0.010627884943629344,wetter+dienst warn+t
warn+t internet+portal,15.861124691379477,0.00377838503947345,-0.006020396044062445,-0.0034047839785891635,0.006942487085871114,warn+t internet+portal
internet+portal natur+gefahr+en,11.329805501463117,0.017554316527002796,-0.002814756271680629,-0.008556202638833322,0.0021003347766696584,internet+portal natur+gefahr+en
natur+gefahr+en hochwasser,14.57418021896827,-0.009972887868076387,-0.02286109082957519,0.028449235141228633,-0.012225205690032272,natur+gefahr+en hochwasser
Regen,110.79200115539034,-0.06350451295219946,0.021898672038277615,0.021459310318083652,-0.0074088974446375345,Regen
sturm+flut regen,14.615021676160534,0.010840300702510002,-0.0012961547502746181,-0.012320366201319146,0.009907801217343724,sturm+flut regen
Wetterereignissen,10.64396547710073,0.026665955991574238,0.004422224359102937,-0.022521073115573713,0.007883549301167593,Wetterereignissen
regen wetter+ereignis+sen,10.64396547710073,0.026665955991574238,0.004422224359102937,-0.022521073115573713,0.007883549301167593,regen wetter+ereignis+sen
wetter+ereignis+sen warn+t,8.863281090084474,0.034415981281168476,0.005724227177436719,-0.02439384276990345,0.004119199324376134,wetter+ereignis+sen warn+t
internet+portal deutsch+en,7.775802087926841,0.04430313142694883,0.01088362413673155,-0.03415006608724035,0.005495370360973413,internet+portal deutsch+en
bürger find+en,6.988075913293522,0.050825253756461845,0.013297630924737163,-0.03851928497950519,0.00457211933595349,bürger find+en
Hinweise,6.695342267853404,0.053521483012866716,0.014299554747376955,-0.040336325913751546,0.004183646336229691,Hinweise
find+en hinweis+e,6.695342267853404,0.053521483012866716,0.014299554747376955,-0.040336325913751546,0.004183646336229691,find+en hinweis+e
schützen,9.926888802934993,0.030401490507366676,0.005782791206485518,-0.02496127285572971,0.007390162955212532,schützen
hinweis+e schütz+en,6.373854725906523,0.05668384880143533,0.015477691342956772,-0.04247556065290383,0.003722791360128213,hinweis+e schütz+en
DWD,21.073428364108157,0.010844556546079909,0.011043283508770312,-0.01281594506905275,0.0002923763035402812,DWD
wetter+dienst dwd,6.330700947898555,0.05624383038371166,0.014722105484259954,-0.04089653078716657,0.002705469146905257,wetter+dienst dwd
dwd freitag,6.484358847708714,0.0546029100397581,0.014052426895056843,-0.03966335448909023,0.0028404060790370262,dwd freitag
freitag natur+gefahr+en+portal,6.656737228779967,0.05281713818969216,0.01331819702701073,-0.03831079088225449,0.002974169383274744,freitag natur+gefahr+en+portal
Internet,7.056118401987536,0.048879433349549625,0.011675533190500171,-0.03528233264593189,0.003214734754693623,Internet
natur+gefahr+en+portal internet,7.056118401987536,0.048879433349549625,0.011675533190500171,-0.03528233264593189,0.003214734754693623,natur+gefahr+en+portal internet
freigeschaltet,7.245108208592827,0.04710228718239673,0.010921613819633896,-0.033891056061843866,0.0032955542211476757,freigeschaltet
internet frei+ge+schalt+et,7.245108208592827,0.04710228718239673,0.010921613819633896,-0.033891056061843866,0.0032955542211476757,internet frei+ge+schalt+et
Bürgerinnen,8.239145565366846,0.03846092448098726,0.00710390898502339,-0.026829512872388547,0.0033734793159454347,Bürgerinnen
damit bürger+in+nen,8.239145565366846,0.03846092448098726,0.00710390898502339,-0.026829512872388547,0.0033734793159454347,damit bürger+in+nen
bürger+in+nen bürger,8.239145565366846,0.03846092448098726,0.00710390898502339,-0.026829512872388547,0.0033734793159454347,bürger+in+nen bürger
jederzeit,9.409510806558849,0.029260056367857546,0.0026269109888724454,-0.018508212240113644,0.0026507836331861657,jederzeit
bürger jederzeit,9.409510806558849,0.029260056367857546,0.0026269109888724454,-0.018508212240113644,0.0026507836331861657,bürger jederzeit
beispielsweise,12.998475143169044,0.11235643224219678,-0.025228177227437542,-0.029407900865772944,-0.017400947998885877,beispielsweise
jederzeit beispielsweise,10.204281284920445,0.023218458468431315,-0.0006605034745640854,-0.012373833281237106,0.0015258085318658663,jederzeit beispielsweise
beispielsweise hochwasser,13.450335280109861,-0.010547471188460576,-0.026059173150668417,0.03451217034933809,-0.017415310077931092,beispielsweise hochwasser
+2413,13.096487355259917,0.016112509006827074,0.0006008070446190166,-0.015693893100997103,0.009244670117356593,+2413
sturm+flut +2413,13.096487355259917,0.016112509006827074,0.0006008070446190166,-0.015693893100997103,0.009244670117356593,sturm+flut +2413
+2413 chars,11.87095380176549,0.021013544345148936,0.00237140937551657,-0.01885214868303741,0.008618378526014952,+2413 chars
Wer,17.999672522372116,0.04756937188980052,-0.019154885624756528,0.004826620211983973,-0.02156125234016916,Wer
Urlaub,8.205629579478174,0.05582697036272707,0.006653738730411947,-0.03528098721782193,0.0027863882637205024,Urlaub
wer urlaub,8.205629579478174,0.05582697036272707,0.006653738730411947,-0.03528098721782193,0.0027863882637205024,wer urlaub
urlaub mach+t,8.492513441286329,0.05590007801906759,0.0054922524690908855,-0.03440854086416915,0.0026219100124554844,urlaub mach+t
übt,8.826956515043278,0.056389446445792725,0.004121758193449459,-0.03353538288127122,0.0023501678498980645,übt
mach+t üb+t,8.826956515043278,0.056389446445792725,0.004121758193449459,-0.03353538288127122,0.0023501678498980645,mach+t üb+t
Verzicht,9.558911332533103,0.059144501361155656,0.0009926537672890487,-0.03217795295048309,0.0014150457473432513,Verzicht
üb+t verzicht,9.558911332533103,0.059144501361155656,0.0009926537672890487,-0.03217795295048309,0.0014150457473432513,üb+t verzicht
verzicht der,10.416087035074735,0.06597204613119688,-0.003109254106953864,-0.03165949008038538,-0.0004314655527894857,verzicht der
der hallige+n,10.862419571311449,0.07154302232966542,-0.005563979408947924,-0.03194334662618461,-0.0018277852924824475,der hallige+n
hallige+n nordsee,19.06185166204611,0.2060603705129394,-0.05220765655364276,-0.053421839174387406,-0.03624409515018514,hallige+n nordsee
nordsee sturm+flut+en,24.762533789152943,-0.011853107529319751,-0.009373255825791738,0.001915259778451127,0.012652488024657273,nordsee sturm+flut+en
fast,37.741421268586784,-0.028452042026168956,-0.016027236314058713,0.013658904938501169,0.013144117340762304,fast
sturm+flut+en fast,14.257243912199833,0.012013474822737963,-0.0008747281387608724,-0.01306889543144142,0.00976115700078214,sturm+flut+en fast
komplett,48.95162409656418,-0.028130558818282435,-0.020661334654694427,0.017004728391878828,0.01235413071323431,komplett
fast komplett,20.675865694974558,-0.004554050601199959,-0.006790579547288408,-0.0026127569754063064,0.01178744140101432,fast komplett
komplett überspült,18.265448958414815,0.00793574663040171,-0.0063445710250513284,-0.00741972118630906,0.009686412264437195,komplett überspült
Hooge,17.274974785682463,-0.015000231132730633,0.060833930912359904,-0.027040166433971873,-0.008288181834013496,Hooge
merkwürdigen,14.257243912199833,0.012013474822737963,-0.0008747281387608724,-0.01306889543144142,0.00976115700078214,merkwürdigen
hooge merkwürdig+en,14.257243912199833,0.012013474822737963,-0.0008747281387608724,-0.01306889543144142,0.00976115700078214,hooge merkwürdig+en
Orte,38.92238307029617,-0.023302585046104433,-0.01970140096856962,0.016031309246963485,0.009897335630620436,Orte
merkwürdig+en ort+e,13.287225852178208,0.015405777323527423,0.0003460599039804718,-0.01524023594777837,0.009334184923426008,merkwürdig+en ort+e
Gespräch,7.745795568613238,0.04453424192435724,0.010968933113824237,-0.03430425534155414,0.005463044173873,Gespräch
ein gespräch,7.745795568613238,0.04453424192435724,0.010968933113824237,-0.03430425534155414,0.005463044173873,ein gespräch
Buchautor,7.39603213632375,0.04732471537001497,0.012000306071479993,-0.03616964171670566,0.005070495511289229,Buchautor
gespräch buch+autor,7.39603213632375,0.04732471537001497,0.012000306071479993,-0.03616964171670566,0.005070495511289229,gespräch buch+autor
Jan,7.16866506434666,0.04924082837075525,0.012709945816178389,-0.03745446028861558,0.004798524593567352,Jan
buch+autor jan,7.16866506434666,0.04924082837075525,0.012709945816178389,-0.03745446028861558,0.004798524593567352,buch+autor jan
Keith,7.0858736974497525,0.049960085678159884,0.01297662846673285,-0.037937571678793115,0.004695917801938652,Keith
jan keith,7.0858736974497525,0.049960085678159884,0.01297662846673285,-0.037937571678793115,0.004695917801938652,jan keith
steigenden,11.859566560104946,-0.11489323651137488,0.0073421822167756765,-0.017117435320668294,0.08109261785002744,steigenden
keith steig+end+en,6.809143003654169,0.05245368793949223,0.01390247986265646,-0.03961596203421377,0.004337979713435585,keith steig+end+en
Meeresspiegel,41.10080733213445,-0.11933634971570868,0.0033193587108347506,0.05390680588916528,-0.002934219323736109,Meeresspiegel
steig+end+en meer+es+spiegel,10.454254215842266,0.02206651961487442,-0.0009828203597587208,-0.011834019943034544,0.0018511749216217057,steig+end+en meer+es+spiegel
Frage,7.255902784634635,0.04849558845808548,0.012433804079520477,-0.03695437185985182,0.0049045398794062365,Frage
meer+es+spiegel frage,7.255902784634635,0.04849558845808548,0.012433804079520477,-0.03695437185985182,0.0049045398794062365,meer+es+spiegel frage
warum,16.798171795970486,-0.005769291616141867,-0.014104941317399007,-0.01924786512449275,0.03906551688475652,warum
frage warum,7.42056571392824,0.04712294829724064,0.011925649005010216,-0.03603453612709749,0.005099018550250625,frage warum
Weltabgeschiedenheit,7.967003452031686,0.04285940220416822,0.01035108711641152,-0.03318791257284533,0.005696675959201057,Weltabgeschiedenheit
warum welt+abgeschiedenheit,7.967003452031686,0.04285940220416822,0.01035108711641152,-0.03318791257284533,0.005696675959201057,warum welt+abgeschiedenheit
langweilig,9.179069797888467,0.03471590138785967,0.007359462091285371,-0.027794909639242884,0.006812263641740816,langweilig
welt+abgeschiedenheit langweilig,9.179069797888467,0.03471590138785967,0.007359462091285371,-0.027794909639242884,0.006812263641740816,welt+abgeschiedenheit langweilig
sie meer,12.229855270791823,0.019509278487420692,0.0018272172799001004,-0.017880518339653474,0.008811648745742902,sie meer
umflossen,13.35320723238742,0.015164500790815327,0.00025912276465840184,-0.015085460488296442,0.009364700130736743,umflossen
meer um+fließ+en,13.35320723238742,0.015164500790815327,0.00025912276465840184,-0.015085460488296442,0.009364700130736743,meer um+fließ+en
um+fließ+en sturm+flut,24.762533789152943,-0.011853107529319751,-0.009373255825791738,0.001915259778451127,0.012652488024657273,um+fließ+en sturm+flut
sturm+flut fast,12.045225532763087,0.02027548438303534,0.0021043216683352775,-0.01837517224659904,0.008713322882213173,sturm+flut fast
überspült hallige+n,9.339920269767223,0.11293776757880541,-0.010012383393339357,-0.045166755123867475,-0.010559581842883865,überspült hallige+n
Kenner,7.014667277088247,0.09259073656406049,0.004246487895212423,-0.04792140616159862,-0.004652021175805939,Kenner
ein kenner,7.014667277088247,0.09259073656406049,0.004246487895212423,-0.04792140616159862,-0.004652021175805939,ein kenner
verrät,6.882996578430619,0.08979532783609921,0.005547290284836508,-0.047806790334016185,-0.00393613294566169,verrät
kenner verrat,6.882996578430619,0.08979532783609921,0.005547290284836508,-0.047806790334016185,-0.00393613294566169,kenner verrat
besonderen,6.62000972143416,0.08542879234992191,0.007934489793338433,-0.04791272645105549,-0.0027795437904327893,besonderen
verrat besonder+en,6.62000972143416,0.08542879234992191,0.007934489793338433,-0.04791272645105549,-0.0027795437904327893,verrat besonder+en
Reiz,6.463685048717552,0.08348993678251146,0.009249309361342916,-0.048161722878483956,-0.002237491458901879,Reiz
besonder+en reiz,6.463685048717552,0.08348993678251146,0.009249309361342916,-0.048161722878483956,-0.002237491458901879,besonder+en reiz
ausmacht.H…,6.398041596275954,0.08280418538873599,0.009782943377374904,-0.048303803237405234,-0.0020379752935722212,ausmacht.H…
reiz ausmacht.h…,6.398041596275954,0.08280418538873599,0.009782943377374904,-0.048303803237405234,-0.0020379752935722212,reiz ausmacht.h…
+11382,6.240866528250893,0.08144447649568531,0.011023539411821605,-0.04872876793598609,-0.001621490888516573,+11382
ausmacht.h… +11382,6.240866528250893,0.08144447649568531,0.011023539411821605,-0.04872876793598609,-0.001621490888516573,ausmacht.h… +11382
+11382 char+s,6.163333901853677,0.08091109973383774,0.011618886091588102,-0.048980640720594895,-0.00144564645703341,+11382 char+s
Business,5.318391176802654,0.06893392488752195,0.02007235559647881,-0.050844457149119775,0.0018823502757978477,Business
Schweizer,5.417129023162346,0.06764224572506934,0.019585545213884118,-0.049955853261278334,0.002080660049870585,Schweizer
wie schweizer,5.417129023162346,0.06764224572506934,0.019585545213884118,-0.049955853261278334,0.002080660049870585,wie schweizer
Financier,5.47613217257968,0.06688674999064083,0.019301069431408406,-0.049436788827842366,0.002196178045063499,Financier
schweizer financier,5.47613217257968,0.06688674999064083,0.019301069431408406,-0.049436788827842366,0.002196178045063499,schweizer financier
Fussball-Dreieck,5.604429579994642,0.06528439817373483,0.018698343059824835,-0.04833753806616609,0.002440036367588722,Fussball-Dreieck
financier fussball+-+dreieck,5.604429579994642,0.06528439817373483,0.018698343059824835,-0.04833753806616609,0.002440036367588722,financier fussball+-+dreieck
Biel,18.60078134291228,-5.655111967787646e-05,-0.00519209900619404,-0.005426789404786999,0.011246441374366381,Biel
fussball+-+dreieck biel,5.795918845459508,0.06298995282575776,0.017836763162912345,-0.0467673903081079,0.0027865291905309277,fussball+-+dreieck biel
Clermont,5.844853481529521,0.062421255266996246,0.017623481872328355,-0.046378924898350125,0.0028719235352506465,Clermont
biel clermont,5.844853481529521,0.062421255266996246,0.017623481872328355,-0.046378924898350125,0.0028719235352506465,biel clermont
Lustenau,5.9580900933645236,0.06113139367513539,0.017140133467796696,-0.04549889059791114,0.003064894795222141,Lustenau
clermont lust+en+au,5.9580900933645236,0.06113139367513539,0.017140133467796696,-0.04549889059791114,0.003064894795222141,clermont lust+en+au
Trudeln,6.082557999160264,0.0597539816382128,0.01662458060076017,-0.044560721430987535,0.0032698803076763403,Trudeln
lust+en+au trudel+n,6.082557999160264,0.0597539816382128,0.01662458060076017,-0.044560721430987535,0.0032698803076763403,lust+en+au trudel+n
gerät,6.165593390041227,0.05885754397086224,0.01628938601434921,-0.0439510351975199,0.00340269026672985,gerät
trudel+n gerat,6.165593390041227,0.05885754397086224,0.01628938601434921,-0.0439510351975199,0.00340269026672985,trudel+n gerat
Ahmet,11.984306735485966,0.020531816914372628,0.002197064690676968,-0.01854077410484237,0.00868037387955171,Ahmet
gerat ahm+et,6.231497737575931,0.0581583668789459,0.016028133204176263,-0.043475995139672194,0.0035059504665572233,gerat ahm+et
Schaefer,11.815901100360408,0.02124977804975397,0.0024569309291444952,-0.01900491857268616,0.008587941237034293,Schaefer
ahm+et schaefer,11.815901100360408,0.02124977804975397,0.0024569309291444952,-0.01900491857268616,0.008587941237034293,ahm+et schaefer
Unternehmen,10.644113294160938,0.026665221885976094,0.004421957393186965,-0.02252059477899338,0.007883645642361731,Unternehmen
schaefer unternehmen,6.619088201307722,0.05425160548399832,0.014571273364008156,-0.04082945733530388,0.0040777490656059125,schaefer unternehmen
Fussballklubs,6.809143003654169,0.05245368793949223,0.01390247986265646,-0.03961596203421377,0.004337979713435585,Fussballklubs
unternehmen fussball+klub+s,6.809143003654169,0.05245368793949223,0.01390247986265646,-0.03961596203421377,0.004337979713435585,unternehmen fussball+klub+s
Nichts,7.233654428316292,0.048684436562564375,0.012503763199801567,-0.03708105142572698,0.004877703601315307,Nichts
fussball+klub+s nichts,7.233654428316292,0.048684436562564375,0.012503763199801567,-0.03708105142572698,0.004877703601315307,fussball+klub+s nichts
Blühen,7.496356773376581,0.046505543880148124,0.011697279882918065,-0.035621335203313786,0.005186162836797908,Blühen
nichts blüh+en,7.496356773376581,0.046505543880148124,0.011697279882918065,-0.035621335203313786,0.005186162836797908,nichts blüh+en
gebracht,66.40053965542963,-0.05334893317219209,-0.029780966930759437,0.038062058585425454,0.007216001905680697,gebracht
blüh+en ge+bring+t,7.687245023658743,0.0449888497591837,0.011136790128143661,-0.034607690527396415,0.005399374523909511,blüh+en ge+bring+t
Erfolg,16.654266741513787,0.024510909753618842,-0.007416576922206584,-0.012646305972857265,0.006599378843268721,Erfolg
fliessen,8.377475091199099,0.03991809579657317,0.009268176797334517,-0.031233349980549496,0.006103458951845113,fliessen
erfolg fließ+en,8.377475091199099,0.03991809579657317,0.009268176797334517,-0.031233349980549496,0.006103458951845113,erfolg fließ+en
fließ+en million+en,8.790563415444343,0.037154707695506085,0.00825323089890049,-0.029403910175820256,0.006481640555349309,fließ+en million+en
Jetzt,22.74518227450215,-0.042553752331263385,0.10929503129010996,-0.03659949067968885,-0.0234441378684136,Jetzt
jetzt droh+t,23.170249668911282,-0.009216506384144882,-0.008441956972450718,0.00028518927881240034,0.01234178650828983,jetzt droh+t
Frankreich,19.92695682080734,0.0051811838662064805,-0.00786494604122661,-0.005273695210092754,0.009943832157522193,Frankreich
droh+t frankreich,10.756657879422269,0.02611031822839331,0.004220206419084988,-0.02215916079815174,0.007956400535550464,droh+t frankreich
Österreich,13.35320723238742,0.015164500790815327,0.00025912276465840184,-0.015085460488296442,0.009364700130736743,Österreich
frankreich österreich,13.35320723238742,0.015164500790815327,0.00025912276465840184,-0.015085460488296442,0.009364700130736743,frankreich österreich
österreich sturm+flut,24.762533789152943,-0.011853107529319751,-0.009373255825791738,0.001915259778451127,0.012652488024657273,österreich sturm+flut
Nur,14.615021676160534,0.010840300702510002,-0.0012961547502746181,-0.012320366201319146,0.009907801217343724,Nur
nur biel,12.63471365198135,0.01788298724018663,0.001239623744519574,-0.016832333116404863,0.009019549963386978,nur biel
scheint,11.706091641048928,0.02172549400193552,0.0026291998370814944,-0.019312709473888395,0.008526576962919872,scheint
biel schein+t,11.706091641048928,0.02172549400193552,0.0026291998370814944,-0.019312709473888395,0.008526576962919872,biel schein+t
Sonne,13.31927697742964,0.01528837208348539,0.0003037541714273946,-0.015164915670016725,0.009349036481129934,Sonne
schein+t sonne,10.23577215147023,0.028748279904219503,0.005180135812113588,-0.0238798116550475,0.0076093000515821425,schein+t sonne
Was,47.32941571084826,-0.09896490663739253,0.053512916118500974,0.019617940031998765,-0.01157834591628104,Was
passiert,8.948640275649609,0.03614465557673348,0.007882846530689486,-0.02873689641481298,0.006618923707610386,passiert
was passier+t,8.948640275649609,0.03614465557673348,0.007882846530689486,-0.02873689641481298,0.006618923707610386,was passier+t
aufgewachsen,7.868917324411097,0.043593873609507776,0.010621923677946742,-0.03367716369344316,0.005594401481767269,aufgewachsen
schaefer auf+ge+wachs+en,7.868917324411097,0.043593873609507776,0.010621923677946742,-0.03367716369344316,0.005594401481767269,schaefer auf+ge+wachs+en
Zürcher,7.324499938921539,0.04791845104267371,0.012220073060313795,-0.03656741974469293,0.004986434078197589,Zürcher
auf+ge+wachs+en zürcher,7.324499938921539,0.04791845104267371,0.012220073060313795,-0.03656741974469293,0.004986434078197589,auf+ge+wachs+en zürcher
Goldküste,7.147565659205974,0.049423007459515875,0.012777477607154902,-0.03757678392356544,0.004772562332103738,Goldküste
zürcher gold+küste,7.147565659205974,0.049423007459515875,0.012777477607154902,-0.03757678392356544,0.004772562332103738,zürcher gold+küste
gold+küste heute,6.932187806957381,0.05132744292159431,0.013484067934270028,-0.0388572407630572,0.004500070609239147,gold+küste heute
heute unternehmen,6.64911614171784,0.053962662296008726,0.014463721133327263,-0.04063424703073812,0.004119693489591085,heute unternehmen
kleinen,6.42478849425467,0.05616774181536845,0.015285194436913093,-0.04212583780291371,0.0037983936166680814,kleinen
unternehmen klein+en,6.42478849425467,0.05616774181536845,0.015285194436913093,-0.04212583780291371,0.0037983936166680814,unternehmen klein+en
Fussball,6.312720473648203,0.057311203532817524,0.01571179805078223,-0.042900978713064086,0.0036306867091743006,Fussball
klein+en fussball,6.312720473648203,0.057311203532817524,0.01571179805078223,-0.042900978713064086,0.0036306867091743006,klein+en fussball
unterwegs,21.03557803458795,0.0833912111606796,0.12451489094334366,-0.08175903336377578,-0.06607440828766592,unterwegs
fussball unterwegs,6.209164718229482,0.05839409748295206,0.016116197881467023,-0.04363610946634065,0.003471167581128716,fussball unterwegs
Alles,6.082557999160264,0.0597539816382128,0.01662458060076017,-0.044560721430987535,0.0032698803076763403,Alles
alle+s gut,6.0235975264196,0.06040132449470693,0.016866797678249907,-0.045001427596710344,0.003173682081922894,alle+s gut
beim,16.963680255766242,-0.018463717796387627,0.009266346448528145,-0.030721026170348862,0.04195527117807946,beim
gut bei,5.985750275335864,0.06082171388352741,0.017024168886969494,-0.04528782076428529,0.003111078382192603,gut bei
bei biel,5.913304503383588,0.06163725271088245,0.01732962827125861,-0.04584385065834282,0.002989332568327185,bei biel
der sonne,5.8283217654050254,0.062612603166379,0.017695232075714627,-0.04650959922166885,0.002843212651739927,der sonne
lacht,5.780037807649403,0.06317601867442021,0.017906567435449022,-0.046894549123272386,0.0027585481299877246,lacht
sonne lach+t,5.780037807649403,0.06317601867442021,0.017906567435449022,-0.046894549123272386,0.0027585481299877246,sonne lach+t
lach+t erfolg,5.7036535379825235,0.06408146481939786,0.01824641662704522,-0.04751376815443473,0.0026220895576616874,lach+t erfolg
Manchmal,5.957934347263059,0.0075276639951228925,0.19428627052429379,-0.10566996064932198,-0.05502673557578932,Manchmal
einfach…,5.500645742843002,0.06657636920372549,0.019184252935957956,-0.04922368554762066,0.002243535731353196,einfach…
manchmal einfach…,5.500645742843002,0.06657636920372549,0.019184252935957956,-0.04922368554762066,0.002243535731353196,manchmal einfach…
+11370,5.440351125063513,0.06734346856249887,0.019473020459333416,-0.04975051845741731,0.002126385708090354,+11370
einfach… +11370,5.440351125063513,0.06734346856249887,0.019473020459333416,-0.04975051845741731,0.002126385708090354,einfach… +11370
+11370 char+s,5.400031465818801,0.06786342808172094,0.019668865485513148,-0.05010791115988317,0.002046774625658041,+11370 char+s
Gewaltige,7.6620419166492315,0.05164373535848228,-0.02653572481020619,0.01630986609709955,-0.033567751503171456,Gewaltige
gewaltig+e schaden,8.243135772382907,0.019349338707865666,-0.06591890469170164,0.08185860331704874,-0.07188303148101961,gewaltig+e schaden
schaden million+en,8.287074408801743,0.07418275112019122,-0.024886486300685438,0.0004950619838008636,-0.02941362352991366,schaden million+en
Damp,9.057220367669245,0.13650279309903982,-0.021630232433785642,-0.040940358639988496,-0.02340182277733706,Damp
euro damp,9.057220367669245,0.13650279309903982,-0.021630232433785642,-0.040940358639988496,-0.02340182277733706,euro damp
damp ostseesturmflut,9.914360841933563,0.2601337755694139,-0.049636419461164004,-0.08033606854596688,-0.04961254681685021,damp ostseesturmflut
ostseesturmflut oktober,11.168448644380682,0.04255945006268168,-0.0002700767346010291,-0.02486116220901594,0.004337423194687321,ostseesturmflut oktober
richtete,27.523433401864395,-0.01592288771464728,-0.010807210700677758,0.004419029964514997,0.013128331498183432,richtete
2023 richt+ete,23.593038213269143,-0.00993988872929465,-0.008697651922486052,0.0007330446477815197,0.012427226163156132,2023 richt+ete
richt+ete sturm+flut,44.516702126208074,-0.0326376712220159,-0.016652145112430686,0.014544839573020588,0.015039582684725487,richt+ete sturm+flut
sturm+flut groß+e,26.28313971888717,-0.018444023101930024,-0.014577486320667155,0.011641239495826405,0.008454467791392844,sturm+flut groß+e
groß+e schaden,28.935621466369366,-0.06411676417529114,-0.07351554204731069,0.10782282592759242,-0.049807852599891914,groß+e schaden
schaden ost+see+küste,19.078803615008542,0.20083834623030533,-0.06056824357150236,-0.03815850113231361,-0.04476318326860074,schaden ost+see+küste
sie heute,14.445314174653795,0.05438315777180661,-0.013979689269831688,-0.016049594486765857,-0.003343804130288954,sie heute
heute komplett,13.48859420024808,0.0472225764911866,-0.00982873339764972,-0.017036110854091728,-0.0007231560315713587,heute komplett
behoben,12.91103992797544,0.0443041788623641,-0.007591348780373677,-0.01793137302508773,0.000503885497687874,behoben
komplett beheb+en,12.91103992797544,0.0443041788623641,-0.007591348780373677,-0.01793137302508773,0.000503885497687874,komplett beheb+en
nun geb+t,12.222387109046204,0.04194738083027544,-0.005111038212421069,-0.019250867828339225,0.0016839391015635071,nun geb+t
gute,11.862837164849191,0.041145266512036156,-0.003877915638126285,-0.020041694017801905,0.002192758269701372,gute
geb+t gut+e,11.862837164849191,0.041145266512036156,-0.003877915638126285,-0.020041694017801905,0.002192758269701372,geb+t gut+e
Nachrichten,8.142787009865268,-0.05948934314700804,-0.0007454966463268886,-0.0137460544459474,0.05332987881428568,Nachrichten
gut+e nachricht+en,7.185848371155661,0.06552957489350827,0.007435721218954345,-0.038356941797791734,-0.0005691940560969042,gut+e nachricht+en
besonders,43.215428393937515,-0.01418186861920395,-0.02613535933096526,0.013787132142386542,0.01235836077858024,besonders
nachricht+en besonders,6.948801869894596,0.06016363808247991,0.011090280278273088,-0.04006907917890663,0.0021062829532423675,nachricht+en besonders
besonders betreff+en+en,7.12673785018738,0.049603591824562684,0.01284442873747096,-0.03769806529388773,0.004746809416182834,besonders betreff+en+en
Jachthafen,7.39603213632375,0.04732471537001497,0.012000306071479993,-0.03616964171670566,0.005070495511289229,Jachthafen
betreff+en+en jacht+hafen,7.39603213632375,0.04732471537001497,0.012000306071479993,-0.03616964171670566,0.005070495511289229,betreff+en+en jacht+hafen
hin+zu+füg+en oktober,11.125539385010184,0.024345948132266357,0.0035793298677040206,-0.021011755606710807,0.008186829796992002,hin+zu+füg+en oktober
Nachrich…,7.185848371155661,0.06552957489350827,0.007435721218954345,-0.038356941797791734,-0.0005691940560969042,Nachrich…
gut+e nachrich…,7.185848371155661,0.06552957489350827,0.007435721218954345,-0.038356941797791734,-0.0005691940560969042,gut+e nachrich…
+3124,6.964932931462395,0.06545542459977688,0.008771554353786053,-0.03950592164994001,-0.0002124429712446609,+3124
nachrich… +3124,6.964932931462395,0.06545542459977688,0.008771554353786053,-0.03950592164994001,-0.0002124429712446609,nachrich… +3124
+3124 char+s,6.856400937827879,0.06552715742311481,0.009418737164430528,-0.04010203730679203,-6.468606606765444e-05,+3124 char+s
Trump,10.257052472639035,-0.11163251156136313,0.15068100671672024,0.04860841364642675,-0.14192929351815559,Trump
schickte,9.179069797888467,0.03471590138785967,0.007359462091285371,-0.027794909639242884,0.006812263641740816,schickte
trump schick+te,9.179069797888467,0.03471590138785967,0.007359462091285371,-0.027794909639242884,0.006812263641740816,trump schick+te
Meteorologen,19.30865022342463,0.07206285606689403,-0.009376754926614491,-0.027174593327313843,-0.005018280945585926,Meteorologen
schick+te meteorologe+n,9.803110673778402,0.031084016821419064,0.006031838101719969,-0.025408455231608014,0.007299324585263373,schick+te meteorologe+n
Rente,11.549808636576845,0.02241315352571826,0.0028783366578330467,-0.019757983990918805,0.008437704416461078,Rente
meteorologe+n rente,11.549808636576845,0.02241315352571826,0.0028783366578330467,-0.019757983990918805,0.008437704416461078,meteorologe+n rente
Hätten,12.857661857890735,0.01701739131597943,0.0009271896161061701,-0.016275394985840356,0.009129768895009665,Hätten
rente hab+en,12.857661857890735,0.01701739131597943,0.0009271896161061701,-0.016275394985840356,0.009129768895009665,rente hab+en
Texas,32.39968854962171,-0.028690109841920497,-0.019848995394993782,0.021058653756846686,0.006765968213756156,Texas
hab+en texas,17.11477346089817,0.0036022974419442993,-0.003887624397632632,-0.00772954628243573,0.01080151941492936,hab+en texas
texas sturm+flut,24.762533789152943,-0.011853107529319751,-0.009373255825791738,0.001915259778451127,0.012652488024657273,texas sturm+flut
früher,22.041179766065678,0.010938119995081487,-0.006326369776929294,-0.006536217309890402,0.006646750414247781,früher
sturm+flut früh+er,15.009048932039201,0.009592435730851502,-0.0017439839747110336,-0.011525534086341296,0.010063221283636058,sturm+flut früh+er
vorhersagen,13.373509289655967,-0.022318553090457546,0.028138582254653474,-0.040896293119407144,0.04107589936645237,vorhersagen
früh+er vorher+sag+en,12.857661857890735,0.01701739131597943,0.0009271896161061701,-0.016275394985840356,0.009129768895009665,früh+er vorher+sag+en
Texas-Flut,9.36899499178768,0.033575189645716534,0.006942044266731312,-0.027044117232769203,0.006965916911045048,Texas-Flut
nach texas+-+flut,9.36899499178768,0.033575189645716534,0.006942044266731312,-0.027044117232769203,0.006965916911045048,nach texas+-+flut
texas+-+flut steh+en,8.740376898863957,0.037480681513242256,0.00837283227396531,-0.029619366128201347,0.006437227812838857,texas+-+flut steh+en
Warnsysteme,8.419448732287384,0.039628706089016925,0.00916177747576641,-0.031041452710025334,0.006143242917789749,Warnsysteme
steh+en warn+system+e,8.419448732287384,0.039628706089016925,0.00916177747576641,-0.031041452710025334,0.006143242917789749,steh+en warn+system+e
Kritik,7.745795568613238,0.04453424192435724,0.010968933113824237,-0.03430425534155414,0.005463044173873,Kritik
warn+system+e kritik,7.745795568613238,0.04453424192435724,0.010968933113824237,-0.03430425534155414,0.005463044173873,warn+system+e kritik
Schlüsselstellen,7.52238165601485,0.04629557218776143,0.011619641948445067,-0.03548088630046865,0.005215753015852428,Schlüsselstellen
kritik schlüssel+stelle+n,7.52238165601485,0.04629557218776143,0.011619641948445067,-0.03548088630046865,0.005215753015852428,kritik schlüssel+stelle+n
schlüssel+stelle+n bei,7.135924893061153,0.04831532688978247,0.01155616380269072,-0.035097067369757956,0.0034585444814027636,schlüssel+stelle+n bei
US-Wetterdienst,7.042342402792561,0.04822758888282987,0.010914871052013771,-0.03373733542010117,0.0023651242352143663,US-Wetterdienst
bei us+-+wetter+dienst,7.042342402792561,0.04822758888282987,0.010914871052013771,-0.03373733542010117,0.0023651242352143663,bei us+-+wetter+dienst
us+-+wetter+dienst wegen,6.697292861686103,0.046743202858532444,0.0072442616958509265,-0.02612426327710998,-0.0030997659478851306,us+-+wetter+dienst wegen
Trumps,6.619263552662889,0.04595071429594809,0.0059151600759312145,-0.02341963635461282,-0.004871406870358678,Trumps
wegen trump+s,6.619263552662889,0.04595071429594809,0.0059151600759312145,-0.02341963635461282,-0.004871406870358678,wegen trump+s
Frühpensionierungen,6.535949004114466,0.044740795294641984,0.004106479819371103,-0.01977269869383149,-0.007174880626286608,Frühpensionierungen
trump+s frühpensionierung+en,6.535949004114466,0.044740795294641984,0.004106479819371103,-0.01977269869383149,-0.007174880626286608,trump+s frühpensionierung+en
unbesetzt,6.343655581153277,0.038637031605973406,-0.0035672504341233476,-0.0046364650828022574,-0.016151027965043044,unbesetzt
frühpensionierung+en un+besetz+t,6.343655581153277,0.038637031605973406,-0.0035672504341233476,-0.0046364650828022574,-0.016151027965043044,frühpensionierung+en un+besetz+t
Video,12.53940094976195,0.0006465585503215542,-0.01682865896637301,0.01774976667613181,-0.009685619968732101,Video
oben,6.291867504978687,0.0037835400159918855,-0.040335224074176106,0.06275325418189803,-0.05451725157565068,oben
video oben,6.291867504978687,0.0037835400159918855,-0.040335224074176106,0.06275325418189803,-0.05451725157565068,video oben
Tote,22.925856271538432,-0.218384438589943,-0.06054918377243016,0.2465652347210805,-0.20755254646760027,Tote
oben tot+e,6.498940326415328,-0.03692592274884289,-0.0814196066208032,0.13026141079484022,-0.09591592999377495,oben tot+e
Sturzflut,9.652191019948392,-0.021724010085873543,-0.04931281251396888,0.07642004753187918,-0.05004375634206632,Sturzflut
tot+e sturz+flut,6.091283167073233,0.014574263617205811,-0.030520387080479185,0.0456182454726564,-0.0455214008386692,tot+e sturz+flut
sturz+flut texas,5.887253528288571,0.032398810995335675,-0.013436237197017155,0.014537447968641343,-0.029060564266400538,sturz+flut texas
texas viel+e,5.797607868856589,0.0382654706071168,-0.008004264038899197,0.004360704926738412,-0.023995327979067112,texas viel+e
viel+e kind+er,10.891551537137737,0.010635774978143738,-0.011360958693047568,0.007948727392172518,-0.007707610194897248,viel+e kind+er
vermisst,9.97343318313847,0.01916595441291871,-0.005692079238078497,-0.0025450291228171773,-0.004272308339193227,vermisst
kind+er vermiss+t,5.581078593257964,0.04893586043705686,0.0013982871100967592,-0.013567489847149072,-0.01566579049457944,kind+er vermiss+t
/li,5.5164701849161375,0.05145093528062552,0.00348700871018217,-0.01759729727272619,-0.013939036895148525,/li
vermiss+t /li,5.5164701849161375,0.05145093528062552,0.00348700871018217,-0.01759729727272619,-0.013939036895148525,vermiss+t /li
/ul,5.482645005100753,0.052680558959521846,0.00448599636331386,-0.019529641754614212,-0.013136094496541201,/ul
/li /ul,5.482645005100753,0.052680558959521846,0.00448599636331386,-0.019529641754614212,-0.013136094496541201,/li /ul
/ul nach,5.456518912167267,0.05359436300894092,0.005218357141618668,-0.020948099808312564,-0.012558082057798002,/ul nach
nach verheerend+en,5.400447752679598,0.055461724184769384,0.006687020332511078,-0.023796882175032064,-0.011428944773125874,nach verheerend+en
verheerend+en sturz+flut,6.091283167073233,0.014574263617205811,-0.030520387080479185,0.0456182454726564,-0.0455214008386692,verheerend+en sturz+flut
texanischen,5.255701574558183,0.05981022525092792,0.009951767198463793,-0.03014507136374531,-0.009089657757951909,texanischen
sturz+flut texanisch+en,5.255701574558183,0.05981022525092792,0.009951767198463793,-0.03014507136374531,-0.009089657757951909,sturz+flut texanisch+en
Hill,5.195882763974392,0.06145466964766255,0.011126793201652248,-0.03243309990805779,-0.008316648641383758,Hill
texanisch+en hill,5.195882763974392,0.06145466964766255,0.011126793201652248,-0.03243309990805779,-0.008316648641383758,texanisch+en hill
Country,5.172055034149096,0.062090079564049126,0.01157184972494101,-0.03329990567438019,-0.00803481462622645,Country
hill country,5.172055034149096,0.062090079564049126,0.01157184972494101,-0.03329990567438019,-0.00803481462622645,hill country
mindestens,6.177838571741286,-0.12857105516395467,0.05333797983925366,0.1523174911627155,-0.19985892720038334,mindestens
country mindestens,5.095339353316883,0.06407113983553168,0.012927243071791515,-0.035939738809516834,-0.007216732200896968,country mindestens
mindestens mensch+en,6.059235017148644,-0.1193175857111115,0.05323505275717147,0.14432965271487008,-0.19152074589394513,mindestens mensch+en
ums,24.105447257216433,-0.04697490659167163,0.02327801931057142,0.03867729930696888,-0.042202562521528056,ums
mensch+en um,21.988928678810723,-0.0460107486868367,0.026265829362365694,0.04010235595241768,-0.04746892002358119,mensch+en um
Leben,25.5574006071595,-0.062242740178853985,0.026247750010007793,0.026257011060496247,-0.018329537152680195,Leben
um leben,25.12177129874276,-0.04505066612556736,0.020834444475606353,0.03681176939890419,-0.038654930496724145,um leben
+4079,4.951339748052679,0.06758018307598983,0.015209882862744,-0.040382651234530276,-0.0059909681679756995,+4079
leben +4079,4.951339748052679,0.06758018307598983,0.015209882862744,-0.040382651234530276,-0.0059909681679756995,leben +4079
+4079 chars,4.929406849515463,0.06809607970598155,0.0155330611467205,-0.04101109116854235,-0.0058343116142682856,+4079 chars
Zahl,16.67823926713608,-0.0347034264871526,-0.04414050925926635,0.06595214105047245,-0.03090648337733986,Zahl
zahl tot+en,18.00022903613508,-0.08047813055058711,-0.08898352709322581,0.1388158483061167,-0.07505229843203334,zahl tot+en
100,19.706465718260993,-0.015304460962522637,0.004173007491641831,0.0061917420804635396,-0.0018627725844605973,100
tot+en 100,9.07987473127301,0.021585855410649342,-0.0066759536353945634,-0.00029696166573714986,-0.007939876458473804,tot+en 100
gestiegen,11.983776449774187,0.007534114051610615,-0.011245335000554147,0.007409507174095795,-0.005104014015444465,gestiegen
100 ge+steig+en,9.275088471576865,0.02430962451756619,-0.003046814779008099,-0.007371331597908535,-0.0035940132285527497,100 ge+steig+en
ge+steig+en heftig+e,10.070753066818268,0.028010562773068376,0.0038281181745277127,-0.02114026535807386,0.005777079518947437,ge+steig+en heftig+e
Regenfälle,27.335904915318697,-0.05127858631716261,0.057081613490168215,-0.027624225268386104,0.017841986447223405,Regenfälle
heftig+e regen+fall+e,21.21188870048891,-0.005617851840226253,-0.0071678737705267006,-0.001949821018561688,0.0119144907659749,heftig+e regen+fall+e
regen+fall+e erwart+et,12.63471365198135,0.01788298724018663,0.001239623744519574,-0.016832333116404863,0.009019549963386978,regen+fall+e erwart+et
erwart+et nach,15.446022576623557,0.008259375182476731,-0.002221902873769172,-0.01067797826607725,0.010228624041968445,erwart+et nach
sturm+flut texas,13.930402440832912,0.013120611546496245,-0.0004766644653592025,-0.013776419666532475,0.009622292245438428,sturm+flut texas
texas steig+t,12.4259320572799,0.01871263988855259,0.0015392884259264222,-0.01736677089629867,0.008913623858778759,texas steig+t
steig+t zahl,8.162286012698873,0.01470591416760568,-0.017958803207225562,0.02139879808372373,-0.02273901373089424,steig+t zahl
Unter,8.911534450068832,0.02348707138520818,-0.005414405411397363,-0.0026436312990418074,-0.007185995754948808,Unter
Opfern,8.418671329649667,0.03037905378214401,-0.0004513002045461122,-0.01202022813167197,-0.0037602475231889214,Opfern
unter opfer+n,8.418671329649667,0.03037905378214401,-0.0004513002045461122,-0.01202022813167197,-0.0037602475231889214,unter opfer+n
opfer+n viel+e,7.959192049306074,0.03601865303414398,0.003199405408500695,-0.018934541117669693,-0.0017051643788347484,opfer+n viel+e
noch immer,7.4103132026150025,0.04232036283261791,0.006870086198192723,-0.025879574300070065,-0.00016194049477241026,noch immer
immer mensch+en,7.116594814897117,0.045633913036445345,0.008650455825018404,-0.029239768487099284,0.000369745160224203,immer mensch+en
mensch+en vermiss+t,6.9407895787176495,0.0476243383280196,0.00967741772275798,-0.03117456653611581,0.0006085917873611053,mensch+en vermiss+t
drohen,35.48002999816912,-0.01830144252972029,0.007375731761726788,-0.004165637829207563,0.010636975233909229,drohen
vermiss+t droh+en,6.650983122150935,0.0494445503470444,0.009764218227054375,-0.03113021264985465,-0.0007293060713477605,vermiss+t droh+en
weitere,6.559921334759013,0.04891819091734073,0.008622569772246376,-0.028769141661872066,-0.0023787765289030364,weitere
droh+en weit+er+e,6.559921334759013,0.04891819091734073,0.008622569772246376,-0.028769141661872066,-0.0023787765289030364,droh+en weit+er+e
starke,31.32793635571204,-0.029352621775231586,0.019613830418374,-0.009745803638585156,0.014268825417999693,starke
weit+er+e stark+e,6.453561758260157,0.0479507622991703,0.0069053795546583615,-0.025254998476917884,-0.004716285523512063,weit+er+e stark+e
stark+e regen+fall+e,6.378638899232475,0.04692318812443626,0.00532378264240096,-0.022051497406262464,-0.006757328699207056,stark+e regen+fall+e
regen+fall+e bereits,6.216419407111805,0.04265913723431885,-0.0002627112535045307,-0.010936311981544647,-0.013444228511413784,regen+fall+e bereits
bereits betreff+en+en,6.159562315877659,0.03957296481392834,-0.0038949394535702244,-0.003847079873323348,-0.01753236875590874,bereits betreff+en+en
der zahl,6.105659552743796,0.012216887238789921,-0.03287776345889502,0.04980365550070803,-0.04787877721708512,der zahl
tot+en verheerend+en,5.864512851161834,0.023332080642598764,-0.023096821526651934,0.03242038801311727,-0.03922231892831361,tot+en verheerend+en
Sturzfluten,9.067933273651127,0.01921710939674844,-0.009184515657838482,0.004496891168977106,-0.010559311329205645,Sturzfluten
verheerend+en sturz+flut+en,5.70492311819769,0.036487825329393056,-0.0106081359596242,0.009391316673197455,-0.027297892605604564,verheerend+en sturz+flut+en
US-Bundesstaat,5.570743026943204,0.04466406949837259,-0.003159371938194025,-0.004697689011996658,-0.020466084467127964,US-Bundesstaat
sturz+flut+en us+-+bund+es+staat,5.570743026943204,0.04466406949837259,-0.003159371938194025,-0.004697689011996658,-0.020466084467127964,sturz+flut+en us+-+bund+es+staat
us+-+bund+es+staat texas,5.460770006247677,0.04996028461624407,0.0014499342566193466,-0.013537313116739043,-0.016440854762592223,us+-+bund+es+staat texas
104,5.371265074248439,0.05361187132158207,0.004493345198411007,-0.019417821742424103,-0.013915818727003175,104
texas 104,5.371265074248439,0.05361187132158207,0.004493345198411007,-0.019417821742424103,-0.013915818727003175,texas 104
104 ge+steig+en,5.347454276728806,0.054505555663960696,0.005218677571208346,-0.02082374952715897,-0.013334187509851386,104 ge+steig+en
besonders stark,5.217297466636034,0.058945948959225156,0.008695058994107118,-0.027581089519533496,-0.01068240215218589,besonders stark
stark betreff+en+en,5.187619123159178,0.05987193181175105,0.0093915340862563,-0.028937886021786912,-0.010182681075974887,stark betreff+en+en
Kerr,5.131107864169563,0.061564804864065494,0.010638049319230023,-0.031367872708071086,-0.009319306565178492,Kerr
betreff+en+en kerr,5.131107864169563,0.061564804864065494,0.010638049319230023,-0.031367872708071086,-0.009319306565178492,betreff+en+en kerr
County,5.108586335590283,0.0622165454682601,0.011108568462403814,-0.032285527218915665,-0.009004525530437154,County
kerr county,5.108586335590283,0.0622165454682601,0.011108568462403814,-0.032285527218915665,-0.009004525530437154,kerr county
county werd+en,5.077985137032318,0.0630834437987086,0.011726249119646375,-0.033490414368612054,-0.008601190349750244,county werd+en
Leichen,5.0319265534708455,0.0643516668564844,0.012612987822380775,-0.03522037223748729,-0.008042944409395065,Leichen
werd+en leiche+n,5.0319265534708455,0.0643516668564844,0.012612987822380775,-0.03522037223748729,-0.008042944409395065,werd+en leiche+n
leiche+n mensch+en,4.972728773524757,0.06592561646472647,0.01368554581917705,-0.0373127496302533,-0.007402846337846138,leiche+n mensch+en
geborgen,4.939015983841492,0.0667976222642818,0.014266507953322497,-0.0384458466358215,-0.007073289033207448,geborgen
mensch+en ge+borg+en,4.939015983841492,0.0667976222642818,0.014266507953322497,-0.0384458466358215,-0.007073289033207448,mensch+en ge+borg+en
Behördenang…,4.903005413466793,0.06771205049481353,0.014865675110957526,-0.03961411365706379,-0.006746756573263113,Behördenang…
+3171,4.854945553416487,0.06890832768088358,0.01563417712004097,-0.041111863157551415,-0.006348708274866889,+3171
behördenang… +3171,4.854945553416487,0.06890832768088358,0.01563417712004097,-0.041111863157551415,-0.006348708274866889,behördenang… +3171
+3171 chars,4.8351301774547935,0.06939439964120679,0.0159415377937508,-0.04171061633886558,-0.006196288698022051,+3171 chars
Von,10.64396547710073,0.026665955991574238,0.004422224359102937,-0.022521073115573713,0.007883549301167593,Von
Tag,33.260279460308354,-0.00022103883499229198,-0.013665539477485075,0.009181823297821374,-0.0004827421067323051,Tag
von tag,11.125539385010184,0.024345948132266357,0.0035793298677040206,-0.021011755606710807,0.008186829796992002,von tag
eins,11.706091641048928,0.02172549400193552,0.0026291998370814944,-0.019312709473888395,0.008526576962919872,eins
tag eins,11.706091641048928,0.02172549400193552,0.0026291998370814944,-0.019312709473888395,0.008526576962919872,tag eins
eigentlich,13.35320723238742,0.015164500790815327,0.00025912276465840184,-0.015085460488296442,0.009364700130736743,eigentlich
eins eigentlich,13.35320723238742,0.015164500790815327,0.00025912276465840184,-0.015085460488296442,0.009364700130736743,eins eigentlich
Sturmflut-Moment,24.762533789152943,-0.011853107529319751,-0.009373255825791738,0.001915259778451127,0.012652488024657273,Sturmflut-Moment
eigentlich sturm+flut+-+moment,24.762533789152943,-0.011853107529319751,-0.009373255825791738,0.001915259778451127,0.012652488024657273,eigentlich sturm+flut+-+moment
Koalition,11.401374103301924,0.023078157175371164,0.0031193979792731256,-0.02018898720673497,0.008351568657625041,Koalition
sturm+flut+-+moment koalition,11.401374103301924,0.023078157175371164,0.0031193979792731256,-0.02018898720673497,0.008351568657625041,sturm+flut+-+moment koalition
koalition der,10.1430481559004,0.029237264430242316,0.0053583024872468675,-0.024199433978611167,0.007544614493676902,koalition der
Wahl,9.803110673778402,0.031084016821419064,0.006031838101719969,-0.025408455231608014,0.007299324585263373,Wahl
der wahl,9.803110673778402,0.031084016821419064,0.006031838101719969,-0.025408455231608014,0.007299324585263373,der wahl
drei,16.91805972305385,0.004118756574069056,-0.003703196720351563,-0.008055559334680355,0.010738356873698252,drei
wahl drei,9.179069797888467,0.03471590138785967,0.007359462091285371,-0.027794909639242884,0.006812263641740816,wahl drei
Verfassungsrichtern,8.89464253577544,0.036486871588624,0.008008301249305348,-0.028962787362986055,0.0065724669526650336,Verfassungsrichtern
drei verfassung+s+richter+n,8.89464253577544,0.036486871588624,0.008008301249305348,-0.028962787362986055,0.0065724669526650336,drei verfassung+s+richter+n
Bundestag,7.9337281238065405,0.04310713824820006,0.010442420873368923,-0.0333528835859806,0.005662210349700232,Bundestag
verfassung+s+richter+n bundestag,7.9337281238065405,0.04310713824820006,0.010442420873368923,-0.0333528835859806,0.005662210349700232,verfassung+s+richter+n bundestag
geplatzt,7.52238165601485,0.04629557218776143,0.011619641948445067,-0.03548088630046865,0.005215753015852428,geplatzt
bundestag ge+platz+t,7.52238165601485,0.04629557218776143,0.011619641948445067,-0.03548088630046865,0.005215753015852428,bundestag ge+platz+t
SPD,9.740493077609377,0.0314338451151848,0.006159541687284917,-0.025637817146205385,0.00725268136601528,SPD
ge+platz+t spd,6.988075913293522,0.050825253756461845,0.013297630924737163,-0.03851928497950519,0.00457211933595349,ge+platz+t spd
Kandidatin,9.455260108440239,0.033067597190997715,0.006756430332153705,-0.026710398010992016,0.007034089061202199,Kandidatin
spd kandidat+in,6.826126150595847,0.05229651894598591,0.013844065386860432,-0.03951001523199198,0.0043606421563624044,spd kandidat+in
Frauke,9.149813167584703,0.03489453021965894,0.0074248634543484454,-0.02791258281521902,0.00678814568446788,Frauke
kandidat+in frauke,6.64911614171784,0.053962662296008726,0.014463721133327263,-0.04063424703073812,0.004119693489591085,kandidat+in frauke
Brosius-Gersdorf,9.030545425903268,0.03563101580263717,0.007694616495930173,-0.028398044279558325,0.0066885441442938185,Brosius-Gersdorf
frauke brosius-gersdorf,9.030545425903268,0.03563101580263717,0.007694616495930173,-0.028398044279558325,0.0066885441442938185,frauke brosius-gersdorf
Unionsfraktion,6.277311447104437,0.05767858220676669,0.015848950388837126,-0.04315026222525617,0.00357664488967066,Unionsfraktion
brosius-gersdorf union+s+fraktion,6.277311447104437,0.05767858220676669,0.015848950388837126,-0.04315026222525617,0.00357664488967066,brosius-gersdorf union+s+fraktion
persönlich,6.113080367447275,0.059422422276718664,0.01650057378889513,-0.04433513944930738,0.0033190565309860003,persönlich
union+s+fraktion persönlich,6.113080367447275,0.059422422276718664,0.01650057378889513,-0.04433513944930738,0.0033190565309860003,union+s+fraktion persönlich
vorstellen,6.00453285297197,0.06061260618178616,0.016945882946940036,-0.04514534548521137,0.003142231356651383,vorstellen
persönlich vor+stell+en,6.00453285297197,0.06061260618178616,0.016945882946940036,-0.04514534548521137,0.003142231356651383,persönlich vor+stell+en
stößt,5.812011885249899,0.06280215819174745,0.01776632188811986,-0.046639080587947385,0.0028147493028128938,stößt
doch stoß+t,5.812011885249899,0.06280215819174745,0.01776632188811986,-0.046639080587947385,0.0028147493028128938,doch stoß+t
Widerstand,5.652982659543717,0.0646919190108826,0.01847569657479072,-0.04793165022534066,0.0025298115477828,Widerstand
stoß+t widerstand,5.652982659543717,0.0646919190108826,0.01847569657479072,-0.04793165022534066,0.0025298115477828,stoß+t widerstand
Koalitionsstreit,5.544883230596493,0.06602134648197781,0.018975441350414863,-0.048842823818727864,0.0023280749709921216,Koalitionsstreit
der koalition+s+streit,5.544883230596493,0.06602134648197781,0.018975441350414863,-0.048842823818727864,0.0023280749709921216,der koalition+s+streit
koalition+s+streit droh+t,5.440351125063513,0.06734346856249887,0.019473020459333416,-0.04975051845741731,0.002126385708090354,koalition+s+streit droh+t
verschärfen,5.361157606572724,0.0683701680752459,0.019859817715621023,-0.05045644448717625,0.0019690286964094677,verschärfen
droh+t verschärf+en,5.361157606572724,0.0683701680752459,0.019859817715621023,-0.05045644448717625,0.0019690286964094677,droh+t verschärf+en
der spd,5.272257797323015,0.06954959156279081,0.02030458441342907,-0.0512685145208186,0.0017874677694910302,der spd
beharrt,5.25238865805228,0.06981720215033452,0.020405566185074935,-0.05145294194052952,0.0017461526765042517,beharrt
spd beharr+t,5.25238865805228,0.06981720215033452,0.020405566185074935,-0.05145294194052952,0.0017461526765042517,spd beharr+t
weiterhin,5.21375746216953,0.07034180750177156,0.020603593107490024,-0.05181466236356984,0.0016650333178656843,weiterhin
beharr+t weiterhin,5.21375746216953,0.07034180750177156,0.020603593107490024,-0.05181466236356984,0.0016650333178656843,beharr+t weiterhin
weiterhin kandidat+in,5.1231259221299155,0.07159539678502068,0.021077166945912662,-0.05267999888091176,0.0014705025947452446,weiterhin kandidat+in
Verfassungsgericht,5.044025955768257,0.07271658360195869,0.021501166948158873,-0.05345510484244548,0.0012956915289556472,Verfassungsgericht
kandidat+in verfassung+s+gericht,5.044025955768257,0.07271658360195869,0.021501166948158873,-0.05345510484244548,0.0012956915289556472,kandidat+in verfassung+s+gericht
verfassung+s+gericht frauke,4.96716439121314,0.07383128266807518,0.02192313008325434,-0.05422681747509109,0.0011211147571867153,verfassung+s+gericht frauke
wahrscheinlich,10.706817967277598,0.07765006878081927,-0.006448344813379499,-0.03366461604382486,-0.003120090482260358,wahrscheinlich
wie wahrscheinlich,4.865737746744367,0.07534206940566192,0.022495694021805793,-0.05527448367862242,0.0008832623375851418,wie wahrscheinlich
Union,4.765447266640898,0.07688276042512616,0.023080379455772175,-0.0563449523686344,0.0006392209617677349,Union
wahrscheinlich union,4.765447266640898,0.07688276042512616,0.023080379455772175,-0.0563449523686344,0.0006392209617677349,wahrscheinlich union
Sommerpause,4.722046888464106,0.07756457964450247,0.023339381238654984,-0.05681934542501882,0.0005307431442441225,Sommerpause
union sommer+pause,4.722046888464106,0.07756457964450247,0.023339381238654984,-0.05681934542501882,0.0005307431442441225,union sommer+pause
Personalie,4.669996149965353,0.0783947593366339,0.023654951466612225,-0.05739751688913879,0.00039826255116381053,Personalie
sommer+pause personalie,4.669996149965353,0.0783947593366339,0.023654951466612225,-0.05739751688913879,0.00039826255116381053,sommer+pause personalie
zustimmt,4.641239254483544,0.07885938178285035,0.023831666213448656,-0.05772136435011453,0.00032392638542471535,zustimmt
personalie zu+stimm+t,4.641239254483544,0.07885938178285035,0.023831666213448656,-0.05772136435011453,0.00032392638542471535,personalie zu+stimm+t
Reporter…,4.615914437279416,0.07927213996969205,0.023988715809475994,-0.05800922154437884,0.00025777267230568614,Reporter…
+75,4.58890946967542,0.07971604129450047,0.02415767900381909,-0.05831896577838963,0.00018650618198050515,+75
reporter… +75,4.58890946967542,0.07971604129450047,0.02415767900381909,-0.05831896577838963,0.00018650618198050515,reporter… +75
+75 chars,4.57930186871208,0.07987491562090772,0.024218167831436994,-0.05842986695267993,0.0001609689736738221,+75 chars
Hamburg-Wilhelmsburg,6.144335123118854,0.05908537722318139,0.016374552150035623,-0.04410592317720807,0.0033689805382624075,Hamburg-Wilhelmsburg
Wohnungsbaupläne,6.399088318838306,0.05642742124054328,0.01538203849603134,-0.04230177203968678,0.003760373417860982,Wohnungsbaupläne
hamburg-wilhelmsburg wohnung+s+bau+plan+e,6.399088318838306,0.05642742124054328,0.01538203849603134,-0.04230177203968678,0.003760373417860982,hamburg-wilhelmsburg wohnung+s+bau+plan+e
bedrohen,6.634025059154941,0.05410764191249111,0.014517682969886342,-0.040732186329363256,0.004098653429659007,bedrohen
wohnung+s+bau+plan+e bedroh+en,6.634025059154941,0.05410764191249111,0.014517682969886342,-0.040732186329363256,0.004098653429659007,wohnung+s+bau+plan+e bedroh+en
Wilden,17.61193791718961,0.0023319694833841198,-0.004340945768870185,-0.006928677673089162,0.010956496394279655,Wilden
bedroh+en wild+en,6.792348130829708,0.05260966571047286,0.01396045947626781,-0.03972112707953002,0.0043154753834792016,bedroh+en wild+en
wild+en wald,6.913995723771614,0.05149215551378867,0.013545234908527009,-0.03896813436931611,0.004476408973130047,wild+en wald
wald auf,7.026473192743432,0.05048353099417478,0.01317081316335895,-0.03828944293222186,0.004621066346559521,wald auf
auf hamburger,11.666246715369446,0.021899619272365774,0.0026922716906406007,-0.019425419714222236,0.008504092084642452,auf hamburger
Elbinsel,16.646500197832843,0.004845185668762546,-0.0034436638347164605,-0.008514521339731986,0.010649361127859924,Elbinsel
hamburger elbinsel,12.090371960690248,0.020086656321667756,0.00203601457279579,-0.01825321852650685,0.00873757740397514,hamburger elbinsel
kämpft,12.528648645494297,0.018302114540395074,0.0013909845530342398,-0.01710224599875556,0.00896607269245666,kämpft
elbinsel kämpf+t,12.528648645494297,0.018302114540395074,0.0013909845530342398,-0.01710224599875556,0.00896607269245666,elbinsel kämpf+t
Bürgerinitiative,13.222470558593312,0.015644157673115736,0.0004319699407005186,-0.015393204554643096,0.009304013586310746,Bürgerinitiative
kämpf+t bürger+initiative,13.222470558593312,0.015644157673115736,0.0004319699407005186,-0.015393204554643096,0.009304013586310746,kämpf+t bürger+initiative
Erhalt,15.221682476350617,0.008937298068710737,-0.001978921498016118,-0.01110880042577471,0.010144589564863641,Erhalt
bürger+initiative erhalt,15.221682476350617,0.008937298068710737,-0.001978921498016118,-0.01110880042577471,0.010144589564863641,bürger+initiative erhalt
erhalt wild+en,13.828099100107556,0.013474411478959916,-0.00034938432337677604,-0.01400274929113168,0.0095778178968502,erhalt wild+en
Waldes,17.842110437280304,0.001760107912232973,-0.004544871856979533,-0.006568626242001293,0.011026086120245701,Waldes
wild+en wald+es,17.842110437280304,0.001760107912232973,-0.004544871856979533,-0.006568626242001293,0.011026086120245701,wild+en wald+es
wächst,20.642880572922124,-0.004487376240984654,-0.006766922308150018,-0.002654340934056564,0.011779467086238154,wächst
wachs+t seit,26.983298515169167,-0.015171192807922897,-0.010542681199045872,0.0039577092960508395,0.013040775813565117,wachs+t seit
1962.,13.63021970302075,0.014168926425067875,-9.94272558190183e-05,-0.014447363254570893,0.009490374345733698,1962.
sturm+flut 1962.,13.63021970302075,0.014168926425067875,-9.94272558190183e-05,-0.014447363254570893,0.009490374345733698,sturm+flut 1962.
1962. mehr,12.229855270791823,0.019509278487420692,0.0018272172799001004,-0.017880518339653474,0.008811648745742902,1962. mehr
...,11.549808636576845,0.02241315352571826,0.0028783366578330467,-0.019757983990918805,0.008437704416461078,...
mehr ...,11.549808636576845,0.02241315352571826,0.0028783366578330467,-0.019757983990918805,0.008437704416461078,mehr ...
warnung mehr,10.547487199121212,-0.009861826863797985,0.07098546023476301,-0.054918180905457505,0.013924915661917217,warnung mehr
mehr stark+reg+en,11.210763711043294,-0.025215296733532132,0.1315076480533827,-0.06443317559450795,-0.020684526762424438,mehr stark+reg+en
stark+reg+en über,12.758041001556231,0.008169325136872584,0.0058989167766828636,-0.0073278300663524015,-0.0006941121399269512,stark+reg+en über
220,16.775195449387027,-0.0034188751202532514,-0.011724773701645956,0.007326765698601499,0.0023555162073287863,220
über 220,14.07184261843634,0.0030184657955164155,-0.010578810216339014,0.005648463907150144,-0.0004798535055415458,über 220
220 tot+e,15.725764528914182,-0.009689513118505872,-0.020170791174751627,0.023290298781739986,-0.007720264259014217,220 tot+e
tot+e sturm+flut,24.762533789152943,-0.011853107529319751,-0.009373255825791738,0.001915259778451127,0.012652488024657273,tot+e sturm+flut
Pakistan,16.808574513541174,0.0044097262597975265,-0.003599258897199395,-0.008239338639674413,0.010702731502846997,Pakistan
sturm+flut pakistan,13.930402440832912,0.013120611546496245,-0.0004766644653592025,-0.013776419666532475,0.009622292245438428,sturm+flut pakistan
Indien,14.137341780319536,0.012415597789799542,-0.0007301878746712439,-0.013325748437040052,0.009710773644421772,Indien
pakistan indien,14.137341780319536,0.012415597789799542,-0.0007301878746712439,-0.013325748437040052,0.009710773644421772,pakistan indien
Heftige,14.60886536436693,0.010860157792790984,-0.0012890249507104328,-0.012333025521382589,0.009905323394009081,Heftige
indien heftig+e,10.4319183452882,0.027733697539042798,0.004810691709462224,-0.023217307709126327,0.007743167988202721,indien heftig+e
Himalaya-Raum,12.400878970755706,0.018813470540832263,0.001575721393766216,-0.01743176477556983,0.008900731207632124,Himalaya-Raum
regen+fall+e himalaya-raum,12.400878970755706,0.018813470540832263,0.001575721393766216,-0.01743176477556983,0.008900731207632124,regen+fall+e himalaya-raum
himalaya-raum erneut,11.711618756122096,0.021701404030078125,0.0026204746426969996,-0.01929711829850112,0.008529686704312776,himalaya-raum erneut
erneut katastrophe,11.233230780519111,0.023845910202160026,0.003397868172048907,-0.02068707197564379,0.008251888403129194,erneut katastrophe
ausgelöst,10.828252016330612,0.025761450530242463,0.004093412762791924,-0.021932066753453435,0.008002071655069207,ausgelöst
katastrophe aus+ge+lös+t,10.828252016330612,0.025761450530242463,0.004093412762791924,-0.021932066753453435,0.008002071655069207,katastrophe aus+ge+lös+t
Bei,6.0235975264196,0.06040132449470693,0.016866797678249907,-0.045001427596710344,0.003173682081922894,Bei
aus+ge+lös+t bei,6.0235975264196,0.06040132449470693,0.016866797678249907,-0.045001427596710344,0.003173682081922894,aus+ge+lös+t bei
Erdrutschen,5.985750275335864,0.06082171388352741,0.017024168886969494,-0.04528782076428529,0.003111078382192603,Erdrutschen
bei erd+rutsch+en,5.985750275335864,0.06082171388352741,0.017024168886969494,-0.04528782076428529,0.003111078382192603,bei erd+rutsch+en
erd+rutsch+en sturz+flut+en,5.844853481529521,0.062421255266996246,0.017623481872328355,-0.046378924898350125,0.0028719235352506465,erd+rutsch+en sturz+flut+en
sturz+flut+en pakistan,5.726057306967924,0.06381407178830728,0.018146025468782672,-0.04733082838077923,0.0026624390455133725,sturz+flut+en pakistan
indien 220,5.519391402212978,0.06634038304595252,0.019095457352416197,-0.04906171683973412,0.002279503193257655,indien 220
220 mensch+en,5.4944664967042165,0.06665441701978779,0.0192136244040331,-0.049277264223057074,0.002231632757208052,220 mensch+en
leben ge+komm+en,5.383199366239273,0.0680821829774175,0.019751287304436396,-0.050258342228941634,0.002013231699833335,leben ge+komm+en
Besonders,46.12692560349802,-0.024078226865113787,-0.02327111272282106,0.025564449805701793,0.0007805564452491529,Besonders
betroffen,40.40462986161161,0.00558604005442101,-0.024218742821061477,0.008041852053377945,0.0058912755932283125,betroffen
besonders betreff+en,31.846792571608294,-0.006761451833699752,-0.01760111960123599,0.007689586561533811,0.008760796415023371,besonders betreff+en
war…,5.223280509979492,0.07021195494501452,0.02055456809829234,-0.0517251053751071,0.0016851281425232772,war…
betreff+en war…,5.223280509979492,0.07021195494501452,0.02055456809829234,-0.0517251053751071,0.0016851281425232772,betreff+en war…
+1959,5.194972527581442,0.07059898018265644,0.02070070360974415,-0.051992073279913655,0.0016252048230412405,+1959
war… +1959,5.194972527581442,0.07059898018265644,0.02070070360974415,-0.051992073279913655,0.0016252048230412405,war… +1959
+1959 char+s,5.167428180655626,0.0709785641825231,0.020844077919850254,-0.05225403549586644,0.0015663436747467604,+1959 char+s
Wetterextreme,11.87095380176549,0.021013544345148936,0.00237140937551657,-0.01885214868303741,0.008618378526014952,Wetterextreme
Höhere,16.48577770288453,0.005282701235276989,-0.0032872811294389374,-0.008791175136086883,0.010595673031603399,Höhere
wetter+extrem+e hoch+er+e,16.48577770288453,0.005282701235276989,-0.0032872811294389374,-0.008791175136086883,0.010595673031603399,wetter+extrem+e hoch+er+e
hoch+er+e sturm+flut+en,24.762533789152943,-0.011853107529319751,-0.009373255825791738,0.001915259778451127,0.012652488024657273,hoch+er+e sturm+flut+en
Klimakrise,15.983444021985276,0.047280558095897846,-0.01470104857016046,-0.004436309197411726,-0.012915610847517703,Klimakrise
ostsee klima+krise,10.2410710549367,0.0770402331767168,-0.0032440229576189564,-0.022378342444040907,-0.01968217271024444,ostsee klima+krise
klima+krise der,9.682596601641851,0.029616557288621097,0.017268773998905543,0.009293834424566043,-0.046591975354830145,klima+krise der
Folgen,60.46652154972807,-0.189301482208276,-0.02205203781679703,0.1735486433303587,-0.12440512924677363,Folgen
der folge+n,43.930724507974915,-0.08380982293356168,-0.06088198914931346,0.10470218692234559,-0.043263840884954614,der folge+n
Klimawandels,23.829463978830816,-0.28307620712076276,0.39804465346338164,-0.042777834006609235,-0.21787931681436143,Klimawandels
folge+n klima+wandel+s,18.50977644039017,-0.33706394221200664,0.4469626326390998,-0.029680087118847235,-0.2862823307789853,folge+n klima+wandel+s
klima+wandel+s norden+-,13.407526192247468,0.03457309540162207,-0.003800484541165599,-0.01914506779412047,0.005305092824912708,klima+wandel+s norden+-
spüren,15.934526293143593,0.006828188497391334,-0.00273444616377422,-0.009769808890278347,0.010405491538494627,spüren
ostsee spür+en,15.934526293143593,0.006828188497391334,-0.00273444616377422,-0.009769808890278347,0.010405491538494627,ostsee spür+en
sturm+flut+en lauf+en,14.257243912199833,0.012013474822737963,-0.0008747281387608724,-0.01306889543144142,0.00976115700078214,sturm+flut+en lauf+en
höher,20.89761769183965,0.028733990988111434,-0.013734803866969075,-0.009402696255227671,0.0049180205897181905,höher
lauf+en hoch+er,12.4259320572799,0.01871263988855259,0.0015392884259264222,-0.01736677089629867,0.008913623858778759,lauf+en hoch+er
führen,10.49039737964294,0.02214357191334896,-0.0007794339162318812,-0.012243159451972411,0.002153042362508587,führen
hoch+er führ+en,10.49039737964294,0.02214357191334896,-0.0007794339162318812,-0.012243159451972411,0.002153042362508587,hoch+er führ+en
führ+en häufig+er,9.93564503977674,0.01765496793108492,-0.0073972107886142,0.0007385302168779241,-0.006129724305070824,führ+en häufig+er
häufig+er schaden,9.495426222951238,-0.0173425520533787,-0.045383899793212674,0.06976132327230208,-0.04647310193010968,häufig+er schaden
Küstenorten,8.66761949689463,0.028666147446386896,-0.014916929014814482,0.008890291988272682,-0.017787271471449807,Küstenorten
schaden küste+n+ort+en,8.66761949689463,0.028666147446386896,-0.014916929014814482,0.008890291988272682,-0.017787271471449807,schaden küste+n+ort+en
der klima+krise,8.81397142262799,0.05916558734319377,-0.0055180285182455996,-0.02072175580151103,-0.0076151775221548635,der klima+krise
klima+krise führ+t,9.401096155712942,0.07186981202367453,-0.003308609298396116,-0.03229565127322619,-0.003478521702119452,klima+krise führ+t
führ+t norden+-,10.489118071483167,0.09714827608057038,-0.010096158385697029,-0.03864639435912853,-0.007418369831532727,führ+t norden+-
ostsee immer,13.675370683721884,0.03003293869514616,-0.0034065172115679255,-0.017754453210319904,0.00618328438998472,ostsee immer
höheren,15.934526293143593,0.006828188497391334,-0.00273444616377422,-0.009769808890278347,0.010405491538494627,höheren
immer hoch+er+en,15.934526293143593,0.006828188497391334,-0.00273444616377422,-0.009769808890278347,0.010405491538494627,immer hoch+er+en
hoch+er+en sturm+flut+en,24.762533789152943,-0.011853107529319751,-0.009373255825791738,0.001915259778451127,0.012652488024657273,hoch+er+en sturm+flut+en
Extremen,11.549808636576845,0.02241315352571826,0.0028783366578330467,-0.019757983990918805,0.008437704416461078,Extremen
sturm+flut+en extrem+en,11.549808636576845,0.02241315352571826,0.0028783366578330467,-0.019757983990918805,0.008437704416461078,sturm+flut+en extrem+en
beiden,10.1430481559004,0.029237264430242316,0.0053583024872468675,-0.024199433978611167,0.007544614493676902,beiden
extrem+en beide+n,10.1430481559004,0.029237264430242316,0.0053583024872468675,-0.024199433978611167,0.007544614493676902,extrem+en beide+n
Meeren,9.576073651888068,0.032367393454225776,0.0065005124228181286,-0.026250417153444217,0.007127928934366507,Meeren
beide+n meer+en,9.576073651888068,0.032367393454225776,0.0065005124228181286,-0.026250417153444217,0.007127928934366507,beide+n meer+en
Einschätzung,8.790563415444343,0.037154707695506085,0.00825323089890049,-0.029403910175820256,0.006481640555349309,Einschätzung
nach einschätzung,8.790563415444343,0.037154707695506085,0.00825323089890049,-0.029403910175820256,0.006481640555349309,nach einschätzung
Bundesamtes,8.070527945099144,0.04209785626285735,0.010070446037952832,-0.03268112360288477,0.00580242460189415,Bundesamtes
einschätzung bund+es+amt+es,8.070527945099144,0.04209785626285735,0.010070446037952832,-0.03268112360288477,0.00580242460189415,einschätzung bund+es+amt+es
bund+es+amt+es see+schiff+fahrt,7.575632776006552,0.04586911567308004,0.01146200091127906,-0.035195750151027896,0.00527577878229706,bund+es+amt+es see+schiff+fahrt
diese…,6.695342267853404,0.053521483012866716,0.014299554747376955,-0.040336325913751546,0.004183646336229691,diese…
bsh diese…,6.695342267853404,0.053521483012866716,0.014299554747376955,-0.040336325913751546,0.004183646336229691,bsh diese…
+574,6.5751767659221105,0.054677538177083644,0.01472986598242683,-0.041117350261967354,0.00401583239865554,+574
diese… +574,6.5751767659221105,0.054677538177083644,0.01472986598242683,-0.041117350261967354,0.00401583239865554,diese… +574
+574 chars,6.504840035348679,0.05536835412549854,0.014987210798058048,-0.04158461628621412,0.003915191385925401,+574 chars
Steigender,8.333980873313838,0.022660857578277238,-0.00886704645228432,-0.017868773679791013,0.015522696517436405,Steigender
steig+end+er meer+es+spiegel,8.873446505674288,0.011858269923133581,-0.017652690685071765,-0.008627744190910266,0.01788376741872754,steig+end+er meer+es+spiegel
meer+es+spiegel sand,10.163718649591866,-0.03423049304818335,-0.06035788700755736,0.045344138550156586,0.010083894887331952,meer+es+spiegel sand
sand deich+e,10.855214905020048,-0.030008662499264434,-0.05357680659137035,-0.0383361428489743,0.10480406241690267,sand deich+e
sichern,13.670827764086557,-0.19268543737423233,-0.06941455466235745,-0.10247182183914424,0.25630673533763565,sichern
deich+e sicher+n,13.670827764086557,-0.19268543737423233,-0.06941455466235745,-0.10247182183914424,0.25630673533763565,deich+e sicher+n
sicher+n haus+er,12.263834467004447,0.01673475015999886,-0.0009473110475214236,-0.020655046667075135,0.016317189812642588,sicher+n haus+er
Sylt,45.3532889004424,-0.03736544146677204,-0.021082452870206134,0.017810059015172026,0.017225772878045293,Sylt
haus+er sylt,15.446022576623557,0.008259375182476731,-0.002221902873769172,-0.01067797826607725,0.010228624041968445,haus+er sylt
Sturmflut-Folgen,24.762533789152943,-0.011853107529319751,-0.009373255825791738,0.001915259778451127,0.012652488024657273,Sturmflut-Folgen
sylt sturmflut-folg+en,24.762533789152943,-0.011853107529319751,-0.009373255825791738,0.001915259778451127,0.012652488024657273,sylt sturmflut-folg+en
Küstenschutzmaßnahmen,30.250039183854902,-0.05747408753279151,-0.05102412624650905,-0.02407522337178314,0.10193394226356756,Küstenschutzmaßnahmen
sturmflut-folg+en küste+n+schutz+maßnahme+n,13.338171529658988,-0.019672685849716612,-0.03576288754959005,-0.028585655063383435,0.07493623033072895,sturmflut-folg+en küste+n+schutz+maßnahme+n
bewahren,23.5725497409797,-0.01711403947841172,-0.016088130684217675,-0.0037553998580080157,0.02841341508377111,bewahren
küste+n+schutz+maßnahme+n bewahr+en,23.5725497409797,-0.01711403947841172,-0.016088130684217675,-0.0037553998580080157,0.02841341508377111,küste+n+schutz+maßnahme+n bewahr+en
bewahr+en sylt,28.906888301656647,-0.018138341529035446,-0.011840458313407088,0.005143568865139027,0.014399288532619315,bewahr+en sylt
sylt haus+er,26.954859280986657,-0.016230998758748037,-0.011656712690889378,0.0027628304545914495,0.016115852390037367,sylt haus+er
haus+er mensch+en,31.766125981745418,-0.02120759176110615,-0.012662847217743562,0.007647841426884777,0.013739790933047889,haus+er mensch+en
mensch+en sturm+flut+en,44.516702126208074,-0.0326376712220159,-0.016652145112430686,0.014544839573020588,0.015039582684725487,mensch+en sturm+flut+en
deren,31.96292692422995,-0.031293547489325675,-0.02284355064721759,0.026607529246974272,0.003491178429223989,deren
sturm+flut+en der,31.96292692422995,-0.031293547489325675,-0.02284355064721759,0.026607529246974272,0.003491178429223989,sturm+flut+en der
steigendem,22.200562403118084,-0.01564761642222014,-0.016214104544642147,0.015080092663648617,0.003589310915747929,steigendem
besonders steig+end+em,22.200562403118084,-0.01564761642222014,-0.016214104544642147,0.015080092663648617,0.003589310915747929,besonders steig+end+em
steig+end+em meer+es+spiegel,20.390824496557716,-0.010633393128795401,-0.013433039075636068,0.0078060588588314715,0.007642233669796705,steig+end+em meer+es+spiegel
hängt,18.755622870686565,-0.008667586667390773,-0.013812494154104056,-0.0007677285657788546,0.017681924379163168,hängt
meer+es+spiegel häng+t,18.755622870686565,-0.008667586667390773,-0.013812494154104056,-0.0007677285657788546,0.017681924379163168,meer+es+spiegel häng+t
häng+t zukunft,13.123232140787506,0.0008627749687587228,-0.015085268377807666,-0.020118395527995048,0.03686441307942761,häng+t zukunft
Insel,14.638282867044682,-0.0648624265235034,-0.001183332982273034,0.028255949966924696,0.0037965031244663557,Insel
zukunft insel,7.794563920654054,0.010751812108869132,-0.02392411813044741,-0.06297793656513458,0.08750422996786851,zukunft insel
insel küste+n+schutz,7.893895016179972,-0.029922126528565535,-0.06574278418498228,-0.1075823892769925,0.1847686466285882,insel küste+n+schutz
hin+zu+füg+en küste+n+schutz+maßnahme+n,8.950576940028663,-0.021544931807034855,-0.05201186042028527,-0.09221509060607698,0.1562357113237028,hin+zu+füg+en küste+n+schutz+maßnahme+n
Zu…,7.894218346724314,0.040383719923274164,0.007411769991713086,-0.02725323641483093,0.0023842477955334476,Zu…
häng+t zu…,7.894218346724314,0.040383719923274164,0.007411769991713086,-0.02725323641483093,0.0023842477955334476,häng+t zu…
+4392,7.739189569521639,0.04179834024272013,0.008088859251881686,-0.0285154385532758,0.002466592056708747,+4392
zu… +4392,7.739189569521639,0.04179834024272013,0.008088859251881686,-0.0285154385532758,0.002466592056708747,zu… +4392
+4392 char+s,7.569311344383543,0.04337043058349451,0.008828207234610187,-0.029892410829742408,0.0025326093903237134,+4392 char+s
wachsende,10.4319183452882,0.027733697539042798,0.004810691709462224,-0.023217307709126327,0.007743167988202721,wachsende
der wachs+end+e,10.4319183452882,0.027733697539042798,0.004810691709462224,-0.023217307709126327,0.007743167988202721,der wachs+end+e
wachs+end+e sorge,11.706091641048928,0.02172549400193552,0.0026291998370814944,-0.019312709473888395,0.008526576962919872,wachs+end+e sorge
nächsten,15.446022576623557,0.008259375182476731,-0.002221902873769172,-0.01067797826607725,0.010228624041968445,nächsten
sorge nächst+en,15.446022576623557,0.008259375182476731,-0.002221902873769172,-0.01067797826607725,0.010228624041968445,sorge nächst+en
nächst+en sturm+flut,24.762533789152943,-0.011853107529319751,-0.009373255825791738,0.001915259778451127,0.012652488024657273,nächst+en sturm+flut
sturm+flut küste+n+schutz+maßnahme+n,15.311461561281078,-0.01035595251962205,-0.021692372225184556,-0.03147392233681469,0.0622879104079436,sturm+flut küste+n+schutz+maßnahme+n
mensch+en seit,13.35320723238742,0.015164500790815327,0.00025912276465840184,-0.015085460488296442,0.009364700130736743,mensch+en seit
jeher,16.848766586365965,-0.10603173741739616,-0.019282914192935863,-0.04279562266878392,0.12534349193583816,jeher
seit jeher,16.848766586365965,-0.10603173741739616,-0.019282914192935863,-0.04279562266878392,0.12534349193583816,seit jeher
jeher sturm+flut+en,24.762533789152943,-0.011853107529319751,-0.009373255825791738,0.001915259778451127,0.012652488024657273,jeher sturm+flut+en
Ortschaften,7.567647289581668,0.02749601917532235,-0.007701280116908145,-0.032647666809820425,0.029673864838072345,Ortschaften
zukunft ortschaft+en,7.567647289581668,0.02749601917532235,-0.007701280116908145,-0.032647666809820425,0.029673864838072345,zukunft ortschaft+en
richtigen,7.290876432673823,-0.0015838842302997016,-0.03953080483556135,-0.04174568638559284,0.08238367024034983,richtigen
ortschaft+en richtig+en,7.290876432673823,-0.0015838842302997016,-0.03953080483556135,-0.04174568638559284,0.08238367024034983,ortschaft+en richtig+en
richtig+en küste+n+schutz,7.502444602417856,-0.05364468198772735,-0.09258345648139742,-0.07686273223105075,0.1838383852347859,richtig+en küste+n+schutz
Wellen,73.34067119656613,-0.12359792690633384,-0.09949120560602542,0.14823882310316266,-0.05523226598987417,Wellen
wind welle+n,16.018053569811244,-0.05962068096983887,-0.07108753415855538,0.08684753332181412,-0.023616148714544656,wind welle+n
nagen,6.789370620593344,-0.013703450493022492,-0.05522517539247394,0.03151382568187283,0.011879077958516487,nagen
welle+n nag+en,6.789370620593344,-0.013703450493022492,-0.05522517539247394,0.03151382568187283,0.011879077958516487,welle+n nag+en
nag+en küste+n,6.4743331714382135,0.011624942996034558,-0.030871272742268308,-0.0006731135106164195,0.018525839938863097,nag+en küste+n
küste+n sylt,6.295442195698693,0.022285302028434484,-0.02098059345360783,-0.012158093606905587,0.01837263992000854,küste+n sylt
tragen,6.174374763865801,0.02834669187851881,-0.015515757145788933,-0.01810881987342107,0.017552154595267357,tragen
sylt trag+en,6.174374763865801,0.02834669187851881,-0.015515757145788933,-0.01810881987342107,0.017552154595267357,sylt trag+en
jährlich,6.090502515226103,0.03211147236494893,-0.01219615207467503,-0.02160563156598884,0.016809224894890368,jährlich
trag+en jährlich,6.090502515226103,0.03211147236494893,-0.01219615207467503,-0.02160563156598884,0.016809224894890368,trag+en jährlich
jährlich teil+e,5.992598439092023,0.03613355059787902,-0.008724164516885062,-0.025185436048905746,0.015845627503896117,jährlich teil+e
teil+e insel,5.89415504353266,0.03983839143924624,-0.0056034476544295,-0.028352516466244575,0.014827322329411755,teil+e insel
Abbruch,5.7219113563931385,0.045669958219525617,-0.0008639333768094989,-0.033116741232318614,0.01303258831239978,Abbruch
auszugleichen,5.660308183908877,0.04759265881040854,0.0006474774923054397,-0.03463623710702795,0.012404069610744294,auszugleichen
abbruch aus+zu+gleich+en,5.660308183908877,0.04759265881040854,0.0006474774923054397,-0.03463623710702795,0.012404069610744294,abbruch aus+zu+gleich+en
Westküste,5.463368855437089,0.05329945216313509,0.004968556490153922,-0.039024430989630945,0.010480843751347977,Westküste
aus+zu+gleich+en west+küste,5.463368855437089,0.05329945216313509,0.004968556490153922,-0.039024430989630945,0.010480843751347977,aus+zu+gleich+en west+küste
west+küste seit,5.403316900070309,0.05493058572509727,0.006155881872838774,-0.040250382113226894,0.0099241246588078,west+küste seit
seit mehr,5.374563061260657,0.05569665348779906,0.006705931039826508,-0.0408224870508608,0.009662687294716761,seit mehr
mehr jahr+en,5.308704839343304,0.05741831108594565,0.007924206420992407,-0.04210043892930273,0.009076383799114462,mehr jahr+en
jahr+en groß+en,5.251900522109562,0.058869964038332126,0.008931998923711885,-0.04317034001595777,0.008584507282834768,jahr+en groß+en
Rohren,5.217367932744211,0.05973891836043121,0.009526705678819556,-0.043807763373937075,0.008291630454741987,Rohren
groß+en rohr+en,5.217367932744211,0.05973891836043121,0.009526705678819556,-0.043807763373937075,0.008291630454741987,groß+en rohr+en
regelmäßig,5.184000955134124,0.06056963730896663,0.010089239583472052,-0.04441519771291219,0.008012970381105407,regelmäßig
rohr+en regelmäßig,5.184000955134124,0.06056963730896663,0.010089239583472052,-0.04441519771291219,0.008012970381105407,rohr+en regelmäßig
viel…,5.133759258328437,0.06180531683997386,0.01091513450015547,-0.04531550954236611,0.007601242469518629,viel…
regelmäßig viel…,5.133759258328437,0.06180531683997386,0.01091513450015547,-0.04531550954236611,0.007601242469518629,regelmäßig viel…
+3871,5.103088695074882,0.06255142655958937,0.011407529795849213,-0.045857395632940834,0.007354434970730748,+3871
viel… +3871,5.103088695074882,0.06255142655958937,0.011407529795849213,-0.045857395632940834,0.007354434970730748,viel… +3871
+3871 chars,5.07755476439592,0.0631682000284773,0.011811005349415102,-0.04630443979894168,0.007151523950252023,+3871 chars
hochwasser erwart+et,30.55214576269371,-0.024815484269121217,-0.01730974771892978,0.01645141271593564,0.008347400730367549,hochwasser erwart+et
erwart+et leicht+e,27.89714815417897,-0.016431426975496672,-0.010986088201006437,0.004730833929313686,0.013187481048509258,erwart+et leicht+e
Ausfälle,30.39344399035331,-0.019607490329226932,-0.012101753779035525,0.0066728931485304736,0.01355539467026158,Ausfälle
droh+t ausfall+e,30.39344399035331,-0.019607490329226932,-0.012101753779035525,0.0066728931485304736,0.01355539467026158,droh+t ausfall+e
Inselfähren,25.051655367567356,-0.012307390357044153,-0.00953353295949271,0.002195483038514675,0.012705825647095942,Inselfähren
ausfall+e insel+fähre+n,25.051655367567356,-0.012307390357044153,-0.00953353295949271,0.002195483038514675,0.012705825647095942,ausfall+e insel+fähre+n
möglich,35.159189492562746,-0.021145576865878483,-0.018504512564136277,0.014581811726174058,0.009488109161897039,möglich
insel+fähre+n möglich,22.201824135994475,-0.007490403058501016,-0.00783126952587145,-0.0007853768230635135,0.012137306559421225,insel+fähre+n möglich
möglich hier,9.073706502831248,0.03402360780738938,0.006206550322880913,-0.02544942653408107,0.005294974135772321,möglich hier
Wegen,44.25944875146792,-0.07165368043647051,0.007134439606770504,-0.0016316398839659593,0.03915682783308693,Wegen
erwarteten,67.40409013246713,-0.044896660151045854,-0.020894920188075598,0.02181104339945602,0.016403103804985202,erwarteten
wegen erwart+et+en,37.85634879273006,-0.027320142643735477,-0.014800305214200551,0.011350900065465727,0.014438565058726049,wegen erwart+et+en
Herbststurmes,7.967003452031686,0.04285940220416822,0.01035108711641152,-0.03318791257284533,0.005696675959201057,Herbststurmes
erwart+et+en herbst+sturm+es,7.967003452031686,0.04285940220416822,0.01035108711641152,-0.03318791257284533,0.005696675959201057,erwart+et+en herbst+sturm+es
höherer,7.445458292317873,0.046919190579770426,0.011850268517160735,-0.035898133566224025,0.005127800786844609,höherer
herbst+sturm+es hoch+er+er,7.445458292317873,0.046919190579770426,0.011850268517160735,-0.035898133566224025,0.005127800786844609,herbst+sturm+es hoch+er+er
hoch+er+er wasser+stand+e,7.255902784634635,0.04849558845808548,0.012433804079520477,-0.03695437185985182,0.0049045398794062365,hoch+er+er wasser+stand+e
wasser+stand+e küste,6.860671789635491,0.05197853428405623,0.013725905437575698,-0.039295729128301225,0.0044064506951549814,wasser+stand+e küste
küste müss+en,16.04156449978396,0.006522497614912033,-0.002843847392402566,-0.009576068991160536,0.010443174992649606,küste müss+en
Urlauber,15.577749556715798,0.007867486670637717,-0.002362304853693108,-0.01042911992351228,0.010277126639465851,Urlauber
müss+en urlauber,15.577749556715798,0.007867486670637717,-0.002362304853693108,-0.01042911992351228,0.010277126639465851,müss+en urlauber
Insulaner,6.399088318838306,0.05642742124054328,0.01538203849603134,-0.04230177203968678,0.003760373417860982,Insulaner
urlauber insulaner,6.399088318838306,0.05642742124054328,0.01538203849603134,-0.04230177203968678,0.003760373417860982,urlauber insulaner
insulaner woche+n+ende,6.165593390041227,0.05885754397086224,0.01628938601434921,-0.0439510351975199,0.00340269026672985,insulaner woche+n+ende
mögliche,16.008174938944865,0.006617558629618335,-0.002809829571151114,-0.009636307498859565,0.01043146005474072,mögliche
woche+n+ende möglich+e,6.014029480460775,0.06050723984712275,0.01690644123426093,-0.04507356867313355,0.003157919138006773,woche+n+ende möglich+e
Einschränkungen,30.502859220291562,-0.006380905850385038,-0.0178074347336707,0.01120818635963754,0.004141522308310907,Einschränkungen
möglich+e einschränkung+en,5.931026322443515,0.06143642013126926,0.01725438631975118,-0.04570687040238315,0.0030193498521131268,möglich+e einschränkung+en
einschränkung+en fähr+verkehr,5.772175318917368,0.06326841294916213,0.017941234216511844,-0.04695770327227734,0.002744645966260729,einschränkung+en fähr+verkehr
einstellen,88.13708750280337,-0.04430926117330245,-0.025562004495929398,0.02559147980748143,0.0148673310210905,einstellen
fähr+verkehr ein+stell+en,5.681668160701983,0.06434535692353675,0.01834551652481222,-0.04769437378495848,0.0025822263273069064,fähr+verkehr ein+stell+en
der insel,5.570964165150674,0.06569715034566544,0.01885351893827924,-0.04862048167831678,0.002377369139023511,der insel
La…,5.532065092730321,0.06618149972849567,0.01903568399937691,-0.048952694890136254,0.0023037001211401132,La…
insel la…,5.532065092730321,0.06618149972849567,0.01903568399937691,-0.048952694890136254,0.0023037001211401132,insel la…
+1997,5.500645742843002,0.06657636920372549,0.019184252935957956,-0.04922368554762066,0.002243535731353196,+1997
la… +1997,5.500645742843002,0.06657636920372549,0.019184252935957956,-0.04922368554762066,0.002243535731353196,la… +1997
+1997 chars,5.464075676850887,0.06704015235151765,0.01935881652214953,-0.049542143854308406,0.0021727503955386905,+1997 chars
Ausgerechnet,11.726564904114863,0.018015619461159538,-0.0011480176043372945,-0.011914259537812324,0.0046974812495912165,Ausgerechnet
möglich ausgerechnet,9.060839444105898,0.03544267403846601,0.007625616553957488,-0.028273851733985677,0.006714040366848894,möglich ausgerechnet
langen,10.94114604886868,0.020364302329552074,-0.0011283376788556187,-0.011713442703720923,0.0029164532150173102,langen
ausgerechnet lang+en,10.94114604886868,0.020364302329552074,-0.0011283376788556187,-0.011713442703720923,0.0029164532150173102,ausgerechnet lang+en
Feiertagswochenende,10.6709218612163,0.02106046691054173,-0.0012925804616269474,-0.01130450265195797,0.0020837121962108424,Feiertagswochenende
lang+en feiertags+woche+n+ende,10.6709218612163,0.02106046691054173,-0.0012925804616269474,-0.01130450265195797,0.0020837121962108424,lang+en feiertags+woche+n+ende
feiertags+woche+n+ende niedersächsisch+en,9.80491053682752,0.018063304721494863,-0.00746018735740604,0.0009083369600118257,-0.0065627843290137254,feiertags+woche+n+ende niedersächsisch+en
Herbststurm,15.773200155457067,-0.007923594029161643,-0.01617940747979828,0.01844709101764138,-0.005694411197915669,Herbststurm
küste herbst+sturm,9.363977339708814,0.007034921860126893,-0.020612464322445973,0.025756314231541896,-0.021389756276100402,küste herbst+sturm
herbst+sturm erwart+et,15.073842531273606,-0.006330573759650556,-0.0180325642104697,0.019446184122109956,-0.0065008426241469,herbst+sturm erwart+et
folge+n fähr+verkehr,8.872366896308133,-0.013633523399412302,-0.044134042250779396,0.06785639998961843,-0.04717940393620801,folge+n fähr+verkehr
worauf,6.018186417445402,0.039927259784728664,-0.004566424087231542,-0.0024272395577892474,-0.019062747460203342,worauf
fähr+verkehr worauf,6.018186417445402,0.039927259784728664,-0.004566424087231542,-0.0024272395577892474,-0.019062747460203342,fähr+verkehr worauf
Ausflügler,5.942900874320905,0.04314432339238202,-0.0017730476982827006,-0.007752666157865559,-0.01662506712225714,Ausflügler
worauf ausflügler,5.942900874320905,0.04314432339238202,-0.0017730476982827006,-0.007752666157865559,-0.01662506712225714,worauf ausflügler
ausflügler ein+stell+en,5.7585325517355805,0.04972007018977444,0.00366578036536784,-0.01820441740184628,-0.012143443510530188,ausflügler ein+stell+en
sollten,10.891123304075098,0.06526102906747068,-0.013287856629569947,-0.0164134417530625,-0.010812709564115392,sollten
ein+stell+en soll+ten,5.67081952328742,0.052382216591435625,0.00574421637321676,-0.02222200664872258,-0.010558005824459928,ein+stell+en soll+ten
hin+zu+füg+en ausgerechnet,5.288519982965045,0.06036574812264457,0.010830617344569393,-0.03195075193298401,-0.00793431467444207,hin+zu+füg+en ausgerechnet
ha…,4.916751571223319,0.03550583095497581,-0.018802137437807207,0.025588058120751996,-0.04168278139757658,ha…
fähr+verkehr ha…,4.916751571223319,0.03550583095497581,-0.018802137437807207,0.025588058120751996,-0.04168278139757658,fähr+verkehr ha…
+2208,4.884524543330096,0.03935568384627131,-0.015088950976268476,0.018747434728071177,-0.0380885373950074,+2208
ha… +2208,4.884524543330096,0.03935568384627131,-0.015088950976268476,0.018747434728071177,-0.0380885373950074,ha… +2208
+2208 chars,4.850770077225573,0.0430651890677966,-0.01154137065566534,0.01214831350723505,-0.034681961844867076,+2208 chars
Schwere,61.40492777002373,-0.04230428669929791,-0.020000751293755035,0.020285735255562796,0.016117176290049967,Schwere
wetter schwer+e,27.89714815417897,-0.016431426975496672,-0.010986088201006437,0.004730833929313686,0.013187481048509258,wetter schwer+e
sturm+flut sturmbö+en,52.90578984620344,-0.06662796572298368,0.08156715426499485,-0.01235403420498345,-0.01401058760799519,sturm+flut sturmbö+en
sturmbö+en nordseeküste,41.95358035773242,0.18130888003166987,-0.04335793546433515,-0.04253554804160532,-0.037653139908973954,sturmbö+en nordseeküste
nordseeküste erwart+et,41.76074020296245,0.04563646941757973,-0.019296444716163666,-0.006794017843317441,-0.004982647397366471,nordseeküste erwart+et
erwart+et der,15.139376215921352,0.06237945917783146,-0.0008539986309991364,-0.027210125456145068,-0.005457731675771794,erwart+et der
der letzt+en,11.340894641398226,0.043014107778980425,0.03253984226993893,-0.03727613157292024,-0.008153455550609704,der letzt+en
letzt+en tag+en,11.014750856772883,0.03768121391085437,0.04171749204610053,-0.039611500500856454,-0.009661443628745417,letzt+en tag+en
ruhige,15.637828063109364,0.023540056209791563,0.03046406890484669,-0.027196788290560166,-0.006194197580986053,ruhige
tag+en ruhig+e,15.637828063109364,0.023540056209791563,0.03046406890484669,-0.027196788290560166,-0.006194197580986053,tag+en ruhig+e
Herbstwetter,61.652503972226185,-0.04018468182988037,-0.010118666013777389,0.016259723534220786,0.012091194646657822,Herbstwetter
ruhig+e herbst+wetter,15.272728192155832,0.01865614111303258,0.04251027930341163,-0.030687494767210832,-0.009058177994840357,ruhig+e herbst+wetter
herbst+wetter woche+n+ende,14.503098053516407,-0.0011515210731758894,0.10022387920805088,-0.0488847989170016,-0.025609784748187057,herbst+wetter woche+n+ende
woche+n+ende sturmbö+en,16.903601062056676,-0.04885509884226959,0.17493965573294834,-0.06662212227658838,-0.04649639099024628,woche+n+ende sturmbö+en
durcheinandergewirbelt,14.2059937181597,-0.03332273726834595,0.17306121016547335,-0.07199718930549477,-0.04766831607206572,durcheinandergewirbelt
sturmbö+en durcheinander+ge+wirbel+t,14.2059937181597,-0.03332273726834595,0.17306121016547335,-0.07199718930549477,-0.04766831607206572,sturmbö+en durcheinander+ge+wirbel+t
hin+zu+füg+en der,15.062480669316137,0.01775549032492072,0.013198454148679836,-0.019354476774198333,0.0023336186293750837,hin+zu+füg+en der
Fährver…,4.937336310949532,0.056050913834529904,0.09765855606460035,-0.07970418080471355,-0.023176798597716358,Fährver…
auswirkung+en fährver…,4.937336310949532,0.056050913834529904,0.09765855606460035,-0.07970418080471355,-0.023176798597716358,auswirkung+en fährver…
+1604,4.895194827826778,0.05853453746722083,0.09130338299986296,-0.07791453115953671,-0.02113090864550795,+1604
fährver… +1604,4.895194827826778,0.05853453746722083,0.09130338299986296,-0.07791453115953671,-0.02113090864550795,fährver… +1604
+1604 char+s,4.871389558509669,0.05983869684953042,0.08803623871544845,-0.07702027293927631,-0.0200858762775555,+1604 char+s
erwart+et hier,22.507090596943257,0.0255339649990363,-0.010903443511675775,-0.008843228597069187,0.003967872899243134,erwart+et hier
sie schwer+e,15.934526293143593,0.006828188497391334,-0.00273444616377422,-0.009769808890278347,0.010405491538494627,sie schwer+e
Stürmisches,18.71361446901832,0.004082630102907519,-0.0061591103582637995,-0.006174171446022008,0.010385929761651314,Stürmisches
stürmisch+es wetter,43.10320589532934,0.010753988885082732,-0.02490866661757828,0.00570880790821926,0.006177499618703353,stürmisch+es wetter
wetter sturm+flut,172.64930959856963,-0.06640645029630131,-0.028252715107660704,0.03423650650898048,0.01873152434002818,wetter sturm+flut
sorgen,47.8449062097081,0.0059774320822385445,-0.02770711805430702,0.010801523093043759,0.004878363385799678,sorgen
sturm+flut sorg+en,26.166465522220058,-0.01399501386414029,-0.010128477082877452,0.003234852573658391,0.01290347702918241,sturm+flut sorg+en
sorg+en niedersachsen,20.986065631821912,-0.0051741427769222675,-0.007010542070236947,-0.0022262057380022494,0.011861540334695237,sorg+en niedersachsen
Bremen,29.895536106593575,-0.003965304289961827,0.009204362215551626,-0.005497608173155717,0.001894366333336108,Bremen
niedersachsen bremen,24.06101756472453,0.008254671416061673,0.017684808342867196,-0.013884691476942176,-0.002288324420948367,niedersachsen bremen
ungemütliches,23.25833583848542,-0.009121227590701178,-0.0019873848138576298,-0.0020465644340349753,0.009981332595003679,ungemütliches
bremen un+gemütlich+es,14.906805188769678,0.009911942372860567,-0.0016293624925406939,-0.011728912120846839,0.010023481659526377,bremen un+gemütlich+es
un+gemütlich+es woche+n+ende,18.370709345864327,0.00048365898902836527,-0.004999730790866902,-0.005766020465212969,0.011181028020934706,un+gemütlich+es woche+n+ende
Bewohner,11.401374103301922,0.023078157175371164,0.003119397979273347,-0.020188987206735197,0.008351568657624823,Bewohner
urlauber bewohner,11.401374103301922,0.023078157175371164,0.003119397979273347,-0.020188987206735197,0.008351568657624823,urlauber bewohner
bewohner sogar,11.092863374000828,0.02449898322337523,0.0036348804996944152,-0.021111168292889296,0.008166897127828131,bewohner sogar
möglichen,10.78557980870466,0.025969003509069454,0.004168842141733668,-0.02206715957655727,0.007974906871204838,möglichen
sogar möglich+en,10.78557980870466,0.025969003509069454,0.004168842141733668,-0.02206715957655727,0.007974906871204838,sogar möglich+en
möglich+en einschränkung+en,10.509457778486656,0.02733982475115472,0.004667352525350114,-0.02296036070203907,0.007795011881991542,möglich+en einschränkung+en
Fährverkehr…,10.053604543457801,0.029714818664680134,0.005532374066139566,-0.02451178840962223,0.007481335410558908,Fährverkehr…
einschränkung+en fährverkehr…,10.053604543457801,0.029714818664680134,0.005532374066139566,-0.02451178840962223,0.007481335410558908,einschränkung+en fährverkehr…
+1424,6.15492131109791,0.058971778827183484,0.01633208591754081,-0.04402868988739145,0.0033857920994238657,+1424
fährverkehr… +1424,6.15492131109791,0.058971778827183484,0.01633208591754081,-0.04402868988739145,0.0033857920994238657,fährverkehr… +1424
+1424 char+s,6.092652544762191,0.05964406056624852,0.016583464934069286,-0.044485924188668514,0.003286190707946819,+1424 char+s
der vergeh+en+en,8.508953318624512,0.07372927060101404,0.010209704671983648,-0.041616038558574424,-0.004431342930759174,der vergeh+en+en
vergeh+en+en tag+en,8.03318099843817,0.06908608116790475,0.011538270425578598,-0.04146005768210496,-0.0025754691500587024,vergeh+en+en tag+en
woche+n+ende niedersachsen,6.971553538579752,0.04887172759617972,0.07051792050625488,-0.06059077328135705,-0.01672011589300263,woche+n+ende niedersachsen
bremen sturmbö+en,13.988106080395191,-0.011749111763059263,0.08614665383830085,-0.040365401442697874,-0.01642766384239337,bremen sturmbö+en
+1384,6.15492131109791,0.058971778827183484,0.01633208591754081,-0.04402868988739145,0.0033857920994238657,+1384
fährverkehr… +1384,6.15492131109791,0.058971778827183484,0.01633208591754081,-0.04402868988739145,0.0033857920994238657,fährverkehr… +1384
+1384 char+s,6.092652544762191,0.05964406056624852,0.016583464934069286,-0.044485924188668514,0.003286190707946819,+1384 char+s
Hagel,27.873318713106006,0.0035681108757528,-0.014913937210733804,0.0006269544424964365,0.009174239201053355,Hagel
sturm+flut hagel,13.63021970302075,0.014168926425067875,-9.94272558190183e-05,-0.014447363254570893,0.009490374345733698,sturm+flut hagel
Orkantief,37.096135387784805,-0.01550559141680439,-0.00736065319067102,0.009343682775350274,0.0037217957779303343,Orkantief
hagel orkan+tief,12.045225532763087,0.02027548438303534,0.0021043216683352775,-0.01837517224659904,0.008713322882213173,hagel orkan+tief
orkan+tief feg+t,10.64396547710073,0.026665955991574238,0.004422224359102937,-0.022521073115573713,0.007883549301167593,orkan+tief feg+t
110,11.729915107890143,0.043231061025767535,-0.0018383962017693833,-0.023908158251667356,0.003996752813162286,110
feg+t 110,9.303902698252218,0.033962503609973875,0.007083728382521965,-0.02729891099859485,0.006913815978798494,feg+t 110
km/h,9.50306282806012,-0.012209705923455733,0.1579501555401021,-0.07592623169590723,-0.0409383395950726,km/h
110 km/h,9.060839444105898,0.03544267403846601,0.007625616553957488,-0.028273851733985677,0.006714040366848894,110 km/h
km/h norddeutschland,8.562284715184482,0.04497298019222392,0.007501705142727989,-0.031781313969270725,0.004934005433931803,km/h norddeutschland
norddeutschland sturm,24.762533789152943,-0.011853107529319751,-0.009373255825791738,0.001915259778451127,0.012652488024657273,norddeutschland sturm
sturm regen,12.81472985927579,0.08341914701664128,-0.012907578305301077,-0.030979535166225862,-0.005127652086433826,sturm regen
regen hagel,18.170397264207015,0.03264450294126546,-0.011233408194249317,-0.012750314035714949,0.004583349579037938,regen hagel
hagel wer,12.301455210902265,0.1469413200237141,-0.02617355633446613,-0.04702841500975186,-0.019747183500611953,hagel wer
wer norden+-,12.16094394142673,0.20020294672761912,-0.03883745224868318,-0.06095514365354605,-0.033025631854681235,wer norden+-
lebt,11.675576759094486,0.249320302425355,-0.05042336844839254,-0.07532324671708003,-0.04596628644119777,lebt
ostsee leb+t,11.675576759094486,0.249320302425355,-0.05042336844839254,-0.07532324671708003,-0.04596628644119777,ostsee leb+t
stürmischen,13.400114357801467,0.09821550227201538,-0.017405796146441315,-0.033455003031275736,-0.008642625012122322,stürmischen
leb+t stürmisch+en,10.579988138029844,0.13405999089347254,-0.01872211803402148,-0.04727235400745312,-0.016044329479857348,leb+t stürmisch+en
stürmisch+en tag,10.247976150972566,0.1160310060503516,-0.013616632094950423,-0.04366079457071213,-0.011667670750530958,stürmisch+en tag
tag ein+stell+en,10.148352865666507,0.11155303048124705,-0.012304237042303233,-0.04282398302291577,-0.010587376434333938,tag ein+stell+en
besonders windig,9.628560914447446,0.1236279149595906,-0.013405101839718306,-0.04698734953808013,-0.013183841347106793,besonders windig
Orkanartige,15.712142254091463,0.07786985974857606,-0.017167875436121745,-0.025524250470726824,-0.0046689638347276324,Orkanartige
Böen,40.03651246482198,0.05440291542820018,0.003243885620747716,-0.009627090474747463,-0.02608117474721003,Böen
orkan+artig+e böe+n,9.233719944272076,0.27308656211408533,-0.05881813582054634,-0.07413673893314487,-0.0611147136577679,orkan+artig+e böe+n
böe+n teils,5.078494679145467,0.13335761799299156,0.007850951599915586,-0.06765073115461409,-0.012627038522374755,böe+n teils
teils 110,5.023122796339082,0.1291611754518881,0.009279034913944738,-0.0669866943898209,-0.011580865822394674,teils 110
Kilometer,5.006796333678207,0.1280203475612707,0.00967868973668503,-0.06681673561824306,-0.011296060473256275,Kilometer
110 kilo+meter,5.006796333678207,0.1280203475612707,0.00967868973668503,-0.06681673561824306,-0.011296060473256275,110 kilo+meter
pro,10.595775791421838,0.026037220960035752,0.05873635084576801,-0.03579696085187848,-0.021830386854375442,pro
kilo+meter pro,4.967311847468044,0.12542774445320456,0.010608841974318065,-0.06645022581434025,-0.010647802279716656,kilo+meter pro
Stunde,10.766758089825203,0.019635063121099916,0.07262961990313714,-0.03869973049425563,-0.02650615949052078,Stunde
pro stunde,10.766758089825203,0.019635063121099916,0.07262961990313714,-0.03869973049425563,-0.02650615949052078,pro stunde
ziehen,4.925906502293372,0.12294387184953469,0.011533569668120644,-0.06612874263149493,-0.01002488395211574,ziehen
stunde zieh+en,4.925906502293372,0.12294387184953469,0.011533569668120644,-0.06612874263149493,-0.01002488395211574,stunde zieh+en
übe…,8.61385654653636,0.13928743067104157,-0.013233106632415087,-0.053669349288729185,-0.01649050593714125,übe…
zieh+en übe…,4.901089062560019,0.12142828018300506,0.012441004691859912,-0.06606668324366817,-0.009775419775085586,zieh+en übe…
+2034,4.880568871034404,0.12018669296747012,0.013313428655165783,-0.06606808408677366,-0.00961881691673134,+2034
übe… +2034,4.880568871034404,0.12018669296747012,0.013313428655165783,-0.06606808408677366,-0.00961881691673134,übe… +2034
+2034 chars,4.8605503703167345,0.1190234995841621,0.014159044146894667,-0.06608439761852006,-0.009479480367171318,+2034 chars
böe+n 100,7.63527349163518,0.024925872873502248,0.05808055112559267,-0.038858887588176856,-0.01663068263077298,böe+n 100
Kilometern,7.759411217182934,0.021899541123840464,0.06329270848044569,-0.039350104972681745,-0.018693795766942575,Kilometern
100 kilo+meter+n,7.759411217182934,0.021899541123840464,0.06329270848044569,-0.039350104972681745,-0.018693795766942575,100 kilo+meter+n
kilo+meter+n pro,8.171500465851718,0.009693598835066205,0.08793329665121745,-0.04346552021638294,-0.02803021857791239,kilo+meter+n pro
stunde sturm+tief,8.97285519667039,-0.033372860258108566,0.19537861832870979,-0.07492668193917583,-0.06751216156344152,stunde sturm+tief
sturm+tief feg+t,17.931200954376266,-0.0463193451133496,0.10249539441724222,-0.017535183332550372,-0.039294175204901104,sturm+tief feg+t
deutschland verletz+t+e,17.964898417536038,-0.057399255868484544,-0.05893240220671195,0.09778853988237134,-0.05085752008322826,deutschland verletz+t+e
verletz+t+e fähr+ausfall+e,20.858553986323344,-0.04497769484915867,-0.0481082964180789,0.0722508225469979,-0.030188416045473523,verletz+t+e fähr+ausfall+e
küste erreich+t,11.549808636576845,0.02241315352571826,0.0028783366578330467,-0.019757983990918805,0.008437704416461078,küste erreich+t
doch bislang,8.550889194843322,0.03873536376110268,0.008833488724823929,-0.03044953038717474,0.006265789016027762,doch bislang
stürmischer,11.984373767587327,0.05520386913124009,0.004934905724190255,-0.022194825490176453,-0.011815944835667858,stürmischer
bislang stürmisch+er,8.102790838396903,0.038108206825473515,0.00608079660056927,-0.024718467287277293,0.001812775164510624,bislang stürmisch+er
stürmisch+er tag,7.766719581079117,0.034703429792798536,0.006552360676318983,-0.01795751468588442,-0.004886045442475609,stürmisch+er tag
Buche,7.5977941936863695,0.02984666418757969,0.010344762922045322,-0.01262519610404501,-0.01170989131669557,Buche
buch+e steh+en,7.4944505383424485,0.02498051745217438,0.012673476693556151,-0.006858371930475408,-0.017951499512301808,buch+e steh+en
steh+en bereits,7.403009974471453,0.017073611338419965,0.014163730881659066,0.003296111317242493,-0.027368692438767966,steh+en bereits
mehrere,33.309347491608875,-0.0344861127661751,-0.016772898195036582,0.025578850273085398,0.0018719513660351186,mehrere
bereits mehrere,7.357993857949809,0.0017999148245009464,0.011403458876792838,0.025003973007041866,-0.04425868623855396,bereits mehrere
Sachschäden,6.933997355653365,-0.004542507815039238,0.0884595572117733,-0.01543681676451366,-0.05568224572798881,Sachschäden
verletz+t+e sachschäden,6.933997355653365,-0.004542507815039238,0.0884595572117733,-0.01543681676451366,-0.05568224572798881,verletz+t+e sachschäden
sturm+tief deutschland,11.163273362699949,-0.020901944967017267,0.08829537792544918,-0.012873486094022096,-0.04818531668375171,sturm+tief deutschland
hinweggefegt,11.016863588478884,-0.007634806738783926,0.05581606798348466,-0.002586998048709098,-0.04030486092272278,hinweggefegt
deutschland hinweg+ge+feg+t,11.016863588478884,-0.007634806738783926,0.05581606798348466,-0.002586998048709098,-0.04030486092272278,deutschland hinweg+ge+feg+t
hinweg+ge+feg+t mehrere+n,11.33362884883886,0.004832714549985915,0.00965818497434287,0.018716012621060856,-0.036116839219231096,hinweg+ge+feg+t mehrere+n
bund+es+land+ern schaden,12.771921777272961,-0.041657581774687216,-0.07492955784744193,0.12228360446382659,-0.08544378591374575,bund+es+land+ern schaden
schaden an+ge+richt+et,13.704035368408135,-0.08211057294790476,-0.024932853947526378,0.13767841321323734,-0.12771996019142,schaden an+ge+richt+et
Mindestens,21.578339779944322,-0.05263403252221788,-0.0010482844175039488,0.07031772580550233,-0.06247511341398935,Mindestens
mindestens zwei,13.477348347303607,0.04723254033883492,-0.018660708711514696,-0.00430178157339023,-0.00978866506590434,mindestens zwei
zwei mensch+en,33.560394724033294,-0.005300052371275158,-0.00512924644093237,0.005242858171986367,0.0008177456911488333,zwei mensch+en
mensch+en werd+en,21.9578648126888,0.029266308322591514,-0.017121410384215142,-0.005572260590799731,0.002448170454064137,mensch+en werd+en
werd+en verletz+t,19.470464779462883,0.055427278485553545,-0.017651099466716433,-0.016457341394686402,-0.0005199155933690344,werd+en verletz+t
nordseeküste geb,20.14734599340946,0.02929799121019104,-0.013003329625602814,-0.010165563040065528,0.004924972302963084,nordseeküste geb
geb sonntag,24.15276024498015,-0.010871131423951146,-0.009026616463118678,0.00130889161655978,0.012536998363329686,geb sonntag
sonntag sturm+flut,208.1818116955558,-0.0697931390370225,-0.02940136121027914,0.036155767644461705,0.019091612322394473,sonntag sturm+flut
+4112,13.63021970302075,0.014168926425067875,-9.94272558190183e-05,-0.014447363254570893,0.009490374345733698,+4112
sturm+flut +4112,13.63021970302075,0.014168926425067875,-9.94272558190183e-05,-0.014447363254570893,0.009490374345733698,sturm+flut +4112
+4112 chars,12.229855270791823,0.019509278487420692,0.0018272172799001004,-0.017880518339653474,0.008811648745742902,+4112 chars
Experten,46.656313363695915,-0.054418913381947286,-0.015316113155009366,0.014377613685745132,0.02711184707894582,Experten
wetter experte+n,18.251330467708193,0.0007675680990096292,-0.0048985991357631785,-0.005944409889382665,0.011146611819877968,wetter experte+n
experte+n rechn+en,28.807910834661868,-0.017633160305148065,-0.011408529844321412,0.005466729436927217,0.013326991610970453,experte+n rechn+en
rechn+en leicht+en,37.993990903114664,-0.02744264121774648,-0.014843044833903321,0.011424765627829203,0.014452480565906064,rechn+en leicht+en
leicht+en sturm+flut+en,63.535647094654934,-0.043263497692160306,-0.020331793545567918,0.02085082033626775,0.016223117617321443,leicht+en sturm+flut+en
sturm+flut+en küste,46.491113509641075,-0.03594659462083615,-0.01910679332693585,0.019049847773141844,0.01318678889522113,sturm+flut+en küste
küste norderney,11.87095380176549,0.021013544345148936,0.00237140937551657,-0.01885214868303741,0.008618378526014952,küste norderney
norderney lni,14.615021676160534,0.010840300702510002,-0.0012961547502746181,-0.012320366201319146,0.009907801217343724,norderney lni
lni der,18.697013096800706,-0.0002798397163871432,-0.005271588582365038,-0.005286649670123342,0.011273451537549663,lni der
der sturm+flut+en,44.516702126208074,-0.0326376712220159,-0.016652145112430686,0.014544839573020588,0.015039582684725487,der sturm+flut+en
sturm+flut+en woche+n+ende,23.076792381065303,-0.009054200092063442,-0.008384567359971626,0.00018463829644364902,0.012322595781313296,sturm+flut+en woche+n+ende
woche+n+ende nordseeküste,18.551346998484373,0.21639481003619485,-0.05420134683815367,-0.05669598274690114,-0.03885875448082789,woche+n+ende nordseeküste
nordseeküste soll+en,15.96374048834249,0.08986721070554896,-0.020203073248573858,-0.027961583280702286,-0.007414031304115755,nordseeküste soll+en
schwächer,14.50345249317181,0.06388050077396959,-0.012060626331418836,-0.02396863871871847,-0.001285788085897862,schwächer
soll+en schwach+er,14.50345249317181,0.06388050077396959,-0.012060626331418836,-0.02396863871871847,-0.001285788085897862,soll+en schwach+er
ausfallen,14.793553322879278,-0.02342077997062848,-0.004328532966464638,0.06966280475413165,-0.07768876049379239,ausfallen
schwach+er aus+fall+en,13.676220276629678,0.05511214116248782,-0.008622348714562895,-0.02322406890999922,0.0008441606393239582,schwach+er aus+fall+en
aus+fall+en bisher,12.772582029846298,0.0487199367149953,-0.005397852037155534,-0.023255891672727857,0.0024860801532133486,aus+fall+en bisher
bisher erwart+et,12.398812187425186,0.046848491178079384,-0.004173645556624076,-0.023484432326619144,0.0030038563490219607,bisher erwart+et
Niedersächsische,11.762646316307482,0.044537960956779934,-0.0021903848235117172,-0.024132294134481844,0.003706992302326068,Niedersächsische
der niedersächsisch+e,11.762646316307482,0.044537960956779934,-0.0021903848235117172,-0.024132294134481844,0.003706992302326068,der niedersächsisch+e
niedersächsisch+e kopier+e,6.905407134891899,0.06985750779345234,0.009724464740167025,-0.043129047166478196,0.0004879199450018582,niedersächsisch+e kopier+e
hin+zu+füg+en orkan+artig+e,6.300878828879656,0.1669996017846197,-0.0087840290299452,-0.06926450435718885,-0.021789600641718452,hin+zu+füg+en orkan+artig+e
böe+n sorg+en,6.247673217028039,0.24212691517503318,-0.027317241730844623,-0.08973878511294947,-0.041284647026332805,böe+n sorg+en
sorg+en nordsee,6.542241571084974,0.45515096348673684,-0.09370327279993305,-0.15760376168704823,-0.10840425495240297,sorg+en nordsee
windiges,6.059876130201701,0.26910048797936437,-0.03333161768041549,-0.09842489504968151,-0.04862470575282456,windiges
nordsee windig+es,6.059876130201701,0.26910048797936437,-0.03333161768041549,-0.09842489504968151,-0.04862470575282456,nordsee windig+es
windig+es wetter,5.913838139858974,0.22409414289411367,-0.020456563523759602,-0.08640361584592214,-0.03617372743490384,windig+es wetter
laut aktuell+en,5.725006186169079,0.1811839751421381,-0.008421972427833104,-0.07589597304442895,-0.02489812222708854,laut aktuell+en
aktuell+en prognose+n,5.637188595388782,0.1664207529834074,-0.004236213501715665,-0.0725608844616252,-0.021135500423295626,aktuell+en prognose+n
jedoch,5.5020145269609575,0.1486226193799812,0.0009593432378318187,-0.06881743340756453,-0.01666274762202321,jedoch
prognose+n jedoch,5.5020145269609575,0.1486226193799812,0.0009593432378318187,-0.06881743340756453,-0.01666274762202321,prognose+n jedoch
jedoch leicht+e,5.429453235268535,0.1410279939790475,0.003271616477579598,-0.06734700181177225,-0.014769803733052493,jedoch leicht+e
leicht+e überschwemmung+en,5.380325968916693,0.136517816256791,0.004688418725494655,-0.0665225372083759,-0.013648179531941824,leicht+e überschwemmung+en
geben,12.835596815724696,0.04209055936633177,-0.004436759683375717,-0.0219969248148943,0.004490768415405357,geben
überschwemmung+en geb+en,5.2842497974596725,0.1289418563255068,0.007173731029785644,-0.06524452444127413,-0.011764828759838456,überschwemmung+en geb+en
+1153,5.207252604897808,0.12387568049626066,0.008940943446304516,-0.06448921917091514,-0.010502498396731551,+1153
der +1153,5.207252604897808,0.12387568049626066,0.008940943446304516,-0.06448921917091514,-0.010502498396731551,der +1153
+1153 char+s,5.17819239830227,0.12216374521639864,0.00956436704980655,-0.0642576069393992,-0.010074649970647337,+1153 char+s
sie experte+n,10.756657879422269,0.02611031822839331,0.004220206419084988,-0.02215916079815174,0.007956400535550464,sie experte+n
Landesbetrieb,6.902554819102221,0.06798519912917415,0.010137605483131326,-0.04271590642351382,0.0009010606879662407,Landesbetrieb
niedersächsisch+e land+es+betrieb,6.902554819102221,0.06798519912917415,0.010137605483131326,-0.04271590642351382,0.0009010606879662407,niedersächsisch+e land+es+betrieb
Wasserwirtschaft,6.609101195518003,0.06800747162775873,0.011732449155753461,-0.043966941325741485,0.0010914294815347202,Wasserwirtschaft
land+es+betrieb wasser+wirtschaft,6.609101195518003,0.06800747162775873,0.011732449155753461,-0.043966941325741485,0.0010914294815347202,land+es+betrieb wasser+wirtschaft
Küsten-,6.365093998838826,0.068444927881388,0.013052084535844593,-0.045167352365470766,0.0011655400006163144,Küsten-
wasser+wirtschaft küste+n+-,6.365093998838826,0.068444927881388,0.013052084535844593,-0.045167352365470766,0.0011655400006163144,wasser+wirtschaft küste+n+-
Naturschutz,6.223437294672589,0.06886658497390714,0.013820205023621366,-0.0459321023241863,0.001175174723283067,Naturschutz
küste+n+- natur+schutz,6.223437294672589,0.06886658497390714,0.013820205023621366,-0.0459321023241863,0.001175174723283067,küste+n+- natur+schutz
NLWKN,6.085259126892892,0.06939407645117288,0.014573408006249778,-0.04672719879633906,0.0011615790987447652,NLWKN
natur+schutz nlwkn,6.085259126892892,0.06939407645117288,0.014573408006249778,-0.04672719879633906,0.0011615790987447652,natur+schutz nlwkn
nlwkn warn+t,6.016528431762408,0.06969877686203471,0.01495012192586158,-0.047141106506289485,0.0011464703355730634,nlwkn warn+t
+998,5.93329869572538,0.07010519837988416,0.015408601193852343,-0.04765902327059929,0.0011208094606423172,+998
warn+t +998,5.93329869572538,0.07010519837988416,0.015408601193852343,-0.04765902327059929,0.0011208094606423172,warn+t +998
+998 chars,5.889347895869983,0.0703363292039141,0.01565186131776383,-0.047939999059395264,0.0011040157884571688,+998 chars
wetter sturm+tief,23.90950528527287,-0.10979324843841153,0.23068997604690064,-0.039916894350940306,-0.10437619027185048,wetter sturm+tief
Europa,28.457830206761482,-0.010872787444274981,0.004470007983597563,-0.008195674427125245,0.013555092878145334,Europa
sturm+tief europa,19.92052402832968,0.015161264796912162,0.007766940578125866,-0.013836713861070144,0.0015661049782921142,sturm+tief europa
europa nordsee,28.437052750130402,0.07468856506658025,-0.030154590413812635,-0.014437668283492505,-0.005981021164296856,europa nordsee
nordsee sturm+flut,63.535647094654934,-0.043263497692160306,-0.020331793545567918,0.02085082033626775,0.016223117617321443,nordsee sturm+flut
Flugzeuge,23.920962151136344,-0.010489038719938493,-0.008891668578392267,0.0010727142208885377,0.012491987912950111,Flugzeuge
erwart+et flugzeug+e,21.350666053028625,-0.005887384759539069,-0.007263419853575802,-0.0017820168686431728,0.01194662685286979,erwart+et flugzeug+e
bleiben,56.8018244924275,-0.03898939405238148,-0.015100766107692475,0.020406895963172317,0.010026391013404261,bleiben
flugzeug+e bleib+en,21.032032976486274,-0.005264981655606049,-0.007042756284797264,-0.0021696080510456538,0.011872385503826802,flugzeug+e bleib+en
bleib+en boden,19.031106593637983,-0.0010431806300601194,-0.005543231465427254,-0.0048079035637550276,0.011365668288027004,bleib+en boden
boden fähre+n,18.094526571758834,0.0011443085965078834,-0.0047643658619826584,-0.006181240507305088,0.011100901712673798,boden fähre+n
Hafen,32.15043773733141,-0.021638902223924728,-0.012813979373192199,0.007910243838642103,0.013789387897935407,Hafen
fähre+n hafen,17.03238407767589,0.0038176257314348214,-0.0038107395731321668,-0.007865442351211739,0.010775195950889912,fähre+n hafen
Stürme,26.459076022471677,-0.018762543980629952,0.03222112639304348,-0.021370276079278182,0.011768072556678989,Stürme
sturm+e etwa,17.75562562465883,0.0019738058611125124,-0.004468677581292318,-0.006703138756391539,0.011000093956336771,sturm+e etwa
Großbritannien,24.25492845216798,-0.008013266478748539,-0.0029734336617169618,-0.0016312764183382363,0.009572096006846973,Großbritannien
etwa großbritannien,17.34506480443386,0.0030077646083016964,-0.004099841044323563,-0.007354546707992067,0.010874118495212545,etwa großbritannien
Norwegen,44.33492206507287,-0.032540209416373866,-0.0119041072123415,0.013396223705536508,0.012629364250568905,Norwegen
großbritannien norwegen,20.436512667438723,0.0003484053279341805,-0.0074912440872188,-0.0038265654657285886,0.010837983402611525,großbritannien norwegen
Niederlanden,29.63185925443211,-0.028358785582336336,0.027673218024887734,-0.004733728148381489,0.0004964619431966003,Niederlanden
norwegen niederlanden,19.23278683248879,0.001269042330445874,-0.0031687861693686934,-0.006217452800258516,0.00976305894269814,norwegen niederlanden
schwer,18.474316851680246,0.001650071365229709,0.0009342757700737988,-0.008205382084631466,0.008673339589703281,schwer
niederlanden schwer,18.474316851680246,0.001650071365229709,0.0009342757700737988,-0.008205382084631466,0.008673339589703281,niederlanden schwer
schwer schaff+en,17.963887046764942,0.0017657203720877652,0.004500191151043393,-0.009817918359830783,0.007699708816399482,schwer schaff+en
auch norden,12.486810706216144,0.011855480305001994,0.025652894900329785,-0.024394288811271068,0.0019396316977461864,auch norden
norden deutschland+s,52.065059332463846,-0.014094509173975958,-0.00350892705115715,0.010040995347379723,-0.0012396078753968047,norden deutschland+s
deutschland+s geb+t,9.86144631375058,0.01572761690261222,0.05985482340987759,-0.0416664603515718,-0.008674241566652231,deutschland+s geb+t
geb+t auswirkung+en,9.76011856856115,0.011554957588997296,0.07629977998581297,-0.04723416664046756,-0.013801759890779162,geb+t auswirkung+en
derzeit,6.1106591354913355,0.0037649352105672902,0.13799442728488612,-0.05570592194230653,-0.05696999195551757,derzeit
feg+t derzeit,6.011822955781917,0.020071557740418723,0.15430104981473725,-0.09046355872252318,-0.04066336942566625,feg+t derzeit
Nordwesteuropa,5.837121531755631,0.03380750882446609,0.11761588934977345,-0.0786710306061282,-0.028255489771731097,Nordwesteuropa
derzeit nordwest+europa,5.837121531755631,0.03380750882446609,0.11761588934977345,-0.0786710306061282,-0.028255489771731097,derzeit nordwest+europa
hinweg,15.47295694498879,-0.027467969752823448,0.06842199532690366,0.01754286625962376,-0.06661015350266959,hinweg
nordwest+europa hinweg,5.689936790016246,0.0423718598807508,0.09564584840024302,-0.07222013412300644,-0.02113541317582786,nordwest+europa hinweg
hinweg bring+t,5.599768647602079,0.04662932390912182,0.08535246280874109,-0.06943347766399904,-0.01788306531255036,hinweg bring+t
teilweise,5.54756231732859,0.048833903386674156,0.08026366950491229,-0.06813288006606291,-0.016296250578826176,teilweise
bring+t teilweise,5.54756231732859,0.048833903386674156,0.08026366950491229,-0.06813288006606291,-0.016296250578826176,bring+t teilweise
teilweise verkehr,5.4522547810518605,0.05246868943212768,0.07232150759441555,-0.06623705218524742,-0.013849847618204875,teilweise verkehr
Erliegen,5.3782443590072635,0.055011939673712935,0.06715098114320721,-0.06511657684765168,-0.012278916696276811,Erliegen
verkehr erlieg+en,5.3782443590072635,0.055011939673712935,0.06715098114320721,-0.06511657684765168,-0.012278916696276811,verkehr erlieg+en
während großbritannien,5.261867234179752,0.05863777552609392,0.060414243837864014,-0.0638451559781721,-0.010262107482785972,während großbritannien
Irland,5.182197804782752,0.060917527680610074,0.05659629200909977,-0.06325503176519491,-0.009137085207116135,Irland
großbritannien irland,5.182197804782752,0.060917527680610074,0.05659629200909977,-0.06325503176519491,-0.009137085207116135,großbritannien irland
irland niederlanden,5.1132933553815905,0.0627868114050069,0.053719970314011864,-0.06289615976113,-0.008300069991239436,irland niederlanden
niederlanden bereits,5.057486144831521,0.06424369276625076,0.05164052514669015,-0.06269539200943398,-0.007701675602858511,niederlanden bereits
Stromausfälle,20.187730701030624,-0.015892015360214683,0.03518643943570583,-0.013105810031359485,-0.002968491728285348,Stromausfälle
bereits strom+ausfall+e,5.024759709172119,0.06507767678820406,0.05051458373147444,-0.06261157280315507,-0.007380396137256906,bereits strom+ausfall+e
Flugausfälle,10.559929723343593,0.021646071837420164,0.024529685146282183,-0.02873779088656689,0.0020439508858190276,Flugausfälle
strom+ausfall+e flug+ausfall+e,4.966397033263252,0.0665326598211366,0.048662441516207584,-0.06251921150570827,-0.006856718412312175,strom+ausfall+e flug+ausfall+e
Ver…,4.904511548585296,0.06803670600381256,0.04689665169805004,-0.0624948298198944,-0.006363992822938248,Ver…
flug+ausfall+e ver…,4.904511548585296,0.06803670600381256,0.04689665169805004,-0.0624948298198944,-0.006363992822938248,flug+ausfall+e ver…
+3562,4.884164017210597,0.06843101270463924,0.04669137643386622,-0.06260738339938193,-0.006316119930799462,+3562
ver… +3562,4.884164017210597,0.06843101270463924,0.04669137643386622,-0.06260738339938193,-0.006316119930799462,ver… +3562
+3562 char+s,4.864385647830092,0.06879088327247551,0.046583447184901275,-0.06274672675258249,-0.006297459582539979,+3562 char+s
unwetter woche+n+ende,13.930402440832912,0.013120611546496245,-0.0004766644653592025,-0.013776419666532475,0.009622292245438428,unwetter woche+n+ende
woche+n+ende sturm+flut+-+warnung,24.762533789152943,-0.011853107529319751,-0.009373255825791738,0.001915259778451127,0.012652488024657273,woche+n+ende sturm+flut+-+warnung
sturm+flut+-+warnung nordseeküste,12.508613702365862,0.1715726741625421,-0.035644821438643254,-0.05612431535357771,-0.019267398851657628,sturm+flut+-+warnung nordseeküste
nordseeküste schwer+e,15.934526293143593,0.006828188497391334,-0.00273444616377422,-0.009769808890278347,0.010405491538494627,nordseeküste schwer+e
nordseeküste woche+n+ende,13.930402440832912,0.013120611546496245,-0.0004766644653592025,-0.013776419666532475,0.009622292245438428,nordseeküste woche+n+ende
woche+n+ende droh+t,9.026205750189462,0.045635155666989176,-0.02189647987266099,0.018998201710798676,-0.036977807801291694,woche+n+ende droh+t
droh+t hochwasser,9.019164533652146,0.009725059004951906,-0.05312962368078862,0.07632448317410147,-0.06770167974194391,droh+t hochwasser
hochwasser meter,8.012822329191959,0.03290204199280926,-0.022062007401478703,0.02480803565625902,-0.03608121027760079,hochwasser meter
normal fähr+verbindung+en,8.43407511357908,-0.024796746246453713,-0.06266940625186926,0.0971502911030622,-0.06781850609577228,normal fähr+verbindung+en
fähr+verbindung+en insel+n,8.871929052856382,0.027941261390007247,-0.0009602154065983481,-0.011246256445621636,-0.0027318057501497235,fähr+verbindung+en insel+n
insel+n brech+en,9.22186072754781,0.030064940205657597,0.0027085009090832557,-0.018588946348995227,0.0021613024595387113,insel+n brech+en
norderney niedersachsen,11.401374103301924,0.023078157175371164,0.0031193979792731256,-0.02018898720673497,0.008351568657625041,norderney niedersachsen
niedersachsen der,15.009048932039201,0.009592435730851502,-0.0017439839747110336,-0.011525534086341296,0.010063221283636058,niedersachsen der
Herbstes,13.63021970302075,0.014168926425067875,-9.94272558190183e-05,-0.014447363254570893,0.009490374345733698,Herbstes
sturm+flut herbst+es,13.63021970302075,0.014168926425067875,-9.94272558190183e-05,-0.014447363254570893,0.009490374345733698,sturm+flut herbst+es
herbst+es komm+t,11.716659252738664,0.020823156573280818,0.005788424015411407,-0.02021504690254293,0.007624239534265165,herbst+es komm+t
Dreierpack,10.654095106741156,0.01604335402483152,0.04273063396327677,-0.034037096082707684,-0.0033509667102130454,Dreierpack
komm+t dreierpack,10.654095106741156,0.01604335402483152,0.04273063396327677,-0.034037096082707684,-0.0033509667102130454,komm+t dreierpack
sturm+tief detlef,38.197295633533926,-0.05634635406791994,0.07856391677953756,-0.01280063993065986,-0.01690685279323341,sturm+tief detlef
detlef sorg+t,8.694046036432724,0.02522747832175875,0.0622911769680543,-0.04705268119761998,-0.010337361794417221,detlef sorg+t
sorg+t woche+n+ende,8.311892783077623,0.048228903993230585,0.0462992844611949,-0.04814788908310193,-0.01008051360155931,sorg+t woche+n+ende
woche+n+ende heftig+e,7.841651340945109,0.08901846163230083,0.028269049056465118,-0.054494668004442214,-0.014487602953136334,woche+n+ende heftig+e
heftig+e böe+n,7.654426668983794,0.11590395817473141,0.019421673874296448,-0.06005330967318757,-0.019136053850081592,heftig+e böe+n
Dauerregen,7.541447491357891,0.1411075260484772,0.011969738449301064,-0.06575667347210969,-0.024202819649219113,Dauerregen
böe+n dauer+regen,7.541447491357891,0.1411075260484772,0.011969738449301064,-0.06575667347210969,-0.024202819649219113,böe+n dauer+regen
hohe,50.844105785003535,0.08227275540043556,-0.07150908575798316,0.033263191270687595,-0.04144327701824955,hohe
dauer+regen hoch+e,7.426835047309201,0.2606460241745031,-0.021556119099763894,-0.09657248989620693,-0.05357116287320141,dauer+regen hoch+e
hoch+e pegel,7.587906972732132,0.3776271667918652,-0.05750936625463404,-0.13197620356848913,-0.08853166022604286,hoch+e pegel
Für,49.4574678150891,0.049405930016733726,-0.029652837002779712,0.006070781442499367,-0.015783196098931255,Für
für niedersachsen,7.033328156552926,0.2167479681351155,-0.011007413383445621,-0.08466753190829235,-0.04030634177158359,für niedersachsen
+3335,6.367655490364042,0.1284114070703599,0.009989542141434488,-0.06319689995497083,-0.0162781607964242,+3335
bremen +3335,6.367655490364042,0.1284114070703599,0.009989542141434488,-0.06319689995497083,-0.0162781607964242,bremen +3335
+3335 chars,6.290016094484132,0.12318457741372699,0.01117641028439371,-0.06210868941527255,-0.014816058940625031,+3335 chars
wetter bund+es+amt,29.30417738066395,-0.018266598748187795,-0.011631050853202317,0.005854096320174514,0.013400379164601442,wetter bund+es+amt
bund+es+amt warn+t,57.36185628539192,-0.04035197942984203,-0.01932628629621238,0.019133053400978758,0.015901017345032565,bund+es+amt warn+t
hamburg der,12.285848369846951,0.041203527645240025,-0.0027407280044049625,-0.022448463623958758,0.004243703461437713,hamburg der
nordseeküste sonntag,48.02095775502674,-0.035018958015369056,-0.017479164966049187,0.015966868805372098,0.015306775941035147,nordseeküste sonntag
sturm+flut ein+stell+en,77.38139169756558,-0.0485713024353002,-0.0221596285178965,0.023962839263547874,0.01680631876636794,sturm+flut ein+stell+en
Betroffen,63.422073006617765,-0.04321349066064566,-0.020314540628407905,0.020821380846906747,0.01621759874660174,Betroffen
betreff+en sei,38.044166181277745,-0.027487146447403073,-0.014858571730479603,0.011451598528833132,0.014457535403966453,betreff+en sei
sei fluss+e,32.801707441181996,-0.022354123117893025,-0.013064490142100479,0.00834500150714976,0.013871532784984684,sei fluss+e
fluss+e elbe,38.15380602303396,-0.02758411978670172,-0.014892401881537991,0.011510059072406946,0.014468547951101796,fluss+e elbe
Weser,42.349532233923476,-0.029853844619355648,-0.016320838898299828,0.01334997321726278,0.014628701618248982,Weser
elbe weser,42.349532233923476,-0.029853844619355648,-0.016320838898299828,0.01334997321726278,0.014628701618248982,elbe weser
Ems,39.37323082563671,-0.020568910105438036,-0.01682133610373664,0.010533181975645086,0.01300225234741125,Ems
weser ems,39.37323082563671,-0.020568910105438036,-0.01682133610373664,0.010533181975645086,0.01300225234741125,weser ems
teilte,31.954456182279447,-0.021419830052618296,-0.012737221907821034,0.0077769848761877905,0.01376420215143012,teilte
ems teil+te,27.300124757375624,-0.015614547427055583,-0.010698720148257746,0.00422986119537557,0.013092434701677933,ems teil+te
teil+te kopier+e,7.685558299654126,0.04170835678769332,0.007715277430307225,-0.027736638989261823,0.0018639170770715797,teil+te kopier+e
hin+zu+füg+en orkanbö+en,8.054880434186783,0.033097276338729734,-0.03557891778581829,0.036702923375204886,-0.04131633339005256,hin+zu+füg+en orkanbö+en
orkanbö+en fähr+ausfall+e,24.869131220785896,-0.06189316987115221,-0.07418244691288887,0.10957065207004428,-0.0533024352328599,orkanbö+en fähr+ausfall+e
fähr+ausfall+e hochwasser,23.150941045345327,-0.04129956189017868,-0.08935428585256452,0.12000049960666904,-0.07016683526714776,fähr+ausfall+e hochwasser
hochwasser deutsch+en,22.708814227635006,0.07979730392652777,-0.04710689832747476,0.009804240505203884,-0.027465623910383912,hochwasser deutsch+en
nordseeküste droh+t,36.35999298367244,0.00606172284236258,-0.020622553342423664,0.004012882012869928,0.00787996212422748,nordseeküste droh+t
droh+t sonntag,43.363309211223,-0.03179729909582043,-0.016359950593851296,0.014041774654055093,0.014945005341930146,droh+t sonntag
Welche,33.72426423917789,-0.018541813666945163,-0.020392576110887222,0.016527480076481,0.006883513373168161,Welche
welche ort+e,26.219591240217518,-0.006485876589549501,-0.01720400020757427,0.009651008457722906,0.005735507718112386,welche ort+e
ort+e besonders,24.625016204130283,-0.002831521004806236,-0.015688010377300422,0.006632495678644736,0.00611493974115904,ort+e besonders
deutsc…,8.89464253577544,0.036486871588624,0.008008301249305348,-0.028962787362986055,0.0065724669526650336,deutsc…
der deutsc…,8.89464253577544,0.036486871588624,0.008008301249305348,-0.028962787362986055,0.0065724669526650336,der deutsc…
+1902,8.462319972132253,0.03933520129586779,0.009053891835936818,-0.030846901497323127,0.0061835493793015815,+1902
deutsc… +1902,8.462319972132253,0.03933520129586779,0.009053891835936818,-0.030846901497323127,0.0061835493793015815,deutsc… +1902
+1902 char+s,8.217950513737712,0.04103672075098139,0.00967970525501752,-0.03197581011376702,0.005949275585939536,+1902 char+s
sturm+flut hier,15.009048932039201,0.009592435730851502,-0.0017439839747110336,-0.011525534086341296,0.010063221283636058,sturm+flut hier
sie bund+es+amt,12.229855270791823,0.019509278487420692,0.0018272172799001004,-0.017880518339653474,0.008811648745742902,sie bund+es+amt
teil+te bund+es+amt,21.541721462896916,-0.0062546154086157634,-0.007393567332315551,-0.001553494382307748,0.01199037636970848,teil+te bund+es+amt
+1753,6.491179098400016,0.05550376892992549,0.015037674075920033,-0.0416762591294588,0.003895431733236635,+1753
+1753 chars,6.411879173290509,0.05629799307722789,0.015333767206861542,-0.0422140764196531,0.003779328094377249,+1753 chars
sturm+flut orkanbö+en,15.009048932039201,0.009592435730851502,-0.0017439839747110336,-0.011525534086341296,0.010063221283636058,sturm+flut orkanbö+en
+1805,6.491179098400016,0.05550376892992549,0.015037674075920033,-0.0416762591294588,0.003895431733236635,+1805
+1805 chars,6.411879173290509,0.05629799307722789,0.015333767206861542,-0.0422140764196531,0.003779328094377249,+1805 chars
deutschland+s bund+es+amt,12.229855270791823,0.019509278487420692,0.0018272172799001004,-0.017880518339653474,0.008811648745742902,deutschland+s bund+es+amt
Pegelstände,70.85215138650855,0.2518941323534926,-0.08939478486004374,-0.04716904959007204,-0.052331061087328164,Pegelstände
sturm+flut pegel+stand+e,15.333668076961688,0.10771694861171281,-0.023141641314896336,-0.03292319142652645,-0.01133443605654892,sturm+flut pegel+stand+e
zweieinhalb,10.474069167843515,0.046725965299035124,0.0007782699312818305,-0.027249729487306598,0.003710746210022289,zweieinhalb
pegel+stand+e zweieinhalb,10.474069167843515,0.046725965299035124,0.0007782699312818305,-0.027249729487306598,0.003710746210022289,pegel+stand+e zweieinhalb
Metern,19.717960563178828,0.05757956839564397,-0.022291130653726062,-0.011111190785122705,-0.004994821948399631,Metern
zweieinhalb meter+n,9.543635017725462,0.08519136313051395,-0.00454576694742127,-0.03812801464578295,-0.004324506454809698,zweieinhalb meter+n
meter+n der,9.34245022165048,0.11409982788044683,-0.010283221818247399,-0.04543759354877555,-0.010830420267792023,meter+n der
der deutsch+en,9.624928870523608,0.12202762213056279,-0.013027815019771846,-0.04661006271813359,-0.012806554527160285,der deutsch+en
sturm+flut fluss+e,12.229855270791823,0.019509278487420692,0.0018272172799001004,-0.017880518339653474,0.008811648745742902,sturm+flut fluss+e
ems betreff+en,9.00401891531255,0.03579665659309067,0.007755308853256779,-0.0285072935175494,0.006666106716359385,ems betreff+en
Fährbetrieb,8.316000019539878,0.05165096885153233,0.007080404273612999,-0.03400574492271536,0.00362912855725193,Fährbetrieb
der fähr+betrieb,8.316000019539878,0.05165096885153233,0.007080404273612999,-0.03400574492271536,0.00362912855725193,der fähr+betrieb
fähr+betrieb vielerorts,7.9120995176275475,0.08703038236354695,0.0012174827738780914,-0.04332921771341118,-0.0039316170700248575,fähr+betrieb vielerorts
eingestellt,8.320796360494672,0.09736795616171354,-0.0027574126517863704,-0.044412928020570994,-0.006487842320864558,eingestellt
vielerorts ein+ge+stell+t,8.320796360494672,0.09736795616171354,-0.0027574126517863704,-0.044412928020570994,-0.006487842320864558,vielerorts ein+ge+stell+t
+1642,10.3814722070588,0.027992113438207605,0.004904760385198321,-0.02338596240693969,0.007709115795657284,+1642
+1642 chars,10.235772151470222,0.028748279904220148,0.005180135812114251,-0.023879811655046816,0.007609300051582803,+1642 chars
nennt,12.581828146523447,0.07668157746732941,-0.010928690111782007,-0.02983474943400707,-0.0035543546789296825,nennt
bund+es+amt nenn+t,12.581828146523447,0.07668157746732941,-0.010928690111782007,-0.02983474943400707,-0.0035543546789296825,bund+es+amt nenn+t
nenn+t pegel+stand+e,14.29325161797795,0.1292185318002739,-0.026190497918353484,-0.03949025311952678,-0.016091541207556126,nenn+t pegel+stand+e
pegel+stand+e sturm+flut,24.762533789152943,-0.011853107529319751,-0.009373255825791738,0.001915259778451127,0.012652488024657273,pegel+stand+e sturm+flut
erwart+et ein,10.069321183542643,0.049782964703783406,0.04012646914480387,-0.04371168789887943,-0.011236940595305027,erwart+et ein
aktuelles,16.48950440409852,0.017136921400386106,0.0579544133474273,-0.03555437744260379,-0.015570477301164521,aktuelles
ein aktuell+es,16.48950440409852,0.017136921400386106,0.0579544133474273,-0.03555437744260379,-0.015570477301164521,ein aktuell+es
aktuell+es sturm+tief,15.950323486609946,-0.029705470953932663,0.18921659777246086,-0.07939018967497792,-0.0576377958946046,aktuell+es sturm+tief
sturm+tief sorg+t,18.115907671805765,-0.03513126203028018,0.13840807501020508,-0.0057832202169372645,-0.0986402682148868,sturm+tief sorg+t
starken,12.90152823437268,0.017308799407396533,0.04555801776032882,-0.033300819222412646,-0.007558847396471409,starken
sorg+t stark+en,12.90152823437268,0.017308799407396533,0.04555801776032882,-0.033300819222412646,-0.007558847396471409,sorg+t stark+en
stark+en wind,12.451807591981321,0.01980919686849965,0.038916266928101496,-0.03183061804433664,-0.005239898242893332,stark+en wind
wind norden,12.060191672732618,0.021805430050408272,0.034248806149641826,-0.03096357457295586,-0.003587273050480935,wind norden
morgigen,12.395369242256816,0.013534333364442028,0.02104346557866277,-0.023206710297338767,0.0032815783783024057,morgigen
morgig+en sonntag,12.83099755319707,0.014858255739864885,0.009325796292845278,-0.018795926290640034,0.006722712022097046,morgig+en sonntag
rechnet,24.76606943267967,-0.011858706035217046,-0.0093752313834499,0.0019187143406550961,0.012653145694859716,rechnet
sonntag rechn+et,13.287225852178208,0.015405777323527423,0.0003460599039804718,-0.01524023594777837,0.009334184923426008,sonntag rechn+et
rechn+et bund+es+amt,24.52796941964801,-0.011479262542602961,-0.009241317691882635,0.0016845142246320927,0.012608551914366526,rechn+et bund+es+amt
hydrographie sturm+flut,44.516702126208074,-0.0326376712220159,-0.016652145112430686,0.014544839573020588,0.015039582684725487,hydrographie sturm+flut
betreff+en nordseeküste,10.320787762973392,0.24459224011243763,-0.045428501657389965,-0.07686879499071769,-0.044161015173846456,betreff+en nordseeküste
nordseeküste fluss+e,8.290674739888871,0.0807917458345643,0.026200178233866774,-0.05032702243497823,-0.012119170308848298,nordseeküste fluss+e
Region,9.288222637642404,-0.1017314346217414,0.26820546171508297,-0.020552675366949887,-0.18378537511703222,Region
fluss+e region,7.881263857263836,0.06252750096097529,0.06187204890979414,-0.05953350458562144,-0.01952643953431566,fluss+e region
di…,10.1430481559004,0.029237264430242316,0.0053583024872468675,-0.024199433978611167,0.007544614493676902,di…
betreff+en di…,10.1430481559004,0.029237264430242316,0.0053583024872468675,-0.024199433978611167,0.007544614493676902,betreff+en di…
+1896,9.725014634875885,0.03152079816231963,0.006191289361284293,-0.02569484387599815,0.007241078887730919,+1896
di… +1896,9.725014634875885,0.03152079816231963,0.006191289361284293,-0.02569484387599815,0.007241078887730919,di… +1896
+1896 char+s,9.303902698252218,0.033962503609973875,0.007083728382521965,-0.02729891099859485,0.006913815978798494,+1896 char+s
hin+zu+füg+en flugzeug+e,5.5131078672427725,0.06641935455860712,0.019125170267556318,-0.04911591340033717,0.0022674706349905616,hin+zu+füg+en flugzeug+e
+3657,4.849871790531107,0.07610413189125756,0.022475953763964558,-0.05556151481529559,0.0007297486532868106,+3657
norden +3657,4.849871790531107,0.07610413189125756,0.022475953763964558,-0.05556151481529559,0.0007297486532868106,norden +3657
+3657 chars,4.831201860055907,0.07700661215072575,0.02245226824208468,-0.05590156810298654,0.0005476990670558537,+3657 chars
Vekehrsbehinderungen,5.931346291681667,0.03487191768787868,0.1293405271624777,-0.08392939999734784,-0.0338883942295194,Vekehrsbehinderungen
strom+ausfall+e vekehrsbehinderung+en,5.931346291681667,0.03487191768787868,0.1293405271624777,-0.08392939999734784,-0.0338883942295194,strom+ausfall+e vekehrsbehinderung+en
vekehrsbehinderung+en sturm+tief,6.561123438821914,-0.0365512720666936,0.3122312354893451,-0.15289568833822675,-0.10395658010345915,vekehrsbehinderung+en sturm+tief
detlef feg+t,19.005778212716738,-0.01135581790147194,0.02279031960290423,-0.0075097954438240475,-0.0023460427568133017,detlef feg+t
feg+t norden,6.36989865259936,0.0451585218349472,0.08622260763051315,-0.06732418515584598,-0.020279394940350238,feg+t norden
norden fähre+n,6.427322669236386,0.04878539152585302,0.07317003000718512,-0.06286369639698233,-0.016266564180211298,norden fähre+n
fähre+n fall+en,12.576231029942985,0.016388509751571124,0.023619848987153982,-0.024842935304436042,0.0013238870513833923,fähre+n fall+en
Flüge,21.1408076448922,-0.013520067802046277,0.029205935680433406,-0.012375985307923776,-0.00024592215752834007,Flüge
fall+en flug+e,12.183364248395925,0.02044457867641908,0.018073913980422993,-0.02426716390584856,0.002681995224147452,fall+en flug+e
flug+e ge+streich+en,11.954705978631008,0.02070752974880504,0.024608424428902244,-0.02704099086247898,0.00045903139396673536,flug+e ge+streich+en
Straßen,30.157307943553935,-0.014375134996176729,-0.0011353472825781285,0.0004076938612498099,0.009407447262823007,Straßen
ge+streich+en straße+n,11.876054049783823,0.01964546842562544,0.03721385714617391,-0.031659749902921794,-0.003873371928016785,ge+streich+en straße+n
straße+n ge+sperr+t,11.890452003050342,0.022863966619229025,0.046488451475484735,-0.036211035404517485,-0.008339181168029201,straße+n ge+sperr+t
Europas,30.87680244305013,-0.029268393937316433,0.0757161513242199,-0.0175842473637671,-0.024870249896022576,Europas
norden europa+s,12.736178059411447,0.017631592335102624,0.07712967020762355,-0.04620283130813373,-0.01981797748131704,norden europa+s
europa+s sorg+t,13.303000271628486,0.009795580638503117,0.10470061686457537,-0.054921593192774516,-0.02940295488003733,europa+s sorg+t
sorg+t sturm+tief,14.535931949586063,-0.02774502155184252,0.2177033610120827,-0.09477247849651584,-0.07044807764183492,sorg+t sturm+tief
ungemütliche,14.941741782928874,0.033783550734361255,0.056692596910108056,-0.040977611810844736,-0.018595636814221043,ungemütliche
sturm+tief un+gemütlich+e,14.941741782928874,0.033783550734361255,0.056692596910108056,-0.040977611810844736,-0.018595636814221043,sturm+tief un+gemütlich+e
un+gemütlich+e stunde+n,16.24825368943064,0.06539192970746942,0.004139757308619639,-0.029267026644257853,-0.009091726215484992,un+gemütlich+e stunde+n
sturm+flut ge+warn+t,15.009048932039201,0.009592435730851502,-0.0017439839747110336,-0.011525534086341296,0.010063221283636058,sturm+flut ge+warn+t
04.10.2025,11.260142148242036,0.023721977925275504,0.003352905126592019,-0.020606634759740398,0.00826799617494254,04.10.2025
stand 04.10.2025,11.260142148242036,0.023721977925275504,0.003352905126592019,-0.020606634759740398,0.00826799617494254,stand 04.10.2025
21:00,10.053604543457798,0.02971481866468035,0.005532374066139786,-0.024511788409621437,0.007481335410559569,21:00
04.10.2025 21:00,10.053604543457798,0.02971481866468035,0.005532374066139786,-0.024511788409621437,0.007481335410559569,04.10.2025 21:00
Uhr,34.71832688762724,-0.04554031808668941,0.0325376058124951,0.019854746459834163,-0.025435228598285037,Uhr
21:00 uhr,9.576073651888068,0.032367393454225776,0.0065005124228181286,-0.026250417153444217,0.007127928934366507,21:00 uhr
uhr fähre+n,9.240622275430573,0.034342653237086865,0.00722283639681745,-0.02754911982436771,0.006862608824882121,uhr fähre+n
Sturmflut…,24.762533789152943,-0.011853107529319751,-0.009373255825791738,0.001915259778451127,0.012652488024657273,Sturmflut…
nordseeküste sturmflut…,24.762533789152943,-0.011853107529319751,-0.009373255825791738,0.001915259778451127,0.012652488024657273,nordseeküste sturmflut…
+2439,14.257243912199833,0.012013474822737963,-0.0008747281387608724,-0.01306889543144142,0.00976115700078214,+2439
sturmflut… +2439,14.257243912199833,0.012013474822737963,-0.0008747281387608724,-0.01306889543144142,0.00976115700078214,sturmflut… +2439
+2439 char+s,12.63471365198135,0.01788298724018663,0.001239623744519574,-0.016832333116404863,0.009019549963386978,+2439 char+s
wetter tief,11.273164879242774,-0.0207898932736703,0.13315179603835436,-0.06905937230021536,-0.019376772277745074,wetter tief
tief europa,12.430784494287034,0.0032133776598003423,0.017314572372881695,-0.034176419167273764,0.026417811987642256,tief europa
europa warnung,14.584138432066505,-0.010655932292179244,-0.02354413525367814,-0.03573830254635879,0.06884856115144211,europa warnung
warnung sturm+flut,44.516702126208074,-0.0326376712220159,-0.016652145112430686,0.014544839573020588,0.015039582684725487,warnung sturm+flut
deutscher,13.965657514359881,0.02528804533279565,-0.0030042681737923235,-0.01630402337496565,0.007094688537005027,deutscher
sturm+flut deutsch+er,13.965657514359881,0.02528804533279565,-0.0030042681737923235,-0.01630402337496565,0.007094688537005027,sturm+flut deutsch+er
deutsch+er nordseeküste,12.150370217049046,0.18340553864571146,-0.034621080632246885,-0.05656298994321678,-0.028723703506408613,deutsch+er nordseeküste
nordseeküste sturm+e,10.269982300633613,0.08635531654297127,-0.007078437966475853,-0.036636174432334134,-0.004892125960045764,nordseeküste sturm+e
machten,9.664839443967127,0.07496153460459169,-0.00272632846453902,-0.035477258040801526,-0.0020989119529907507,machten
sturm+e mach+ten,9.664839443967127,0.07496153460459169,-0.00272632846453902,-0.035477258040801526,-0.0020989119529907507,sturm+e mach+ten
mach+ten samstag,8.953085609544118,0.06679613623420497,0.0014592007496279573,-0.035511887862663495,2.336645298777414e-05,mach+ten samstag
samstag bereits,8.552138834464827,0.06401095764110261,0.0035491926715767027,-0.036044904925933326,0.0008291085223266052,samstag bereits
Ländern,16.92150530004295,0.018900390088732604,-0.00667479342214973,-0.011151720063803761,0.0077063382875212205,Ländern
bereits land+ern,8.217563829252938,0.06249220014111043,0.005200397522233931,-0.03673432842599985,0.0013330470555427416,bereits land+ern
land+ern großbritannien,7.804793864709569,0.061500771794181994,0.007162096368264046,-0.03787159385570787,0.001773842592505749,land+ern großbritannien
Fähr-,6.475803271260771,0.06395690411388198,0.01335137780986901,-0.04364404730161475,0.002070017364211572,Fähr-
schaff+en fahr+-,6.475803271260771,0.06395690411388198,0.01335137780986901,-0.04364404730161475,0.002070017364211572,schaff+en fahr+-
Flugverbindungen,6.347316483836939,0.0646169040301599,0.013968413302086322,-0.04438291913857774,0.0020166310693335503,Flugverbindungen
fahr+- flug+verbindung+en,6.347316483836939,0.0646169040301599,0.013968413302086322,-0.04438291913857774,0.0020166310693335503,fahr+- flug+verbindung+en
flug+verbindung+en ge+streich+en,6.099152012784184,0.07965818411706177,0.012292970855412765,-0.049007635947176165,-0.0011188580520923041,flug+verbindung+en ge+streich+en
ge+streich+en frankreich,5.972340151461269,0.09258326967517748,0.010312821510915135,-0.05264843521121894,-0.003922214956722923,ge+streich+en frankreich
kommen,32.56792865022209,-0.07220976000348252,0.00811445835049488,0.04092777824148673,-0.016642605242262472,kommen
frankreich komm+en,13.282478595550398,0.031850126236857915,-0.002984477791502209,-0.01875428121079138,0.00591447357694974,frankreich komm+en
komm+en zwei,13.829950714914006,0.03155710602050693,-0.004022831053402047,-0.017849381545850272,0.005820247532945034,komm+en zwei
deutschland+s sonntag,11.660590056612925,0.08819242446400095,-0.028363879969829826,-0.0094024529289812,-0.023364913105452387,deutschland+s sonntag
Einschränkun…,5.596129778203313,0.2574916751673517,-0.026965195745860548,-0.09758381403521213,-0.04500661595649247,Einschränkun…
sonntag einschränkun…,5.596129778203313,0.2574916751673517,-0.026965195745860548,-0.09758381403521213,-0.04500661595649247,sonntag einschränkun…
einschränkun… nordsee,5.977934919816546,0.5173406010578828,-0.11260577868851797,-0.18474597453546288,-0.13140565803302673,einschränkun… nordsee
nordsee fall+en,5.615238756666787,0.3621413486796008,-0.05709206860465244,-0.12978484549431019,-0.07616756739135536,nordsee fall+en
fall+en beispielsweise,5.492230067681273,0.3108729450108685,-0.04096643480935959,-0.11413136901770674,-0.06027751293859493,fall+en beispielsweise
beispielsweise samstag,5.320022088560234,0.2540679726915739,-0.023927741321727983,-0.09826126181964272,-0.04382217113643678,beispielsweise samstag
samstag sonntag,5.595360481005462,0.21087224778096678,-0.014842474107937022,-0.08454107458690244,-0.03242563557327224,samstag sonntag
Fahrten,5.178202040997483,0.2283608320098363,-0.01604198846510715,-0.0918997053633693,-0.03669792069688292,Fahrten
sonntag fahrt+en,5.178202040997483,0.2283608320098363,-0.01604198846510715,-0.0918997053633693,-0.03669792069688292,sonntag fahrt+en
Halunder,5.12668476322504,0.22478551400972552,-0.014692697397002906,-0.09124516241581018,-0.03569597033122655,Halunder
fahrt+en halunder,5.12668476322504,0.22478551400972552,-0.014692697397002906,-0.09124516241581018,-0.03569597033122655,fahrt+en halunder
Jet,5.092751731044371,0.2244939918292543,-0.014330639623294446,-0.09138970741195289,-0.03558728387732904,Jet
halunder jet,5.092751731044371,0.2244939918292543,-0.014330639623294446,-0.09138970741195289,-0.03558728387732904,halunder jet
jet helgoland,5.038103213764114,0.22872570266970638,-0.014948099575371418,-0.09293237850699378,-0.036667682624123316,jet helgoland
Reederei,4.983505311545245,0.2446730800496384,-0.018617320403453003,-0.09779241339104068,-0.040933130945414516,Reederei
helgoland reederei,4.983505311545245,0.2446730800496384,-0.018617320403453003,-0.09779241339104068,-0.040933130945414516,helgoland reederei
FRS,4.9693017320478985,0.2549701700219109,-0.021213382492369197,-0.1008367925419127,-0.0437537748286764,FRS
reederei fr+s,4.9693017320478985,0.2549701700219109,-0.021213382492369197,-0.1008367925419127,-0.0437537748286764,reederei fr+s
Helgoline,4.964656060980664,0.26053572371302364,-0.02265804265622328,-0.10247768924120909,-0.04529675823645863,Helgoline
fr+s helgoline,4.964656060980664,0.26053572371302364,-0.02265804265622328,-0.10247768924120909,-0.04529675823645863,fr+s helgoline
Homepage,4.965135894035264,0.30274955874743636,-0.03428370935408072,-0.11505802641279629,-0.05740092867045967,Homepage
helgoline homepage,4.965135894035264,0.30274955874743636,-0.03428370935408072,-0.11505802641279629,-0.05740092867045967,helgoline homepage
mitteilte,5.065072634717783,0.321031322042977,-0.0592081456589026,-0.09151267475618471,-0.08253389151549466,mitteilte
homepage mit+teil+te,4.989320243109711,0.33610012349922713,-0.044139344202652406,-0.12532951849192567,-0.0674650900592445,homepage mit+teil+te
auch ostsee,5.406693564339524,0.585298413461312,-0.13518640740467383,-0.21727220207275777,-0.1589614345998787,auch ostsee
+2791,4.95139882278147,0.3712245549302032,-0.054411241776677444,-0.13710190495439864,-0.07848983859292441,+2791
ostsee +2791,4.95139882278147,0.3712245549302032,-0.054411241776677444,-0.13710190495439864,-0.07848983859292441,ostsee +2791
+2791 chars,4.884218860203218,0.33805231743653086,-0.043760685690164315,-0.12670530488866655,-0.0679667712968857,+2791 chars
norddeutschland möglich+e,12.857661857890735,0.01701739131597943,0.0009271896161061701,-0.016275394985840356,0.009129768895009665,norddeutschland möglich+e
möglich+e schwer+e,15.934526293143593,0.006828188497391334,-0.00273444616377422,-0.009769808890278347,0.010405491538494627,möglich+e schwer+e
sturm+flut sonntag,13.930402440832912,0.013120611546496245,-0.0004766644653592025,-0.013776419666532475,0.009622292245438428,sturm+flut sonntag
wappnen,25.05076509926132,0.05666588512972078,-0.024093639559189802,-0.011726052304030728,-0.00212680603841337,wappnen
sonntag wappn+en,12.056298901652479,0.019356590667520573,0.001185427952820451,-0.016571935582605526,0.007794429166698181,sonntag wappn+en
wappn+en orkanbö+en,11.00024499037981,0.01401738967476022,-0.007509068356526955,0.000587538194947485,-0.0034905190203600436,wappn+en orkanbö+en
Erwartet,14.615021676160534,0.010840300702510002,-0.0012961547502746181,-0.012320366201319146,0.009907801217343724,Erwartet
erwart+et pegel+stand+e,11.591782617647553,0.20033392729193233,-0.03747381126106306,-0.062064896735477756,-0.0328663113317748,erwart+et pegel+stand+e
pegel+stand+e zwei,9.250451272779408,0.07377946862984426,-0.006800210816159897,-0.027807234051622325,-0.007531154644257624,pegel+stand+e zwei
zwei meter+n,13.500793776946905,0.0709256644225112,-0.017572710539588487,-0.018383966697136732,-0.008632284646232946,zwei meter+n
meter+n mittler+en,8.396396064067016,0.04224135764871015,-0.02078782536040892,0.010993758418637667,-0.024790386241855245,meter+n mittler+en
Bislang,35.72936189675106,-0.01975246988078108,-0.007536438957186499,0.006298103987508896,0.010416941907480068,Bislang
erwart+et bislang,49.44727287838129,-0.04049730416601361,-0.022462817723162325,0.025157312301717562,0.010670648161116233,erwart+et bislang
niedrige,25.66763796548221,-0.013252101112307232,-0.009866666884416902,0.0027776270894483497,0.012816563671038774,niedrige
bislang niedrig+e,25.66763796548221,-0.013252101112307232,-0.009866666884416902,0.0027776270894483497,0.012816563671038774,bislang niedrig+e
Schadensbilanz,23.244398972705874,-0.009344654512093946,-0.008487263737550436,0.0003645619641919918,0.01235693312593891,Schadensbilanz
niedrig+e schaden+s+bilanz,23.244398972705874,-0.009344654512093946,-0.008487263737550436,0.0003645619641919918,0.01235693312593891,niedrig+e schaden+s+bilanz
schaden+s+bilanz land,22.015226242291238,-0.0071461381213124816,-0.007709375588101261,-0.0009992197198282877,0.012096420086064897,schaden+s+bilanz land
Berlin,9.967249190037494,0.03018147216477789,0.005702538850597857,-0.024817207130014583,0.007419399458567058,Berlin
land berlin,9.967249190037494,0.03018147216477789,0.005702538850597857,-0.024817207130014583,0.007419399458567058,land berlin
Schon,31.24202529583401,-0.01676558929198253,-0.005648920738195837,0.010395017887415453,0.0017320251680339237,Schon
berlin schon,10.87423107544191,0.025539065309336455,0.004012607278049106,-0.021787362139889955,0.00803115661421584,berlin schon
schon erwart+et+en,35.740996253588705,-0.025358053392755507,-0.014115221726369002,0.010165927570540733,0.014215212806342015,schon erwart+et+en
erwart+et+en sturm+flut,63.535647094654934,-0.043263497692160306,-0.020331793545567918,0.02085082033626775,0.016223117617321443,erwart+et+en sturm+flut
starker,46.973144036685234,-0.01437120060155482,-0.02110972078713633,0.01157311186624992,0.011304838512214768,starker
nordseeküste stark+er,23.911536809489554,0.030339468800065363,-0.01708788532036044,-0.007460022635993218,0.0041325956484542185,nordseeküste stark+er
wind regen,69.92459434272385,-0.057936749899496855,0.017635704187252507,0.02387990863083134,-0.010334105481261822,wind regen
regen teil+en,19.43841695585631,0.018369001625670973,-0.009932645689084463,-0.008480058867644654,0.007324037491330769,regen teil+en
teil+en deutschland+s,18.662202781119472,0.017663229383242413,-0.008819137001568113,-0.009068125396370495,0.0076124701394104126,teil+en deutschland+s
deutschland+s baum+e,17.47613500735415,0.017235666446546526,-0.007136700758181466,-0.01019163334370029,0.007934150737079454,deutschland+s baum+e
entwurzelt,17.01374252414346,0.017274569200642183,-0.00648122664300384,-0.010704957145237564,0.008022721346771658,entwurzelt
baum+e entwurzel+t,17.01374252414346,0.017274569200642183,-0.00648122664300384,-0.010704957145237564,0.008022721346771658,baum+e entwurzel+t
Unfälle,31.682285010314768,-0.01541967778024956,-0.013737864253495245,0.006442938645773629,0.012601730027705755,Unfälle
entwurzel+t unfall+e,16.031540847566205,0.01851154019986286,-0.005235657582882766,-0.012106646188063524,0.007984035469161783,entwurzel+t unfall+e
unfall+e kopier+e,7.09373232445177,0.06821246335980222,0.009100215201091779,-0.04199751175639108,0.0007290914490677347,unfall+e kopier+e
hin+zu+füg+en norddeutschland,6.392469528725612,0.1526315533972332,-0.005926823612143806,-0.06517994200107442,-0.018324775259688203,hin+zu+füg+en norddeutschland
norddeutschland hoch+e,19.38128185206595,0.2913353202062732,-0.07559935182297559,-0.07710977263450057,-0.05977944914553685,norddeutschland hoch+e
hoch+e pegel+stand+e,20.401330478147315,0.4222336942807894,-0.11747642880201335,-0.11857526623637327,-0.10145693228801594,hoch+e pegel+stand+e
stürmisches,16.87598166262341,0.19304965649880382,-0.04684889340728861,-0.05089741831612362,-0.03341257823398749,stürmisches
pegel+stand+e stürmisch+es,12.449215024169819,0.25624859336622763,-0.054158932737686044,-0.07585125626171206,-0.048140084461927836,pegel+stand+e stürmisch+es
wetter wappn+en,9.391970419495692,0.16861536938611388,-0.023185585417632215,-0.05878630558720153,-0.02395105003871121,wetter wappn+en
Rest,5.665154151130118,0.1676746734573966,-0.004737240939212517,-0.0727256198287254,-0.02146922481744904,Rest
der rest,5.665154151130118,0.1676746734573966,-0.004737240939212517,-0.0727256198287254,-0.02146922481744904,der rest
Republik,5.5932362289227004,0.157749660369892,-0.0018579382111358989,-0.07059579647038651,-0.018962829597480704,Republik
rest republik,5.5932362289227004,0.157749660369892,-0.0018579382111358989,-0.07059579647038651,-0.018962829597480704,rest republik
aufatmen,5.453447543886672,0.142313562507869,0.002791755312692892,-0.06752450689010422,-0.015099033706518501,aufatmen
republik auf+atm+en,5.453447543886672,0.142313562507869,0.002791755312692892,-0.06752450689010422,-0.015099033706518501,republik auf+atm+en
er…,5.283949957950421,0.1287029507737426,0.00723047475459635,-0.06518778071646351,-0.011708085035028053,er…
schon er…,5.283949957950421,0.1287029507737426,0.00723047475459635,-0.06518778071646351,-0.011708085035028053,schon er…
+1794,5.257684332974799,0.12698013408192332,0.007831325295037701,-0.06492953932138654,-0.011278141134626201,+1794
er… +1794,5.257684332974799,0.12698013408192332,0.007831325295037701,-0.06492953932138654,-0.011278141134626201,er… +1794
+1794 char+s,5.227126408795552,0.12508605374248996,0.00850626038710535,-0.06465867382124164,-0.010804817742129762,+1794 char+s
land hier,8.550889194843322,0.03873536376110268,0.008833488724823929,-0.03044953038717474,0.006265789016027762,land hier
verursacht,23.185143520223047,-0.0700058632869094,-0.014518472438600253,0.0821904094518111,-0.057248053395203384,verursacht
unfall+e verursach+t,11.460737538280735,0.03246644563846154,0.001055018544350829,-0.022087364466439132,0.006368014034261602,unfall+e verursach+t
Baden-Württemberg,10.322388696400713,0.03517439074893854,0.0036093310235508535,-0.025069482733208887,0.006224406809951461,Baden-Württemberg
betreff+en baden-württemberg,10.322388696400713,0.03517439074893854,0.0036093310235508535,-0.025069482733208887,0.006224406809951461,betreff+en baden-württemberg
und…,10.653694165828867,0.01636913628687069,0.051006852450099796,-0.0373868911282859,-0.006610255532556234,und…
baden-württemberg und…,6.2384102118289935,0.06323336204730547,0.014919468250250366,-0.044584660093598245,0.002397285512631112,baden-württemberg und…
+1655,6.1721557162221945,0.06372354937825836,0.015225605782916282,-0.045014815428952644,0.0023389100352970544,+1655
und… +1655,6.1721557162221945,0.06372354937825836,0.015225605782916282,-0.045014815428952644,0.0023389100352970544,und… +1655
+1655 chars,6.1090676206603405,0.06420590711472911,0.01551996158642226,-0.0454329001016234,0.002280413986606138,+1655 chars
unwetter deutschland,9.50498076525117,0.032777938662342986,0.006650544702969162,-0.026520062014802902,0.007072936683023557,unwetter deutschland
deutschland unfall+e,10.64396547710073,0.026665955991574238,0.004422224359102937,-0.022521073115573713,0.007883549301167593,deutschland unfall+e
unfall+e wind,12.857661857890735,0.01701739131597943,0.0009271896161061701,-0.016275394985840356,0.009129768895009665,unfall+e wind
regen sturm+flut,63.535647094654934,-0.043263497692160306,-0.020331793545567918,0.02085082033626775,0.016223117617321443,regen sturm+flut
Südschwarzwald,11.87095380176549,0.021013544345148936,0.00237140937551657,-0.01885214868303741,0.008618378526014952,Südschwarzwald
erwart+et südschwarzwald,11.87095380176549,0.021013544345148936,0.00237140937551657,-0.01885214868303741,0.008618378526014952,erwart+et südschwarzwald
südschwarzwald zwei,9.649378498865634,0.03194846463646845,0.006347469353343887,-0.025975418737324965,0.007183962126912461,südschwarzwald zwei
umstürzenden,8.256633122678657,0.04076269423213007,0.00957885807119336,-0.031793830523422925,0.005987104431015855,umstürzenden
mensch+en um+stürz+end+en,8.256633122678657,0.04076269423213007,0.00957885807119336,-0.031793830523422925,0.005987104431015855,mensch+en um+stürz+end+en
Baum,7.834275354931886,0.06060317976107133,0.007221965525492034,-0.03756958196499807,0.0019526318023273044,Baum
um+stürz+end+en baum,7.834275354931886,0.06060317976107133,0.007221965525492034,-0.03756958196499807,0.0019526318023273044,um+stürz+end+en baum
baum verletz+t,7.700120851539383,0.07001002124822656,0.005822276011151304,-0.04015410857869896,-2.9084342084515864e-05,baum verletz+t
verletz+t werd+en,7.586935781849044,0.08516729390172863,0.003074647259630451,-0.04402588098928316,-0.003329241672961925,verletz+t werd+en
pegel+stand+e wappn+en,10.463478119066087,0.08636254422153126,-0.007648732302333839,-0.03619896827576529,-0.004970943748169442,pegel+stand+e wappn+en
Hes…,6.193875620960728,0.06356101392788434,0.015124915052125307,-0.04487280304497914,0.002358390238795871,Hes…
baden-württemberg hes…,6.193875620960728,0.06356101392788434,0.015124915052125307,-0.04487280304497914,0.002358390238795871,baden-württemberg hes…
+1565,6.1297610744596,0.0640460016450793,0.015423096194341032,-0.04529484098524768,0.002299916200706495,+1565
hes… +1565,6.1297610744596,0.0640460016450793,0.015423096194341032,-0.04529484098524768,0.002299916200706495,hes… +1565
+1565 char+s,6.068644260543459,0.06452305643944269,0.01571008781114009,-0.04570522191181714,0.002241424683364168,+1565 char+s
erwart+et fähr+verkehr,12.045225532763087,0.02027548438303534,0.0021043216683352775,-0.01837517224659904,0.008713322882213173,erwart+et fähr+verkehr
fähr+verkehr bleib+t,10.4319183452882,0.027733697539042798,0.004810691709462224,-0.023217307709126327,0.007743167988202721,fähr+verkehr bleib+t
eingeschränkt,9.803110673778402,0.031084016821419064,0.006031838101719969,-0.025408455231608014,0.007299324585263373,eingeschränkt
bleib+t ein+ge+schränk+t,9.803110673778402,0.031084016821419064,0.006031838101719969,-0.025408455231608014,0.007299324585263373,bleib+t ein+ge+schränk+t
ein+ge+schränk+t samstag,8.740376898863957,0.037480681513242256,0.00837283227396531,-0.029619366128201347,0.006437227812838857,ein+ge+schränk+t samstag
fegten,11.260888258035212,0.04960647350974848,-0.0019801874180679015,-0.026221213736575513,0.0027978144627594562,fegten
samstag feg+ten,11.260888258035212,0.04960647350974848,-0.0019801874180679015,-0.026221213736575513,0.0027978144627594562,samstag feg+ten
feg+ten stark+e,10.975078529969961,0.054690826878315474,-0.0022884318328650656,-0.02792967306671289,0.0018074604990921282,feg+ten stark+e
Windböen,14.141337200449737,0.03235043946290355,-0.01145746772083666,-0.007864954713162738,-0.0012627716618262732,Windböen
stark+e windbö+en,10.724603551801996,0.06046845440164771,-0.002819922017928112,-0.029746517744092073,0.0006495443805637291,stark+e windbö+en
windbö+en teil+e,10.32994798976544,0.08478753870841485,-0.006914014187927796,-0.036137524118876,-0.004564641064700901,windbö+en teil+e
Süddeutschlands,10.18799905081896,0.09638816151550113,-0.009038509179313578,-0.039155193836201904,-0.007124938486899815,Süddeutschlands
teil+e süddeutschland+s,10.18799905081896,0.09638816151550113,-0.009038509179313578,-0.039155193836201904,-0.007124938486899815,teil+e süddeutschland+s
nun norddeutschland,9.679640410079376,0.18288567857230112,-0.027625544691981915,-0.06172469299598219,-0.027656893050220746,nun norddeutschland
hin+zu+füg+en samstag,5.544658141262506,0.11671656189914925,0.007945373916000639,-0.060710472276891136,-0.009118703688675662,hin+zu+füg+en samstag
wappnen…,5.06691499770452,0.2319306531984473,-0.01602340016807579,-0.0936315737368784,-0.037554763016435976,wappnen…
wetter wappnen…,5.06691499770452,0.2319306531984473,-0.01602340016807579,-0.0936315737368784,-0.037554763016435976,wetter wappnen…
+1714,5.006641279392245,0.21288799987559384,-0.010638084347030285,-0.08878153395499772,-0.03243733686580516,+1714
wappnen… +1714,5.006641279392245,0.21288799987559384,-0.010638084347030285,-0.08878153395499772,-0.03243733686580516,wappnen… +1714
+1714 char+s,4.975090746199196,0.20417299527025892,-0.008174872473059017,-0.08663312450451438,-0.030131715790046892,+1714 char+s
Hannover/Hamburg/Kiel/Schwerin,9.296786279103323,0.07673594163736087,0.007948103158266946,-0.040537818399420146,-0.0059306451184367535,Hannover/Hamburg/Kiel/Schwerin
erwart+et hannover/hamburg/kiel/schweri+n,9.296786279103323,0.07673594163736087,0.007948103158266946,-0.040537818399420146,-0.0059306451184367535,erwart+et hannover/hamburg/kiel/schweri+n
hannover/hamburg/kiel/schweri+n ein,8.174981988119512,0.01992486331014751,0.15063053376348054,-0.08421196440125699,-0.04456652795304322,hannover/hamburg/kiel/schweri+n ein
zieht,44.04779446756523,-0.16340205333457936,0.19684888828900465,0.035305225918073356,-0.14095193269788553,zieht
sturm+tief zieh+t,16.501669076875235,-0.018428319143555524,0.12696090748211508,-0.048264486733915604,-0.04090436973978363,sturm+tief zieh+t
zieh+t deutschland,27.091680150012245,-0.09296064197380273,0.17182998813669742,-0.02298157072322803,-0.07271690956755855,zieh+t deutschland
deutschland sorg+t,6.965440252989747,0.049555822307722264,0.06142030656796233,-0.05709384595739645,-0.013307105996660623,deutschland sorg+t
sorg+t sonntag,6.7131681978322195,0.05332106730459625,0.05189863134064636,-0.05494283099557683,-0.010035624594667,sorg+t sonntag
sonntag norden,6.543540628496357,0.05554593915832634,0.04701226795526966,-0.054049789552500234,-0.008335724886673876,sonntag norden
norden un+gemütlich+es,6.39297398596979,0.05739806423318423,0.043448144288078965,-0.05354894550478513,-0.007083139195887084,norden un+gemütlich+es
un+gemütlich+es wetter,15.934526293143593,0.006828188497391334,-0.00273444616377422,-0.009769808890278347,0.010405491538494627,un+gemütlich+es wetter
für tag,6.053227748911516,0.06137162034384846,0.03742712464711591,-0.05322232798227926,-0.004934751140416539,für tag
gelte,16.007673812335025,0.007080001278400037,0.003698625867987423,-0.012157155823510438,0.007968427979092436,gelte
tag gelt+e,6.014071256563827,0.061822824409346486,0.036879089652371036,-0.05324583759274257,-0.004736738333556222,tag gelt+e
gelt+e kopier+e,5.957558042209852,0.0624743197457981,0.0361333453002151,-0.05329971052700141,-0.004466527300331419,gelt+e kopier+e
hinzu+füg+en ein,8.146249269699696,0.033656957309167325,0.017031932435727593,-0.022843581205749405,-0.006843568425118136,hinzu+füg+en ein
ein orkan+tief,5.535492817406663,0.06423790103257096,0.043389188849751494,-0.057888792470081316,-0.006338380118632395,ein orkan+tief
orkan+tief sorg+t,5.483177523203297,0.0632923820367093,0.04862252847141309,-0.059842617824541464,-0.00788561332000639,orkan+tief sorg+t
bedecktes,5.402897531596263,0.06130169789963032,0.05858616986030131,-0.06349142157785656,-0.010876625074402691,bedecktes
sorg+t bedeck+t+es,5.402897531596263,0.06130169789963032,0.05858616986030131,-0.06349142157785656,-0.010876625074402691,sorg+t bedeck+t+es
bedeck+t+es wetter,5.360697798814776,0.059835596138563554,0.06528297417885982,-0.06590110796849581,-0.012917406185582766,bedeck+t+es wetter
wetter norddeutschland,5.322329055056975,0.05807586431195297,0.07282017565667429,-0.06858179720221154,-0.015241480699775633,wetter norddeutschland
besonders küste,5.226854333320737,0.04817691607170457,0.10965139995056727,-0.08145292247090494,-0.02698224542573078,besonders küste
wetterfest,5.215625680205132,0.035364725977038915,0.15077591532355678,-0.0959071103001321,-0.04082371922928188,wetterfest
küste wetterfest,5.215625680205132,0.035364725977038915,0.15077591532355678,-0.0959071103001321,-0.04082371922928188,küste wetterfest
anziehen,5.25011437871327,0.020959209300520497,0.19276123328630107,-0.11118474589603988,-0.05577891732861353,anziehen
wetterfest an+zieh+en,5.25011437871327,0.020959209300520497,0.19276123328630107,-0.11118474589603988,-0.05577891732861353,wetterfest an+zieh+en
zieh…,5.2254638283029085,0.008885745226308046,0.22813823127330027,-0.1251639884433246,-0.0690601297639456,zieh…
sturm+tief zieh…,5.2254638283029085,0.008885745226308046,0.22813823127330027,-0.1251639884433246,-0.0690601297639456,sturm+tief zieh…
+1031,5.126026141184758,0.023625364128047832,0.1896987685411408,-0.11093997281013768,-0.054648709341555274,+1031
zieh… +1031,5.126026141184758,0.023625364128047832,0.1896987685411408,-0.11093997281013768,-0.054648709341555274,zieh… +1031
+1031 chars,5.066420777140042,0.03156038890811966,0.16842208873140796,-0.10344090626125735,-0.046991639091214905,+1031 chars
sturm+flut erreich+t,47.223754779592234,-0.0291587505225558,-0.018324277102331588,0.014600235037611034,0.014207878367491475,sturm+flut erreich+t
erreich+t nordseeküste,39.5020761020579,0.14162061718238572,-0.05172859546923819,-0.02539454818663781,-0.02240088691627743,erreich+t nordseeküste
nordseeküste norden,13.999204482633207,0.10280764528231782,-0.019622043431612047,-0.033616928663785434,-0.009860735036113403,nordseeküste norden
sonntag hochwasser,14.57418021896827,-0.009972887868076387,-0.02286109082957519,0.028449235141228633,-0.012225205690032272,sonntag hochwasser
hochwasser einschränkung+en,7.799517244473374,0.03170610251776838,-0.0004988973234529952,0.0027791144211314605,-0.023849178570753304,hochwasser einschränkung+en
einschränkung+en rechn+en,7.3152738059745825,0.03529269294311291,0.03467963331570554,-0.024263336250290916,-0.021364049898603698,einschränkung+en rechn+en
teil+en europa+s,6.928555027500316,0.021800757450196204,0.10667577126979735,-0.0566843873048685,-0.0370476534163916,teil+en europa+s
europa+s sturm+tief,7.472912564504266,-0.038230974537240114,0.2607666906353729,-0.1158506796465672,-0.08616685132686362,europa+s sturm+tief
sturm+tief baum+e,7.2905588881164105,0.011007028643715524,0.12967872659463325,-0.07029948432546357,-0.03505157241933924,sturm+tief baum+e
umstürzen,7.3324003084201195,0.021154271110876584,0.10001282822621242,-0.0619492674589813,-0.023702511297503257,umstürzen
baum+e um+stürz+en,7.3324003084201195,0.021154271110876584,0.10001282822621242,-0.0619492674589813,-0.023702511297503257,baum+e um+stürz+en
lassen,10.191845617955265,0.010964317080011932,0.03898040723434723,-0.0223151351621469,-0.01159890836497707,lassen
um+stürz+en lass+en,7.4744694416411726,0.030658479918549475,0.06912744461041338,-0.05350000999287583,-0.012049742190579107,um+stürz+en lass+en
Strom-,7.808741912753227,0.036440566643185096,0.03856310822357079,-0.0423979306227263,-0.002630631107299295,Strom-
lass+en strom+-,7.808741912753227,0.036440566643185096,0.03856310822357079,-0.0423979306227263,-0.002630631107299295,lass+en strom+-
strom+- flug+ausfall+e,8.134596554267455,0.03835728747594035,0.02197645839932585,-0.03598842331002253,0.0023581383101806035,strom+- flug+ausfall+e
gesorgt,18.491521923309314,-0.04634081005386275,-0.028023573220135215,0.10915392401754774,-0.10208176603025465,gesorgt
flug+ausfall+e ge+sorg+t,8.643468816829214,0.03811756267651224,0.008606602068306877,-0.030040588216790478,0.006350302950478458,flug+ausfall+e ge+sorg+t
ein sturm+flut+warnung,24.762533789152943,-0.011853107529319751,-0.009373255825791738,0.001915259778451127,0.012652488024657273,ein sturm+flut+warnung
sturm+flut+warnung gelt+e,12.857661857890735,0.01701739131597943,0.0009271896161061701,-0.016275394985840356,0.009129768895009665,sturm+flut+warnung gelt+e
gelt+e elbe,10.535819852455571,0.027206823328916455,0.004618960821579321,-0.02287362677862276,0.00781250259387181,gelt+e elbe
elbe pegel+stand+e,8.693627813816695,0.316745279936789,-0.05996993413459537,-0.10245259979502894,-0.06410603817482584,elbe pegel+stand+e
pegel+stand+e mehr,7.791917290287207,0.15280701840660013,-0.013177842450564347,-0.059610812358711955,-0.019253581906957057,pegel+stand+e mehr
mehr zwei,7.5097913637619085,0.12951087020853003,-0.006464892094240266,-0.054842620632857636,-0.013496918787205485,mehr zwei
meter+n erwart+et,7.206656307339546,0.11245443104358832,-0.0011300453283860405,-0.05185917658429081,-0.009319592092770513,meter+n erwart+et
erwart+et uhr,6.9300347496015515,0.13002509332169782,-0.0036960792666379198,-0.05721452116350805,-0.013260579415858766,erwart+et uhr
uhr wasser+stand,6.7791369041054175,0.18459654713644966,-0.01581846533373571,-0.07166568157812975,-0.026532498917507162,uhr wasser+stand
Elb-Pegel,6.81435662542737,0.3170145474453596,-0.051349539621931506,-0.1093027916177921,-0.06310443960476006,Elb-Pegel
wasser+stand elb-pegel,6.81435662542737,0.3170145474453596,-0.051349539621931506,-0.1093027916177921,-0.06310443960476006,wasser+stand elb-pegel
St.,24.78572662006957,0.05356480359531926,-0.022720431971252886,-0.011911795955825009,-0.0009273927430127937,St.
elb-pegel st.,6.641660973751839,0.29531709395263644,-0.04416824101918561,-0.10342135940811611,-0.056566192666729916,elb-pegel st.
Pauli,19.820620224539535,0.05984070245315093,-0.019009872549729884,-0.017115645925774515,-0.0015390525481851615,Pauli
st. pauli,19.820620224539535,0.05984070245315093,-0.019009872549729884,-0.017115645925774515,-0.0015390525481851615,st. pauli
pauli etwa,6.3893393631574,0.22109852555585582,-0.022725785711028745,-0.08320626103827256,-0.03573135732280195,pauli etwa
etwa zwei,7.5097913637619085,0.12951087020853003,-0.006464892094240266,-0.054842620632857636,-0.013496918787205485,etwa zwei
meter übe…,6.144424346849485,0.17253632199623073,-0.00913920100278134,-0.07145119065403625,-0.02305229150755846,meter übe…
+2799,6.071411562280103,0.1619592929744029,-0.00613946808562528,-0.06910072480775954,-0.020374504553263298,+2799
übe… +2799,6.071411562280103,0.1619592929744029,-0.00613946808562528,-0.06910072480775954,-0.020374504553263298,übe… +2799
+2799 chars,6.004456048397615,0.15350811393369068,-0.0037047292367396348,-0.0672965896138985,-0.01825257476604613,+2799 chars
nordseeküste hier,10.649167822231293,0.07670609294691509,-0.006081923514732808,-0.03357451111493494,-0.0028883817424403165,nordseeküste hier
der an+ge+kündig+t+e,33.89744496806813,-0.02376282777665459,-0.013724439913095781,0.009528009517473436,0.013746841774796513,der an+ge+kündig+t+e
sturm+flut schleswig-holsteinisch+e,21.739045266249715,-0.006629317625420714,-0.0075263256553139415,-0.0013204481415475973,0.012034974632252995,sturm+flut schleswig-holsteinisch+e
der pegel+stand+e,23.159697402824666,0.28192523802435004,-0.07711373531586467,-0.07116352984395351,-0.05767639505167621,der pegel+stand+e
pegel+stand+e sonntag,12.662335086207921,0.14944260365028988,-0.029086449139615465,-0.04481267097802039,-0.022005943455948578,pegel+stand+e sonntag
sonntag teil+en,12.104034450428204,0.12244541055782293,-0.024006152041848815,-0.03553708487688985,-0.01793547813402111,sonntag teil+en
Küstenregion,11.744769802349204,0.10053038360856825,-0.02172120022328037,-0.025846657566040588,-0.016364216101231382,Küstenregion
teil+en küste+n+region,11.744769802349204,0.10053038360856825,-0.02172120022328037,-0.025846657566040588,-0.016364216101231382,teil+en küste+n+region
küste+n+region zwei,6.888807636668413,0.09346478166437719,-0.016459506745867374,-0.017353552923325667,-0.02665198104570618,küste+n+region zwei
hochwasser steh+en,6.470001125073372,0.056093488550276745,-0.03359222148082992,0.027824804694776415,-0.04653851529894695,hochwasser steh+en
+887,6.2681802026327444,0.06669303667594374,-0.019806617220253845,0.004222684987986045,-0.03338807760362559,+887
steh+en +887,6.2681802026327444,0.06669303667594374,-0.019806617220253845,0.004222684987986045,-0.03338807760362559,steh+en +887
+887 chars,6.196143318519501,0.06923843701621435,-0.01599833419457047,-0.0021725682585116185,-0.029856841019286595,+887 chars
Nebel,21.233612706819642,0.027111590198498476,0.025486381068346727,-0.019530032171587813,-0.01399588053357533,Nebel
sturm+flut nebel,14.669937275027184,0.007089865994555859,-0.005046589458228828,-0.005057731743059922,0.006157366509389523,sturm+flut nebel
nebel verletz+t+e,13.003440764618288,-0.010882931899599171,-0.02752629539526601,0.03726961551443818,-0.019746369176398767,nebel verletz+t+e
verletz+t+e orkan+tief,10.860181807183652,0.01653216335371819,-0.005357948455589999,-0.003495346193105842,-0.0016217543391243993,verletz+t+e orkan+tief
orkan+tief detlef,17.559088555124095,0.013412701326703717,-0.000366344798989601,-0.00597308389295093,-0.0005690564028914642,orkan+tief detlef
detlef bring+t,7.6381570761744335,0.07152851777564813,0.0032425299201258237,-0.03690489526481289,-0.0029436922088558214,detlef bring+t
bring+t stürmisch+es,7.477274673125808,0.0860820421512699,0.001075587599323858,-0.041155472653182236,-0.005854222960866691,bring+t stürmisch+es
wetter regen,7.127838014704221,0.1412405148822205,-0.009143883223538775,-0.05640616139385807,-0.017956233949455874,wetter regen
regen nebel,9.991880946932335,0.10918013544668738,0.08537701171173319,-0.07970142962628739,-0.049482498142501434,regen nebel
Harz,6.99750921793321,0.23808562583941148,-0.032115753508394976,-0.08288690684552746,-0.042308227808233796,Harz
Nordseeinseln,7.210947321705133,0.40449985661006876,-0.0818166064511033,-0.13423701019446982,-0.09267523253010156,Nordseeinseln
harz nordseeinsel+n,7.210947321705133,0.40449985661006876,-0.0818166064511033,-0.13423701019446982,-0.09267523253010156,harz nordseeinsel+n
nordseeinsel+n betreff+en,6.6241307541759005,0.21936615952757943,-0.024944270013672415,-0.07970298504185237,-0.03676518868461962,nordseeinsel+n betreff+en
Bayern,14.643670943495753,0.05694112297300034,-0.010785772285670164,-0.021768166193677635,-0.0004364848389111226,Bayern
fällt,14.049095144203555,0.025261447033595674,0.010222572055520667,-0.03094201489659885,0.014439709237194209,fällt
bayern fall+t,6.279432998565157,0.15655621088431704,-0.0032828843302919655,-0.06655134992978237,-0.021824000596093303,bayern fall+t
fall+t erst+e,6.161700031699089,0.1414830845284155,0.005022250166037051,-0.06498177492623847,-0.01949435997792989,fall+t erst+e
Schnee,62.17813198411333,-0.04113964854394198,-0.025177920531350543,0.027642118162210832,0.009980594890325425,Schnee
erst+e schnee,6.0983550191354,0.134431971122102,0.009574406274342362,-0.06457335104210311,-0.01865387120766508,erst+e schnee
Windiger,6.0299773119566185,0.12748628496083067,0.014655501264340287,-0.0644506688905653,-0.018047699544593482,Windiger
schnee windig+er,6.0299773119566185,0.12748628496083067,0.014655501264340287,-0.0644506688905653,-0.018047699544593482,schnee windig+er
Herbst,25.78154571536596,-0.03363222659658249,0.10245544130787078,-0.034925941425308006,-0.02468031821003163,Herbst
windig+er herbst,5.949456276051196,0.12002067318711607,0.021001924977346313,-0.06472233514777101,-0.01772752348332318,windig+er herbst
statt,5.891799542313748,0.11504091932711397,0.025902605399855262,-0.06520177470616727,-0.017767815561645084,statt
herbst statt,5.891799542313748,0.11504091932711397,0.025902605399855262,-0.06520177470616727,-0.017767815561645084,herbst statt
goldener,5.845462234323199,0.11120003976325658,0.030139299002612308,-0.06577281724391199,-0.017976019928968055,goldener
statt golden+er,5.845462234323199,0.11120003976325658,0.030139299002612308,-0.06577281724391199,-0.017976019928968055,statt golden+er
golden+er oktober,5.780815853776358,0.1059899901256779,0.03665288956971214,-0.06688187423977454,-0.01856252673479582,golden+er oktober
detlef woche+n+ende,14.902114101438345,0.017931284542169502,0.013400566723326662,-0.019354240222934298,0.0020506318554535706,detlef woche+n+ende
woche+n+ende groß+e,5.538764849265553,0.08415053265376626,0.07663577986707398,-0.07703945066226332,-0.026475417643294554,woche+n+ende groß+e
groß+e teil+e,5.5155515110093525,0.0809512469508382,0.08424503397120502,-0.07930797937581562,-0.028471088436183505,groß+e teil+e
Landes,10.163856957644652,0.08167512016170299,0.03539997451019002,-0.051264722135760894,-0.019569459671448432,Landes
teil+e land+es,10.163856957644652,0.08167512016170299,0.03539997451019002,-0.051264722135760894,-0.019569459671448432,teil+e land+es
fest,61.24780005764824,-0.032187313057433976,-0.001096059561739687,0.01090672250733477,0.006804510745956971,fest
land+es fest,5.46784691745434,0.0700119077871231,0.11236066140894849,-0.08812887250190697,-0.03655457018538524,land+es fest
Griff,14.122016877827086,0.06940977036479495,0.11430278352356438,-0.07652164829138573,-0.052419600919810384,Griff
fest griff,14.122016877827086,0.06940977036479495,0.11430278352356438,-0.07652164829138573,-0.052419600919810384,fest griff
griff regen,5.472794607721103,0.05017223009442299,0.1662376687511409,-0.10637253271306496,-0.054069178492982185,griff regen
nebel sturmbö+en,5.828283609429301,-0.029190578614028958,0.3593936527306466,-0.18467623263126282,-0.13172732381659286,nebel sturmbö+en
Vom,5.414540926393628,0.034462865277460605,0.20523560681003475,-0.12051653585737251,-0.06716990496718817,Vom
Brocken,18.722968700207097,-0.006486884896617876,0.03621381856943301,-0.018917496626782354,-0.0023671011725231207,Brocken
von brocken,5.353390647756978,0.042306478526604685,0.1834363204301662,-0.11251816118249956,-0.05903052846110663,von brocken
Schwarzwald,5.195972234176173,0.05865881494503451,0.13518287336929635,-0.09568039602047405,-0.04164684759728115,Schwarzwald
brocken schwarzwald,5.195972234176173,0.05865881494503451,0.13518287336929635,-0.09568039602047405,-0.04164684759728115,brocken schwarzwald
schwarzwald feg+t,5.115031732637875,0.06478233736796196,0.11593884746990897,-0.08931270960708672,-0.03488750747886416,schwarzwald feg+t
feg+t wind,5.0637700938305334,0.06795074286143354,0.10569757421342113,-0.08601751914985006,-0.031307861132355494,feg+t wind
volle…,5.017763194019056,0.07039598423963814,0.09766717920539965,-0.0834874269631583,-0.028500820409120237,volle…
wind volle…,5.017763194019056,0.07039598423963814,0.09766717920539965,-0.0834874269631583,-0.028500820409120237,wind volle…
+4356,4.980162348763287,0.07215396610905471,0.0918365936554978,-0.08168526231381663,-0.02645847962529861,+4356
volle… +4356,4.980162348763287,0.07215396610905471,0.0918365936554978,-0.08168526231381663,-0.02645847962529861,volle… +4356
+4356 chars,4.95359900058666,0.07328221932265577,0.0880767318180721,-0.08054125798291521,-0.025137894945136297,+4356 chars
Kiel,14.594231079667967,0.08145053600075566,-0.016017689428165473,-0.027815854908482405,-0.005189512853764514,Kiel
nordseeküste kiel,11.628606607359597,0.05439003589181348,-0.00392094392488373,-0.026557264573635598,0.001638423833744233,nordseeküste kiel
kiel der,12.857661857890735,0.01701739131597943,0.0009271896161061701,-0.016275394985840356,0.009129768895009665,kiel der
küste+n+region kopier+e,7.496707341039768,0.07732875468739803,0.0017170420978002633,-0.03733098460430433,-0.005109588356959278,küste+n+region kopier+e
hin+zu+füg+en regen,9.824736689880647,0.021318835153203406,-0.004010673647831985,-0.005728718575145395,-0.0029608841213854477,hin+zu+füg+en regen
regen wind,10.484527611408296,0.013591201578382938,-0.00965842236044176,0.00485430751502278,-0.00698063380627729,regen wind
welle+n der,8.843433263959481,0.2609487497165094,-0.04486043540157854,-0.08536196217946262,-0.04802515324706799,welle+n der
küste schleswig-holstein+s,11.549808636576845,0.02241315352571826,0.0028783366578330467,-0.019757983990918805,0.008437704416461078,küste schleswig-holstein+s
schleswig-holstein+s erreich+t,9.50498076525117,0.032777938662342986,0.006650544702969162,-0.026520062014802902,0.007072936683023557,schleswig-holstein+s erreich+t
nutzen,8.180022789557984,0.04130715893685888,0.00977925490629746,-0.032155471041936425,0.00591190443960595,nutzen
mensch+en nutz+en,8.180022789557984,0.04130715893685888,0.00977925490629746,-0.032155471041936425,0.00591190443960595,mensch+en nutz+en
nutz+en wetter,7.806314687534144,0.044069406764833834,0.01079736736238984,-0.03399418012810028,0.005528033639224893,nutz+en wetter
angekündig…,7.445458292317873,0.046919190579770426,0.011850268517160735,-0.035898133566224025,0.005127800786844609,angekündig…
der angekündig…,7.445458292317873,0.046919190579770426,0.011850268517160735,-0.035898133566224025,0.005127800786844609,der angekündig…
+1032,7.147565659205974,0.049423007459515875,0.012777477607154902,-0.03757678392356544,0.004772562332103738,+1032
angekündig… +1032,7.147565659205974,0.049423007459515875,0.012777477607154902,-0.03757678392356544,0.004772562332103738,angekündig… +1032
+1032 char+s,7.026473192743432,0.05048353099417478,0.01317081316335895,-0.03828944293222186,0.004621066346559521,+1032 char+s
sturm+flut+warnung fähr+ausfall+e,12.444994816455523,-0.012374674847420032,-0.026113990084120815,0.040174707410653,-0.023936836348242257,sturm+flut+warnung fähr+ausfall+e
fähr+ausfall+e sturm+tief,10.37517096058831,-0.025631776286076883,0.1537200066919891,-0.05887461808962596,-0.04941646852223251,fähr+ausfall+e sturm+tief
detlef strom+ausfall+e,8.803311920509234,0.019793543065023577,0.05123998875190666,-0.03505169820443504,-0.011973716661010323,detlef strom+ausfall+e
strom+ausfall+e norwegen,13.616429816932007,0.007059398875488575,0.018441191474431896,-0.017099785565091778,0.0019158318721195472,strom+ausfall+e norwegen
gestrichene,12.996041665648775,0.0076864187551440345,0.026276256326272465,-0.021063413129020474,-0.00012086612994757015,gestrichene
norwegen ge+streich+en+e,12.996041665648775,0.0076864187551440345,0.026276256326272465,-0.021063413129020474,-0.00012086612994757015,norwegen ge+streich+en+e
ge+streich+en+e flug+e,12.443678800796278,0.0032173024319533733,0.0514276643819848,-0.030289841646455096,-0.007418248621185812,ge+streich+en+e flug+e
flug+e niederlanden,12.027717183882658,-0.007815503248781568,0.0913345500448311,-0.042407523972584994,-0.021162461056958473,flug+e niederlanden
niederlanden ein,12.049695433274433,-0.032572274977276924,0.18887610623786044,-0.07512725005940869,-0.060805084644592944,niederlanden ein
zieh+t teil+e,11.81019752873636,0.01640618248118754,0.0756757851573501,-0.034940503855077076,-0.03197561317473218,zieh+t teil+e
teil+e europa+s,18.37484829482874,-0.006385941469271137,0.07083781910742248,-0.025047193791317823,-0.025339518563292744,teil+e europa+s
europa+s hinweg,11.952561614231879,0.03371458702519759,0.03625566967274748,-0.019675213633827397,-0.027621767988440953,europa+s hinweg
hinweg sorg+t,12.20429994778381,0.04485823855457559,0.011960214087112587,-0.008446766698986585,-0.02859695108694627,hinweg sorg+t
sorg+t deutschland,12.765958509011913,0.057263368348740976,-0.01790069038778028,0.010347026983313364,-0.036652679739269826,sorg+t deutschland
deutschland schaden,14.376059947357488,0.04611785043794394,-0.07882232297085895,0.08802695034274056,-0.08944710559420992,deutschland schaden
für nordseeküste,15.222951792908349,0.2925525112272952,-0.048316189145693036,-0.08717248687567027,-0.07085136783253701,für nordseeküste
nordseeküste gelt,15.009048932039201,0.009592435730851502,-0.0017439839747110336,-0.011525534086341296,0.010063221283636058,nordseeküste gelt
gelt sturm+flut+warnung,24.762533789152943,-0.011853107529319751,-0.009373255825791738,0.001915259778451127,0.012652488024657273,gelt sturm+flut+warnung
05.10.2025,19.88366929111506,-0.002911910671137862,-0.006207571440169039,-0.003638107717080499,0.01159064319330522,05.10.2025
stand 05.10.2025,19.88366929111506,-0.002911910671137862,-0.006207571440169039,-0.003638107717080499,0.01159064319330522,stand 05.10.2025
14:02,10.1430481559004,0.029237264430242316,0.0053583024872468675,-0.024199433978611167,0.007544614493676902,14:02
05.10.2025 14:02,10.1430481559004,0.029237264430242316,0.0053583024872468675,-0.024199433978611167,0.007544614493676902,05.10.2025 14:02
14:02 uhr,9.649378498865634,0.03194846463646845,0.006347469353343887,-0.025975418737324965,0.007183962126912461,14:02 uhr
uhr strom+ausfall+e,9.303902698252218,0.033962503609973875,0.007083728382521965,-0.02729891099859485,0.006913815978798494,uhr strom+ausfall+e
Nordsee…,6.780330739360331,0.4171399884599619,-0.09541857388412732,-0.09172964378267862,-0.14987271669527397,Nordsee…
für nordsee…,6.780330739360331,0.4171399884599619,-0.09541857388412732,-0.09172964378267862,-0.14987271669527397,für nordsee…
+5006,6.2844522984576745,0.2518054728983434,-0.03607316434461608,-0.05411385192538165,-0.08771520281721844,+5006
nordsee… +5006,6.2844522984576745,0.2518054728983434,-0.03607316434461608,-0.05411385192538165,-0.08771520281721844,nordsee… +5006
+5006 char+s,6.147774806497323,0.2163882226688736,-0.02347970115933969,-0.04983732345827319,-0.07366824968797343,+5006 char+s
sturm+flut treff+t,36.80864854285996,-0.026367469945525537,-0.014467790473015822,0.01077598358287157,0.014330228268584596,sturm+flut treff+t
treff+t norderney,22.15395136413556,-0.007402452555745198,-0.007800131875586888,-0.000839997779282758,0.01212686446311516,treff+t norderney
Campingplatz,30.88443261025665,-0.020190852376709038,-0.01230639190346199,0.007028606635491148,0.013622694696465805,Campingplatz
norderney camping+platz,18.46927627166662,0.00025111306271884197,-0.005082549895607693,-0.005619958357743942,0.011209198307159733,norderney camping+platz
versinkt,22.605561429009292,-0.008222115931501309,-0.008090242624487428,-0.0003312236985100835,0.01222409306154481,versinkt
camping+platz versink+t,16.201476931228964,0.006070899368498069,-0.003005418537214122,-0.009290009943918782,0.010498784820296562,camping+platz versink+t
versink+t komplett,9.060839444105898,0.03544267403846601,0.007625616553957488,-0.028273851733985677,0.006714040366848894,versink+t komplett
komplett wasser,8.462319972132253,0.03933520129586779,0.009053891835936818,-0.030846901497323127,0.0061835493793015815,komplett wasser
Rund,19.36918515303416,-0.0017974619061073519,-0.005811494896066001,-0.004335355851059743,0.011456608080579333,Rund
Wohnmobile,18.741834778186252,-0.0003833124073402523,-0.005308419715654936,-0.005221723690832467,0.011285962691596221,Wohnmobile
rund wohn+mobil+e,18.741834778186252,-0.0003833124073402523,-0.005308419715654936,-0.005221723690832467,0.011285962691596221,rund wohn+mobil+e
Wohnwagen,17.76821440698899,0.001942612669954653,-0.004479800334455286,-0.006683501588159718,0.01100388893914881,Wohnwagen
wohn+mobil+e wohn+wagen,17.76821440698899,0.001942612669954653,-0.004479800334455286,-0.006683501588159718,0.01100388893914881,wohn+mobil+e wohn+wagen
versinken,29.0523192093638,-0.021799626290726896,-0.015467778871584048,0.013106128604234385,0.009344978294017653,versinken
wohn+wagen versink+en,17.22686122417765,0.0033115862904059255,-0.003991405018809041,-0.007546141454246947,0.010837033383909442,wohn+wagen versink+en
Sonntagmorgen,16.61718990480548,0.00492454742165478,-0.003415301231366531,-0.008564691301424432,0.010639627446686496,Sonntagmorgen
versink+en sonntag+morgen,16.61718990480548,0.00492454742165478,-0.003415301231366531,-0.008564691301424432,0.010639627446686496,versink+en sonntag+morgen
sonntag+morgen norderney,26.843715971548335,-0.014973631597631697,-0.010473132988557612,0.0038363795869527585,0.013017739622102288,sonntag+morgen norderney
gewaltigen,15.336034683852912,0.008590067024672042,-0.002103392310775281,-0.010888082490180584,0.010187652610391406,gewaltigen
norderney gewaltig+en,15.336034683852912,0.008590067024672042,-0.002103392310775281,-0.010888082490180584,0.010187652610391406,norderney gewaltig+en
Fluten,20.70967224194978,0.045790254721488004,-0.018118907107851256,-0.011723834737044074,0.00026383543744223074,Fluten
gewaltig+en flut+en,15.009790969750476,0.009590127669833035,-0.0017448118758252426,-0.011524065251257442,0.010063508219973528,gewaltig+en flut+en
ein camping+platz,16.5817690269172,0.005020706957087959,-0.0033809330323070217,-0.008625487872554316,0.010627830618341105,ein camping+platz
camping+platz komplett,15.985950828899453,0.0066809798768636824,-0.0027871327174595804,-0.009676500951639685,0.010423642506176424,camping+platz komplett
komplett überschwemm+t,15.700815083130621,0.007505391595324468,-0.0024919944756784467,-0.010199303613470415,0.01032189299661106,komplett überschwemm+t
Mehr,26.8658516490182,-0.05254758579725959,0.026657945638740924,0.03297240915285964,-0.03378756743958921,Mehr
mehr video,9.026120965032318,0.035658596682746346,0.007704721805550437,-0.02841623372158682,0.006684809012091939,mehr video
anzeigen,8.942722202766111,0.03618202170740218,0.007896543013917515,-0.028761556166938332,0.006613853945594012,anzeigen
video anzeige+n,8.942722202766111,0.03618202170740218,0.007896543013917515,-0.028761556166938332,0.006613853945594012,video anzeige+n
anzeige+n rund,8.797729148863162,0.037108375857975655,0.008236234192697313,-0.029373294197628262,0.006487948832896149,anzeige+n rund
Quelle,7.486950742061242,0.0465816862964642,0.011725437329026762,-0.03567227593505741,0.005175426670022005,Quelle
NonstopNews,7.436321586294942,0.046993866883095294,0.011877893599429444,-0.03594812030376257,0.005117254813313211,NonstopNews
quelle nonstopnews,7.436321586294942,0.046993866883095294,0.011877893599429444,-0.03594812030376257,0.005117254813313211,quelle nonstopnews
MeteoR…,7.357130780839796,0.04764659330021315,0.012119432928803802,-0.03638524834206073,0.005024947466181428,MeteoR…
nonstopnews meteor…,7.357130780839796,0.04764659330021315,0.012119432928803802,-0.03638524834206073,0.005024947466181428,nonstopnews meteor…
+23,7.304409206101397,0.04808668768241815,0.012282365076826191,-0.03668018706316451,0.004962580406042563,+23
meteor… +23,7.304409206101397,0.04808668768241815,0.012282365076826191,-0.03668018706316451,0.004962580406042563,meteor… +23
+23 char+s,7.281501681889944,0.048279313200469624,0.012353698512978805,-0.03680933226335363,0.004935249896839733,+23 char+s
Starke,12.88900626769439,0.014582557796086004,-0.0015076439037875861,-0.011523025915761346,0.0066949353751160744,Starke
fähr+ausfall+e stark+e,12.88900626769439,0.014582557796086004,-0.0015076439037875861,-0.011523025915761346,0.0066949353751160744,fähr+ausfall+e stark+e
Winde,29.014247646976383,-0.048149957098550154,0.04980057741957266,-0.026512793466825828,0.020879283539150886,Winde
stark+e wind+e,15.583490555450748,-0.02796633905597196,0.06901469033624445,-0.04908430887316467,0.01969057793695299,stark+e wind+e
wind+e sturm+flut+en,24.762533789152943,-0.011853107529319751,-0.009373255825791738,0.001915259778451127,0.012652488024657273,wind+e sturm+flut+en
Feuerwehren,13.930402440832912,0.013120611546496245,-0.0004766644653592025,-0.013776419666532475,0.009622292245438428,Feuerwehren
sturm+flut+en feuer+wehr+en,13.930402440832912,0.013120611546496245,-0.0004766644653592025,-0.013776419666532475,0.009622292245438428,sturm+flut+en feuer+wehr+en
feuer+wehr+en müss+en,11.401374103301924,0.023078157175371164,0.0031193979792731256,-0.02018898720673497,0.008351568657625041,feuer+wehr+en müss+en
müss+en immer,10.535819852455571,0.027206823328916455,0.004618960821579321,-0.02287362677862276,0.00781250259387181,müss+en immer
ausrücken,9.49361079348175,0.02709239899822495,0.0007096507612539093,-0.014777868270200535,0.0009309112538654746,ausrücken
immer aus+rück+en,9.49361079348175,0.02709239899822495,0.0007096507612539093,-0.014777868270200535,0.0009309112538654746,immer aus+rück+en
geb+t sogar,8.739416140091679,0.002329676732302205,0.000476187630202186,0.02210175316124935,-0.03115578643892497,geb+t sogar
sogar verletz+t+e,8.78348141761192,-0.0298707503101331,-0.01742918868135081,0.07195198828772115,-0.065266004807386,sogar verletz+t+e
Überblick,8.042651207158427,-0.00020746628110761877,0.06791258826612587,-0.01499579115466222,-0.03979694151638198,Überblick
ein überblick,8.042651207158427,-0.00020746628110761877,0.06791258826612587,-0.01499579115466222,-0.03979694151638198,ein überblick
+4522,13.63021970302075,0.014168926425067875,-9.94272558190183e-05,-0.014447363254570893,0.009490374345733698,+4522
sturm+flut +4522,13.63021970302075,0.014168926425067875,-9.94272558190183e-05,-0.014447363254570893,0.009490374345733698,sturm+flut +4522
+4522 chars,12.229855270791823,0.019509278487420692,0.0018272172799001004,-0.017880518339653474,0.008811648745742902,+4522 chars
sturm+flut teil+en,33.40934617933284,-0.017004408078613954,-0.014458243810779679,0.00753379002904009,0.012760595137865264,sturm+flut teil+en
Norddeutschlands,22.441782540293428,-0.010984086844972919,-0.011126190458671078,0.005471765828365386,0.008987808819889724,Norddeutschlands
teil+en norddeutschland+s,11.87095380176549,0.021013544345148936,0.00237140937551657,-0.01885214868303741,0.008618378526014952,teil+en norddeutschland+s
Störungen,18.618104656387704,-0.006917800394302223,-0.012226422955751477,0.008005235586372027,0.004083882953223109,Störungen
norddeutschland+s störung+en,9.803110673778402,0.031084016821419064,0.006031838101719969,-0.025408455231608014,0.007299324585263373,norddeutschland+s störung+en
störung+en fähr+verkehr,17.077103584854278,-0.006051445207305483,-0.01389790215127259,0.01137940228714202,0.0005253707907424771,störung+en fähr+verkehr
fähr+verkehr ein,8.377475091199099,0.03991809579657317,0.009268176797334517,-0.031233349980549496,0.006103458951845113,fähr+verkehr ein
sturm teil+e,15.596460802856097,0.003568202453326346,-0.006757711530525162,-0.0019407817844433125,0.005809532799659471,sturm teil+e
teil+e norddeutschland+s,14.138256629731472,0.007336269119053062,-0.005970493869601576,-0.003169358292491884,0.00434857723765535,teil+e norddeutschland+s
hinweggezogen,9.592830199832596,0.019067428293728542,-0.0072272349714139535,0.0005452766847289302,-0.006936575075163538,hinweggezogen
norddeutschland+s hinweg+ge+zieh+en,9.592830199832596,0.019067428293728542,-0.0072272349714139535,0.0005452766847289302,-0.006936575075163538,norddeutschland+s hinweg+ge+zieh+en
hinweg+ge+zieh+en störung+en,12.085561275885865,0.009093763717167287,-0.009343924005653632,0.003772941963212375,-0.0029397355362979203,hinweg+ge+zieh+en störung+en
fähr+verkehr ge+sorg+t,9.053284282514085,-0.016687824451804733,-0.04652530773540384,0.071890886551138,-0.04904168548199774,fähr+verkehr ge+sorg+t
Fährverbindung,9.569257505449169,-0.0910459536429845,-0.12161635016708551,0.18852550483726108,-0.12471752988818885,Fährverbindung
der fähr+verbindung,9.569257505449169,-0.0910459536429845,-0.12161635016708551,0.18852550483726108,-0.12471752988818885,der fähr+verbindung
fähr+verbindung rostock,8.479195733976931,-0.001530028568449368,-0.03332995022636566,0.04912886323045899,-0.037415411602888846,fähr+verbindung rostock
Mecklenburg-Vorpommern,14.872152081889114,0.002602010238394834,-0.009243225982837985,0.002947736899157715,0.0021804732029816333,Mecklenburg-Vorpommern
rostock mecklenburg-vorpommern,5.985295122608758,0.0400084769062248,-0.004729066354762223,-0.0020841802755254954,-0.019430048507232223,rostock mecklenburg-vorpommern
Gedser,5.730906391980279,0.04983716487155259,0.0035674302255366596,-0.017982583921809115,-0.012423633714631387,Gedser
mecklenburg-vorpommern gedser,5.730906391980279,0.04983716487155259,0.0035674302255366596,-0.017982583921809115,-0.012423633714631387,mecklenburg-vorpommern gedser
Dänemark,5.652449444098868,0.05228113545945452,0.005488592903304614,-0.021696178643854397,-0.010944332450487291,Dänemark
gedser dänemark,5.652449444098868,0.05228113545945452,0.005488592903304614,-0.021696178643854397,-0.010944332450487291,gedser dänemark
dänemark werd+e,5.586916415783144,0.054180474151935845,0.006935548458399807,-0.024498712220378145,-0.009880405700758753,dänemark werd+e
werd+e angabe+n,5.512333994604429,0.056214185518013327,0.008437930790880118,-0.027412410716256937,-0.00882871359823858,werd+e angabe+n
Betreibers,5.436888291304634,0.0581581662044758,0.009827270531494726,-0.030109163317456007,-0.007910785073108141,Betreibers
angabe+n betreiber+s,5.436888291304634,0.0581581662044758,0.009827270531494726,-0.030109163317456007,-0.007910785073108141,angabe+n betreiber+s
Scandlines,5.372410454798177,0.059745655933046676,0.01092744233473759,-0.0322453782475348,-0.007225605543421171,Scandlines
betreiber+s scandline+s,5.372410454798177,0.059745655933046676,0.01092744233473759,-0.0322453782475348,-0.007225605543421171,betreiber+s scandline+s
scandline+s sonntag,5.295960236638971,0.06155584734785361,0.012144211382593969,-0.03460791815850886,-0.006515202125976684,scandline+s sonntag
sonntag komplett,5.254784748226181,0.06250356311492335,0.012765348720641558,-0.035813636164260185,-0.006173211068982482,sonntag komplett
gestric…,5.2104319867320195,0.06350618692362096,0.013410751323503861,-0.037066055652592945,-0.005833536639894963,gestric…
komplett gestric…,5.2104319867320195,0.06350618692362096,0.013410751323503861,-0.037066055652592945,-0.005833536639894963,komplett gestric…
gestric… kopier+e,5.168003429519555,0.06444973458407945,0.014007287538115532,-0.03822316399974464,-0.005534381350946585,gestric… kopier+e
Meck…,4.702538213605171,0.04252737452027819,-0.013679419611797656,0.01636855791339011,-0.038218158043686466,Meck…
rostock meck…,4.702538213605171,0.04252737452027819,-0.013679419611797656,0.01636855791339011,-0.038218158043686466,rostock meck…
+1064,4.66851125957718,0.04661670159677913,-0.009752427429910305,0.009030862815382826,-0.03443347450440322,+1064
meck… +1064,4.66851125957718,0.04661670159677913,-0.009752427429910305,0.009030862815382826,-0.03443347450440322,meck… +1064
+1064 chars,4.642695494248134,0.04948166992207524,-0.007024804852146659,0.0038888002461572426,-0.0318263226662654,+1064 chars
wetter orkanbö+en,6.933476727597394,0.09941507764749563,0.0031698912086741164,-0.04985174335720296,-0.006149563533746766,wetter orkanbö+en
legen,10.33667473326399,0.08482695825214792,0.01867079352668781,-0.04584784391131287,-0.014029496907683807,legen
orkanbö+en leg+en,7.134616624870997,0.10627658742047791,0.0006121142188752796,-0.050667623069361525,-0.007848684216931403,orkanbö+en leg+en
leg+en fähre+n,7.270026113879164,0.11195084202932697,-0.0013304839451446116,-0.051494890049938534,-0.009241905167755745,leg+en fähre+n
lahm,10.520073633322294,0.09364699815158002,0.0412678178957296,-0.057311219046488775,-0.02565888727022436,lahm
fähre+n lahm,7.445734582804603,0.12089192188123385,-0.0041963712983676075,-0.052983864103374245,-0.011430010280483573,fähre+n lahm
Windsurf-Elite,12.501539282784126,0.11897152663983696,-0.02014444639056929,-0.03985218201012292,-0.013160014924726545,Windsurf-Elite
lahm windsurf-elite,7.646217918721366,0.1338569377495158,-0.008096717023873266,-0.05541533211010516,-0.014607834069993351,lahm windsurf-elite
feiert,8.2304680072572,0.19892010798234344,-0.026277403931996214,-0.07007270839134579,-0.031057614455664934,feiert
windsurf-elite feier+t,8.2304680072572,0.19892010798234344,-0.026277403931996214,-0.07007270839134579,-0.031057614455664934,windsurf-elite feier+t
feier+t nordsee,8.764189572998475,0.3131584152995867,-0.05919986084880853,-0.10113458679704247,-0.06306721131549996,feier+t nordsee
nordsee kiel/hamburg,8.761518050976981,0.16742644019598385,-0.020638583011051977,-0.06023268060856205,-0.02335866716030221,nordsee kiel/hamburg
lno,29.3333489544884,0.020675719314662812,-0.0008007928385437008,-0.008915579477444122,-0.001121868921403989,lno
kiel/hamburg lno,9.328759959704152,0.07803026651360427,-0.0022700314897331503,-0.037041987710918337,-0.002630259061668482,kiel/hamburg lno
lno orkanartige,9.763118307369448,0.04986148974229228,0.0022808356341738416,-0.029605297603108635,0.0033306251606205033,lno orkanartige
orkanartige böen,10.87423107544191,0.025539065309336455,0.004012607278049106,-0.021787362139889955,0.00803115661421584,orkanartige böen
böen stark+er,11.706091641048928,0.02172549400193552,0.0026291998370814944,-0.019312709473888395,0.008526576962919872,böen stark+er
stark+er regen,13.35320723238742,0.015164500790815327,0.00025912276465840184,-0.015085460488296442,0.009364700130736743,stark+er regen
sturm+flut mensch+en,12.229855270791823,0.019509278487420692,0.0018272172799001004,-0.017880518339653474,0.008811648745742902,sturm+flut mensch+en
mensch+en schleswig-holstein,10.535819852455571,0.027206823328916455,0.004618960821579321,-0.02287362677862276,0.00781250259387181,mensch+en schleswig-holstein
schleswig-holstein hamburg,13.049714151385151,0.07302612837678421,-0.015182795562305236,-0.02233403742881822,-0.007011685255913194,schleswig-holstein hamburg
hamburg un+gemütlich+es,8.29609645870296,0.040484982520377535,0.009476678625505476,-0.03160947057082289,0.006025402909144173,hamburg un+gemütlich+es
woche+n+ende kopier+e,7.496356773376581,0.046505543880148124,0.011697279882918065,-0.035621335203313786,0.005186162836797908,woche+n+ende kopier+e
hinzu+füg+en während,6.491179098400016,0.05550376892992549,0.015037674075920033,-0.0416762591294588,0.003895431733236635,hinzu+füg+en während
während fähre+n,7.270026113879164,0.11195084202932697,-0.0013304839451446116,-0.051494890049938534,-0.009241905167755745,während fähre+n
ausfielen,6.300814639394424,0.057434398106681786,0.015757784993838668,-0.042984558881684336,0.0036125733350867444,ausfielen
fähre+n aus+fall+en,6.300814639394424,0.057434398106681786,0.015757784993838668,-0.042984558881684336,0.0036125733350867444,fähre+n aus+fall+en
aus+fall+en fisch+markt,6.102826314443307,0.05953354290560018,0.01654213010403702,-0.044410731584008524,0.003302582504221229,aus+fall+en fisch+markt
fisch+markt wasser,9.290370374744805,0.06148794721958285,0.018182483287328816,-0.039758653492798,-0.005153988499566307,fisch+markt wasser
wasser steh,5.878603230510223,0.06203304633380436,0.017477951217379478,-0.04611390915977953,0.0029301056880730123,wasser steh
nutzte,5.820139411817814,0.06270760273722499,0.017730858782364214,-0.046574487678907234,0.0028289503067715077,nutzte
steh nutz+te,5.820139411817814,0.06270760273722499,0.017730858782364214,-0.046574487678907234,0.0028289503067715077,steh nutz+te
nutz+te windsurf-elit+e,7.646217918721366,0.1338569377495158,-0.008096717023873266,-0.05541533211010516,-0.014607834069993351,nutz+te windsurf-elit+e
windsurf-elit+e sylt,5.597657633356899,0.06536763014163607,0.018729629923417014,-0.04839458203197921,0.002427407725740482,windsurf-elit+e sylt
sylt stürmisch+en,5.538455931923486,0.06610158307596117,0.019005621786943972,-0.04889786630517895,0.0023158651409637626,sylt stürmisch+en
Bedingungen,31.518246292493615,-0.011612123686998172,-0.01438150867645452,0.005595057698650661,0.011858955772734483,Bedingungen
stürmisch+en bedingung+en,5.464075676850887,0.06704015235151765,0.01935881652214953,-0.049542143854308406,0.0021727503955386905,stürmisch+en bedingung+en
Saisonhöhepunk…,5.372122023809453,0.06822669624692328,0.01980574530452127,-0.05035774250723265,0.0019910566152135326,Saisonhöhepunk…
bedingung+en saisonhöhepunk…,5.372122023809453,0.06822669624692328,0.01980574530452127,-0.05035774250723265,0.0019910566152135326,bedingung+en saisonhöhepunk…
+4609,5.28233601559614,0.06941441865031961,0.0202535865260897,-0.05117538208560621,0.0018083196973067849,+4609
saisonhöhepunk… +4609,5.28233601559614,0.06941441865031961,0.0202535865260897,-0.05117538208560621,0.0018083196973067849,saisonhöhepunk… +4609
+4609 chars,5.25238865805228,0.06981720215033452,0.020405566185074935,-0.05145294194052952,0.0017461526765042517,+4609 chars
Zwei,19.636494076209445,0.2791474726529975,-0.048078373874742356,-0.08080280788846975,-0.06703919950501748,Zwei
verletz+t sturm+tief,7.42619755200524,-0.038901194351498115,0.26290525932419495,-0.1165415405472654,-0.08737253744758952,verletz+t sturm+tief
wirbelt,7.345552994194437,0.019362101722741387,0.08550607960803634,-0.04873186196332961,-0.025494680685638434,wirbelt
detlef wirbel+t,7.345552994194437,0.019362101722741387,0.08550607960803634,-0.04873186196332961,-0.025494680685638434,detlef wirbel+t
wirbel+t deutschland,7.47815659808602,0.024181233923960068,0.061217306718304325,-0.038842856189242464,-0.0189724935796377,wirbel+t deutschland
Zwar,12.992356602079749,-0.0018209469514251717,0.015413883646535969,-0.0012359856921619452,-0.0102017278070129,Zwar
deutschland zwar,7.909944915465649,0.027198928761164743,0.023609716304913535,-0.020176651473716032,-0.011608832304810567,deutschland zwar
zwar bleib+en,13.279674729752736,-0.002239563922956277,0.005590278291492669,0.004710766085038794,-0.009366694698777676,zwar bleib+en
bundesweit,13.819714804453437,-0.0046292897597678745,-0.010027960587536352,0.01597401253503339,-0.009593442601444386,bundesweit
bleib+en bundesweit,13.819714804453437,-0.0046292897597678745,-0.010027960587536352,0.01597401253503339,-0.009593442601444386,bleib+en bundesweit
bundesweit groß+er+e,14.84086304697885,-0.016503456319274985,-0.02902144604861536,0.03958890492475947,-0.01810565297303122,bundesweit groß+er+e
groß+er+e schaden,25.786721432814403,-0.05909759862811229,-0.056795360893831345,0.08650356680872344,-0.0348987382916069,groß+er+e schaden
dennoch,17.164104292886957,-0.008561564432796003,-0.016330567510604455,0.015925461236126807,-0.0018495151340789226,dennoch
schaden dennoch,17.164104292886957,-0.008561564432796003,-0.016330567510604455,0.015925461236126807,-0.0018495151340789226,schaden dennoch
dennoch sorg+en,18.533250600869046,-0.003206726082484419,-0.008540389040810854,0.0010114546596923714,0.007751359161956257,dennoch sorg+en
sorg+en stark+er,20.31906537355308,-0.003825120427325211,-0.006531877416330105,-0.003067599650176673,0.011700186947537987,sorg+en stark+er
wind sturm+flut,44.516702126208074,-0.0326376712220159,-0.016652145112430686,0.014544839573020588,0.015039582684725487,wind sturm+flut
nordseeküste massiv+e,17.61794408582778,0.04456383227412975,-0.012951984531623096,-0.015906249416924697,0.0021676911847844085,nordseeküste massiv+e
massiv+e einschränkung+en,16.30762065789461,0.03740773504475823,-0.009535535441252636,-0.015820126847957243,0.0039686679162578686,massiv+e einschränkung+en
mehrere mensch+en,13.752714856307318,0.031284568727766554,-0.003815665896184137,-0.01790660106922064,0.005898984090233801,mehrere mensch+en
mensch+en komm+en,13.137366646462791,0.031035854930077347,-0.0025157250735962436,-0.01881042521921237,0.0061281379991412095,mensch+en komm+en
Schaden,12.5624467613674,0.03118418623689574,-0.0013030497859832862,-0.019796280337772972,0.006272038353438938,Schaden
komm+en schaden,12.5624467613674,0.03118418623689574,-0.0013030497859832862,-0.019796280337772972,0.006272038353438938,komm+en schaden
konnten,11.625333559185686,0.031097224893396377,-0.00038967084444778194,-0.01953987270203737,0.005253156883484399,konnten
doch könn+en,11.625333559185686,0.031097224893396377,-0.00038967084444778194,-0.01953987270203737,0.005253156883484399,doch könn+en
Witterung,6.957019579978387,0.0545485826994727,0.007341796553483319,-0.03143376203555276,-0.0017270293819137644,Witterung
könn+en witterung,6.957019579978387,0.0545485826994727,0.007341796553483319,-0.03143376203555276,-0.0017270293819137644,könn+en witterung
Positives,7.260939094602504,0.04206753641252175,0.005769063315224268,-0.023592454592097516,-0.001952944384921554,Positives
witterung positiv+es,7.260939094602504,0.04206753641252175,0.005769063315224268,-0.023592454592097516,-0.001952944384921554,witterung positiv+es
abgewinnen,7.5059199943603,0.038831370117504524,0.003762448054895001,-0.019777504023698735,-0.0029600196754214687,abgewinnen
positiv+es ab+gewinn+en,7.5059199943603,0.038831370117504524,0.003762448054895001,-0.019777504023698735,-0.0029600196754214687,positiv+es ab+gewinn+en
de…,7.076745203646052,0.04786338508553846,0.048450795916538635,-0.051128114391774976,-0.00803671007631619,de…
könn+en de…,7.000101655978572,0.05875279885724639,0.01157821528417525,-0.040238700620067194,0.0028527036953915905,könn+en de…
+3832,6.90729936584005,0.059188140920399916,0.011970916269063745,-0.04071318056405987,0.0028179111650008764,+3832
de… +3832,6.90729936584005,0.059188140920399916,0.011970916269063745,-0.04071318056405987,0.0028179111650008764,de… +3832
+3832 chars,6.802840218897781,0.05971426075235335,0.012416958955172598,-0.04126462760062543,0.0027719748623839463,+3832 chars
deutschland mehrere,11.991354873559814,0.010922140768176946,-0.0077199942014553255,0.0007002725390535921,-0.001473025050957087,deutschland mehrere
verletz+t+e sturm+flut,24.762533789152943,-0.011853107529319751,-0.009373255825791738,0.001915259778451127,0.012652488024657273,verletz+t+e sturm+flut
nordsee orkanbö+en,11.552729106142769,0.08395985113957531,-0.010068413809451454,-0.03337679899545963,-0.004836243131099585,nordsee orkanbö+en
überflutete,13.004757217655623,0.03584001507352049,0.02712751557093746,-0.031490268926326725,-0.005990331530505808,überflutete
orkanbö+en überflutet+e,13.004757217655623,0.03584001507352049,0.02712751557093746,-0.031490268926326725,-0.005990331530505808,orkanbö+en überflutet+e
überflutet+e küste+n,12.132001541623584,0.02335493488841337,0.05395696599144068,-0.03907976115485718,-0.011648031897843608,überflutet+e küste+n
umgestürzte,14.698257517663109,0.016990041097548887,0.07442006258240232,-0.04334282481833953,-0.02051727030365581,umgestürzte
küste+n um+ge+stürz+t+e,11.736862687983578,0.014459856737538622,0.07964885766822263,-0.047236852800480504,-0.018746793735725034,küste+n um+ge+stürz+t+e
baum+e der,11.365201630247403,-0.03055416533180131,0.210399924274151,-0.09315002142741663,-0.06261055994862937,baum+e der
weite,14.759266747036927,0.010817605852924015,0.06976826095196498,-0.03960275153057946,-0.016963609988683646,weite
detlef weit+e,10.15175009367221,0.004104365898088057,0.11676387036959765,-0.06158451793996825,-0.028842922056225507,detlef weit+e
weit+e teil+e,14.459510040478419,0.020075028491894582,0.059771785416783185,-0.038501664300766555,-0.015402294440106004,weit+e teil+e
getroffen,33.74253956016324,-0.029535711407632,0.003727719916392506,0.007448499038900653,0.005672901390834054,getroffen
europa+s ge+treff+en,9.583771186796385,0.016392163154207905,0.08353499941669996,-0.051865263095962226,-0.017794823840408258,europa+s ge+treff+en
deutschland komm,10.4493195971582,0.02525372037270207,0.03731181073989424,-0.034844914718391656,-0.003616890190796081,deutschland komm
komm mehrere+n,10.200789255719464,0.027043639770879986,0.0342951835610117,-0.034491270789493655,-0.002621969218159759,komm mehrere+n
Unfällen,26.050546080364732,-0.010606877824939066,-0.0021209789156435375,-0.0012519876345271923,0.010000687084595615,Unfällen
mehrere+n unfall+en,9.996729885593341,0.028475017545962468,0.03212791782096071,-0.03432057380930398,-0.001904873926407735,mehrere+n unfall+en
Polizei,21.166868242345284,-0.014083941213715053,0.04053153556985416,0.013443031982171018,-0.043873075189386684,Polizei
polizei feuer+wehr,8.746130936333401,0.11959150113410678,0.020773691912713475,-0.049428619092058874,-0.03634233559435165,polizei feuer+wehr
Rettungsdienste,8.324876661115738,0.0334148759951609,0.04687769837629248,-0.043902586850941415,-0.006007093104191539,Rettungsdienste
feuer+wehr rettung+s+dienst+e,8.324876661115738,0.0334148759951609,0.04687769837629248,-0.043902586850941415,-0.006007093104191539,feuer+wehr rettung+s+dienst+e
Dauereinsatz,5.758561281634403,0.058841404249965826,0.047169045490074515,-0.05709449308677073,-0.006958635374674267,Dauereinsatz
rettung+s+dienst+e dauer+einsatz,5.758561281634403,0.058841404249965826,0.047169045490074515,-0.05709449308677073,-0.006958635374674267,rettung+s+dienst+e dauer+einsatz
Rettungshubschraubern,5.6198428395147255,0.05536198854579744,0.06465623424931596,-0.0634858160581923,-0.012272084612049596,Rettungshubschraubern
dauer+einsatz rettung+s+hubschrauber+n,5.6198428395147255,0.05536198854579744,0.06465623424931596,-0.0634858160581923,-0.012272084612049596,dauer+einsatz rettung+s+hubschrauber+n
+5181,4.699367647421621,0.06768403694556564,0.06563199472610458,-0.07075016972592243,-0.012682492636093827,+5181
rettung+s+dienst+e +5181,4.699367647421621,0.06768403694556564,0.06563199472610458,-0.07075016972592243,-0.012682492636093827,rettung+s+dienst+e +5181
+5181 chars,4.682029196311154,0.06831095317574895,0.06442947065975746,-0.07051769681284548,-0.01231671375061364,+5181 chars
Schwerverletzte,9.001131888563643,0.024585669977889957,0.04840052518771615,-0.04086398897372002,-0.005328734658069022,Schwerverletzte
mehrere schwerverletzt+e,9.001131888563643,0.024585669977889957,0.04840052518771615,-0.04086398897372002,-0.005328734658069022,mehrere schwerverletzt+e
schwerverletzt+e sturm+tief,10.80703892577927,-0.016705863053669338,0.14801258185282334,-0.06850572296592546,-0.037277698438329704,schwerverletzt+e sturm+tief
detlef deutschland,14.257243912199833,0.012013474822737963,-0.0008747281387608724,-0.01306889543144142,0.00976115700078214,detlef deutschland
deutschland sturm+flut,24.762533789152943,-0.011853107529319751,-0.009373255825791738,0.001915259778451127,0.012652488024657273,deutschland sturm+flut
hamburg stark+e,20.31906537355308,-0.003825120427325211,-0.006531877416330105,-0.003067599650176673,0.011700186947537987,hamburg stark+e
stark+e böe+n,18.46927627166662,0.00025111306271884197,-0.005082549895607693,-0.005619958357743942,0.011209198307159733,stark+e böe+n
böe+n brocken,16.201476931228964,0.006070899368498069,-0.003005418537214122,-0.009290009943918782,0.010498784820296562,böe+n brocken
umgeknickte,15.11396776203895,0.009267616059310485,-0.0018604819750666103,-0.01131886790285163,0.010103583499126828,umgeknickte
brocken um+ge+knick+t+e,15.11396776203895,0.009267616059310485,-0.0018604819750666103,-0.01131886790285163,0.010103583499126828,brocken um+ge+knick+t+e
um+ge+knick+t+e baum+e,14.009461558173946,0.012849602365239077,-0.0005741363158447062,-0.013603127853903682,0.009656327083838625,um+ge+knick+t+e baum+e
Süden,19.36880810067595,-0.017074848960490243,0.04905389511551707,-0.020725854356455076,-0.00458766187366049,Süden
baum+e süden,13.353207232387424,0.015164500790815109,0.00025912276465795786,-0.015085460488296554,0.009364700130736302,baum+e süden
süden detlef,16.574980243722152,4.7525490669867685e-06,0.015128956027657636,-0.014059983930177196,0.0053240104071852375,süden detlef
woche+n+ende spur+en,11.401374103301922,0.023078157175371164,0.003119397979273347,-0.020188987206735197,0.008351568657624823,woche+n+ende spur+en
spur+en hinterlass+en,11.158597517583143,0.024191748484116364,0.0035233635427997676,-0.02091160738762843,0.008206903858671248,spur+en hinterlass+en
mindestens drei,10.882397242486572,0.025499703134154058,0.0039983062464784705,-0.0217617539848783,0.008036302382404345,mindestens drei
drei mensch+en,10.912463825040787,0.02535512592783785,0.00394578254325896,-0.021667707033143458,0.008055196934127155,drei mensch+en
Montag,13.68967404871134,0.00950311447220436,-0.0047754196673403726,-0.00537466056742748,0.004806650373531503,Montag
für montag,8.000882514466898,0.042608659649083155,0.010258664601221018,-0.03302099403031732,0.005731527371992933,für montag
Wetterbesserung,8.643468816829214,0.03811756267651224,0.008606602068306877,-0.030040588216790478,0.006350302950478458,Wetterbesserung
montag wetter+besserung,8.643468816829214,0.03811756267651224,0.008606602068306877,-0.030040588216790478,0.006350302950478458,montag wetter+besserung
vorhergesagt,9.576073651888068,0.032367393454225776,0.0065005124228181286,-0.026250417153444217,0.007127928934366507,vorhergesagt
wetter+besserung vorhergesagt,9.576073651888068,0.032367393454225776,0.0065005124228181286,-0.026250417153444217,0.007127928934366507,wetter+besserung vorhergesagt
19:00,14.615021676160534,0.010840300702510002,-0.0012961547502746181,-0.012320366201319146,0.009907801217343724,19:00
05.10.2025 19:00,14.615021676160534,0.010840300702510002,-0.0012961547502746181,-0.012320366201319146,0.009907801217343724,05.10.2025 19:00
19:00 uhr,17.84211043728031,0.0017601079122325297,-0.00454487185697998,-0.00656862624200107,0.011026086120245481,19:00 uhr
uhr sturm+flut,24.762533789152943,-0.011853107529319751,-0.009373255825791738,0.001915259778451127,0.012652488024657273,uhr sturm+flut
verle…,6.254209639811683,0.057919883082370664,0.015939058446754816,-0.043314059942175895,0.0035411067992104496,verle…
werd+en verle…,6.254209639811683,0.057919883082370664,0.015939058446754816,-0.043314059942175895,0.0035411067992104496,werd+en verle…
+3096,6.165593390041227,0.05885754397086224,0.01628938601434921,-0.0439510351975199,0.00340269026672985,+3096
verle… +3096,6.165593390041227,0.05885754397086224,0.01628938601434921,-0.0439510351975199,0.00340269026672985,verle… +3096
+3096 chars,6.102826314443307,0.05953354290560018,0.01654213010403702,-0.044410731584008524,0.003302582504221229,+3096 chars
Kreuzfahrtschiff,74.93853987961853,-0.03961057520310031,-0.022164397499952453,0.02145545892683057,0.014721049394147,Kreuzfahrtschiff
wetter kreuz+fahrt+schiff,18.251330467708193,0.0007675680990096292,-0.0048985991357631785,-0.005944409889382665,0.011146611819877968,wetter kreuz+fahrt+schiff
steckt,46.640445163293805,-0.03411002966435783,-0.01716365915483689,0.015424688929024315,0.01520492782887128,steckt
kreuz+fahrt+schiff steck+t,40.81396646757409,-0.02982694259099828,-0.015674178847774143,0.012859776416922512,0.014722665314553398,kreuz+fahrt+schiff steck+t
steck+t wegen,42.53278741853852,-0.031173089044266595,-0.01614280185992134,0.01366769638336605,0.014874658232916336,steck+t wegen
hamburg fest,40.123790898666634,-0.029264522776418514,-0.015478254883811226,0.012521742667629314,0.014659046046015308,hamburg fest
fest kiel/hamburg,11.401374103301924,0.023078157175371164,0.0031193979792731256,-0.02018898720673497,0.008351568657625041,fest kiel/hamburg
kiel/hamburg wegen,15.009048932039201,0.009592435730851502,-0.0017439839747110336,-0.011525534086341296,0.010063221283636058,kiel/hamburg wegen
sturm+flut kreuz+fahrt+schiff,40.50398195007995,-0.029575949962049368,-0.015586753047160765,0.012708956488644245,0.014694282321549507,sturm+flut kreuz+fahrt+schiff
Aidaperla,43.06952529441153,-0.031578368826094355,-0.01628380062335427,0.01391061359146463,0.014920341847406232,Aidaperla
kreuz+fahrt+schiff aidaperla,24.208131649647306,-0.010961674226676309,-0.009058588834631235,0.0013648381471531113,0.01254765829270239,kreuz+fahrt+schiff aidaperla
aidaperla seit,15.446022576623557,0.008259375182476731,-0.002221902873769172,-0.010677978266077475,0.010228624041968006,aidaperla seit
seit samstag,14.906805188769678,0.009911942372860567,-0.0016293624925406939,-0.011728912120846839,0.010023481659526377,seit samstag
samstag hamburger,13.420454579274635,0.014920254933488442,0.00017113276481054335,-0.014928833161739305,0.009395567692941543,samstag hamburger
hamburger hafen,12.800507875792613,0.01723733502336112,0.0010065570275316236,-0.016416847007143756,0.009101791305593425,hamburger hafen
verlassen,12.47688307243403,0.018508429813836352,0.001465510615523854,-0.017235167951660822,0.008939722363972722,verlassen
hafen verlass+en,12.47688307243403,0.018508429813836352,0.001465510615523854,-0.017235167951660822,0.008939722363972722,hafen verlass+en
Aufgrund,11.956857200886073,0.020647899944534694,0.0022390707300846656,-0.018615787945201037,0.008665443563938833,Aufgrund
anhaltenden,11.437783590105736,0.022913947148226397,0.0030598603186039754,-0.020082522692185932,0.008372855808514754,anhaltenden
aufgrund an+halt+end+en,11.437783590105736,0.022913947148226397,0.0030598603186039754,-0.020082522692185932,0.008372855808514754,aufgrund an+halt+end+en
an+halt+end+en kopier+e,6.843301177803581,0.05213814058319407,0.013785209483894455,-0.03940327493306994,0.004383465027665853,an+halt+end+en kopier+e
der aidaperla,6.0725416380007085,0.05986331239999871,0.01666547938931767,-0.044635127413271365,0.0032536504818125693,der aidaperla
aidaperla samstag,13.41582052957186,0.014937032694600911,0.00017717643432641853,-0.014939590518816964,0.009393448080075055,aidaperla samstag
samstag norwegen,12.977127519788189,0.01656192005947291,0.0007628758232658202,-0.015982605592214805,0.009187644961000772,samstag norwegen
auslaufen,12.709055636755773,0.017592060455305775,0.0011345903984886002,-0.01664507176322,0.009056628150384414,auslaufen
norwegen aus+lauf+en,12.709055636755773,0.017592060455305775,0.0011345903984886002,-0.01664507176322,0.009056628150384414,norwegen aus+lauf+en
doch sturm,18.03266831319702,0.0012941433376751754,-0.0047109686961693195,-0.006275466772198893,0.011082709261411717,doch sturm
sturm mach+t,5.525710364202333,0.0662610989058727,0.019065628890415298,-0.0490073111992804,0.002291579580882179,sturm mach+t
mach+t kreuz+fahrt+schiff,17.06242706633974,0.003738944575629529,-0.0038388348437129486,-0.00781578096443973,0.010784816392326974,mach+t kreuz+fahrt+schiff
Strich,16.438062532287525,0.005413700320276234,-0.0032404473351339874,-0.008874043140789552,0.0105795850968638,Strich
kreuz+fahrt+schiff strich,16.438062532287525,0.005413700320276234,-0.0032404473351339874,-0.008874043140789552,0.0105795850968638,kreuz+fahrt+schiff strich
Rechnung,11.791715706226773,0.021354034223081967,0.002494679062774822,-0.01907235571726679,0.00857450101150412,Rechnung
strich rechnung,11.791715706226773,0.021354034223081967,0.002494679062774822,-0.01907235571726679,0.00857450101150412,strich rechnung
+1053,5.136212723942768,0.07141236763235786,0.02100799054520405,-0.05255357050318663,0.001498965583123636,+1053
wegen +1053,5.136212723942768,0.07141236763235786,0.02100799054520405,-0.05255357050318663,0.001498965583123636,wegen +1053
+1053 char+s,5.110208344743887,0.0717767383831638,0.02114571655999562,-0.052805290487286355,0.0014422815262074365,+1053 char+s
fest hier,11.260142148242036,0.023721977925275504,0.003352905126592019,-0.020606634759740398,0.00826799617494254,fest hier
sie kreuz+fahrt+schiff,10.756657879422269,0.02611031822839331,0.004220206419084988,-0.02215916079815174,0.007956400535550464,sie kreuz+fahrt+schiff
Schlechtwetterlage,6.843301177803581,0.05213814058319407,0.013785209483894455,-0.03940327493306994,0.004383465027665853,Schlechtwetterlage
an+halt+end+en schlechtwetter+lage,6.843301177803581,0.05213814058319407,0.013785209483894455,-0.03940327493306994,0.004383465027665853,an+halt+end+en schlechtwetter+lage
verbundenen,6.3614084436925165,0.05681086799734797,0.015525080087771006,-0.042561666527009226,0.003704161416823844,verbundenen
schlechtwetter+lage verbind+en+en,6.3614084436925165,0.05681086799734797,0.015525080087771006,-0.042561666527009226,0.003704161416823844,schlechtwetter+lage verbind+en+en
verbind+en+en schließung,6.220284539192443,0.05827657242252681,0.01607229038243017,-0.04355627736398521,0.0034885128515104646,verbind+en+en schließung
schließung elbe,6.062602440787453,0.05997205903119941,0.01670616354915686,-0.04470914617380014,0.0032375004213809557,schließung elbe
+904,5.976462575448923,0.060925466085754984,0.017063017061446945,-0.04535852632065796,0.003095611765958791,+904
elbe +904,5.976462575448923,0.060925466085754984,0.017063017061446945,-0.04535852632065796,0.003095611765958791,elbe +904
+904 chars,5.931026322443515,0.06143642013126926,0.01725438631975118,-0.04570687040238315,0.0030193498521131268,+904 chars
steck+t hamburg,16.00815083058591,0.006617627363526258,-0.0028098049736383717,-0.009636351057275021,0.010431451583099802,steck+t hamburg
Eigentlich,19.69090105379823,-0.002498945188573297,-0.006060842133862934,-0.003896346296530048,0.011541021064500417,Eigentlich
fest eigentlich,14.563193799362523,0.011007825356485972,-0.0012360005804880625,-0.012427177829353675,0.009886892428679713,fest eigentlich
eigentlich aidaperla,20.759413597613637,-0.004722290707158146,-0.0068502688009426885,-0.0025078455990796074,0.011807557059519871,eigentlich aidaperla
Nordeuropa,14.981490680978032,0.009678263396039792,-0.0017131965385445529,-0.011580157646631369,0.010052549873138188,Nordeuropa
sturm nord+europa,14.981490680978032,0.009678263396039792,-0.0017131965385445529,-0.011580157646631369,0.010052549873138188,sturm nord+europa
nord+europa mach+t,14.672156377829971,0.010656552143448792,-0.001362125403559713,-0.012203239313534122,0.009930722940696015,nord+europa mach+t
hinzu+füg+en eigentlich,8.368489325431735,0.039980312129703544,0.009291055161148167,-0.03127461583116167,0.006094900198721338,hinzu+füg+en eigentlich
durc…,4.829996000852581,0.07588567125933339,0.022701897579346472,-0.05565193876572471,0.0007973284043177563,durc…
strich durc…,4.829996000852581,0.07588567125933339,0.022701897579346472,-0.05565193876572471,0.0007973284043177563,strich durc…
+1080,4.807961117067997,0.07622380003611524,0.022830209399877774,-0.05588685270692429,0.0007437820925582183,+1080
durc… +1080,4.807961117067997,0.07622380003611524,0.022830209399877774,-0.05588685270692429,0.0007437820925582183,durc… +1080
+1080 chars,4.789493204707639,0.07650897834260614,0.02293845760768022,-0.05608505762476668,0.0006985648892621887,+1080 chars
aidaperla steck+t,9.803110673778402,0.031084016821419064,0.006031838101719969,-0.025408455231608014,0.007299324585263373,aidaperla steck+t
aidaperla schon,10.026247620755177,0.029862052306177632,0.005586055570120909,-0.024608130217959327,0.00746180485945585,aidaperla schon
Weg,9.681453717361908,0.03176653931565571,0.006281025043012445,-0.025856045148539876,0.007208269553146703,Weg
schon weg,9.681453717361908,0.03176653931565571,0.006281025043012445,-0.025856045148539876,0.007208269553146703,schon weg
weg norwegen,9.48719230130729,0.032881327868953994,0.0066883360271857584,-0.02658799109076536,0.007059075186197543,weg norwegen
du…,4.780399901258943,0.07664999916547849,0.022991996492436335,-0.056183096495151456,0.0006761859504746631,du…
strich du…,4.780399901258943,0.07664999916547849,0.022991996492436335,-0.056183096495151456,0.0006761859504746631,strich du…
+984,4.765447266640898,0.07688276042512616,0.023080379455772175,-0.0563449523686344,0.0006392209617677349,+984
du… +984,4.765447266640898,0.07688276042512616,0.023080379455772175,-0.0563449523686344,0.0006392209617677349,du… +984
+984 chars,4.7507420725289204,0.0771127360447796,0.023167722540620207,-0.05650491801097331,0.0006026646580562555,+984 chars
versink+t wasser,8.89464253577544,0.036486871588624,0.008008301249305348,-0.028962787362986055,0.0065724669526650336,versink+t wasser
Special,4.864317148647908,0.06758649404825497,0.014342392616761073,-0.03849488984620676,-0.007614450700226847,Special
Wissenschaft,4.894578470918705,0.06692358462590406,0.013953407136760968,-0.03774777481492514,-0.007766175911990745,Wissenschaft
special wissenschaft,4.894578470918705,0.06692358462590406,0.013953407136760968,-0.03774777481492514,-0.007766175911990745,special wissenschaft
wissenschaft mit,4.948637337974299,0.06550244414772159,0.013003319687660357,-0.03589719401873555,-0.008308830858490237,wissenschaft mit
Simulator,4.986930286785213,0.06441413196812404,0.012239712282720317,-0.03440550446042035,-0.008792008295602161,Simulator
mit simulator,4.986930286785213,0.06441413196812404,0.012239712282720317,-0.03440550446042035,-0.008792008295602161,mit simulator
könnt,5.027002029228666,0.06323965536368954,0.011399004995332914,-0.032763452457661144,-0.009344813518632984,könnt
simulator könn+t,5.027002029228666,0.06323965536368954,0.011399004995332914,-0.032763452457661144,-0.009344813518632984,simulator könn+t
könn+t deutschland,5.069032787314083,0.06196321562222301,0.010465894084650412,-0.030941566751182682,-0.009982152746886323,könn+t deutschland
deutschland meter+hoch,5.122364059311518,0.06026756041116719,0.009195610516214937,-0.028463093421414676,-0.010886514076442434,deutschland meter+hoch
meter+hoch meer,12.861240932981753,0.012532099721105139,-0.0036977439309804055,-0.007263601151641931,0.004398203963738326,meter+hoch meer
meer versink+en,13.407093104908485,0.010488346385151445,-0.004438267379620608,-0.005961694368736806,0.004651152681680733,meer versink+en
versink+en lass+en,5.261959041489782,0.05530504375549137,0.00528808825749446,-0.020859650607975552,-0.01388899747488375,versink+en lass+en
lass+en klima+forscher,5.342250298568967,0.051984557210754435,0.002531617183252552,-0.01552229352944431,-0.016163082630729658,lass+en klima+forscher
zeigen,16.349797180595893,-1.9509795401940827e-05,-0.009003443111131519,0.0022257509717428254,0.004569904742988053,zeigen
klima+forscher zeig+en,5.432692317730114,0.047669938277660445,-0.0011916310133826178,-0.008357024174338198,-0.019381636334063864,klima+forscher zeig+en
zeig+en schon,5.490724052532064,0.04448995868260491,-0.004020391677020025,-0.0029513697549159524,-0.021911180696231308,zeig+en schon
Zentimeter,18.762427859202734,-0.007086208905718046,-0.012769166823105091,0.00873175447207209,0.003691940581660633,Zentimeter
schon zentimeter,14.113910736404797,0.002716845687124046,-0.010793962243545709,0.006047810501925149,-0.0006294718687428811,schon zentimeter
zentimeter verheerend+e,5.810657490083098,0.01812360263059785,-0.028972358658419496,0.043097023028270336,-0.04566211530439978,zentimeter verheerend+e
verheerend+e folge+n,6.241441607461156,-0.04010173094374624,-0.08658323882667845,0.1384462101001151,-0.10275318453268066,verheerend+e folge+n
folge+n ein,6.008425773570419,0.006058337971395902,-0.04005016400982116,0.062490017539734606,-0.055905130542325064,folge+n ein
interaktive,12.495953849625257,0.00017898082790603062,-0.017429012418622224,0.01887809397859428,-0.010387774541509,interaktive
ein interaktiv+e,5.969930371701469,0.018453141596323358,-0.027381906596029237,0.040092675883709676,-0.04300623366541261,ein interaktiv+e
Karte,5.971437289866789,0.03315632486771655,-0.011996864795128712,0.011755528757770467,-0.027047098767510165,Karte
interaktiv+e karte,5.971437289866789,0.03315632486771655,-0.011996864795128712,0.011755528757770467,-0.027047098767510165,interaktiv+e karte
zeigt,28.588179967234122,-0.03782531841720214,0.008172521060035638,0.002066355668449311,0.01392431187169443,zeigt
karte zeig+t,5.993595788636245,0.03729125193545037,-0.00750652145921756,0.0032268153898803555,-0.022258079796295505,karte zeig+t
Städte,12.211275407818366,0.010635416314847261,-0.0073983059589485985,2.5549754794995202e-05,-0.0006837514176615217,Städte
zeig+t stadt+e,6.0236526891946625,0.04038795927985264,-0.004044011008795975,-0.0034379655975279528,-0.018488570211456168,zeig+t stadt+e
stadt+e steig+end+en,6.138686376896069,0.04598041737096719,0.0026468250510480414,-0.016561173278929406,-0.010878380913831781,stadt+e steig+end+en
meer+es+spiegel versink+en,5.209314852614709,0.05728001047387512,0.006875633386721369,-0.023944252026232835,-0.01263339157535929,meer+es+spiegel versink+en
Ernstfall,6.611620547987174,0.05121050748823719,0.011351327376088932,-0.034294160679912755,0.00071030770187034,Ernstfall
doch ernst+fall,6.611620547987174,0.05121050748823719,0.011351327376088932,-0.034294160679912755,0.00071030770187034,doch ernst+fall
ernst+fall tret,6.754117088239861,0.051431974488656794,0.012493199994986723,-0.03671383671289515,0.0026102360463023176,ernst+fall tret
tret schon,6.848011923881254,0.05145000406501256,0.013097072965712879,-0.03800912958186876,0.0036953285094842815,tret schon
weit,6.950595597035717,0.05116140277458809,0.013422416796315397,-0.038745477260495834,0.004523907725296996,weit
schon weit,6.950595597035717,0.05116140277458809,0.013422416796315397,-0.038745477260495834,0.004523907725296996,schon weit
weit früh+er,7.046027696141962,0.050310521567969314,0.01310662140891962,-0.038173115879316946,0.004645822973113367,weit früh+er
Sea,12.045225532763077,0.02027548438303621,0.002104321668336164,-0.018375172246597907,0.008713322882214054,Sea
der sea,7.39603213632375,0.04732471537001497,0.012000306071479993,-0.03616964171670566,0.005070495511289229,der sea
Level,12.229855270791823,0.019509278487420692,0.0018272172799001004,-0.017880518339653474,0.008811648745742902,Level
sea level,12.229855270791823,0.019509278487420692,0.0018272172799001004,-0.017880518339653474,0.008811648745742902,sea level
Rise,12.528648645494297,0.018302114540395074,0.0013909845530342398,-0.01710224599875556,0.00896607269245666,Rise
level rise,12.528648645494297,0.018302114540395074,0.0013909845530342398,-0.01710224599875556,0.00896607269245666,level rise
Map,12.974971837039142,0.01657008819417116,0.0007658219951319502,-0.015987854664726988,0.009186607775759345,Map
rise map,12.974971837039142,0.01657008819417116,0.0007658219951319502,-0.015987854664726988,0.009186607775759345,rise map
map zeig+t,8.035384127397789,0.042354836594437145,0.010165126762264763,-0.03285208071091099,0.005766773752056442,map zeig+t
zeig+t deutsch+e,8.462319972132253,0.03933520129586779,0.009053891835936818,-0.030846901497323127,0.0061835493793015815,zeig+t deutsch+e
deutsch+e stadt+e,8.89464253577544,0.036486871588624,0.008008301249305348,-0.028962787362986055,0.0065724669526650336,deutsch+e stadt+e
stadt+e meter+hoch,9.303902698252218,0.033962503609973875,0.007083728382521965,-0.02729891099859485,0.006913815978798494,stadt+e meter+hoch
vermehrte,15.009048932039201,0.009592435730851502,-0.0017439839747110336,-0.011525534086341296,0.010063221283636058,vermehrte
versink+en vermehr+t+e,15.009048932039201,0.009592435730851502,-0.0017439839747110336,-0.011525534086341296,0.010063221283636058,versink+en vermehr+t+e
vermehr+t+e sturm+flut+en,24.762533789152943,-0.011853107529319751,-0.009373255825791738,0.001915259778451127,0.012652488024657273,vermehr+t+e sturm+flut+en
reichen,14.257243912199833,0.012013474822737963,-0.0008747281387608724,-0.01306889543144142,0.00976115700078214,reichen
sturm+flut+en reich+en,14.257243912199833,0.012013474822737963,-0.0008747281387608724,-0.01306889543144142,0.00976115700078214,sturm+flut+en reich+en
reich+en schon,12.229855270791823,0.019509278487420692,0.0018272172799001004,-0.017880518339653474,0.008811648745742902,reich+en schon
Bildquelle,16.237581734069327,0.0059697705737534095,-0.003041592235955648,-0.009225976332667795,0.010511228041026834,Bildquelle
zentimeter bild+quelle,9.967249190037494,0.03018147216477789,0.005702538850597857,-0.024817207130014583,0.007419399458567058,zentimeter bild+quelle
links,9.11916672107365,0.03508249658410652,0.007493694156011491,-0.028036437400540962,0.006762750327913921,links
bild+quelle links,9.11916672107365,0.03508249658410652,0.007493694156011491,-0.028036437400540962,0.006762750327913921,bild+quelle links
links sea,7.39603213632375,0.04732471537001497,0.012000306071479993,-0.03616964171670566,0.005070495511289229,links sea
rechts,7.837348015312777,0.04383300812711809,0.010710141291911258,-0.03383655919537807,0.005561041448008179,rechts
map rechts,7.837348015312777,0.04383300812711809,0.010710141291911258,-0.03383655919537807,0.005561041448008179,map rechts
parkerspics…,7.602880160349697,0.04565254017635601,0.011381965168194877,-0.03505100473995282,0.005306225711802035,parkerspics…
rechts parkerspics…,7.602880160349697,0.04565254017635601,0.011381965168194877,-0.03505100473995282,0.005306225711802035,rechts parkerspics…
+5066,7.607768379052061,0.0011410228673348192,0.034457413949195576,0.009066284576554779,-0.04245002571134462,+5066
parkerspics… +5066,7.255902784634635,0.04849558845808548,0.012433804079520477,-0.03695437185985182,0.0049045398794062365,parkerspics… +5066
+5066 char+s,7.12673785018738,0.049603591824562684,0.01284442873747096,-0.03769806529388773,0.004746809416182834,+5066 char+s
zwei jahr+e,9.583349363817653,0.6403689512222585,-0.1814957324553622,-0.22548131584585393,-0.18636934559802065,zwei jahr+e
Ostseeflut,7.349921685205423,0.914750094888673,-0.3262976181891988,-0.3989903950788566,-0.34537311697590184,Ostseeflut
jahr+e ost+see+flut,7.349921685205423,0.914750094888673,-0.3262976181891988,-0.3989903950788566,-0.34537311697590184,jahr+e ost+see+flut
Schutzanlagen,6.284726315873947,0.6257697252129967,-0.15903377368768268,-0.23089228181328714,-0.17769318719625327,Schutzanlagen
ost+see+flut schutz+anlage+n,5.971134457654443,0.5047814488722775,-0.10784841395795051,-0.1797069220835548,-0.12650782746652092,ost+see+flut schutz+anlage+n
schutz+anlage+n ost+see+sturm+flut,7.495410313549801,0.9003890814349693,-0.31722394993022085,-0.3876919174540833,-0.33519031376039116,schutz+anlage+n ost+see+sturm+flut
Ordnung,6.251387285083925,0.48700348864696547,-0.10320654041658842,-0.17119491930610156,-0.1199385242948251,Ordnung
2023 ordnung,6.251387285083925,0.48700348864696547,-0.10320654041658842,-0.17119491930610156,-0.1199385242948251,2023 ordnung
ordnung kiel,5.754560495302572,0.19189604847152797,-0.011253787706500644,-0.07855359535384641,-0.027643317872895055,ordnung kiel
kiel lno,5.8188966651820655,0.2063051720709095,-0.015288070543641914,-0.08205679301883628,-0.03141356794530364,kiel lno
lno zwei,5.410119270923771,0.286401819783006,-0.033429187632151545,-0.10718635345897584,-0.053035851983319005,lno zwei
jahr+e ost+see+sturm+flut,6.799648949024876,0.7447447989826063,-0.21980406061019467,-0.290272028134057,-0.23777042444036456,jahr+e ost+see+sturm+flut
ost+see+sturm+flut oktober,6.5460470249301235,0.3817634916138585,-0.06940081737650564,-0.13149204580865687,-0.08320446896679404,ost+see+sturm+flut oktober
2023 reparatur+arbeit+en,6.586369647421704,0.27922173851344656,-0.03935746419403411,-0.09886159253788257,-0.051879646931653325,2023 reparatur+arbeit+en
reparatur+arbeit+en angabe+n,6.776207444060306,0.21663842418972606,-0.023816390408125786,-0.08024518895409154,-0.034817736709275175,reparatur+arbeit+en angabe+n
angabe+n schleswig-holstein+s,6.916535259140965,0.19126124270429945,-0.018203303660262883,-0.07283918432139112,-0.02831921207141009,angabe+n schleswig-holstein+s
umwelt+minister tobias,7.520314673015524,0.13538007919398412,-0.007865189729853127,-0.05624291826847032,-0.014897216422818157,umwelt+minister tobias
tobias kopier+e,7.548803530229595,0.04608344432931118,0.011541220980426953,-0.0353390341609954,0.005245623136140434,tobias kopier+e
hin+zu+füg+en vor,16.93116641767378,0.0009176729054427936,-0.00697741575105125,-0.011442268696287478,0.01965939847830804,hin+zu+füg+en vor
vor zwei,10.535819852455571,0.027206823328916455,0.004618960821579321,-0.02287362677862276,0.00781250259387181,vor zwei
zwei jahr+en,11.125539385010184,0.024345948132266357,0.0035793298677040206,-0.021011755606710807,0.008186829796992002,zwei jahr+en
suchte,12.229855270791823,0.019509278487420692,0.0018272172799001004,-0.017880518339653474,0.008811648745742902,suchte
jahr+en such+te,12.229855270791823,0.019509278487420692,0.0018272172799001004,-0.017880518339653474,0.008811648745742902,jahr+en such+te
such+te schwer+e,15.934526293143593,0.006828188497391334,-0.00273444616377422,-0.009769808890278347,0.010405491538494627,such+te schwer+e
sturm+flut ostsee,44.58851043532007,0.16316792863153998,-0.059067457972765885,-0.029124334780966824,-0.027985509700257278,sturm+flut ostsee
heim,12.204468903070628,0.07596688578669969,-0.011029506455711916,-0.031509000370646266,-0.0008846070095361036,heim
ostsee heim,12.204468903070628,0.07596688578669969,-0.011029506455711916,-0.031509000370646266,-0.0008846070095361036,ostsee heim
nun deich+e,16.732244637028145,-0.0366893368984622,-0.05865620386729987,-0.06943700700872604,0.14544453258097653,nun deich+e
deich+e reparier+t,9.178300537225653,0.024303353300689143,0.028908799181620693,-0.06035571497981556,0.03495092763776902,deich+e reparier+t
doch klima+wandel,8.688339119435664,-0.022650461787820243,0.20511422379217836,-0.11097907140806203,-0.04021021695753603,doch klima+wandel
klima+wandel bleib+t,7.941875511169775,0.01987329287978877,0.09367352630874919,-0.07106754267763658,-0.005819666174287775,klima+wandel bleib+t
Herausforde…,7.537271606684341,0.031691055225892266,0.06617587356592985,-0.061867131598849066,0.00014935592995485365,Herausforde…
bleib+t herausforde…,7.537271606684341,0.031691055225892266,0.06617587356592985,-0.061867131598849066,0.00014935592995485365,bleib+t herausforde…
+1160,7.18226511385116,0.03919033633475902,0.051738458918223276,-0.057323913981949165,0.0024225424186637445,+1160
herausforde… +1160,7.18226511385116,0.03919033633475902,0.051738458918223276,-0.057323913981949165,0.0024225424186637445,herausforde… +1160
+1160 char+s,7.0535001860655395,0.04153135003634376,0.04789192455194968,-0.05620575043622361,0.002872579821191655,+1160 char+s
ordnung hier,2.289824488812644,0.6024148293430444,-0.09100635102514698,-0.2659669218271175,-0.16258174440289547,ordnung hier
thema zwei,2.42184830946949,0.7178566397419568,-0.14706219172877544,-0.3220227625307459,-0.2186375851065237,thema zwei
sie schutz+anlage+n,2.394342651951453,0.6958941085669652,-0.13563990519992417,-0.31060047600189467,-0.20721529857767246,sie schutz+anlage+n
Grüne,2.1590392875049416,0.45625916550415374,-0.0321945272874507,-0.2071550980894213,-0.10376992066519908,Grüne
goldschmidt grüne,2.1590392875049416,0.45625916550415374,-0.0321945272874507,-0.2071550980894213,-0.10376992066519908,goldschmidt grüne
grüne ab+ge+schließ+en,2.1547372036931964,0.4507426489998741,-0.030199947713479527,-0.20516051851545009,-0.10177534109122795,grüne ab+ge+schließ+en
wiederhergestellten,2.1444605880611407,0.4373495176838255,-0.025419225493771194,-0.20037979629574193,-0.09699461887151964,wiederhergestellten
der wiederher+ge+stell+t+en,2.1444605880611407,0.4373495176838255,-0.025419225493771194,-0.20037979629574193,-0.09699461887151964,der wiederher+ge+stell+t+en
+994,2.133743361575971,0.42304807351031876,-0.020409062804131264,-0.19536963360610182,-0.09198445618187968,+994
wiederher+ge+stell+t+en +994,2.133743361575971,0.42304807351031876,-0.020409062804131264,-0.19536963360610182,-0.09198445618187968,wiederher+ge+stell+t+en +994
+994 chars,2.1317620098042935,0.4203656336181356,-0.0194800512373079,-0.19444062203927842,-0.09105544461505628,+994 chars
Zeiten,8.006301608707467,0.00786638288748168,0.09726314258040863,-0.07135319807284066,-0.0010309720962106122,Zeiten
zeit+en klima+wandel+s,8.719233013414888,-0.035214519764149924,0.20421339211570977,-0.109993499629892,-0.03242511518563857,zeit+en klima+wandel+s
klima+wandel+s müss+en,8.908719663424286,0.002771837762356205,0.059119126802678564,-0.06590348678180402,0.02945503124078525,klima+wandel+s müss+en
müss+en bei,9.527636798727972,-0.0025549402853351027,0.006176180135059819,-0.06506575131243751,0.07479609565621367,müss+en bei
bei küste+n+schutz,10.038501299447606,-0.021833939202518294,-0.02780592372078865,-0.08113193987966424,0.1282832465389331,bei küste+n+schutz
küste+n+schutz besonders,10.74466136275766,0.017250051887187787,-0.0049936797452835475,-0.03193697721996009,0.033078511522698154,küste+n+schutz besonders
Ball,12.63471365198135,0.01788298724018663,0.001239623744519574,-0.016832333116404863,0.009019549963386978,Ball
besonders ball,12.63471365198135,0.01788298724018663,0.001239623744519574,-0.016832333116404863,0.009019549963386978,besonders ball
ball bleib+en,13.930402440832912,0.013120611546496245,-0.0004766644653592025,-0.013776419666532475,0.009622292245438428,ball bleib+en
bleib+en der,18.697013096800706,-0.0002798397163871432,-0.005271588582365038,-0.005286649670123342,0.011273451537549663,bleib+en der
verwüstete,19.070159783020465,0.03345154859856257,-0.012562404729234585,-0.012040345542696805,0.004243083511041302,verwüstete
2023 verwüst+ete,19.070159783020465,0.03345154859856257,-0.012562404729234585,-0.012040345542696805,0.004243083511041302,2023 verwüst+ete
verwüst+ete ost+see+küste,17.409343657593208,0.2982335329197113,-0.07491006576777394,-0.0811946571744783,-0.061405862410263246,verwüst+ete ost+see+küste
Pegelrekorde,16.02335251356107,0.3461141200106879,-0.08693227425966218,-0.09765299753704086,-0.07558097872953286,Pegelrekorde
ost+see+küste pegel+rekord+e,16.02335251356107,0.3461141200106879,-0.08693227425966218,-0.09765299753704086,-0.07558097872953286,ost+see+küste pegel+rekord+e
Flensburg,76.38836301838454,-0.013265194943581153,-0.028791003039305138,0.01685517413637652,0.009942310066197224,Flensburg
pegel+rekord+e flensburg,13.891459835839845,0.166839275430738,-0.034323114012138285,-0.04942307993868828,-0.025098679084007355,pegel+rekord+e flensburg
zerstörte,13.088456134382419,0.13060644718139364,-0.02556015440655466,-0.03953507369065588,-0.017571127540694852,zerstörte
flensburg zerstör+t+e,13.088456134382419,0.13060644718139364,-0.02556015440655466,-0.03953507369065588,-0.017571127540694852,flensburg zerstör+t+e
Promenaden,12.536772186798167,0.10900678540943731,-0.022958767740612826,-0.030105796983084805,-0.015974336274769987,Promenaden
zerstör+t+e promenade+n,12.536772186798167,0.10900678540943731,-0.022958767740612826,-0.030105796983084805,-0.015974336274769987,zerstör+t+e promenade+n
promenade+n travemünde,11.939084122519672,0.08666785507542982,-0.023739008646754788,-0.018425999977445175,-0.014414796257222025,promenade+n travemünde
Timmendorfer,11.409399815029534,0.06030929065649149,-0.033010972404003434,-0.0025569837384306383,-0.009151859897553412,Timmendorfer
travemünde timmendorfer,11.409399815029534,0.06030929065649149,-0.033010972404003434,-0.0025569837384306383,-0.009151859897553412,travemünde timmendorfer
Strand,23.876488138982197,-0.011121458617341397,-0.0282438041734581,0.02004680842127318,0.0040114701363455985,Strand
timmendorfer strand,11.67216641744845,0.02290134662770359,-0.0385367989250656,0.018890796324887858,-0.007896470192836458,timmendorfer strand
Millionen-Schäden,12.053166669385426,-0.007979854521458187,-0.046187103378404114,0.04130487551859596,-0.01192404008971264,Millionen-Schäden
strand million+en+-+schaden,12.053166669385426,-0.007979854521458187,-0.046187103378404114,0.04130487551859596,-0.01192404008971264,strand million+en+-+schaden
Häfen,12.914352042785762,-0.023683605887503595,-0.040986060822007606,0.030937889844233825,0.007623505129262935,Häfen
million+en+-+schaden hafen,12.914352042785762,-0.023683605887503595,-0.040986060822007606,0.030937889844233825,0.007623505129262935,million+en+-+schaden hafen
Ferienorten,13.333226157898816,-0.015012246916779345,-0.030960290263345853,0.003799497821544638,0.02939564717380058,Ferienorten
hafen ferien+ort+en,13.333226157898816,-0.015012246916779345,-0.030960290263345853,0.003799497821544638,0.02939564717380058,hafen ferien+ort+en
hergestellt,10.079879230574539,0.018944827868639918,-0.005534105445540091,-0.036053851426152785,0.03740577645685854,hergestellt
deich+e her+ge+stell+t,10.079879230574539,0.018944827868639918,-0.005534105445540091,-0.036053851426152785,0.03740577645685854,deich+e her+ge+stell+t
her+ge+stell+t viele,11.87095380176549,0.021013544345148936,0.00237140937551657,-0.01885214868303741,0.008618378526014952,her+ge+stell+t viele
ertüchtigt,13.096487355259917,0.016112509006827074,0.0006008070446190166,-0.015693893100997103,0.009244670117356593,ertüchtigt
viele ertüchtig+t,13.096487355259917,0.016112509006827074,0.0006008070446190166,-0.015693893100997103,0.009244670117356593,viele ertüchtig+t
si…,6.124116335639008,0.06890080443384668,-0.008847825857594414,-0.011891597777087086,-0.0228692796800342,si…
nun si…,6.124116335639008,0.06890080443384668,-0.008847825857594414,-0.011891597777087086,-0.0228692796800342,nun si…
+2964,6.066779800521404,0.07009313736568486,-0.006839021670705256,-0.015169590052412993,-0.021126813403915166,+2964
si… +2964,6.066779800521404,0.07009313736568486,-0.006839021670705256,-0.015169590052412993,-0.021126813403915166,si… +2964
+2964 chars,6.002413897156045,0.07125318757042083,-0.004779134869309757,-0.01848482637909567,-0.019378262780333614,+2964 chars
sturm+flut+en schaden,13.450335280109861,-0.010547471188460576,-0.026059173150668417,0.03451217034933809,-0.017415310077931092,sturm+flut+en schaden
schaden möglich,11.679945103465794,0.011208744751221694,-0.008326072116663568,0.0019450953050383323,-0.0027667043580356207,schaden möglich
Bomben-Zyklon,10.399644199872366,0.021720217153761847,-0.0015294067850629726,-0.010750317017951374,0.0011483817691012744,Bomben-Zyklon
möglich bombe+n+-+zyklon,10.399644199872366,0.021720217153761847,-0.0015294067850629726,-0.010750317017951374,0.0011483817691012744,möglich bombe+n+-+zyklon
bombe+n+-+zyklon bring+t,9.318090697783465,0.08163657143654367,-0.0076724145743381,-0.030982782829726052,-0.008219613023882699,bombe+n+-+zyklon bring+t
bring+t orkanbö+en,8.994809311091963,0.12173031349947862,-0.014715629881857204,-0.04237456217361688,-0.016487220225408515,bring+t orkanbö+en
orkanbö+en nordseeküste,8.821707197475993,0.30892506049476764,-0.061214857086534645,-0.09514827894394648,-0.06494528675561276,orkanbö+en nordseeküste
Sturm-,11.348884122597836,0.08649679276921632,0.015514887949414578,-0.0427560273361182,-0.01636389082636819,Sturm-
der sturm+-,8.140402475750797,0.13394185588745225,-0.011180092181720664,-0.05240072629593284,-0.015834503338931254,der sturm+-
sturm+- orkan+tief,11.571559233560718,0.055895256220171344,0.017687739014901206,-0.034662149012239116,-0.0073235425295232635,sturm+- orkan+tief
Joshua,99.209152540776,-0.07171528366967338,0.10203626371239291,-0.00684401855473341,-0.0372512986926134,Joshua
orkan+tief joshua,11.933900147624138,0.03307054685651264,0.01800168133875732,-0.02767775863211084,-0.0011810129472436006,orkan+tief joshua
joshua nacht,10.753384020306852,0.08638472527894962,-0.01582067079348041,-0.02477821634493668,-0.012627129021187978,joshua nacht
freitag orkanbö+en,8.994809311091963,0.12173031349947862,-0.014715629881857204,-0.04237456217361688,-0.016487220225408515,freitag orkanbö+en
orkanbö+en sturm+flut+en,24.762533789152943,-0.011853107529319751,-0.009373255825791738,0.001915259778451127,0.012652488024657273,orkanbö+en sturm+flut+en
sturm+flut+en groß+er+e,13.180096139193834,0.00974873906587759,-0.005762962896330207,-0.0033551309320114884,0.002880900176407107,sturm+flut+en groß+er+e
Küstenregionen,11.07262688643131,-0.03477889289432961,-0.040574656477133236,0.080049704556241,-0.05421432720258649,Küstenregionen
schaden küste+n+region+en,10.071311430587174,0.06000619376641678,-0.012924350893048109,-0.013374464465005953,-0.011434575604010226,schaden küste+n+region+en
küste+n+region+en nordsee,8.821707197475993,0.30892506049476764,-0.061214857086534645,-0.09514827894394648,-0.06494528675561276,küste+n+region+en nordsee
nordsee sorg+en,8.63644495108376,0.16931933534894283,-0.025990317877444654,-0.05308251049519472,-0.02929926519608734,nordsee sorg+en
Betroffene,8.240033844989595,0.13266423702573585,-0.014984519735456944,-0.04626501832204144,-0.019382872745665292,Betroffene
betreff+en+e soll+ten,7.832063724678773,0.10903044368870135,-0.005917390742415638,-0.043492407949898865,-0.013264202193071792,betreff+en+e soll+ten
soll+ten aktuell+en,7.300235257679347,0.08480305884549773,0.021454138060318206,-0.04826555610902406,-0.013388596337818661,soll+ten aktuell+en
aktuell+en stand,7.109540470225801,0.0770597624197285,0.0353121574727567,-0.05197739172540468,-0.015385879502296246,aktuell+en stand
halten,11.993612919264224,0.04599655437869679,0.016451883083024355,-0.02992153192447906,-0.005590547315519062,halten
stand halt+en,7.010129052000842,0.07273834253298528,0.044518715909571176,-0.05465724385408371,-0.01714429442103266,stand halt+en
sagt,6.893894756584661,0.06690879094765324,0.05851276115041922,-0.05892148000870312,-0.020282528027596957,sagt
halt+en sag+t,6.893894756584661,0.06690879094765324,0.05851276115041922,-0.05892148000870312,-0.020282528027596957,halt+en sag+t
ntv-Meteorologe,6.830812192230631,0.06299655596943968,0.06873184788674365,-0.062131175751365876,-0.02283995361591429,ntv-Meteorologe
sag+t ntv-meteorolog+e,6.830812192230631,0.06299655596943968,0.06873184788674365,-0.062131175751365876,-0.02283995361591429,sag+t ntv-meteorolog+e
Rainer,6.6913679151627266,0.045845205136482214,0.11720374788459528,-0.07801698343781344,-0.03685622018843867,Rainer
ntv-meteorolog+e rainer,6.6913679151627266,0.045845205136482214,0.11720374788459528,-0.07801698343781344,-0.03685622018843867,ntv-meteorolog+e rainer
Buchhop,6.684764617117103,0.03196961967756105,0.156784905343559,-0.09167381790477605,-0.04978224564830589,Buchhop
rainer buchhop,6.684764617117103,0.03196961967756105,0.156784905343559,-0.09167381790477605,-0.04978224564830589,rainer buchhop
Irawan,6.572868333890444,0.019739868638854737,0.1896214731155154,-0.10387823333510175,-0.060563244046653496,Irawan
tief irawan,6.572868333890444,0.019739868638854737,0.1896214731155154,-0.10387823333510175,-0.060563244046653496,tief irawan
irawan zieh+t,6.368304205246329,0.03713919668896059,0.14002393083177672,-0.08664448942021924,-0.04263800697293521,irawan zieh+t
zieh+t richtung,6.186056526054379,0.04788783695647413,0.10779094301093016,-0.07626585339662016,-0.03137334982918205,zieh+t richtung
Nordmeer,6.069627166134964,0.052888478358294376,0.09256103063084581,-0.0716603476100786,-0.026091916694045345,Nordmeer
richtung nord+meer,6.069627166134964,0.052888478358294376,0.09256103063084581,-0.0716603476100786,-0.026091916694045345,richtung nord+meer
zurück,9.373157704907642,0.06300634089175167,0.05868501397344202,-0.055268586352502105,-0.022286808070687694,zurück
nord+meer zurück,5.969067488089906,0.05636298795804744,0.08205614798556327,-0.06864307568225247,-0.022437549870328987,nord+meer zurück
zurück sturm+-,5.860560332528354,0.059468603856012305,0.07288595419875678,-0.06615941730994382,-0.019222030094035263,zurück sturm+-
befindet,5.616052984088156,0.06489779491418393,0.05808446500358663,-0.06264184982703046,-0.013925709741395741,befindet
joshua befind+et,5.616052984088156,0.06489779491418393,0.05808446500358663,-0.06264184982703046,-0.013925709741395741,joshua befind+et
Atlantik,9.448106263189768,-0.11673130764161108,0.18448535420014345,-0.004624808068653517,-0.0970328364321562,Atlantik
befind+et atlantik,5.4319022048300125,0.06816541379143023,0.05055432266148953,-0.06128982600697643,-0.011140434729076838,befind+et atlantik
Kurs,5.356627519708599,0.06938931466341511,0.0481014948036936,-0.06096761854874705,-0.01021226975728749,Kurs
atlantik kurs,5.356627519708599,0.06938931466341511,0.0481014948036936,-0.06096761854874705,-0.01021226975728749,atlantik kurs
Bretagne,5.286609101142924,0.0704900972601119,0.04608332744260609,-0.06076763017272925,-0.009438622514520774,Bretagne
kurs bretagne,5.286609101142924,0.0704900972601119,0.04608332744260609,-0.06076763017272925,-0.009438622514520774,kurs bretagne
Ärmelkanal,5.201914155960881,0.07178720222400028,0.04393827053802979,-0.0606403668050639,-0.008604700917683178,Ärmelkanal
bretagne ärmel+kanal,5.201914155960881,0.07178720222400028,0.04393827053802979,-0.0606403668050639,-0.008604700917683178,bretagne ärmel+kanal
komm+end+en nacht,5.072482872522551,0.07372637540568555,0.04119540066475462,-0.06065969832712357,-0.007517050181333215,komm+end+en nacht
nacht mach+t,5.047749390799146,0.07409389233239236,0.04073608342643399,-0.060690087195642145,-0.007332129659027346,nacht mach+t
sic…,5.02364454629837,0.07445170196610879,0.040306708933561856,-0.06072741509407809,-0.007158437933750278,sic…
mach+t sic…,5.02364454629837,0.07445170196610879,0.040306708933561856,-0.06072741509407809,-0.007158437933750278,mach+t sic…
+4632,5.000140634102225,0.0748004426101265,0.03990480169594069,-0.06077096234600066,-0.006995093399820303,+4632
sic… +4632,5.000140634102225,0.0748004426101265,0.03990480169594069,-0.06077096234600066,-0.006995093399820303,sic… +4632
+4632 chars,4.977211741460593,0.07514068628303304,0.03952814587796362,-0.060820089657588644,-0.006841303783591063,+4632 chars
herbst+sturm sturm,6.988075913293522,0.050825253756461845,0.013297630924737163,-0.03851928497950519,0.00457211933595349,herbst+sturm sturm
sturm norden,7.3013183149621605,0.048112628491415725,0.012291970834999076,-0.03669757711819309,0.004958900987817997,sturm norden
norden erwart+et,25.161230113806404,-0.012477717175329856,-0.009593612644504541,0.0023005005488791817,0.012725809198941142,norden erwart+et
erwart+et sturm,6.988075913293522,0.050825253756461845,0.013297630924737163,-0.03851928497950519,0.00457211933595349,erwart+et sturm
gehört,12.974971837039142,0.01657008819417116,0.0007658219951319502,-0.015987854664726988,0.009186607775759345,gehört
sturm gehör+t,12.974971837039142,0.01657008819417116,0.0007658219951319502,-0.015987854664726988,0.009186607775759345,sturm gehör+t
gehör+t norden,12.755143106777265,0.017412863703616555,0.0010699071838620705,-0.016529765387449515,0.00907944955105861,gehör+t norden
norden herbst,12.718101226572555,0.017556819840032437,0.0011218691406412787,-0.016622393492491908,0.00906111719926355,norden herbst
ungemütlicher,18.697013096800696,-0.00027983971638636585,-0.005271588582364479,-0.0052866496701227846,0.01127345153755054,ungemütlicher
droh+t un+gemütlich+er,18.697013096800696,-0.00027983971638636585,-0.005271588582364479,-0.0052866496701227846,0.01127345153755054,droh+t un+gemütlich+er
un+gemütlich+er freitag,23.593038213269143,-0.00993988872929465,-0.008697651922486052,0.0007330446477815197,0.012427226163156132,un+gemütlich+er freitag
teil+en nordseeküste,20.54782216361876,0.17846908624258248,-0.047072675300246225,-0.044841113294336904,-0.029438294454974843,teil+en nordseeküste
hamburg möglich,8.848902700385265,0.06773738565580192,0.001638575186439258,-0.03601856588828176,-0.00013301515711212084,hamburg möglich
möglich wasser,8.036307141295593,0.06302586234821238,0.0058408476140077124,-0.03743881101753082,0.001313710384779543,möglich wasser
wasser st.,7.575135497862499,0.062151209418737245,0.0080590601238904,-0.03882119501753186,0.0017634622796039122,wasser st.
Pauli-Fischmarkt,7.470021786624484,0.06210999868749543,0.008556574129469098,-0.03919182795391586,0.0018341063991528105,Pauli-Fischmarkt
st. pauli+-+fisch+markt,7.470021786624484,0.06210999868749543,0.008556574129469098,-0.03919182795391586,0.0018341063991528105,st. pauli+-+fisch+markt
hin+zu+füg+en sturm,7.716281056330972,0.04476279606834984,0.011053315077511552,-0.034456784891972576,0.005431047882338409,hin+zu+füg+en sturm
mögli…,8.848902700385265,0.06773738565580192,0.001638575186439258,-0.03601856588828176,-0.00013301515711212084,mögli…
hamburg mögli…,8.848902700385265,0.06773738565580192,0.001638575186439258,-0.03601856588828176,-0.00013301515711212084,hamburg mögli…
+2726,8.465689445270494,0.06495720086489741,0.0036846735168352754,-0.03651855666895658,0.0006661389588585427,+2726
mögli… +2726,8.465689445270494,0.06495720086489741,0.0036846735168352754,-0.03651855666895658,0.0006661389588585427,mögli… +2726
+2726 chars,8.219756710777228,0.0637100033503918,0.004933580125571621,-0.037001145822662354,0.0010662296588802654,+2726 chars
Herbst-Tief,2.7624965103098242,-0.1735928517674395,0.7147948724679903,-0.4536265532448552,-0.350241375820633,Herbst-Tief
herbst+-+tief joshua,2.820993001429767,-0.19454699929466235,0.7396098163981037,-0.47458070077207815,-0.37119552334785594,herbst+-+tief joshua
stürmt,2.690786485619066,-0.14729157287755965,0.6819706876408659,-0.42732527435497547,-0.3239400969307532,stürmt
joshua stürm+t,2.690786485619066,-0.14729157287755965,0.6819706876408659,-0.42732527435497547,-0.3239400969307532,joshua stürm+t
los,32.67569720490827,-0.07189675766263973,0.13127941070403176,-0.027810171157600323,-0.037887056188535495,los
stürm+t los,2.6277276855696963,-0.12357752300675832,0.6506367737801135,-0.40361122448417425,-0.3002260470599521,stürm+t los
115,2.54839893877919,-0.0929233429944276,0.6074371354810564,-0.37295704447184347,-0.26957186704762126,115
böe+n 115,2.54839893877919,-0.0929233429944276,0.6074371354810564,-0.37295704447184347,-0.26957186704762126,böe+n 115
115 km/h,2.5433238399214515,-0.09092987211669613,0.6045148571344773,-0.3709635735941121,-0.26757839616988977,115 km/h
Bahn,9.038644604645024,-0.011706857714150582,0.16590780403725824,-0.08038218225831074,-0.04382788032871804,Bahn
km/h bahn,2.538632615445466,-0.0890836438580665,0.6017955646606223,-0.3691173453354825,-0.26573216791126025,km/h bahn
bahn warn+t,2.537152684341362,-0.08850050999458232,0.6009340871639153,-0.36853421147199816,-0.2651490340477758,bahn warn+t
warn+t ausfall+en,2.540564029774555,-0.08984416350599138,0.6029172310427616,-0.3698778649834072,-0.266492687559185,warn+t ausfall+en
ausfall+en jetzt,2.553365724698062,-0.09487042907763263,0.6102776028011844,-0.37490413055504834,-0.2715189531308263,ausfall+en jetzt
legt,3.0824828502567216,-0.28319344061894236,0.833272110008734,-0.5632271420963582,-0.45984196467213595,legt
jetzt leg+t,3.0824828502567216,-0.28319344061894236,0.833272110008734,-0.5632271420963582,-0.45984196467213595,jetzt leg+t
leg+t herbst,3.1421094792756756,-0.3023524312048736,0.8514108204852651,-0.5823861326822894,-0.47900095525806724,leg+t herbst
richtig,3.2203010321839685,-0.3269328916030818,0.873723067994386,-0.6069665930804977,-0.5035814156562757,richtig
herbst richtig,3.2203010321839685,-0.3269328916030818,0.873723067994386,-0.6069665930804977,-0.5035814156562757,herbst richtig
richtig los,3.3867861733936078,-0.3773394884396411,0.9163868354279983,-0.6573731899170568,-0.5539880124928347,richtig los
sturm+tief joshua,49.542820883325724,-0.09106366403975348,0.15276668698235057,-0.02171576255069944,-0.05573929378749711,sturm+tief joshua
joshua zieh+t,22.696583660518236,-0.11060508966292745,0.23913693243114578,-0.043797283644764366,-0.10839315563859474,joshua zieh+t
ergiebigen,2.471907918315649,-0.062448337189969234,0.5611309560780307,-0.342482038667385,-0.23909686124316287,ergiebigen
deutschland ergiebig+en,2.471907918315649,-0.062448337189969234,0.5611309560780307,-0.342482038667385,-0.23909686124316287,deutschland ergiebig+en
ergiebig+en regen,2.451218622898745,-0.054043346157858704,0.5477136944629396,-0.3340770476352745,-0.23069187021105236,ergiebig+en regen
Gepäck,2.4669695383562686,-0.06044853798519025,0.557965050400205,-0.34048223946260614,-0.23709706203838402,Gepäck
regen gepäck,2.4669695383562686,-0.06044853798519025,0.557965050400205,-0.34048223946260614,-0.23709706203838402,regen gepäck
Kaltfront,2.429580823703935,-0.04517679009979761,0.53323634984482,-0.3252104915772134,-0.22182531415299123,Kaltfront
deutschland kaltfront,2.429580823703935,-0.04517679009979761,0.53323634984482,-0.3252104915772134,-0.22182531415299123,deutschland kaltfront
kaltfront regen,2.4030971633568043,-0.03421643828678617,0.514862687040303,-0.314250139764202,-0.21086496233997976,kaltfront regen
kräftigem,2.3881655998590663,-0.027983587961265828,0.5041695348184394,-0.3080172894386818,-0.20463211201445958,kräftigem
regen kräftig+em,2.3881655998590663,-0.027983587961265828,0.5041695348184394,-0.3080172894386818,-0.20463211201445958,regen kräftig+em
kräftig+em wind,2.3755184799068108,-0.022673769150839424,0.49491537400066815,-0.30270747062825526,-0.19932229320403302,kräftig+em wind
wind sturm,3.0392546474221254,-0.2690703517477577,0.8194578202306175,-0.5491040532251735,-0.44571887580095126,wind sturm
Schlepptau,2.3568369578074115,-0.014778496114641203,0.4809019894263093,-0.2948121975920572,-0.19142702016783486,Schlepptau
sturm schlepptau,2.3568369578074115,-0.014778496114641203,0.4809019894263093,-0.2948121975920572,-0.19142702016783486,sturm schlepptau
Zuerst,2.346502953811819,-0.010384163228203857,0.472967755604554,-0.2904178647056196,-0.18703268728139738,Zuerst
zuerst steh+t,2.3410739820005473,-0.008067838904154752,0.46874584680692366,-0.28810154038157076,-0.18471636295734842,zuerst steh+t
steh+t süden,2.333954686200385,-0.005022167183734801,0.4631522888577655,-0.2850558686611508,-0.18167069123692847,steh+t süden
süden westen,2.3274747178788173,-0.0022419159200488662,0.45800371599345835,-0.28227561739746476,-0.1788904399732426,süden westen
Wette…,2.320970220266503,0.000556655190993798,0.4527797185963091,-0.2794770462864222,-0.1760918688621999,Wette…
westen wette…,2.320970220266503,0.000556655190993798,0.4527797185963091,-0.2794770462864222,-0.1760918688621999,westen wette…
+2547,2.316593436193916,0.0024441917064029215,0.44923252925780865,-0.2775895097710128,-0.1742043323467907,+2547
wette… +2547,2.316593436193916,0.0024441917064029215,0.44923252925780865,-0.2775895097710128,-0.1742043323467907,wette… +2547
+2547 char+s,2.3134841127293226,0.003787289699536448,0.44669670459621974,-0.2762464117778796,-0.1728612343536574,+2547 char+s
Hausratversicherung,2.356809868680995,-0.014767002200305166,0.4808813636336366,-0.294800703677721,-0.1914155262534988,Hausratversicherung
GVV,2.266701580005753,0.024216225500329494,0.4068710787968446,-0.2558174759770865,-0.15243229855286433,GVV
haus+rat+versicherung gvv,2.1737294446248603,0.06609762137950319,0.31701762280988866,-0.21393608009791248,-0.11055090267369028,haus+rat+versicherung gvv
Direkt,2.266701580005753,0.024216225500329494,0.4068710787968446,-0.2558174759770865,-0.15243229855286433,Direkt
gvv direkt,2.266701580005753,0.024216225500329494,0.4068710787968446,-0.2558174759770865,-0.15243229855286433,gvv direkt
direkt bis,2.1737294446248603,0.06609762137950319,0.31701762280988866,-0.21393608009791248,-0.11055090267369028,direkt bis
Prozent,2.1737294446248603,0.06609762137950319,0.31701762280988866,-0.21393608009791248,-0.11055090267369028,Prozent
bis prozent,2.1737294446248603,0.06609762137950319,0.31701762280988866,-0.21393608009791248,-0.11055090267369028,bis prozent
günstiger,2.1737294446248603,0.06609762137950319,0.31701762280988866,-0.21393608009791248,-0.11055090267369028,günstiger
prozent günstig+er,2.1737294446248603,0.06609762137950319,0.31701762280988866,-0.21393608009791248,-0.11055090267369028,prozent günstig+er
günstig+er der,2.0771753082272486,0.11153300596838107,0.2043587243259131,-0.16850069550903482,-0.06511551808481264,günstig+er der
Beitrag,2.0771753082272486,0.11153300596838107,0.2043587243259131,-0.16850069550903482,-0.06511551808481264,Beitrag
der beitrag,2.0771753082272486,0.11153300596838107,0.2043587243259131,-0.16850069550903482,-0.06511551808481264,der beitrag
beitrag haus+rat+versicherung,2.0771753082272486,0.11153300596838107,0.2043587243259131,-0.16850069550903482,-0.06511551808481264,beitrag haus+rat+versicherung
erschien,2.0771753082272486,0.11153300596838107,0.2043587243259131,-0.16850069550903482,-0.06511551808481264,erschien
günstig+er erschein,2.0771753082272486,0.11153300596838107,0.2043587243259131,-0.16850069550903482,-0.06511551808481264,günstig+er erschein
zuerst,6.820243448557235,0.04168906494674187,0.05250583153676769,-0.05141360736546541,-0.007132673495612716,zuerst
erschein zuerst,2.0771753082272486,0.11153300596838107,0.2043587243259131,-0.16850069550903482,-0.06511551808481264,erschein zuerst
zuerst bei,2.0771753082272486,0.11153300596838107,0.2043587243259131,-0.16850069550903482,-0.06511551808481264,zuerst bei
Online-Magazin,2.0771753082272486,0.11153300596838107,0.2043587243259131,-0.16850069550903482,-0.06511551808481264,Online-Magazin
bei online+-+magazin,2.0771753082272486,0.11153300596838107,0.2043587243259131,-0.16850069550903482,-0.06511551808481264,bei online+-+magazin
BASIC,2.0771753082272486,0.11153300596838107,0.2043587243259131,-0.16850069550903482,-0.06511551808481264,BASIC
online+-+magazin basic,2.0771753082272486,0.11153300596838107,0.2043587243259131,-0.16850069550903482,-0.06511551808481264,online+-+magazin basic
thinking,2.0771753082272486,0.11153300596838107,0.2043587243259131,-0.16850069550903482,-0.06511551808481264,thinking
basic thinking,2.0771753082272486,0.11153300596838107,0.2043587243259131,-0.16850069550903482,-0.06511551808481264,basic thinking
Newsletter,6.254910240274655,0.04610376643232184,0.05863128758459245,-0.056511853704598304,-0.009219223229950758,Newsletter
über newsletter,2.0771753082272486,0.11153300596838107,0.2043587243259131,-0.16850069550903482,-0.06511551808481264,über newsletter
UPDATE,2.0771753082272486,0.11153300596838107,0.2043587243259131,-0.16850069550903482,-0.06511551808481264,UPDATE
newsletter update,2.0771753082272486,0.11153300596838107,0.2043587243259131,-0.16850069550903482,-0.06511551808481264,newsletter update
startest,2.0771753082272486,0.11153300596838107,0.2043587243259131,-0.16850069550903482,-0.06511551808481264,startest
update start+est,2.0771753082272486,0.11153300596838107,0.2043587243259131,-0.16850069550903482,-0.06511551808481264,update start+est
start+est morgen,2.0771753082272486,0.11153300596838107,0.2043587243259131,-0.16850069550903482,-0.06511551808481264,start+est morgen
bestens,2.0771753082272486,0.11153300596838107,0.2043587243259131,-0.16850069550903482,-0.06511551808481264,bestens
morgen bestens,2.0771753082272486,0.11153300596838107,0.2043587243259131,-0.16850069550903482,-0.06511551808481264,morgen bestens
informiert,2.0771753082272486,0.11153300596838107,0.2043587243259131,-0.16850069550903482,-0.06511551808481264,informiert
bestens informier+t,2.0771753082272486,0.11153300596838107,0.2043587243259131,-0.16850069550903482,-0.06511551808481264,bestens informier+t
informier+t tag,2.0771753082272486,0.11153300596838107,0.2043587243259131,-0.16850069550903482,-0.06511551808481264,informier+t tag
ein haus+rat+versicherung,2.1737294446248603,0.06609762137950319,0.31701762280988866,-0.21393608009791248,-0.11055090267369028,ein haus+rat+versicherung
springt,2.1737294446248603,0.06609762137950319,0.31701762280988866,-0.21393608009791248,-0.11055090267369028,springt
haus+rat+versicherung spring+t,2.1737294446248603,0.06609762137950319,0.31701762280988866,-0.21393608009791248,-0.11055090267369028,haus+rat+versicherung spring+t
ei…,2.0771753082272486,0.11153300596838107,0.2043587243259131,-0.16850069550903482,-0.06511551808481264,ei…
spring+t ei…,2.0771753082272486,0.11153300596838107,0.2043587243259131,-0.16850069550903482,-0.06511551808481264,spring+t ei…
ei… ein,2.0771753082272486,0.11153300596838107,0.2043587243259131,-0.16850069550903482,-0.06511551808481264,ei… ein
Hab,2.0771753082272486,0.11153300596838107,0.2043587243259131,-0.16850069550903482,-0.06511551808481264,Hab
spring+t hab,2.0771753082272486,0.11153300596838107,0.2043587243259131,-0.16850069550903482,-0.06511551808481264,spring+t hab
Gut,2.0771753082272486,0.11153300596838107,0.2043587243259131,-0.16850069550903482,-0.06511551808481264,Gut
hab gut,2.0771753082272486,0.11153300596838107,0.2043587243259131,-0.16850069550903482,-0.06511551808481264,hab gut
Wohnung,2.0771753082272486,0.11153300596838107,0.2043587243259131,-0.16850069550903482,-0.06511551808481264,Wohnung
gut wohnung,2.0771753082272486,0.11153300596838107,0.2043587243259131,-0.16850069550903482,-0.06511551808481264,gut wohnung
Mitleidenschaft,2.0771753082272486,0.11153300596838107,0.2043587243259131,-0.16850069550903482,-0.06511551808481264,Mitleidenschaft
wohnung mitleidenschaft,2.0771753082272486,0.11153300596838107,0.2043587243259131,-0.16850069550903482,-0.06511551808481264,wohnung mitleidenschaft
mitleidenschaft ge+zieh+en,2.0771753082272486,0.11153300596838107,0.2043587243259131,-0.16850069550903482,-0.06511551808481264,mitleidenschaft ge+zieh+en
ge+zieh+en werd+e,2.0771753082272486,0.11153300596838107,0.2043587243259131,-0.16850069550903482,-0.06511551808481264,ge+zieh+en werd+e
Elemente,2.0771753082272486,0.11153300596838107,0.2043587243259131,-0.16850069550903482,-0.06511551808481264,Elemente
werd+e element+e,2.0771753082272486,0.11153300596838107,0.2043587243259131,-0.16850069550903482,-0.06511551808481264,werd+e element+e
Einbruch,2.0771753082272486,0.11153300596838107,0.2043587243259131,-0.16850069550903482,-0.06511551808481264,Einbruch
element+e einbruch,2.0771753082272486,0.11153300596838107,0.2043587243259131,-0.16850069550903482,-0.06511551808481264,element+e einbruch
der gvv,2.0771753082272486,0.11153300596838107,0.2043587243259131,-0.16850069550903482,-0.06511551808481264,der gvv
unterstützt,2.0771753082272486,0.11153300596838107,0.2043587243259131,-0.16850069550903482,-0.06511551808481264,unterstützt
direkt unter+stütz+t,2.0771753082272486,0.11153300596838107,0.2043587243259131,-0.16850069550903482,-0.06511551808481264,direkt unter+stütz+t
Fall,2.0771753082272486,0.11153300596838107,0.2043587243259131,-0.16850069550903482,-0.06511551808481264,Fall
unter+stütz+t fall,2.0771753082272486,0.11153300596838107,0.2043587243259131,-0.16850069550903482,-0.06511551808481264,unter+stütz+t fall
fall de…,2.0771753082272486,0.11153300596838107,0.2043587243259131,-0.16850069550903482,-0.06511551808481264,fall de…
+3696,2.0771753082272486,0.11153300596838107,0.2043587243259131,-0.16850069550903482,-0.06511551808481264,+3696
de… +3696,2.0771753082272486,0.11153300596838107,0.2043587243259131,-0.16850069550903482,-0.06511551808481264,de… +3696
+3696 chars,2.0771753082272486,0.11153300596838107,0.2043587243259131,-0.16850069550903482,-0.06511551808481264,+3696 chars
joshua joshua,17.063234370275392,-0.011715764224233862,0.051613546741644506,-0.02444828322176019,-0.005480167308450918,joshua joshua
pustet,20.986065631821912,-0.0051741427769222675,-0.007010542070236947,-0.0022262057380022494,0.011861540334695237,pustet
joshua pust+et,20.986065631821912,-0.0051741427769222675,-0.007010542070236947,-0.0022262057380022494,0.011861540334695237,joshua pust+et
übers,24.15276024498015,-0.010871131423951146,-0.009026616463118678,0.00130889161655978,0.012536998363329686,übers
pust+et über,24.15276024498015,-0.010871131423951146,-0.009026616463118678,0.00130889161655978,0.012536998363329686,pust+et über
über land,28.929232014389818,-0.017789369377507816,-0.011463414217440083,0.0055622898067631595,0.013345098846025765,über land
land sturm+flut,44.516702126208074,-0.0326376712220159,-0.016652145112430686,0.014544839573020588,0.015039582684725487,land sturm+flut
erwart+et wind,18.51726625766042,-0.0023438855309560625,0.004058162879589159,-0.008214956951418871,0.008614199713484717,erwart+et wind
regen kälte,23.25544809381511,-0.0957062196429614,0.20667236004681658,-0.027017075784409164,-0.10361795373791888,regen kälte
kälte sturm+tief,24.25689336595203,-0.1583629504255637,0.36018109192024766,-0.08918121562662278,-0.17104912476289094,kälte sturm+tief
deutschland komm+t,15.466900105236126,-0.06488511147010381,0.0983539484382561,0.014387943343342353,-0.0668827516492203,deutschland komm+t
komm+t zahlreich+en,15.005161784098465,-0.06075759403244609,0.08952406322166581,0.016766456026895516,-0.06423084367680278,komm+t zahlreich+en
Einsätzen,14.474397455755051,-0.056373669815765255,0.08059852745577496,0.019072918286516673,-0.06165086125187423,Einsätzen
zahlreich+en einsatz+en,14.474397455755051,-0.056373669815765255,0.08059852745577496,0.019072918286516673,-0.06165086125187423,zahlreich+en einsatz+en
einsatz+en feuer+wehr,13.94719222317735,-0.05231650887645518,0.07281336133493863,0.02099228538218816,-0.059503766228671116,einsatz+en feuer+wehr
feuer+wehr polizei,13.49450718909468,-0.04901514833345414,0.06685103297979142,0.022394496733056494,-0.057941233883773445,feuer+wehr polizei
Laufe,13.15261420796677,-0.0466092647520366,0.06273068579096777,0.02332393187507407,-0.05691234802086125,Laufe
Tages,10.312966241663897,-0.013822831756680002,0.03712833312284121,0.010678720914987226,-0.037229261162430735,Tages
lauf+e tag+es,10.312966241663897,-0.013822831756680002,0.03712833312284121,0.010678720914987226,-0.037229261162430735,lauf+e tag+es
Lage,33.92165597308912,-0.03550959579638438,-0.004430542975125753,0.018604196135882534,0.001551424173930849,Lage
tag+es lage,9.90487460895541,-0.013609488513219721,0.04496704017246287,0.007160096296468538,-0.03965768386341707,tag+es lage
lage norden,9.779703209868366,-0.014279882048101418,0.05002464358835509,0.005244809854994171,-0.04121948328407034,lage norden
zuspitzen,9.608409367214001,-0.015644397321125443,0.05851302183932309,0.0021090023980719344,-0.04386080348500671,zuspitzen
norden zu+spitz+en,9.608409367214001,-0.015644397321125443,0.05851302183932309,0.0021090023980719344,-0.04386080348500671,norden zu+spitz+en
zeitweise,5.603981475957183,0.06311803454603036,0.02673430140634916,-0.05078388065015018,8.234297673324857e-05,zeitweise
baum+e zeitweise,5.603981475957183,0.06311803454603036,0.02673430140634916,-0.05078388065015018,8.234297673324857e-05,baum+e zeitweise
gesperrte,5.5379433582586755,0.06404971388815839,0.026624220392363722,-0.051218696216994736,8.019456316766959e-05,gesperrte
zeitweise ge+sperr+t+e,5.5379433582586755,0.06404971388815839,0.026624220392363722,-0.051218696216994736,8.019456316766959e-05,zeitweise ge+sperr+t+e
ge+sperr+t+e bahn+strecke+n,5.475570261518054,0.06493869697315498,0.026540694834618548,-0.051643599232670874,7.129501717612099e-05,ge+sperr+t+e bahn+strecke+n
abgebrochene,5.349672434308558,0.06676193819732695,0.026431162590883524,-0.052543898057959136,3.3300020760601385e-05,abgebrochene
bahn+strecke+n ab+ge+brech+en+e,5.349672434308558,0.06676193819732695,0.026431162590883524,-0.052543898057959136,3.3300020760601385e-05,bahn+strecke+n ab+ge+brech+en+e
Maibaumspitze,5.281680848873612,0.0677638972603257,0.026404142431893627,-0.05305420882328377,1.7734670260490043e-06,Maibaumspitze
ab+ge+brech+en+e mai+baum+spitze,5.281680848873612,0.0677638972603257,0.026404142431893627,-0.05305420882328377,1.7734670260490043e-06,ab+ge+brech+en+e mai+baum+spitze
mai+baum+spitze herbst+sturm,5.2083579793046555,0.06885908779955338,0.026399750654328657,-0.05362384370471247,-4.0795209326507826e-05,mai+baum+spitze herbst+sturm
herbst+sturm joshua,5.1532547181634225,0.06969270628878603,0.026413132192295994,-0.05406533277444385,-7.861200026032449e-05,herbst+sturm joshua
joshua deutschland,14.549299265729882,0.04250376481976821,0.05432699830335488,-0.042927267862340135,-0.019869868667050587,joshua deutschland
deutschland nacht,5.015748045714223,0.07181537386829306,0.02650802753863669,-0.05521840842769618,-0.00019471579545699786,deutschland nacht
nacht morgen,5.207100884048536,0.1941084997981551,-0.020745321796713363,-0.057600204149255874,-0.04755230323114307,nacht morgen
zahlreiche,15.65382379623771,0.0448976057711375,-0.013698213040426501,-0.011730704110140378,-0.0027513874992710686,zahlreiche
morgen zahlreich+e,5.16847530199928,0.1962749417591755,-0.02128701586600698,-0.058109733975237964,-0.04818913652885644,morgen zahlreich+e
zahlreich+e einsatz+e,5.14141518186675,0.20585042804417944,-0.0237543625851821,-0.060551472237805465,-0.05075694143799207,zahlreich+e einsatz+e
einsatz+e polizei,5.111839946503951,0.2174458949613209,-0.026778554918727826,-0.06355272998334624,-0.05390558185863725,einsatz+e polizei
Feuer…,4.80732954950686,0.07516070943492566,0.026816474856791422,-0.057111859397658817,-0.00042997890430317956,Feuer…
polizei feuer…,4.80732954950686,0.07516070943492566,0.026816474856791422,-0.057111859397658817,-0.00042997890430317956,polizei feuer…
+3749,4.782796322749528,0.07556561060607583,0.026865691038383127,-0.057346787706899466,-0.0004624069267229493,+3749
feuer… +3749,4.782796322749528,0.07556561060607583,0.026865691038383127,-0.057346787706899466,-0.0004624069267229493,feuer… +3749
+3749 char+s,4.764828312599446,0.07586373631220392,0.026903454171592536,-0.05752050813691381,-0.0004867951722974644,+3749 char+s
Baumstürze,13.649743846657056,0.012737535438470348,0.00492367587982395,-0.015878754241168448,0.008058983359136209,Baumstürze
sturm+flut baum+sturz+e,13.649743846657056,0.012737535438470348,0.00492367587982395,-0.015878754241168448,0.008058983359136209,sturm+flut baum+sturz+e
baum+sturz+e sturm+tief,11.701244694581064,-0.01470399556260914,0.1274525724128986,-0.05903260824762529,-0.030157977312942303,baum+sturz+e sturm+tief
deutschland fest,11.589026715111675,0.08017637162463687,0.07706281351052276,-0.06646554584156665,-0.03714568289345102,deutschland fest
griff sturm+tief,11.701244694581064,-0.01470399556260914,0.1274525724128986,-0.05903260824762529,-0.030157977312942303,griff sturm+tief
Wilhelmshaven,7.114189990179163,0.1382345943456274,0.030441686132212393,-0.0729156794020342,-0.029298712290554058,Wilhelmshaven
deutschland wilhelmshaven,7.114189990179163,0.1382345943456274,0.030441686132212393,-0.0729156794020342,-0.029298712290554058,deutschland wilhelmshaven
wilhelmshaven steig+t,6.9913496911138555,0.21600683298062223,0.005147832106449886,-0.09082393868025608,-0.04606999815992675,wilhelmshaven steig+t
steig+t nordsee,7.2027237576711425,0.40196752415470743,-0.05346573243639013,-0.14569131981601088,-0.1001196289533156,steig+t nordsee
nordsee ufer,6.550592838624476,0.20232801094278435,0.0027049637688269556,-0.08576404219537032,-0.039037135080443486,nordsee ufer
ein kreuz+fahrt+schiff,6.376181008663201,0.17090924957780154,0.00946480000929152,-0.07753598193465579,-0.030182256470406118,ein kreuz+fahrt+schiff
kehrt,6.151316964982682,0.14211131652616124,0.01664501294060743,-0.07093936712883193,-0.02259598746001122,kehrt
kreuz+fahrt+schiff kehr+t,6.151316964982682,0.14211131652616124,0.01664501294060743,-0.07093936712883193,-0.02259598746001122,kreuz+fahrt+schiff kehr+t
kehr+t früh+er,6.090396693987699,0.13446346965330774,0.022076285536859856,-0.0706448857439999,-0.021972542483239824,kehr+t früh+er
früh+er hamburg,5.981733897123298,0.12206835859361455,0.03275221918798791,-0.07101337837420386,-0.0217114289612781,früh+er hamburg
hamburg zurück,5.917537457594892,0.11522515609664262,0.04002801095333912,-0.07182908114465773,-0.022126731906119836,hamburg zurück
Andernorts,5.859146631604711,0.10909596893194926,0.04766150640538221,-0.0730498659939838,-0.022961330723524114,Andernorts
andernorts leg+en,5.787748080551705,0.10135773187688797,0.0591397752586735,-0.07539924253283152,-0.024801173351487724,andernorts leg+en
leg+en um+ge+stürz+t+e,5.753097357458074,0.0972879243221112,0.06610344135828519,-0.07704493832503169,-0.026178714698148167,leg+en um+ge+stürz+t+e
baum+e verkehr,5.67379536908402,0.09556213939823502,0.096233731155861,-0.08949506238773872,-0.03769885870631457,baum+e verkehr
verkehr lahm,5.666632836864879,0.098247429555938,0.11171156510910318,-0.09719839116961547,-0.04508295215598506,verkehr lahm
sagen,19.720468776049678,0.05584940967557771,-0.004229266718942348,-0.020569660873179366,-0.006641160453747471,sagen
nordseeküste sag+en,5.392102182472444,0.2985149514487219,0.029587514613696273,-0.13787020729397065,-0.0824643787265445,nordseeküste sag+en
sag+en meteorologe+n,5.264047679095203,0.24845085233634445,0.03846697091956382,-0.12147872570828448,-0.06578809707723605,sag+en meteorologe+n
meteorologe+n deutsch+en,5.123967912275101,0.20463104125389242,0.04311689626190998,-0.10698525758131701,-0.05082751156510949,meteorologe+n deutsch+en
wetter+dienst+es dwd,4.9761226349610626,0.17138925393067628,0.04392682413677624,-0.0956455679810384,-0.03881144450373106,wetter+dienst+es dwd
dwd morgen,4.938586718727549,0.16477768206604487,0.0437325235333336,-0.09333820355595317,-0.03630449059133671,dwd morgen
Windgeschwindigkeiten,4.983307337334122,0.14455253945539062,0.028227938630681577,-0.0589428308148898,-0.0496619826938237,Windgeschwindigkeiten
morgen wind+geschwindigkeit+en,4.9077884149529005,0.15982291834030277,0.04349831751559392,-0.09159686961100888,-0.03439160380891164,morgen wind+geschwindigkeit+en
120,4.857120532351189,0.12751861292525962,0.026382205962926057,-0.052378182067436184,-0.043452506595673214,120
wind+geschwindigkeit+en 120,4.857120532351189,0.12751861292525962,0.026382205962926057,-0.052378182067436184,-0.043452506595673214,wind+geschwindigkeit+en 120
Ki…,4.767630094975359,0.14176248837710043,0.041936311590231416,-0.08517155916512134,-0.027103882075292865,Ki…
120 ki…,4.767630094975359,0.14176248837710043,0.041936311590231416,-0.08517155916512134,-0.027103882075292865,120 ki…
+1700,4.750908416743011,0.14002284236156062,0.04172206051200896,-0.08454812657429163,-0.026369241667715357,+1700
ki… +1700,4.750908416743011,0.14002284236156062,0.04172206051200896,-0.08454812657429163,-0.026369241667715357,ki… +1700
+1700 chars,4.731393904714753,0.13808751710660844,0.0414695045552488,-0.08385432069013725,-0.025543553217258298,+1700 chars
sturm+flut elbe,72.66539579463523,-0.046921365783283486,-0.02159216587629176,0.02299816211602555,0.01662556957259348,sturm+flut elbe
späten,31.813555456561016,-0.00404644841057546,0.005039906800808518,-0.002453752732846088,0.0015200786554416094,späten
schwapp+t spät+en,26.7747575009734,-0.004103069400368726,0.002946439483531904,-0.0028351535696094932,0.003784713643784902,schwapp+t spät+en
Nachmittag,45.65453678699418,0.0052648783145444,-0.014536734579604945,0.00593228440746218,0.0009681409615990934,Nachmittag
spät+en nachmittag,28.085869222516987,-0.002917267447264471,0.005408724997737634,-0.003660469270676723,0.002049564092707806,spät+en nachmittag
nachmittag fisch+markt,25.10138267035348,0.01986162047015831,0.018095143182316326,-0.015315405535573588,-0.008301758827155921,nachmittag fisch+markt
der wind,13.48418178928926,0.06976807777294887,-0.01135817697359701,-0.0267949154169517,-0.0022973786867102964,der wind
wind drück+t,13.217330234490978,0.08887046635236959,-0.01496091015970927,-0.031575055924474425,-0.0064723054158400215,wind drück+t
drück+t wasser,12.765800789132944,0.14616837516826475,-0.027041700041857304,-0.04602947505237961,-0.019707104253225777,drück+t wasser
elbe lass+st,11.825974014646851,0.12478847210294536,-0.01988447524989585,-0.042475051432913025,-0.014302838978395903,elbe lass+st
Flut,11.880022748529356,0.09469581666220975,-0.013236441524591306,-0.03523698261800417,-0.007367601206629819,Flut
lass+st flut,11.880022748529356,0.09469581666220975,-0.013236441524591306,-0.03523698261800417,-0.007367601206629819,lass+st flut
flut hoch+er,11.939866626688135,0.082575034121179,-0.01072005119302405,-0.03232523647886733,-0.0046587955406929005,flut hoch+er
hoch+er steig+en,12.040609410758611,0.06958786567052412,-0.008152893248554106,-0.02918533394926415,-0.0018129269365756101,hoch+er steig+en
nachmittag erreich+en,13.470676034374693,0.03416490258513748,-0.0038447256704759176,-0.018958589491274016,0.005372956551236627,nachmittag erreich+en
erreich+en wasser+stand+e,15.012311876503388,0.02417569495934362,-0.004691811933919545,-0.014602446134339628,0.007052735164635081,erreich+en wasser+stand+e
wasser+stand+e elbe,17.84211043728031,0.0017601079122325297,-0.00454487185697998,-0.00656862624200107,0.011026086120245481,wasser+stand+e elbe
Sturmflut-Niveau,24.762533789152943,-0.011853107529319751,-0.009373255825791738,0.001915259778451127,0.012652488024657273,Sturmflut-Niveau
elbe sturmflut-niveau,24.762533789152943,-0.011853107529319751,-0.009373255825791738,0.001915259778451127,0.012652488024657273,elbe sturmflut-niveau
+1662,5.784987217005559,0.09755097603064569,0.010486089578891898,-0.05479981677437643,-0.004902659775273289,+1662
wasser+stand+e +1662,5.784987217005559,0.09755097603064569,0.010486089578891898,-0.05479981677437643,-0.004902659775273289,wasser+stand+e +1662
+1662 char+s,5.737722265339899,0.09656316286516543,0.011030476293268768,-0.05482334196532044,-0.004640367117350752,+1662 char+s
thema sturm+flut,24.762533789152943,-0.011853107529319751,-0.009373255825791738,0.001915259778451127,0.012652488024657273,thema sturm+flut
sie elbe,10.87423107544191,0.025539065309336455,0.004012607278049106,-0.021787362139889955,0.00803115661421584,sie elbe
elbe nordseeküste,10.56137340210792,0.2355237748202816,-0.043739721530924744,-0.07378388400668599,-0.04179076018650521,elbe nordseeküste
nordseeküste nachmittag,13.435529573854065,0.10598646683668357,-0.024957798295676098,-0.02684615852644246,-0.016313935222938742,nordseeküste nachmittag
nachmittag sturm+flut,24.762533789152943,-0.011853107529319751,-0.009373255825791738,0.001915259778451127,0.012652488024657273,nachmittag sturm+flut
pegel+stand+e norden+friesisch+en,9.190767914685985,0.07121117399373732,-0.0003273669255740511,-0.0358574984821267,-0.0010583107536717559,pegel+stand+e norden+friesisch+en
norden+friesisch+en küste,8.380246525166196,0.06447924454270124,0.004123383930175276,-0.03667241285232364,0.0008144366115326282,norden+friesisch+en küste
"2,0",13.159335023146632,0.038926827555146065,-0.004186533988754606,-0.020481234134370627,0.004457329083982866,"2,0"
"küste 2,0",8.00166199905583,0.06291905285066789,0.006010260821037494,-0.03752873886821927,0.0013558496638270106,"küste 2,0"
"2,5",7.745710457667056,0.06234003186334558,0.007246633791022468,-0.03826346617846161,0.0016243665958493886,"2,5"
"2,0 2,5",7.745710457667056,0.06234003186334558,0.007246633791022468,-0.03826346617846161,0.0016243665958493886,"2,0 2,5"
"2,5 meter",7.630180015540814,0.06219545214969799,0.007797670994465599,-0.038635298913681934,0.0017219315380729145,"2,5 meter"
Elbegebiet,20.47999938773235,0.0848234357285428,-0.02653798983492251,-0.02021221022087236,-0.008551841176929953,Elbegebiet
meter elbe+gebiet,7.300373026571094,0.06216066510124618,0.009356384677052352,-0.039833379861123265,0.0019247784823853066,meter elbe+gebiet
"1,5",6.986866382553352,0.06262254891160318,0.010831925811597401,-0.04116117800274769,0.002019575085680406,"1,5"
"elbe+gebiet 1,5",6.986866382553352,0.06262254891160318,0.010831925811597401,-0.04116117800274769,0.002019575085680406,"elbe+gebiet 1,5"
"1,5 2,0",8.00166199905583,0.06291905285066789,0.006010260821037494,-0.03752873886821927,0.0013558496638270106,"1,5 2,0"
"2,0 meter",7.630180015540814,0.06219545214969799,0.007797670994465599,-0.038635298913681934,0.0017219315380729145,"2,0 meter"
höher…,6.678482778317963,0.06352795142286863,0.012293100321802763,-0.04265191255658465,0.002024588709957156,höher…
meter höher…,6.678482778317963,0.06352795142286863,0.012293100321802763,-0.04265191255658465,0.002024588709957156,meter höher…
+1480,6.559545510127338,0.06399436961294998,0.012862407624714856,-0.04327751828274671,0.002003781545716587,+1480
höher… +1480,6.559545510127338,0.06399436961294998,0.012862407624714856,-0.04327751828274671,0.002003781545716587,höher… +1480
+1480 char+s,6.476374618201051,0.06435905635091342,0.013263153737357697,-0.043732271374126316,0.0019817932917002216,+1480 char+s
fisch+markt ein,5.591264809273228,0.10463313059112726,0.25818593388728606,-0.16025623543763512,-0.13182116971095317,fisch+markt ein
sorg+t freitag,5.488392076228549,0.16911721136690394,0.13627781581114498,-0.12017300286046775,-0.09639842282840635,sorg+t freitag
besondere,5.517999939493575,0.2077170811436513,0.08150251816101813,-0.10798814961231584,-0.08851520934142812,besondere
freitag besonder+e,5.517999939493575,0.2077170811436513,0.08150251816101813,-0.10798814961231584,-0.08851520934142812,freitag besonder+e
Wetterlage,10.038166589620014,0.11791012771161588,0.02581416982008219,-0.05190426906795576,-0.036394934715255046,Wetterlage
besonder+e wetter+lage,5.567283201991048,0.23118001309577083,0.05853521066618349,-0.10572420365628767,-0.08925189527692227,besonder+e wetter+lage
wetter+lage norden,5.670686686021761,0.2718359004573089,0.029232262880933592,-0.10723638571754325,-0.09576033188548529,wetter+lage norden
hamburg nordseeküste,11.58537068811629,0.4638264438843041,-0.0478358324668954,-0.16036440999256943,-0.1553338861548049,hamburg nordseeküste
nordseeküste steig+en,6.170582489580759,0.4160357015868753,-0.056738603116955,-0.12416019922320319,-0.13967055655645247,nordseeküste steig+en
steig+en pegel,6.546915705245432,0.5307222920294257,-0.1111738940162251,-0.15582026285489164,-0.18627342731808097,steig+en pegel
deutlich,10.100012244373662,0.2328302261906393,0.0029706419861635787,-0.06949596020719816,-0.08546280344757475,deutlich
pegel deutlich,6.291501304432359,0.39529930168756144,-0.06835468903044835,-0.0990159510419037,-0.13993853548661783,pegel deutlich
mittlere,6.271999390486,0.23274406400701217,-0.053775050067846365,-0.009971626004557628,-0.11614967810175424,mittlere
deutlich mittler+e,6.271999390486,0.23274406400701217,-0.053775050067846365,-0.009971626004557628,-0.11614967810175424,deutlich mittler+e
mittler+e hochwasser,6.580356389911234,0.1459817185497306,-0.09471405873288605,0.08724749054243276,-0.15314679643864162,mittler+e hochwasser
hochwasser fisch+markt,6.215871820488324,0.15673371905731376,-0.021969283497319022,-0.014079876577974998,-0.0740413383944588,hochwasser fisch+markt
fisch+markt schon,6.214738814823632,0.13118238719453973,-0.0013600663638805334,-0.03195175261888044,-0.04822815045206256,fisch+markt schon
schon früh+en,6.261448861684286,0.12835055651153546,0.003196433278794916,-0.03820008437338363,-0.041918837062715,schon früh+en
früh+en abend,6.311816295268937,0.12611472794972933,0.008109827377387906,-0.04271975647626671,-0.0386910858504353,früh+en abend
abend überflut+et,6.361535999907147,0.12471842648624969,0.011936994976028086,-0.0462058019172484,-0.036520003148317576,abend überflut+et
ein stürmisch+er,6.610268420550487,0.12582295430596793,0.024762421068256688,-0.05873953100516876,-0.03269704586454264,ein stürmisch+er
stürmisch+er freitag,6.785399729013485,0.13334660239448,0.030867527743423228,-0.06646596954109116,-0.03401898501120376,stürmisch+er freitag
freitag erwart+et,6.927928343143309,0.14375613682796134,0.034714051288716984,-0.07314915266856176,-0.03695719982283956,freitag erwart+et
erwart+et hamburg,7.135621080078501,0.17037422324217005,0.0371593892811793,-0.08500117504156846,-0.04498711501265978,erwart+et hamburg
der tief,8.259134079287636,0.07478351756390796,0.21436618072117575,-0.1325239452536705,-0.09171644721355872,der tief
tief joshua,8.109315208026551,0.08291492098921303,0.13182905517153537,-0.09575736896371057,-0.05551563163915554,tief joshua
joshua nordsee,7.8992183728901315,0.3485347466471946,0.012575075810599147,-0.14659820406992305,-0.10396471458919117,joshua nordsee
festgesetzt,9.169301894185116,0.14997834398075496,-0.005534883564096366,-0.05937480820513468,-0.023839553889483497,festgesetzt
nordsee fest+ge+setz+t,9.169301894185116,0.14997834398075496,-0.005534883564096366,-0.05937480820513468,-0.023839553889483497,nordsee fest+ge+setz+t
fest+ge+setz+t bring+t,10.019790386885052,0.05478616103708249,0.00044500006675907215,-0.030074745913853587,0.0021618606747282657,fest+ge+setz+t bring+t
kräftigen,10.64396547710073,0.026665955991574238,0.004422224359102937,-0.022521073115573713,0.007883549301167593,kräftigen
bring+t kräftig+en,10.64396547710073,0.026665955991574238,0.004422224359102937,-0.022521073115573713,0.007883549301167593,bring+t kräftig+en
kräftig+en wind,12.045225532763087,0.02027548438303534,0.0021043216683352775,-0.01837517224659904,0.008713322882213173,kräftig+en wind
+1624,9.576073651888068,0.032367393454225776,0.0065005124228181286,-0.026250417153444217,0.007127928934366507,+1624
elbe +1624,9.576073651888068,0.032367393454225776,0.0065005124228181286,-0.026250417153444217,0.007127928934366507,elbe +1624
+1624 chars,9.179069797888467,0.03471590138785967,0.007359462091285371,-0.027794909639242884,0.006812263641740816,+1624 chars
hin+zu+füg+en wind,16.353141619425575,-0.032894788047969935,0.07433009771349806,-0.010881855509260104,-0.03006166203168559,hin+zu+füg+en wind
Tages…,5.2420646722257755,-0.01141298997763215,0.11753510351910382,-0.010150327103170884,-0.08700367831686108,Tages…
lauf+e tages…,5.2420646722257755,-0.01141298997763215,0.11753510351910382,-0.010150327103170884,-0.08700367831686108,lauf+e tages…
+3913,4.843349844931059,0.06298439277266578,0.06849908872489989,-0.06992800554030945,-0.013043624760133038,+3913
tages… +3913,4.843349844931059,0.06298439277266578,0.06849908872489989,-0.06992800554030945,-0.013043624760133038,tages… +3913
+3913 char+s,4.822836124395561,0.06376307926562136,0.06698552941802291,-0.06962116518349636,-0.01258745221887989,+3913 char+s
sturm+flut sturm+tief,14.939458929389655,-0.01111578040049825,0.07248722412223133,-0.0342764473043274,-0.0120482798856646,sturm+flut sturm+tief
sturm+tief bring+t,16.48577770288453,0.005282701235276989,-0.0032872811294389374,-0.008791175136086883,0.010595673031603399,sturm+tief bring+t
bring+t sturm+flut,44.516702126208074,-0.0326376712220159,-0.016652145112430686,0.014544839573020588,0.015039582684725487,bring+t sturm+flut
fisch+markt über,9.971526126134455,0.11477441187555439,0.00527293439363982,-0.050727093589446375,-0.017791170825717295,fisch+markt über
über nordsee,20.676240993458627,0.397283457923971,0.014695900595305279,-0.15892525182820327,-0.14122334051974808,über nordsee
nordsee sturm+tief,25.129245175809906,0.03870500613452038,0.21445995946895946,-0.10828627130571891,-0.09568895673519952,nordsee sturm+tief
sturm+tief unterwegs,17.846046671029757,0.10700406947598629,0.15119699262062353,-0.10345451874669934,-0.08372238194176937,sturm+tief unterwegs
unterwegs norden,13.747328006277654,0.0802326254092028,0.07035914578389212,-0.06175614086664092,-0.036877255161746406,unterwegs norden
durchpustet,12.985993978198394,0.07123394601181189,0.05278157435976554,-0.05236847501947976,-0.02631478821205471,durchpustet
deutschland+s durch+pust+et,12.985993978198394,0.07123394601181189,0.05278157435976554,-0.05236847501947976,-0.02631478821205471,deutschland+s durch+pust+et
bislang bleib+en,10.651856876434108,0.045542576973554245,0.026444894363584114,-0.036418999706064326,-0.005663627122033829,bislang bleib+en
dramatische,10.436081345070697,0.045310028641329846,0.024957426478415458,-0.0360234485376556,-0.004729558994495123,dramatische
bleib+en dramatisch+e,10.436081345070697,0.045310028641329846,0.024957426478415458,-0.0360234485376556,-0.004729558994495123,bleib+en dramatisch+e
dramatisch+e einsatz+e,10.143335063377048,0.04515294168766716,0.023211331569184132,-0.035652224822064295,-0.003597716091305791,dramatisch+e einsatz+e
abbekommen,5.820645597700551,0.1153575651240745,0.039348247874339694,-0.07186067693731861,-0.02158407682505315,abbekommen
wasser ab+bekomm+en,5.820645597700551,0.1153575651240745,0.039348247874339694,-0.07186067693731861,-0.02158407682505315,wasser ab+bekomm+en
hin+zu+füg+en über,5.855177924034186,0.2920769097627712,0.07602079341666002,-0.15413333999304848,-0.10114963821013549,hin+zu+füg+en über
+3585,4.858424342575509,0.12201780700085255,0.057848101110680436,-0.08466138296172235,-0.027335291579319104,+3585
spät+en +3585,4.858424342575509,0.12201780700085255,0.057848101110680436,-0.08466138296172235,-0.027335291579319104,spät+en +3585
+3585 chars,4.836425245876306,0.12088862843435132,0.056682477610289564,-0.08387721713674909,-0.026407968783285114,+3585 chars
fähr+ausfall+e schaden,3.5304432636670517,-0.41888148166645,0.008687534184764896,0.41252749534695904,-0.5955300057196435,fähr+ausfall+e schaden
schaden wind,3.207101640158214,-0.32282566158994913,0.15675291131526345,0.2861243751729711,-0.4994741856431429,schaden wind
+5307,2.4115129768956107,-0.03771238992769872,0.17818131931404277,0.04139715525807174,-0.21436091398089227,+5307
tages… +5307,2.4115129768956107,-0.03771238992769872,0.17818131931404277,0.04139715525807174,-0.21436091398089227,tages… +5307
+5307 char+s,2.4065388777665326,-0.03564761310656953,0.17429604352214217,0.04208056526898056,-0.21229613715976325,+5307 char+s
unwetter sturm,2.24254517320809,0.40672024123149136,-0.0701426377124661,-0.10577772642610142,-0.14171803109021452,unwetter sturm
sturm joshua,2.790210303786373,0.6940152709284556,-0.2886481495298011,-0.10079854820379762,-0.3602235429075497,sturm joshua
joshua erreich+t,2.2517763189649345,0.4187254635712665,-0.07425055867638786,-0.10988564739002327,-0.14582595205413632,joshua erreich+t
orkanartigen,2.261105701906622,0.43061593353222666,-0.07838512110842748,-0.11402020982206273,-0.14996051448617587,orkanartigen
erreich+t orkan+artig+en,2.261105701906622,0.43061593353222666,-0.07838512110842748,-0.11402020982206273,-0.14996051448617587,erreich+t orkan+artig+en
orkan+artig+en böe+n,2.272045937930475,0.4442597360363381,-0.08321189865011457,-0.11884698736374973,-0.15478729202786293,orkan+artig+en böe+n
Höhepunkt,2.2840294412721933,0.45884723606879424,-0.08847236077101243,-0.12410744948464748,-0.16004775414876082,Höhepunkt
böe+n höhe+punkt,2.2840294412721933,0.45884723606879424,-0.08847236077101243,-0.12410744948464748,-0.16004775414876082,böe+n höhe+punkt
höhe+punkt der,2.2958511163829325,0.47288615324760536,-0.09363481040992762,-0.12926989912356282,-0.16521020378767595,höhe+punkt der
der sturm,2.5587404626628665,0.612681445312238,-0.20204630948018057,-0.11843493187266668,-0.2736217028579289,der sturm
richtet,2.325137749854391,0.5062493185864397,-0.10631046336954514,-0.1419455520831803,-0.17788585674729362,richtet
joshua richt+et,2.325137749854391,0.5062493185864397,-0.10631046336954514,-0.1419455520831803,-0.17788585674729362,joshua richt+et
richt+et deutschland,2.348498346972341,0.5315139475995844,-0.11630730145543813,-0.15194239016907335,-0.18788269483318665,richt+et deutschland
deutschland seit,12.713344543678897,0.09501458955724564,-0.02132732101682434,-0.024926947487783836,-0.01395298558397184,deutschland seit
Donnerstag,2.4025094048379194,0.5858354175040695,-0.13904495529547573,-0.17468004400911094,-0.210620348673224,Donnerstag
seit donnerstag,2.4025094048379194,0.5858354175040695,-0.13904495529547573,-0.17468004400911094,-0.210620348673224,seit donnerstag
Verwüstung,2.4616832075021384,0.6396253924805247,-0.1633765254931762,-0.1990116142068114,-0.23495191887092462,Verwüstung
donnerstag verwüstung,2.4616832075021384,0.6396253924805247,-0.1633765254931762,-0.1990116142068114,-0.23495191887092462,donnerstag verwüstung
stärksten,2.7519811623915276,0.42342261553172633,0.1882887726767969,-0.3104873425361608,-0.1763897597313427,stärksten
nachmittag stark+st+en,2.3833892535802277,0.5672201597149691,-0.13105470963928278,-0.16668979835291803,-0.20263010301703127,nachmittag stark+st+en
stark+st+en böe+n,2.353493726445792,0.5367706880238051,-0.11843209506412929,-0.1540671837777644,-0.19000748844187773,stark+st+en böe+n
böe+n erwart+et,2.3414860397812998,0.52404959244055,-0.1133169663761811,-0.14895205508981632,-0.18489235975392967,böe+n erwart+et
feuer+wehr ge+sorg+t,2.332924484458554,0.5147982911441042,-0.1096538029239601,-0.14528889163759526,-0.1812291963017086,feuer+wehr ge+sorg+t
stürmische,2.36436869918803,0.5480442194352821,-0.12304223034231855,-0.1586773190559536,-0.1946176237200669,stürmische
der stürmisch+e,2.36436869918803,0.5480442194352821,-0.12304223034231855,-0.1586773190559536,-0.1946176237200669,der stürmisch+e
stürmisch+e wetter,2.4025094048379194,0.5858354175040695,-0.13904495529547573,-0.17468004400911094,-0.210620348673224,stürmisch+e wetter
wetter sorg+te,2.4365774632137835,0.6174738941973953,-0.15312555445534007,-0.18876064316897542,-0.22470094783308855,wetter sorg+te
sorg+te nordseeküste,2.9826688420042746,0.9554498896946768,-0.3553496631220035,-0.39098475183563874,-0.4269250564997518,sorg+te nordseeküste
orkanartige,2.5021872876595026,0.6734645184892695,-0.17969644325894155,-0.21533153197257687,-0.25127183663669006,orkanartige
nordseeküste orkan+artig+e,2.5021872876595026,0.6734645184892695,-0.17969644325894155,-0.21533153197257687,-0.25127183663669006,nordseeküste orkan+artig+e
+4143,2.3672936427285194,0.5510372723233848,-0.12427855859302421,-0.1599136473066594,-0.19585395197077266,+4143
dort +4143,2.3672936427285194,0.5510372723233848,-0.12427855859302421,-0.1599136473066594,-0.19585395197077266,dort +4143
+4143 chars,2.3509620288536333,0.5341127762333193,-0.11735579720174481,-0.15299088591537996,-0.18893119057949323,+4143 chars
sturm+flut joshua,14.257243912199833,0.012013474822737963,-0.0008747281387608724,-0.01306889543144142,0.00976115700078214,sturm+flut joshua
joshua bring+t,16.48577770288453,0.005282701235276989,-0.0032872811294389374,-0.008791175136086883,0.010595673031603399,joshua bring+t
fisch+markt mehr,9.725014634875885,0.03152079816231963,0.006191289361284293,-0.02569484387599815,0.007241078887730919,fisch+markt mehr
Sturmeinsätze,11.803706855192214,0.046844664903680305,0.013486378525655455,-0.030649324991120115,-0.0027323706051161118,Sturmeinsätze
mehr sturm+einsatz+e,11.803706855192214,0.046844664903680305,0.013486378525655455,-0.030649324991120115,-0.0027323706051161118,mehr sturm+einsatz+e
ausgefallene,11.11486663807215,0.060775550212820904,0.017723285459509696,-0.03716512755987365,-0.007518013925057085,ausgefallene
sturm+einsatz+e aus+ge+fall+en+e,11.11486663807215,0.060775550212820904,0.017723285459509696,-0.03716512755987365,-0.007518013925057085,sturm+einsatz+e aus+ge+fall+en+e
aus+ge+fall+en+e fähre+n,10.718109978948268,0.08574735977016373,0.02359076909182605,-0.047604343186253506,-0.01671561065550768,aus+ge+fall+en+e fähre+n
amtliche,10.395194355191617,0.12319560143140872,0.03661820987717241,-0.0652633467883946,-0.033070222956764955,amtliche
fähre+n amtlich+e,10.395194355191617,0.12319560143140872,0.03661820987717241,-0.0652633467883946,-0.033070222956764955,fähre+n amtlich+e
Unwetterwarnung,10.286714244091089,0.1523340115482714,0.04461857043311494,-0.07855235788090134,-0.0457072411632929,Unwetterwarnung
amtlich+e unwetter+warnung,10.286714244091089,0.1523340115482714,0.04461857043311494,-0.07855235788090134,-0.0457072411632929,amtlich+e unwetter+warnung
unwetter+warnung über,10.330183296972578,0.2558938691101284,0.05751210248827322,-0.12270249587893764,-0.08874861762657389,unwetter+warnung über
hin+zu+füg+en mehr,5.545312536176815,0.1158020446031691,0.04072428893722409,-0.07334286149079335,-0.02130634817964467,hin+zu+füg+en mehr
Nord…,5.158102237797262,0.16840091306449603,0.11191451975130005,-0.12344693181172899,-0.06691954960473166,Nord…
unterwegs nord…,5.158102237797262,0.16840091306449603,0.11191451975130005,-0.12344693181172899,-0.06691954960473166,unterwegs nord…
+2821,5.102903588099058,0.16284407101988502,0.1027330133822219,-0.11745519702726019,-0.06074778779632286,+2821
nord… +2821,5.102903588099058,0.16284407101988502,0.1027330133822219,-0.11745519702726019,-0.06074778779632286,nord… +2821
+2821 chars,5.061227589115775,0.15862446734979557,0.09644735756392664,-0.11326795255974426,-0.05640867011411809,+2821 chars
Weitere,72.2199232212046,-0.046757875248257724,-0.02153590121232561,0.0229024408841652,0.016607633166153286,Weitere
herbst+wetter weit+er+e,50.45619125595079,-0.036538412346767926,-0.0180061432313913,0.016871567692773905,0.015476659372757157,herbst+wetter weit+er+e
weit+er+e sturm+flut,118.75080433904265,-0.0587975283806886,-0.025662356651051443,0.029887855674998794,0.017916333369098855,weit+er+e sturm+flut
elbe erwart+et,30.39344399035331,-0.019607490329226932,-0.012101753779035525,0.0066728931485304736,0.01355539467026158,elbe erwart+et
kaum,24.165085477156033,-0.025418333400821527,-0.037609519901319804,0.04770083657057932,-0.016579207940803923,kaum
bislang kaum,24.165085477156033,-0.025418333400821527,-0.037609519901319804,0.04770083657057932,-0.016579207940803923,bislang kaum
kaum schaden,30.718548748669743,-0.05710531814913767,-0.06939271669015215,0.09916060107122841,-0.0445475607416746,kaum schaden
schaden der,9.324762174241286,0.012787467090848157,-0.014801335337246885,0.014985922921041148,-0.01553227916534451,schaden der
der wetter,20.203094399079944,0.00823743545486525,-0.01768201545290938,0.0070390702166868374,0.0002072541384255975,der wetter
wetter norden,11.420049782754147,0.06038459678393259,-0.015586138964523974,-0.012358118616570402,-0.010796955495143886,wetter norden
norden bleib+t,11.135506676618837,0.0783492618716944,-0.01673013332233816,-0.01980243122874853,-0.01263239497140164,norden bleib+t
bleib+t woche+n+ende,10.806110122885658,0.10638623061360843,-0.020201761805082718,-0.02961691989211586,-0.01699455002057416,bleib+t woche+n+ende
woche+n+ende windig,10.531089822244759,0.14426205136368192,-0.026822918704278904,-0.041249610080285486,-0.024490529946968893,woche+n+ende windig
stürmisch,15.320280254621183,0.1219458168858443,-0.02949062623191947,-0.031761611781545226,-0.017849321394487343,stürmisch
windig stürmisch,10.35266751078472,0.19820726135949684,-0.03850937721008943,-0.05677137220555306,-0.03696528090298165,windig stürmisch
nordseeküste elbe+gebiet,9.56053704817017,0.2174320667085897,-0.03920710893967571,-0.06632653959716657,-0.039921850984610055,nordseeküste elbe+gebiet
könnten,9.282488238859912,0.18165874963847886,-0.02898608439781011,-0.057972015609334494,-0.03025698417212551,könnten
elbe+gebiet könn+ten,9.282488238859912,0.18165874963847886,-0.02898608439781011,-0.057972015609334494,-0.03025698417212551,elbe+gebiet könn+ten
könn+ten flut+en,9.040229046832033,0.15779197001949702,-0.022096443635892835,-0.05290473348486592,-0.023936556273827007,könn+ten flut+en
flut+en sonntag,8.86727412548716,0.14407374247202112,-0.018041542603468,-0.050230939958898525,-0.020329806378018428,flut+en sonntag
sonntag stark+er,6.095355553857687,0.11485512114138438,0.001933445877061122,-0.053268117707470995,-0.011870205713227375,sonntag stark+er
stärke…,4.982839553776836,0.17701165175281763,-0.002605958668721121,-0.07778316943579894,-0.02427209929840761,stärke…
sonntag stärke…,4.982839553776836,0.17701165175281763,-0.002605958668721121,-0.07778316943579894,-0.02427209929840761,sonntag stärke…
+1751,4.942991330260982,0.16949668078806604,-0.00042314311788016197,-0.07615014933094433,-0.022327712292909092,+1751
stärke… +1751,4.942991330260982,0.16949668078806604,-0.00042314311788016197,-0.07615014933094433,-0.022327712292909092,stärke… +1751
+1751 chars,4.9179180945930785,0.16517364192464676,0.0008475418147030228,-0.07523815052951367,-0.021213093390234528,+1751 chars
schaden hier,15.889093054572163,-0.01578892470045776,-0.026138685395585077,0.03419135229630937,-0.013589352694810066,schaden hier
thema herbst+wetter,20.31906537355308,-0.003825120427325211,-0.006531877416330105,-0.003067599650176673,0.011700186947537987,thema herbst+wetter
sie weit+er+e,27.89714815417897,-0.016431426975496672,-0.010986088201006437,0.004730833929313686,0.013187481048509258,sie weit+er+e
nordsee schleswig-holstein,8.668445384511642,0.1414539826047323,-0.024874720845015567,-0.03807563195251717,-0.028039438690505052,nordsee schleswig-holstein
schleswig-holstein elbe+gebiet,9.889398712475348,0.03331936687698195,0.005303232535558861,-0.02568173947897766,0.006793007824596609,schleswig-holstein elbe+gebiet
elbe+gebiet sonntag,12.229855270791823,0.019509278487420692,0.0018272172799001004,-0.017880518339653474,0.008811648745742902,elbe+gebiet sonntag
sonntag erneut,14.257243912199833,0.012013474822737963,-0.0008747281387608724,-0.01306889543144142,0.00976115700078214,sonntag erneut
hydrographie teil+te,8.180022789557984,0.04130715893685888,0.00977925490629746,-0.032155471041936425,0.00591190443960595,hydrographie teil+te
teil+te nach,7.745795568613238,0.04453424192435724,0.010968933113824237,-0.03430425534155414,0.005463044173873,teil+te nach
derzeitigem,7.602880160349697,0.04565254017635601,0.011381965168194877,-0.03505100473995282,0.005306225711802035,derzeitigem
nach derzeitig+em,7.602880160349697,0.04565254017635601,0.011381965168194877,-0.03505100473995282,0.005306225711802035,nach derzeitig+em
derzeitig+em stand,7.3013183149621605,0.048112628491415725,0.012291970834999076,-0.03669757711819309,0.004958900987817997,derzeitig+em stand
stand besteh+t,7.16866506434666,0.04924082837075525,0.012709945816178389,-0.03745446028861558,0.004798524593567352,stand besteh+t
am…,7.007157567100999,0.05065510052788919,0.013234480161676079,-0.038404827558171144,0.004596499464834538,am…
besteh+t am…,7.007157567100999,0.05065510052788919,0.013234480161676079,-0.038404827558171144,0.004596499464834538,besteh+t am…
+1581,6.913995723771614,0.05149215551378867,0.013545234908527009,-0.03896813436931611,0.004476408973130047,+1581
am… +1581,6.913995723771614,0.05149215551378867,0.013545234908527009,-0.03896813436931611,0.004476408973130047,am… +1581
+1581 chars,6.809143003654169,0.05245368793949223,0.01390247986265646,-0.03961596203421377,0.004337979713435585,+1581 chars
sturm+flut überschwemm+t,36.80864854285996,-0.026367469945525537,-0.014467790473015822,0.01077598358287157,0.014330228268584596,sturm+flut überschwemm+t
Tiefdruckgebiet,20.179627219568268,-0.07565676848878695,0.22358859691111563,-0.08059499016523121,-0.06405623774684309,Tiefdruckgebiet
der tief+druck+gebiet,20.179627219568268,-0.07565676848878695,0.22358859691111563,-0.08059499016523121,-0.06405623774684309,der tief+druck+gebiet
tief+druck+gebiet joshua,19.491790649608486,-0.020743822023550795,0.06065339415484325,-0.024200737534487954,-0.008122926138557392,tief+druck+gebiet joshua
joshua hamburg,21.677866668830028,-0.012534424948643234,0.01460581989573882,-0.007831885343061663,0.005711545488695408,joshua hamburg
Elbemündung,19.72264410385575,-0.0025673217343082744,-0.006085139945365956,-0.0038535779394565433,0.011549240899905607,Elbemündung
hamburg elbe+mündung,19.72264410385575,-0.0025673217343082744,-0.006085139945365956,-0.0038535779394565433,0.011549240899905607,hamburg elbe+mündung
elbe+mündung zweit+e,28.929232014389818,-0.017789369377507816,-0.011463414217440083,0.0055622898067631595,0.013345098846025765,elbe+mündung zweit+e
zweit+e sturm+flut,44.516702126208074,-0.0326376712220159,-0.016652145112430686,0.014544839573020588,0.015039582684725487,zweit+e sturm+flut
beschert,26.166465522220058,-0.01399501386414029,-0.010128477082877452,0.003234852573658391,0.01290347702918241,beschert
sturm+flut bescher+t,26.166465522220058,-0.01399501386414029,-0.010128477082877452,0.003234852573658391,0.01290347702918241,sturm+flut bescher+t
fisch+markt st.,16.949228076672174,0.00403638734556439,-0.0037326157322442313,-0.008003547955676923,0.010748436644281328,fisch+markt st.
schwappte,15.562931460421646,0.007911346627093582,-0.002346593277852348,-0.010456965169756836,0.01027170098825463,schwappte
pauli schwapp+te,15.562931460421646,0.007911346627093582,-0.002346593277852348,-0.010456965169756836,0.01027170098825463,pauli schwapp+te
schwapp+te wasser,8.550889194843322,0.03873536376110268,0.008833488724823929,-0.03044953038717474,0.006265789016027762,schwapp+te wasser
wasser sonntag+abend,8.142825298281636,0.041574101849439785,0.009877540398598948,-0.032332872608977214,0.005874979517152885,wasser sonntag+abend
Kaikante,11.042832739523437,0.024734497427876593,0.00372038404654536,-0.021264200500820486,0.008136201720937118,Kaikante
sonntag+abend kai+kante,7.470718871572293,0.04671340268453286,0.011774150366663697,-0.03576040864284841,0.005156847180257455,sonntag+abend kai+kante
kai+kante richt+ete,7.233654428316292,0.048684436562564375,0.012503763199801567,-0.03708105142572698,0.004877703601315307,kai+kante richt+ete
Sch…,6.843301177803581,0.05213814058319407,0.013785209483894455,-0.03940327493306994,0.004383465027665853,Sch…
richt+ete sch…,6.843301177803581,0.05213814058319407,0.013785209483894455,-0.03940327493306994,0.004383465027665853,richt+ete sch…
+796,6.743058499611834,0.05307062711350787,0.014131852619837532,-0.040032045198699504,0.00424888867115325,+796
sch… +796,6.743058499611834,0.05307062711350787,0.014131852619837532,-0.040032045198699504,0.00424888867115325,sch… +796
+796 char+s,6.66436416773895,0.05381665237108733,0.014409382687245821,-0.04053563019114147,0.004140871075400298,+796 char+s
fisch+markt hamburg,11.125539385010184,0.024345948132266357,0.0035793298677040206,-0.021011755606710807,0.008186829796992002,fisch+markt hamburg
hamburg lno,8.930594570397528,0.01595101978720754,0.07992551172142777,-0.051149027854235966,-0.015092433913195685,hamburg lno
lno der,14.717481155565578,0.002002760678037356,0.06893168453852662,-0.036744002696077645,-0.01410541823395055,lno der
schwapp+te kopier+e,8.550889194843322,0.03873536376110268,0.008833488724823929,-0.03044953038717474,0.006265789016027762,schwapp+te kopier+e
regen sturm+flut+en,24.762533789152943,-0.011853107529319751,-0.009373255825791738,0.001915259778451127,0.012652488024657273,regen sturm+flut+en
der herbst,12.857661857890735,0.01701739131597943,0.0009271896161061701,-0.016275394985840356,0.009129768895009665,der herbst
herbst zeig+t,11.549808636576845,0.02241315352571826,0.0028783366578330467,-0.019757983990918805,0.008437704416461078,herbst zeig+t
zeig+t hamburg,9.967249190037494,0.03018147216477789,0.005702538850597857,-0.024817207130014583,0.007419399458567058,zeig+t hamburg
ungemütlichen,8.80426495938561,0.03019773513795842,0.03332921533483007,-0.036902312503484976,-0.0008457185624449361,ungemütlichen
hamburg un+gemütlich+en,8.80426495938561,0.03019773513795842,0.03332921533483007,-0.036902312503484976,-0.0008457185624449361,hamburg un+gemütlich+en
Seite,8.303095664269811,0.02208289301897915,0.07481279967486534,-0.05182408143943774,-0.013616229313307759,Seite
un+gemütlich+en seite,8.303095664269811,0.02208289301897915,0.07481279967486534,-0.05182408143943774,-0.013616229313307759,un+gemütlich+en seite
+905,6.715842358056336,0.04185009346717499,0.05574722315597595,-0.05298973477467926,-0.008158895015656998,+905
hamburg +905,6.715842358056336,0.04185009346717499,0.05574722315597595,-0.05298973477467926,-0.008158895015656998,hamburg +905
+905 char+s,6.635752656019442,0.04346273365486127,0.053036631952002054,-0.052566877614304806,-0.007359387511445544,+905 char+s
Möglicherweise,2.6640643439398195,-0.13731095367765228,0.35637782079723257,-0.0036644938104164336,-0.313959477730846,Möglicherweise
beispiellose,2.832333095671543,-0.19855883560367268,0.36294531001437697,0.048212468938641846,-0.3752073596568662,beispiellose
möglicherweise beispiellos+e,2.832333095671543,-0.19855883560367268,0.36294531001437697,0.048212468938641846,-0.3752073596568662,möglicherweise beispiellos+e
beispiellos+e folge+n,3.34398001762312,-0.3646197677740579,0.30556633425224233,0.2185041174409736,-0.5412682918272514,beispiellos+e folge+n
folge+n der,3.177767862656977,-0.31363706850243933,0.5257704748141081,-0.012668068443601717,-0.4902855925556331,folge+n der
Hurrikan,44.38088473337234,-0.6183627179812756,0.7654069670895198,-0.2329062821767607,-0.5020568491401209,Hurrikan
der hurrikan,3.3555817511018295,-0.36808320179451237,0.6514063589310134,-0.12131189725219815,-0.5447317258477061,der hurrikan
Melissa,35.508703723237396,-0.5242363338019322,0.5537739969633987,-0.02426170230602859,-0.3928981544398547,Melissa
hurrikan melissa,32.923044664905945,-0.44863135038417445,0.5283143522740356,-0.043899869463174514,-0.34753125536103374,hurrikan melissa
melissa treff+t,2.751182367738237,-0.16948881934108703,0.44084546434350996,-0.05468508803994419,-0.3461373433942807,melissa treff+t
Jamaica,3.400901110249806,-0.38149847709426876,0.5830173861296452,-0.02229971377694873,-0.5581470011474623,Jamaica
treff+t jamaica,2.65146114832703,-0.13256891293364595,0.40714566342229114,-0.05793340122974795,-0.30921743698683957,treff+t jamaica
jamaica melissa,2.8946912735219845,-0.22033651222853118,0.4907185098208285,-0.058297730671085034,-0.39698503628172493,jamaica melissa
melissa tob+t,3.0869277075351658,-0.2846343750504818,0.5178993201518852,-0.029009101466836967,-0.4612828991036754,melissa tob+t
Wirbelsturm,7.731356850183844,-1.2027424257811152,0.7960127343719546,-0.10349740888188554,-0.5803231590715182,Wirbelsturm
tob+t wirbel+sturm,3.026093653908938,-0.26473061278643806,0.506579875260232,-0.03426785933332726,-0.44137913683963165,tob+t wirbel+sturm
höchsten,7.993601730585398,-0.05406472924779795,0.17372171495977837,-0.024136969344991484,-0.0980852100452411,höchsten
wirbel+sturm hoch+st+en,2.943214065546769,-0.23696025195558795,0.4910959463767352,-0.04283592530698172,-0.4136087760087816,wirbel+sturm hoch+st+en
Kategorie,3.6970881875557318,-0.4650035816460795,0.4785242284176186,0.14397943273951164,-0.641652105699273,Kategorie
hoch+st+en kategorie,2.9062742076284547,-0.22432996798603302,0.4841490697191418,-0.04718905291453413,-0.4009784920392267,hoch+st+en kategorie
kategorie meer,2.8433548867713165,-0.20244270130898828,0.4722144805749367,-0.05538224060540346,-0.37909122536218176,kategorie meer
Dass,2.8266856481983433,-0.19656292443829243,0.4690254815612063,-0.05772020610473439,-0.3732114484914863,Dass
dass jamaica,2.796837690343155,-0.18594743078716075,0.46328084936550923,-0.06208480777926405,-0.36259595484035423,dass jamaica
jamaica treff+en,2.7791128926814883,-0.1795898215868835,0.4598463039781551,-0.06478609028574084,-0.3562383456400773,jamaica treff+en
sagten,2.751486437736376,-0.16959933662249987,0.45445451486707483,-0.06916113238446674,-0.3462478606756936,sagten
treff+en sag+ten,2.751486437736376,-0.16959933662249987,0.45445451486707483,-0.06916113238446674,-0.3462478606756936,treff+en sag+ten
KI-Rechenmodelle,2.7390434537174384,-0.1650668031267651,0.45200935871409204,-0.07119789746818851,-0.3417153271799587,KI-Rechenmodelle
sag+ten ki-rechenmodell+e,2.7390434537174384,-0.1650668031267651,0.45200935871409204,-0.07119789746818851,-0.3417153271799587,sag+ten ki-rechenmodell+e
früh,2.711934208884184,-0.15512015868352327,0.44664278832765025,-0.07577960053842081,-0.33176868273671695,früh
ki-rechenmodell+e früh,2.711934208884184,-0.15512015868352327,0.44664278832765025,-0.07577960053842081,-0.33176868273671695,ki-rechenmodell+e früh
voraus,3.330791558773262,-0.3606680292428598,0.43319084353623216,-0.10793631261056878,-0.13521967014008668,voraus
früh voraus,2.7046865512156435,-0.15244407619046038,0.44519830996537263,-0.07703832014834054,-0.329092600243654,früh voraus
28.10.2025,2.28260039148491,0.01722663619369519,0.284152585409088,-0.11188107064751061,-0.1594218878594985,28.10.2025
05.44,2.27902151711965,0.018795760146217328,0.282892060362676,-0.1127153637903457,-0.15785276390697647,05.44
28.10.2025 05.44,2.27902151711965,0.018795760146217328,0.282892060362676,-0.1127153637903457,-0.15785276390697647,28.10.2025 05.44
UhrAktualisiert,2.277301311832616,0.019550845083498067,0.28228507059593844,-0.1131183810511494,-0.1570976789696956,UhrAktualisiert
05.44 uhr+aktualisier+t,2.277301311832616,0.019550845083498067,0.28228507059593844,-0.1131183810511494,-0.1570976789696956,05.44 uhr+aktualisier+t
uhr+aktualisier+t schon,2.272657945385192,0.02159190426531376,0.28064294106064736,-0.11421275136530416,-0.15505661978787982,uhr+aktualisier+t schon
schon sonntag,2.2703278082417864,0.0226177218549374,0.27981682948604825,-0.11476549838431672,-0.1540308021982564,schon sonntag
nagelt…,2.2683255065986785,0.023500054844091466,0.27910582870789646,-0.11524237955517963,-0.15314846920910205,nagelt…
sonntag nagelt…,2.2683255065986785,0.023500054844091466,0.27910582870789646,-0.11524237955517963,-0.15314846920910205,sonntag nagelt…
+5019,2.266146167326432,0.024461286756767044,0.27833077388117106,-0.11576342080055725,-0.15218723729642672,+5019
nagelt… +5019,2.266146167326432,0.024461286756767044,0.27833077388117106,-0.11576342080055725,-0.15218723729642672,nagelt… +5019
+5019 chars,2.2647342842878038,0.025084513566392703,0.2778279862498129,-0.11610208598392181,-0.15156401048680102,+5019 chars
bereiten,2.4529535076921487,-0.05475086001323586,0.4408975058207059,-0.3347845614906517,-0.06136149659749814,bereiten
melissa bereit+en,2.4529535076921487,-0.05475086001323586,0.4408975058207059,-0.3347845614906517,-0.06136149659749814,melissa bereit+en
Kuba,12.69363833272469,-0.49590788047302964,0.38255784610710525,0.15277347284201287,-0.4339494775370348,Kuba
bereit+en kuba,2.3813103053356457,-0.025108932808165386,0.3817638979589016,-0.3051426342855813,-0.03171956939242765,bereit+en kuba
Jamaika,14.217249835033812,-0.5699046897899369,0.4641320381024748,0.13356019812476363,-0.5098402476688649,Jamaika
kuba jamaika,2.352471180302958,-0.012924389894743203,0.3558625290613254,-0.29295809137215906,-0.01953502647900559,kuba jamaika
jamaika stark+st+en,2.344550711188821,-0.009551837326555054,0.34851605849732226,-0.289585538803971,-0.01616247391081747,jamaika stark+st+en
stark+st+en sturm,2.374114473736626,-0.022082562956683958,0.3754221587717903,-0.3021162644340998,-0.02869319954094616,stark+st+en sturm
sturm jahr+es,2.4165086269267566,-0.039781830466261416,0.4116914632948766,-0.31981553194367734,-0.04639246705052369,sturm jahr+es
jahr+es der,2.4946522272351768,-0.07160737976702455,0.4723006911272735,-0.3516410812444404,-0.0782180163512867,jahr+es der
Kategorie-5-Hurrikan,3.0471739134866147,-0.2716726234919256,0.6906772920952882,-0.5517063249693414,-0.13792740532951564,Kategorie-5-Hurrikan
der kategorie-5-hurrikan,3.0471739134866147,-0.2716726234919256,0.6906772920952882,-0.5517063249693414,-0.13792740532951564,der kategorie-5-hurrikan
Dienstag,35.15334857278282,-0.04272260471351522,0.035543987153397974,-0.009156841791485112,0.008157542790289251,Dienstag
kategorie-5-hurrikan dienstag,2.9451182368950604,-0.23760701280971894,0.6458281417381097,-0.5176407142871348,-0.10386179464730906,kategorie-5-hurrikan dienstag
dienstag jamaika,2.7459157607655387,-0.16757267796576927,0.5411821671853971,-0.4476063794431852,-0.033827459803359335,dienstag jamaika
jamaika treff+en,2.7337029003875197,-0.16311511208187057,0.5338690016927039,-0.4431488135592864,-0.029369893919460602,jamaika treff+en
knapp,16.60941699766918,-0.004250132992815096,0.05228074458374978,-0.04231623023335329,0.01147038225607395,knapp
kuba knapp,2.6267280449716006,-0.12319703046426883,0.4642943284358193,-0.40323073194168463,0.010548187698140865,kuba knapp
650.000,2.303434327760627,0.008140756615078968,0.30863949013676595,-0.2718929448623369,0.0015301200308167192,650.000
knapp 650.000,2.303434327760627,0.008140756615078968,0.30863949013676595,-0.2718929448623369,0.0015301200308167192,knapp 650.000
650.000 mensch+en,2.2975560267984,0.010695990904929563,0.30268659706356416,-0.2693377105724861,0.004085354320667392,650.000 mensch+en
evakuiert,13.682869106413383,-0.044886103496686126,0.10524032867333086,-0.0688376276172122,0.021181618249346747,evakuiert
mensch+en evakuier+t,9.014855708378214,-0.05587175524381013,0.17600918821996112,-0.12933438522260535,0.030550353594812722,mensch+en evakuier+t
Bereits,2.3327522722723835,-0.004506851366688894,0.3373777117001856,-0.2845405528441046,-0.01111748795095106,Bereits
bereits geb+t,2.37070484170656,-0.020645360656539102,0.37238959761712936,-0.300679062133955,-0.027255997240801327,bereits geb+t
geb+t erst+e,2.4019068614584866,-0.03372099565384829,0.3994909313247262,-0.31375469713126414,-0.04033163223811051,geb+t erst+e
Todesopfer,2.9106448758113297,-0.22583271160088544,0.3939632994835762,-0.0520851421830807,-0.23244334818514759,Todesopfer
erst+e tod+es+opfer,2.4333154086676467,-0.046712741318766036,0.42537487499304033,-0.3267464427961821,-0.05332337790302845,erst+e tod+es+opfer
Symbolbild,2.915002191866038,-0.22732861988940156,0.46775370514706466,-0.13054291799248086,-0.2339392564736638,Symbolbild
symbol+bild hurrikan,2.954525095284057,-0.2407959738472736,0.7215539417399403,-0.5208296753246896,-0.24740661043153597,symbol+bild hurrikan
schwerste,2.4274340650248165,-0.044292807296329256,0.42062929331554955,-0.32432650877374514,-0.05090344388059159,schwerste
melissa schwer+st+e,2.4274340650248165,-0.044292807296329256,0.42062929331554955,-0.32432650877374514,-0.05090344388059159,melissa schwer+st+e
schwer+st+e sturm,2.4602748367651546,-0.05773111412669108,0.4465608622259658,-0.33776481560410687,-0.06434175071095342,schwer+st+e sturm
sturm aktuell+en,2.5705208488219964,-0.10156659144528103,0.5245856875556012,-0.38160029292269687,-0.10817722802954344,sturm aktuell+en
Hurrikansaison,2.954525095284057,-0.2407959738472736,0.7215539417399403,-0.5208296753246896,-0.24740661043153597,Hurrikansaison
aktuell+en hurrikan+saison,2.954525095284057,-0.2407959738472736,0.7215539417399403,-0.5208296753246896,-0.24740661043153597,aktuell+en hurrikan+saison
Bild,2.8455977131131074,-0.2032311861552267,0.43557528548165936,-0.12142758354738428,-0.20984182273948904,Bild
hurrikan+saison bild,2.4851771957155075,-0.06780201129000081,0.4653428849657013,-0.3478357127674167,-0.0744126478742631,hurrikan+saison bild
Triff/Shutterstock.com,2.43950909322592,-0.04925487592320222,0.4303236969820106,-0.32928857740061795,-0.055865512507464396,Triff/Shutterstock.com
bild triff/shutterstock.com,2.43950909322592,-0.04925487592320222,0.4303236969820106,-0.32928857740061795,-0.055865512507464396,bild triff/shutterstock.com
triff/shutterstock.com der,2.4946522272351768,-0.07160737976702455,0.4723006911272735,-0.3516410812444404,-0.0782180163512867,triff/shutterstock.com der
+5578,2.2989826100313913,0.010075270231610353,0.3041373443259534,-0.26995843124580543,0.0034646336473480245,+5578
knapp +5578,2.2989826100313913,0.010075270231610353,0.3041373443259534,-0.26995843124580543,0.0034646336473480245,knapp +5578
+5578 chars,2.2908135404815955,0.013634939510127012,0.2957766401276757,-0.2663987619672887,0.007024302925864726,+5578 chars
nach hurrikan,3.0826995774584542,-0.28326374744420263,0.679086168143011,-0.2469765463487632,-0.4599122714973963,nach hurrikan
melissa jamaika,4.88350498691817,-0.7433212452425615,0.6013562955077973,0.17665382511013936,-0.9199697692957551,melissa jamaika
Katastrophengebiet,3.017632306908661,-0.2619305677204009,0.3631562652837642,0.10135171979670955,-0.4385790917735945,Katastrophengebiet
jamaika katastrophe+n+gebiet,2.535910142058965,-0.08801065116579825,0.3341145190122233,-0.03426981918151426,-0.26465917521899196,jamaika katastrophe+n+gebiet
erklärt,3.113899977524736,-0.2933340008011854,0.44537846091060485,0.05303352991985225,-0.46998252485437914,erklärt
katastrophe+n+gebiet erklär+t,3.113899977524736,-0.2933340008011854,0.44537846091060485,0.05303352991985225,-0.46998252485437914,katastrophe+n+gebiet erklär+t
erklär+t als,2.7668323089884614,-0.1751611432216124,0.48845287443073343,-0.10155256431222165,-0.3518096672748061,erklär+t als
als hurrikan,4.087905118691547,-0.5654906910792648,0.8432960321326644,-0.26665302527721485,-0.7421392151324583,als hurrikan
historischen,3.468418113306978,-0.40115666304906733,0.623505424802203,-0.056095909504273254,-0.5778051871022611,historischen
hurrikan historisch+en,3.468418113306978,-0.40115666304906733,0.623505424802203,-0.056095909504273254,-0.5778051871022611,hurrikan historisch+en
Ausmaßes,3.2338548964011853,-0.3311329401584081,0.4925480429111661,0.036795920501094426,-0.5077814642116019,Ausmaßes
historisch+en ausmaß+es,3.2338548964011853,-0.3311329401584081,0.4925480429111661,0.036795920501094426,-0.5077814642116019,historisch+en ausmaß+es
ausmaß+es treff,3.166083482491395,-0.30995337771507864,0.4339505724143395,0.07688621056402929,-0.4866019017682723,ausmaß+es treff
treff melissa,3.2522614657856233,-0.3368086381472575,0.5295024630383631,0.0024411712185512377,-0.5134571622004511,treff melissa
jamaika land,3.1314769422691793,-0.2989628079583581,0.29206547059599114,0.18410822927194276,-0.47561133201155187,jamaika land
unklar,3.212895547699067,-0.3246306184908009,0.21927745240349716,0.2500921981507793,-0.5012791425439945,unklar
noch un+klar,3.212895547699067,-0.3246306184908009,0.21927745240349716,0.2500921981507793,-0.5012791425439945,noch un+klar
massiv,3.3773217154856194,-0.37454105167901774,0.1412021313426332,0.3253671383323897,-0.5511895757322113,massiv
un+klar massiv,3.3773217154856194,-0.37454105167901774,0.1412021313426332,0.3253671383323897,-0.5511895757322113,un+klar massiv
massiv schaden,4.060157690567106,-0.5586798610611743,-0.06719457999838455,0.5044407859759437,-0.735328385114368,massiv schaden
schaden aus+fall+en,3.434896616319689,-0.3914448762407293,0.08434592082130829,0.3637315777310133,-0.568093400293923,schaden aus+fall+en
Regierung,3.1221543451559164,-0.2959813069421431,0.15388721006271525,0.27073388787821606,-0.4726298309953368,Regierung
der regierung,3.1221543451559164,-0.2959813069421431,0.15388721006271525,0.27073388787821606,-0.4726298309953368,der regierung
regierung insel,2.98718359786122,-0.2517890511438387,0.19826917109346756,0.2138821844351155,-0.42843757519703235,regierung insel
insel katastrophe+n+gebiet,2.496162989403107,-0.07221279677747146,0.17870720465291395,0.07616134934889049,-0.2488613208306652,insel katastrophe+n+gebiet
planen,2.4916734226977617,-0.07041259021620011,0.2465622040264282,0.022894473649915304,-0.2470611142693936,planen
der plan+en,2.4916734226977617,-0.07041259021620011,0.2465622040264282,0.022894473649915304,-0.2470611142693936,der plan+en
Hilfstransporte,2.4985969623287705,-0.07318740742617015,0.262735135738466,0.012590206657884613,-0.24983593147936387,Hilfstransporte
plan+en hilfstransport+e,2.4985969623287705,-0.07318740742617015,0.262735135738466,0.012590206657884613,-0.24983593147936387,plan+en hilfstransport+e
29.10.2025,3.1521055611176427,-0.305528709797775,0.38573176904083584,0.11600063616872311,-0.48217723385096867,29.10.2025
stand 29.10.2025,3.1521055611176427,-0.305528709797775,0.38573176904083584,0.11600063616872311,-0.48217723385096867,stand 29.10.2025
02:10,2.620127533709173,-0.12068104173718211,0.39271080424709315,-0.055908999983023254,-0.2973295657903758,02:10
29.10.2025 02:10,2.620127533709173,-0.12068104173718211,0.39271080424709315,-0.055908999983023254,-0.2973295657903758,29.10.2025 02:10
02:10 uhr,2.6838020521390726,-0.14469251348440124,0.4359160215338669,-0.0752459193545209,-0.3213410375375949,02:10 uhr
uhr als,2.7668323089884614,-0.1751611432216124,0.48845287443073343,-0.10155256431222165,-0.3518096672748061,uhr als
Katastropheng…,2.459645414967392,-0.057475247458537465,0.13655089074087381,0.09089889866782455,-0.2341237715117309,Katastropheng…
insel katastropheng…,2.459645414967392,-0.057475247458537465,0.13655089074087381,0.09089889866782455,-0.2341237715117309,insel katastropheng…
katastropheng… +5066,2.424942723102472,-0.043265952931947516,0.13858853600118193,0.0753209493486796,-0.21991447698514108,katastropheng… +5066
+5066 chars,2.4144196067965322,-0.03891697793301463,0.13876661666019358,0.07076988344908977,-0.21556550198620822,+5066 chars
verwüstet,2.6527159665133047,-0.13304205633836852,0.4001028399173336,-0.05026558568781029,-0.3096905803915622,verwüstet
melissa verwüst+et,2.6527159665133047,-0.13304205633836852,0.4001028399173336,-0.05026558568781029,-0.3096905803915622,melissa verwüst+et
verwüst+et jamaika,2.593221152479283,-0.11035883934845714,0.3411144544126808,-0.017051775482341852,-0.28700736340165084,verwüst+et jamaika
jamaika erreich+t,2.5573487532238524,-0.09642912673112396,0.29226899242272214,0.011866524710003283,-0.27307765078431756,jamaika erreich+t
erreich+t kuba,2.5440703049561364,-0.09122332885261397,0.2634493765016721,0.030561878258265954,-0.26787185290580773,erreich+t kuba
kuba wirbel+sturm,2.5403510471473165,-0.08976032717960572,0.24910959170934002,0.04060558385095603,-0.26640885123279945,kuba wirbel+sturm
wirbel+sturm kategorie,2.8498286704299396,-0.2047169249955529,0.22189081833207194,0.1629165785414832,-0.38136544904874636,wirbel+sturm kategorie
kategorie hinterlass+st,2.8640354280460443,-0.2096896673103273,0.19507104342680873,0.18467663545902388,-0.386338191363521,kategorie hinterlass+st
hinterlass+st jamaika,2.593221152479283,-0.11035883934845714,0.3411144544126808,-0.017051775482341852,-0.28700736340165084,hinterlass+st jamaika
jamaika schwer+e,2.739465283094603,-0.16522079736069364,0.07351893383591178,0.22341035006055654,-0.3418693214138872,jamaika schwer+e
Abschwächung,2.708611081699263,-0.15389403569290075,0.0651149569041598,0.21922579208792117,-0.33054255974609453,Abschwächung
Landfall,2.544271102368623,-0.09130225335728727,0.11123603383081286,0.13928992432639212,-0.267950777410481,Landfall
abschwächung land+fall,2.544271102368623,-0.09130225335728727,0.11123603383081286,0.13928992432639212,-0.267950777410481,abschwächung land+fall
land+fall kuba,2.4911311125849256,-0.07019491757376055,0.12221811312661669,0.11268999021557644,-0.24684344162695399,land+fall kuba
sieben,2.4572204286778794,-0.05648885223717167,0.12325565746963042,0.09879958351758696,-0.23313737629036557,sieben
mindestens sieben,2.4572204286778794,-0.05648885223717167,0.12325565746963042,0.09879958351758696,-0.23313737629036557,mindestens sieben
sieben tod+es+opfer,2.4716740973364573,-0.062353741417662464,0.11265498173008616,0.11139382800014216,-0.2390022654708561,sieben tod+es+opfer
Karibik,5.453449243114503,-0.8537063452910867,0.3881508704775529,0.389045998801756,-1.0303548693442806,Karibik
tod+es+opfer karibik,2.5366737605663374,-0.08831172790609454,0.0755896974881798,0.1583219816670616,-0.2649602519592881,tod+es+opfer karibik
noch schaden,3.014147770667287,-0.2607751752544309,-0.10921290703083886,0.37450729169254493,-0.43742369930762465,noch schaden
vollständig,2.595824872753303,-0.11136238430831147,0.03351695300514329,0.2021012066052219,-0.2880109083615053,vollständig
schaden vollständig,2.595824872753303,-0.11136238430831147,0.03351695300514329,0.2021012066052219,-0.2880109083615053,schaden vollständig
abschätzbar,2.505879771241669,-0.07609792712353472,0.06347318433100585,0.15449425056014468,-0.25274645117672845,abschätzbar
vollständig ab+schätz+bar,2.505879771241669,-0.07609792712353472,0.06347318433100585,0.15449425056014468,-0.25274645117672845,vollständig ab+schätz+bar
ab+schätz+bar melissa,2.4409321163201856,-0.04983802940195281,0.08279080397132546,0.11826025931078095,-0.22648655345514654,ab+schätz+bar melissa
melissa karibik,2.4060515363707555,-0.035445085421682274,0.09155011715022494,0.09861301092039497,-0.21209360947487582,melissa karibik
karibik an+ge+richt+et,2.3918186955487055,-0.02951208520104858,0.09464624614187857,0.09065837416486155,-0.20616060925424226,karibik an+ge+richt+et
an+ge+richt+et symbol+bild,2.367730645271446,-0.01939001093873675,0.09908689589685551,0.07739569095818377,-0.19603853499193044,an+ge+richt+et symbol+bild
symbol+bild bild,2.3521468064496425,-0.01278649395728663,0.10133132889880117,0.06901710865055581,-0.18943501801048016,symbol+bild bild
Felix,2.346309731795664,-0.010301815165662583,0.10202823516679296,0.06593206326524274,-0.18695033921885615,Felix
bild felix,2.346309731795664,-0.010301815165662583,0.10202823516679296,0.06593206326524274,-0.18695033921885615,bild felix
Mizioznikov/Shutterstock.com,2.3408838583342453,-0.00798662344989821,0.10260089462329808,0.0630940771061868,-0.18463514750309187,Mizioznikov/Shutterstock.com
felix mizioznikov/shutterstock.com,2.3408838583342453,-0.00798662344989821,0.10260089462329808,0.0630940771061868,-0.18463514750309187,felix mizioznikov/shutterstock.com
mizioznikov/shutterstock.com wirbel+sturm,2.317795958004643,0.0019252358158079702,0.10416182220241774,0.05138944311066271,-0.17472328823738564,mizioznikov/shutterstock.com wirbel+sturm
+4300,2.292364032631281,0.01295833809807126,0.10405780892907734,0.0393356203887842,-0.16369018595512239,+4300
hinterlass+st +4300,2.292364032631281,0.01295833809807126,0.10405780892907734,0.0393356203887842,-0.16369018595512239,hinterlass+st +4300
+4300 chars,2.28976019022897,0.014094860180819718,0.10393022279249206,0.03815837963720992,-0.1625536638723738,+4300 chars
melissa mindestens,3.2174897898666197,-0.3260595353311107,0.17823244102154623,0.2757895287207631,-0.5027080593843043,melissa mindestens
mindestens tot+e,3.6699835318785032,-0.45764522299047433,-0.04585759934560908,0.45340685912074397,-0.6342937470436679,mindestens tot+e
Überflutungen,3.6460853008183625,-0.45111211986979916,-0.07856049679747276,0.4629301249215884,-0.6277606439229929,Überflutungen
tot+e überflutung+en,3.6460853008183625,-0.45111211986979916,-0.07856049679747276,0.4629301249215884,-0.6277606439229929,tot+e überflutung+en
Haiti,7.1966779903713896,-1.1310775774832205,0.2986756650996387,0.5155575103426909,-1.307726101536414,Haiti
überflutung+en haiti,3.122072372340307,-0.2959550513882297,0.1061596625588329,0.29707262129576095,-0.4726035754414234,überflutung+en haiti
haiti nach,3.0883373685325317,-0.2850909258234403,0.14812100115513407,0.2669297251884518,-0.46173944987663396,haiti nach
nach jamaika,9.206046319027555,-0.13530916209034152,0.12690367585483509,0.09486940580295057,-0.17489863732561586,nach jamaika
jamaika kuba,11.135913048238425,-0.3649822265865902,0.2780714020778653,0.18514794373926782,-0.4074645299139804,jamaika kuba
kuba hurrikan,4.663685447426072,-0.6972640522728132,0.7115226709391157,0.030315313012711734,-0.8739125763260067,kuba hurrikan
melissa haiti,3.9140081274113996,-0.5220199936299045,0.22135370174990626,0.3578574091137346,-0.6986685176830983,melissa haiti
haiti schwer+e,5.33926033533742,-0.8325451775570283,0.22418990678146178,0.47546278632956823,-1.009193701610222,haiti schwer+e
Zerstörungen,4.491662088988203,-0.6596808571378665,-0.0011439400552154875,0.5174004216896256,-0.8363293811910602,Zerstörungen
schwer+e zerstörung+en,4.491662088988203,-0.6596808571378665,-0.0011439400552154875,0.5174004216896256,-0.8363293811910602,schwer+e zerstörung+en
zerstörung+en ge+sorg+t,3.6854213067412953,-0.46184289745432805,0.14020445496887185,0.37217831804078977,-0.6384914215075217,zerstörung+en ge+sorg+t
dort sterb+en,3.5452938475303064,-0.42307909540913885,0.13227140684129055,0.35649798308483716,-0.5997276194623324,dort sterb+en
sterb+en heftig+e,3.3962378374519417,-0.38012634874280005,0.13800019137091665,0.33022515465420504,-0.5567748727959938,sterb+en heftig+e
heftig+e überschwemmung+en,6.2187835792209665,-0.13811960438354237,0.06117924013296578,0.156568958710187,-0.20967274765168514,heftig+e überschwemmung+en
überschwemmung+en mindestens,3.225967329188536,-0.32869090046845084,0.13799343526373967,0.300172491927397,-0.5053394245216445,überschwemmung+en mindestens
Inzwischen,2.577902668557754,-0.10443419733253186,0.11670708909312912,0.14764405306796927,-0.28108272138572543,Inzwischen
inzwischen zieh+t,2.5706057921033727,-0.1015996360626644,0.13214595909250668,0.13533558453841532,-0.27824816011585807,inzwischen zieh+t
zieh+t wirbel+sturm,2.5665963835029766,-0.10003870492644631,0.14666542581993652,0.1244808357754121,-0.27668722897964,zieh+t wirbel+sturm
wirbel+sturm richtung,2.572885697779779,-0.10248615675788043,0.1796555438596681,0.1044247438424598,-0.2791346808110741,wirbel+sturm richtung
Bahamas,22.464471984458346,-0.21756331605923476,0.2718774689934519,-0.009002859117208961,-0.1323903262323754,Bahamas
richtung bahamas,2.587161058273053,-0.10801920620015174,0.19247952732153528,0.10057670854440728,-0.28466773025334535,richtung bahamas
20:13,2.655747672892435,-0.134184272585735,0.24621234755095597,0.08541645415520534,-0.3108327966389288,20:13
29.10.2025 20:13,2.655747672892435,-0.134184272585735,0.24621234755095597,0.08541645415520534,-0.3108327966389288,29.10.2025 20:13
20:13 uhr,2.679886556992881,-0.14323251230720813,0.2636403184598587,0.08036037321000482,-0.3198810363604018,20:13 uhr
uhr nach,2.7043665723053723,-0.15232576383399532,0.2808861631445791,0.07515232210245289,-0.32897428788718897,uhr nach
Inzwi…,2.4933270166988235,-0.07107601806613315,0.13509369174107666,0.10507259365677879,-0.24772454211932685,Inzwi…
+4555,2.4812642968900134,-0.06622627556817855,0.1328141147677871,0.10192590988194974,-0.24287479962137204,+4555
inzwi… +4555,2.4812642968900134,-0.06622627556817855,0.1328141147677871,0.10192590988194974,-0.24287479962137204,inzwi… +4555
+4555 chars,2.4729604288484572,-0.06287403529750582,0.13115210290190535,0.09978711739400013,-0.23952255935069938,+4555 chars
Gefährlicher,4.583149601639217,-0.6798444958865177,0.7925083062335578,-0.3892818285145738,-0.32239139300059305,Gefährlicher
gefährlich+er wirbel+sturm,5.123203938899742,-0.7912380608164253,0.885332692217767,-0.47056172868232193,-0.43378495793050065,gefährlich+er wirbel+sturm
wirbel+sturm hurrikan,6.478250218518201,-1.0259084940542351,1.0625744802145058,-0.6674383180312693,-0.7726144522844206,wirbel+sturm hurrikan
melissa erreich+t,11.552857120742582,-0.10928672623136432,0.3030741851562129,-0.16351333330566617,-0.034483170357204135,melissa erreich+t
erreich+t bahamas,10.809981353303954,-0.10948888463767584,0.30674947051270207,-0.17010819151616174,-0.03120690978389912,erreich+t bahamas
bahamas hier,2.3776470767173596,-0.02356942360574397,0.3785452903413186,-0.30360312508315973,-0.030180060190006252,bahamas hier
thema gefährlich+er,2.421839400779921,-0.041985382579364926,0.41607249287899717,-0.3220190840567808,-0.04859601916362725,thema gefährlich+er
sie hurrikan,2.954525095284057,-0.2407959738472736,0.7215539417399403,-0.5208296753246896,-0.24740661043153597,sie hurrikan
Inselgruppe,6.141918669184041,-0.09179957054791857,0.35779042713463816,-0.21373663086804007,-0.054992946805076874,Inselgruppe
melissa insel+gruppe,6.141918669184041,-0.09179957054791857,0.35779042713463816,-0.21373663086804007,-0.054992946805076874,melissa insel+gruppe
insel+gruppe bahamas,5.912888454768323,-0.06701254261362068,0.30319266909504544,-0.19066614819037783,-0.029652909361332372,insel+gruppe bahamas
bahamas erreich+t,5.8278434683098315,-0.05885176408441858,0.28441277636498535,-0.18333189262612706,-0.02122050582082479,bahamas erreich+t
Den,10.940120920380476,-0.002871201922876719,0.14262707551296536,-0.11222346430702694,0.011322802909861259,Den
der insel+n,5.704358300059539,-0.048091231963033276,0.2590716024593278,-0.17397054684691213,-0.009992266764329249,der insel+n
insel+n atlantik,5.629513238803108,-0.0421920964998886,0.2449213992243965,-0.1690362145762094,-0.003764876171015518,insel+n atlantik
südöstlich,5.5689331347184226,-0.03774818732121711,0.23415489047095203,-0.16543743691257615,0.0009704114873155135,südöstlich
atlantik südöstlich,5.5689331347184226,-0.03774818732121711,0.23415489047095203,-0.16543743691257615,0.0009704114873155135,atlantik südöstlich
US-Bundesstaates,5.478750227283971,-0.03164972020947443,0.2192518069640907,-0.16070159153631947,0.007546191012547778,US-Bundesstaates
südöstlich us+-+bund+es+staat+es,5.478750227283971,-0.03164972020947443,0.2192518069640907,-0.16070159153631947,0.007546191012547778,südöstlich us+-+bund+es+staat+es
Florida,5.388832219387559,-0.026136492847043447,0.2056794151377796,-0.1566680286707505,0.01358818361691038,Florida
us+-+bund+es+staat+es florida,5.388832219387559,-0.026136492847043447,0.2056794151377796,-0.1566680286707505,0.01358818361691038,us+-+bund+es+staat+es florida
florida droh+en,5.350067073572536,-0.023919705571506893,0.20020355503477244,-0.155125344939622,0.016049455480632156,florida droh+en
zerstörerische,5.3177215686491826,-0.02213872022427224,0.1957992041949019,-0.15392313838702001,0.018042138929602873,zerstörerische
droh+en zerstörerisch+e,5.3177215686491826,-0.02213872022427224,0.1957992041949019,-0.15392313838702001,0.018042138929602873,droh+en zerstörerisch+e
zerstörerisch+e wind+e,17.47370293199637,-0.018787227927712688,0.040458534547484576,-0.030243518256492314,0.01578221794798983,zerstörerisch+e wind+e
sintflutartige,5.224167805419331,-0.017312937562571056,0.18385589034056593,-0.15085297234949424,0.023520115987190834,sintflutartige
wind+e sintflut+artig+e,5.224167805419331,-0.017312937562571056,0.18385589034056593,-0.15085297234949424,0.023520115987190834,wind+e sintflut+artig+e
sintflut+artig+e regen+fall+e,5.899156383977373,-0.14720357798854752,0.3578365016438636,-0.28188907157926224,0.045105642384650285,sintflut+artig+e regen+fall+e
gefährliche…,2.2166289359416154,0.04655440736430586,0.21339910934713177,-0.23347929411311008,0.0399437707800436,gefährliche…
regen+fall+e gefährliche…,2.2166289359416154,0.04655440736430586,0.21339910934713177,-0.23347929411311008,0.0399437707800436,regen+fall+e gefährliche…
+1369,2.2117955657385147,0.04873729300253375,0.20758796168602572,-0.23129640847488206,0.04212665641827153,+1369
gefährliche… +1369,2.2117955657385147,0.04873729300253375,0.20758796168602572,-0.23129640847488206,0.04212665641827153,gefährliche… +1369
+1369 char+s,2.209869378133652,0.049608542973373845,0.20525554739737464,-0.23042515850404213,0.04299790638911152,+1369 char+s
Sintflutartige,2.9359501306509452,-0.23448917329553196,0.5659293405374438,-0.5145228747729478,0.01880486847428267,Sintflutartige
bahamas sintflut+artig+e,2.746576347665466,-0.16781321974173227,0.5415743651817044,-0.4478469212191481,-0.034068001579322243,bahamas sintflut+artig+e
regen+fall+e stark+e,2.801743869137039,-0.18770008188196174,0.4879184557635719,-0.46773378335937743,0.06559395988785291,regen+fall+e stark+e
wind+e wegen,2.764058421211743,-0.17415809031581456,0.4634212716240826,-0.4541917917932304,0.07913595145400004,wind+e wegen
Wirbelsturms,2.742087743957933,-0.16617762877342118,0.4485382481541716,-0.4462113302508371,0.08711641299639333,Wirbelsturms
wegen wirbel+sturm+s,2.742087743957933,-0.16617762877342118,0.4485382481541716,-0.4462113302508371,0.08711641299639333,wegen wirbel+sturm+s
1.500,2.706499354757188,-0.15311409701061435,0.42342089292142926,-0.43314779848803026,0.10017994475920014,1.500
wirbel+sturm+s 1.500,2.706499354757188,-0.15311409701061435,0.42342089292142926,-0.43314779848803026,0.10017994475920014,wirbel+sturm+s 1.500
1.500 mensch+en,2.703786051221439,-0.15211108014195696,0.42145225441149875,-0.43214478161937264,0.10118296162785764,1.500 mensch+en
Ministerpräsident,6.688072662878454,-0.04719847471101743,0.20114539594848768,-0.15295642637801501,0.02669049435817009,Ministerpräsident
Davis,6.521609426434435,-0.047138407463227845,0.20234064457723824,-0.15593858762857435,0.028678074722217287,Davis
minister+präsident davi+s,6.521609426434435,-0.047138407463227845,0.20234064457723824,-0.15593858762857435,0.028678074722217287,minister+präsident davi+s
betont,2.723105595540515,-0.1592310402191691,0.43530145443763574,-0.4392647416965848,0.09406300155064545,betont
davi+s beton+t,2.723105595540515,-0.1592310402191691,0.43530145443763574,-0.4392647416965848,0.09406300155064545,davi+s beton+t
beton+t was,2.7344224271206605,-0.16337828334960805,0.44323617052474673,-0.4434119848270238,0.08991575842020656,beton+t was
was immer,6.237391761605793,-0.03831060911042991,0.22464147486977845,-0.15150823375487474,-0.0040837617413874115,was immer
geschieht,6.225913018454577,-0.04323997665764503,0.23806181424470646,-0.1572810265149256,-0.008781531766857401,geschieht
immer gescheh+t,6.225913018454577,-0.04323997665764503,0.23806181424470646,-0.1572810265149256,-0.008781531766857401,immer gescheh+t
wiederaufbauen,6.28536206594733,-0.07603093577422683,0.3195167284756136,-0.19299771922696396,-0.04074018750826783,wiederaufbauen
gescheh+t wiederauf+bau+en,2.2105024414415193,0.04932211308103207,0.20602317063648293,-0.2307115883963839,0.04271147649676975,gescheh+t wiederauf+bau+en
hin+zu+füg+en sintflut+artig+e,2.1922864600455836,0.05759690696469024,0.1835152939382679,-0.22243679451272574,0.05098627038042779,hin+zu+füg+en sintflut+artig+e
imm…,2.170597361959511,0.06753954016115155,0.1555257683923267,-0.21249416131626417,0.06092890357688927,imm…
was imm…,2.170597361959511,0.06753954016115155,0.1555257683923267,-0.21249416131626417,0.06092890357688927,was imm…
+1571,2.1699230859436067,0.0678502291807849,0.1546338391405369,-0.21218347229663104,0.06123959259652256,+1571
imm… +1571,2.1699230859436067,0.0678502291807849,0.1546338391405369,-0.21218347229663104,0.06123959259652256,imm… +1571
+1571 chars,2.169262598942505,0.06815465819312368,0.15375883965701923,-0.2118790432842921,0.06154402160886153,+1571 chars
wütet,4.021823729513924,-0.5491935119753223,0.5497367195603571,0.12755187718874467,-0.7258420360285158,wütet
melissa wüt+et,4.021823729513924,-0.5491935119753223,0.5497367195603571,0.12755187718874467,-0.7258420360285158,melissa wüt+et
wüt+et karibik,3.9901686252160804,-0.5412915401283069,0.42105837545890684,0.2355150169744455,-0.7179400641815005,wüt+et karibik
karibik mehr,4.137578744353218,-0.5775688205505535,0.3135077264563208,0.328786828892633,-0.7542173446037472,karibik mehr
mehr tot+e,5.110117515306112,-0.7886804492362958,0.03736341210514357,0.5445473907167369,-0.9653289732894895,mehr tot+e
tot+e mehrere+n,4.19113646477131,-0.5904299779600692,0.20039369599907547,0.3999230966758808,-0.767078502013263,tot+e mehrere+n
Karibikstaaten,5.144895052043068,-0.7954630191906041,0.4196537295479079,0.3478610064465041,-0.9721115432437977,Karibikstaaten
mehrere+n karibik+staat+en,4.03002019442694,-0.5512294351307199,0.2857553764335452,0.33382705566528204,-0.7278779591839135,mehrere+n karibik+staat+en
karibik+staat+en komm+en,3.7535654224151003,-0.4801642157492843,0.31227370661678355,0.28128186380816333,-0.656812739802478,karibik+staat+en komm+en
komm+en mensch+en,3.671498540136545,-0.4580579484496353,0.31644154701021016,0.2664838024227817,-0.634706472502829,komm+en mensch+en
Brücken,4.93573967138663,-0.7539605925678927,0.4125997662110959,0.33725089251299917,-0.9306091166210861,Brücken
haus+er brücke+n,4.6091374403674665,-0.6854987814516734,0.4810615773273152,0.25780979077020777,-0.8621473055048671,haus+er brücke+n
Bananenplantagen,4.689978172660147,-0.7028859765909606,0.5255639732571153,0.22840278350376,-0.8795345006441542,Bananenplantagen
brücke+n banane+n+plantage+n,4.689978172660147,-0.7028859765909606,0.5255639732571153,0.22840278350376,-0.8795345006441542,brücke+n banane+n+plantage+n
zerstört,3.5043585575611145,-0.41146554407070834,0.3564214421677488,0.2109771797411845,-0.5881140681239018,zerstört
banane+n+plantage+n zerstör+t,3.5043585575611145,-0.41146554407070834,0.3564214421677488,0.2109771797411845,-0.5881140681239018,banane+n+plantage+n zerstör+t
nun zieh+t,4.3288553339954525,-0.6227611981816141,0.39386356249174553,0.295545910504,-0.7994097222348079,nun zieh+t
zieh+t sturm,3.893218045563927,-0.5166941248695607,0.3958275195338243,0.2417414084801726,-0.6933426489227543,zieh+t sturm
sturm bahamas,3.887352903324312,-0.5151864865769247,0.41869842554252085,0.2233860769045979,-0.6918350106301185,sturm bahamas
US-Präsident,3.6686335681316846,-0.4572773161372759,0.4120409646617419,0.19568680765977794,-0.6339258401904696,US-Präsident
us+-+präsident trump,3.721529375479224,-0.4715927543986608,0.44900354528321496,0.17378542407766726,-0.6482412784518544,us+-+präsident trump
trump kündig+t,3.7578942707897074,-0.4813168143201737,0.4696705193139387,0.16179755205361698,-0.6579653383733673,trump kündig+t
Hilfen,3.824563316973798,-0.4989023434247053,0.5029745803616662,0.14239668656377727,-0.6755508674778989,Hilfen
kündig+t hilfe+n,3.824563316973798,-0.4989023434247053,0.5029745803616662,0.14239668656377727,-0.6755508674778989,kündig+t hilfe+n
hilfe+n region,3.686405378290143,-0.46210987919351926,0.589605585795623,0.030223243678860222,-0.638758403246713,hilfe+n region
melissa karibik+staat+en,3.2824255085070764,-0.34604068157382123,0.41333541852490385,0.1221062027224643,-0.5226892056270147,melissa karibik+staat+en
karibik+staat+en jamaika,3.248770385983901,-0.33573463013840565,0.32787938751394025,0.18336971914646094,-0.5123831541915996,karibik+staat+en jamaika
kuba haiti,4.648676354068173,-0.6940405721988554,0.308560719930444,0.38121677754999106,-0.8706890962520492,kuba haiti
haiti verheerend+e,3.4297379185397006,-0.3899418978301838,0.17761051870422626,0.3141039665298042,-0.5665904218833776,haiti verheerend+e
verheerend+e schaden,4.121672246890217,-0.5737170143404897,-0.04057211808478757,0.5005062841177127,-0.7503655383936835,verheerend+e schaden
an+ge+richt+et zieh+t,3.1447153311983396,-0.3031814194940194,0.17449247868277226,0.26342413463737646,-0.4798299435472131,an+ge+richt+et zieh+t
zieh+t atlantik,3.024808633341512,-0.26430587593704225,0.19042601778484983,0.22765270250982308,-0.4409543999902359,zieh+t atlantik
Inselkette,2.9190575963623093,-0.22871887137693145,0.19885014447428365,0.1966443000067359,-0.4053673954301252,Inselkette
atlantik insel+kette,2.9190575963623093,-0.22871887137693145,0.19885014447428365,0.1966443000067359,-0.4053673954301252,atlantik insel+kette
insel+kette bahamas,2.8568247508564095,-0.20716882926060368,0.20091766189551355,0.17890204621416858,-0.3838173533137973,insel+kette bahamas
bahamas hinweg,2.829435629877616,-0.19753531585663703,0.20110845962094737,0.17123680144800105,-0.3741838399098308,bahamas hinweg
infolge,2.75367089257633,-0.17039293971993513,0.19932571666147572,0.1504854682750285,-0.3470414637731287,infolge
karibik infolge,2.75367089257633,-0.17039293971993513,0.19932571666147572,0.1504854682750285,-0.3470414637731287,karibik infolge
+5084,2.3607658724499094,-0.016444136776737752,0.14240653190675417,0.044671988190021966,-0.19309266082993146,+5084
infolge +5084,2.3607658724499094,-0.016444136776737752,0.14240653190675417,0.044671988190021966,-0.19309266082993146,infolge +5084
+5084 char+s,2.3553453249313816,-0.014145399669575476,0.1415016047544255,0.04284153075310988,-0.19079392372276902,+5084 char+s
gescheh+t wiederaufbau+en,6.1062554054240135,-0.04712120948087297,0.29329761915304314,-0.16408799293361026,-0.060528704427162704,gescheh+t wiederaufbau+en
gefährliche,16.63498776785696,0.02933183650276216,0.013482283686287197,-0.028325028272208654,0.005866505881993757,gefährliche
regen+fall+e gefährlich+e,4.900256545977439,0.02764934136918097,0.11706674876370132,-0.10850369258530085,0.011621620408847677,regen+fall+e gefährlich+e
+1415,2.2117955657385147,0.04873729300253375,0.20758796168602572,-0.23129640847488206,0.04212665641827153,+1415
gefährlich+e +1415,2.2117955657385147,0.04873729300253375,0.20758796168602572,-0.23129640847488206,0.04212665641827153,gefährlich+e +1415
+1415 chars,2.209869378133652,0.049608542973373845,0.20525554739737464,-0.23042515850404213,0.04299790638911152,+1415 chars
hinzu+füg+en mehrere+n,2.2001064148428693,0.05403622226178787,0.1681540451178756,-0.057284809668843015,-0.12261230179140586,hinzu+füg+en mehrere+n
+4586,2.160436602937387,0.0722316195794827,0.15279604418270476,-0.0684765998095978,-0.10441690447371103,+4586
+4586 chars,2.1598441912197677,0.07250586643960955,0.15200588589255254,-0.06820235294947084,-0.10414265761358406,+4586 chars
Jahrhundertsturm,3.084626358400959,-0.2838885825916331,0.42549900233180366,0.06407795178826231,-0.4605371066448269,Jahrhundertsturm
jahr+hundert+sturm jahr+hundert+sturm,2.553180217960781,-0.09479777459084432,0.30731693935621823,-0.002838335460964854,-0.271446298644038,jahr+hundert+sturm jahr+hundert+sturm
jahr+hundert+sturm hurrikan,3.1819859639638404,-0.3149635669929063,0.6473863485943073,-0.16532475967413007,-0.4916120910460999,jahr+hundert+sturm hurrikan
+4290,2.3607658724499094,-0.016444136776737752,0.14240653190675417,0.044671988190021966,-0.19309266082993146,+4290
infolge +4290,2.3607658724499094,-0.016444136776737752,0.14240653190675417,0.044671988190021966,-0.19309266082993146,infolge +4290
+4290 char+s,2.3553453249313816,-0.014145399669575476,0.1415016047544255,0.04284153075310988,-0.19079392372276902,+4290 char+s
mehr mensch+en,3.619336771306151,-0.44374884486650923,0.3890015184291659,0.20575527007002134,-0.620397368919703,mehr mensch+en
sterb+en hurrikan,3.101139237292342,-0.2892275880424057,0.6731223275448082,-0.23089380858803907,-0.4658761120955993,sterb+en hurrikan
Zerstörte,3.1027290019938922,-0.2897400956183341,0.46616631575056494,0.02983241379200899,-0.4663886196715278,Zerstörte
melissa zerstör+t+e,2.6269494849133688,-0.12328132948743485,0.3901105164968403,-0.050525894627588795,-0.2999298535406284,melissa zerstör+t+e
zerstör+t+e haus+er,3.085252492278161,-0.28409154731574043,0.44183927252811345,0.048897637986965385,-0.46074007136893413,zerstör+t+e haus+er
banane+n+plantage+n hurrikan,4.150557637140039,-0.5807007437715329,0.8280859794403961,-0.22524611943830936,-0.7573492678247266,banane+n+plantage+n hurrikan
schaden verursach+t,15.308359484273744,-0.09687454820312728,-0.009505309378254133,0.11881795364555318,-0.10126381790460397,schaden verursach+t
30.10.2025,2.443898996053391,-0.05105276130558434,0.24300931278875873,0.005271364013416456,-0.22770128535877796,30.10.2025
stand 30.10.2025,2.443898996053391,-0.05105276130558434,0.24300931278875873,0.005271364013416456,-0.22770128535877796,stand 30.10.2025
04:25,2.4681957591774273,-0.06094547001176504,0.25857067346939433,0.003078754761835782,-0.2375939940649587,04:25
30.10.2025 04:25,2.4681957591774273,-0.06094547001176504,0.25857067346939433,0.003078754761835782,-0.2375939940649587,30.10.2025 04:25
04:25 uhr,2.4838318669839903,-0.06726052354167368,0.26866201962296266,0.001383734827756146,-0.24390904759486745,04:25 uhr
uhr zerstör+t+e,2.498535404746292,-0.07316277026310963,0.2781973495282729,-0.00040733540326326755,-0.2498112943163031,uhr zerstör+t+e
der…,2.461673863170092,-0.0582995988988437,0.16502026265147082,0.07206631213171795,-0.2349481229520374,der…
zieh+t der…,2.461673863170092,-0.0582995988988437,0.16502026265147082,0.07206631213171795,-0.2349481229520374,zieh+t der…
+5458,2.448358462240014,-0.052875832744387376,0.16404548186288886,0.06729462662152287,-0.22952435679758101,+5458
der… +5458,2.448358462240014,-0.052875832744387376,0.16404548186288886,0.06729462662152287,-0.22952435679758101,der… +5458
+5458 char+s,2.4364137059147444,-0.047985213603057984,0.1629253366508594,0.06311783123135656,-0.2246337376562516,+5458 char+s
Zerstörerische,11.401374103301924,0.023078157175371164,0.0031193979792731256,-0.02018898720673497,0.008351568657625041,Zerstörerische
wind+e sturm+flut,24.762533789152943,-0.011853107529319751,-0.009373255825791738,0.001915259778451127,0.012652488024657273,wind+e sturm+flut
sturm+flut droh+en,15.037859349796882,0.00767473915343466,0.004992489426066143,-0.013443230663758125,0.0081455247062193,sturm+flut droh+en
droh+en hurrikan,13.027029695539042,-0.012695341507331249,0.10184700603949225,-0.04741066186392254,-0.021558778784130834,droh+en hurrikan
1500,8.8276212770429,0.03294792738340889,0.022768771640719818,-0.03361069048791742,0.0022748602432519412,1500
bahamas 1500,8.8276212770429,0.03294792738340889,0.022768771640719818,-0.03361069048791742,0.0022748602432519412,bahamas 1500
1500 mensch+en,8.583159643909962,0.034968538123172535,0.021833979176109474,-0.03421635602510511,0.002498963378097683,1500 mensch+en
evakuier+t nach,7.872427277984219,0.039367085436360666,0.02606275333559187,-0.0383024818861355,0.0010951187572506805,evakuier+t nach
kuba treff+t,7.365096181117655,0.0335587942089845,0.06251915958038612,-0.05189116610895285,-0.010032254369694803,kuba treff+t
treff+t bahamas,9.420345216299223,0.02810928698089448,0.025781284818036914,-0.032510019897591315,0.001500014246223048,treff+t bahamas
bahamas hurrikan,13.027029695539042,-0.012695341507331249,0.10184700603949225,-0.04741066186392254,-0.021558778784130834,bahamas hurrikan
melissa deutlich,6.379718910103749,0.03634513937404975,0.08737984161977824,-0.06508959141627706,-0.018170852257730682,melissa deutlich
abgeschwächt,6.258375631478605,0.0406952487085959,0.07728764334031613,-0.062496051691793696,-0.015021147976323146,abgeschwächt
deutlich ab+ge+schwäch+t,6.258375631478605,0.0406952487085959,0.07728764334031613,-0.062496051691793696,-0.015021147976323146,deutlich ab+ge+schwäch+t
stellt,11.587673071543483,0.01649768076317644,0.023891026558040512,-0.0259089975286428,0.0023607989373663476,stellt
davi+s stell+t,5.875454727180622,0.049360517961448656,0.06335525189892677,-0.06039682517241684,-0.010842905673778101,davi+s stell+t
klar,5.8324064315357855,0.04787801389151794,0.07044508350309617,-0.06296334799523733,-0.013066190996134146,klar
stell+t klar,5.8324064315357855,0.04787801389151794,0.07044508350309617,-0.06296334799523733,-0.013066190996134146,stell+t klar
klar was,5.793422158585795,0.04606047686499896,0.07846532727614625,-0.0658317271426986,-0.015601838731680083,klar was
+1780,4.656798215642177,0.07045399908292876,0.05351258396718552,-0.06682736243114225,-0.0085603682144578,+1780
gefährlich+e +1780,4.656798215642177,0.07045399908292876,0.05351258396718552,-0.06682736243114225,-0.0085603682144578,gefährlich+e +1780
+1780 chars,4.6407919435690825,0.07092086482945958,0.05286752838001946,-0.06677374049775159,-0.008375981759028239,+1780 chars
PODCAST,2.525722939728109,-0.0839853826718821,0.2885662404004442,-0.2246936020609626,0.03217844933975275,PODCAST
NZZ,2.8729049156274096,-0.21278173176165385,0.3246293773033868,-0.2342434848295852,0.06966798598594234,NZZ
podcast nzz,2.8729049156274096,-0.21278173176165385,0.3246293773033868,-0.2342434848295852,0.06966798598594234,podcast nzz
QUANTENSPRUNG,2.582890176952175,-0.10636704373674055,0.3268448832418337,-0.24707526312582098,0.02483549320551062,QUANTENSPRUNG
nzz quantensprung,2.8908132577764776,-0.21899591477317515,0.3359983134869664,-0.24045766784110623,0.06626391209235073,nzz quantensprung
quantensprung der,2.7259108656298854,-0.16026068303900565,0.42034785197926267,-0.30096890242808605,-0.004992210987291888,quantensprung der
stärkste,2.7908121732121853,-0.18379070314182328,0.4602284574186549,-0.3244989225309038,-0.021910817351346663,stärkste
der stark+st+e,2.7908121732121853,-0.18379070314182328,0.4602284574186549,-0.3244989225309038,-0.021910817351346663,der stark+st+e
stark+st+e hurrikan,3.1696748487177304,-0.3110870594065947,0.651262856180619,-0.4517952787956751,-0.1326057431944002,stark+st+e hurrikan
hurrikan jahr+es,2.765065085600986,-0.1745222219540844,0.40608631306418397,-0.3152304413431648,0.033493055431532914,hurrikan jahr+es
jahr+es zeig+t,2.7127679434360137,-0.1554275431389214,0.34886443321373534,-0.296135762528002,0.07229372969275265,jahr+es zeig+t
zeig+t gut,2.6809983586932864,-0.14364729521481798,0.28392172063639687,-0.2843555146038986,0.12325507870254729,zeig+t gut
gut sturm+e,2.6812258677201877,-0.14373215143023607,0.24930280684343228,-0.2844403708193164,0.15599424005860688,gut sturm+e
sturm+e vorher+sag+en,2.6968247043005644,-0.14953309365433948,0.21558788105196858,-0.2902413130434199,0.19302336412253474,sturm+e vorher+sag+en
Warnungen,3.155670656920465,-0.3066590911109989,-0.006160357589311907,-0.4473673105000794,0.4929743897864069,Warnungen
doch warnung+en,3.155670656920465,-0.3066590911109989,-0.006160357589311907,-0.4473673105000794,0.4929743897864069,doch warnung+en
retten,14.735472383035404,-0.026635773493114738,0.006885267369672561,-0.03902483634080455,0.058489957392322135,retten
warnung+en rett+en,2.764414667430676,-0.1742869672095658,0.10598002781542251,-0.31499518659864617,0.30506991200861316,warnung+en rett+en
rett+en leben,2.637012182956397,-0.12710457552732435,0.13433575221615818,-0.2678127949164047,0.2303485273586003,rett+en leben
leben mensch+en,2.563359874649568,-0.0987768971760646,0.14520570673295388,-0.23948511656514504,0.18590793608865766,leben mensch+en
hören,2.4997660318387727,-0.07365518839073162,0.14966467315958298,-0.21436340777981203,0.14809714909924915,hören
mensch+en hör+en,2.4997660318387727,-0.07365518839073162,0.14966467315958298,-0.21436340777981203,0.14809714909924915,mensch+en hör+en
Künstliche,2.7881321545527316,-0.18282994113806275,0.186710581497331,-0.20429169420599394,0.16002399701473805,Künstliche
hör+en künstlich+e,2.4831765162342125,-0.06699664206493013,0.1499246725423459,-0.20770486145401046,0.13845364367674412,hör+en künstlich+e
Intelligenz,2.7593068298124575,-0.1724375477279169,0.18585821634425062,-0.19389930079584808,0.14661363729025903,Intelligenz
künstlich+e intelligenz,2.7593068298124575,-0.1724375477279169,0.18585821634425062,-0.19389930079584808,0.14661363729025903,künstlich+e intelligenz
versteht,2.733115091084634,-0.16290006584983285,0.18423364018198385,-0.18436181891776418,0.13474835789877904,versteht
intelligenz versteh+t,2.733115091084634,-0.16290006584983285,0.18423364018198385,-0.18436181891776418,0.13474835789877904,intelligenz versteh+t
versteh+t regen,2.69613046587319,-0.1492756324260137,0.18056630691022293,-0.17073738549394502,0.11851125286327455,versteh+t regen
regen immer,2.68708058155147,-0.14591336675684022,0.1794273644306625,-0.16737511982477155,0.11462728543822683,regen immer
Wolken,2.6679434413017096,-0.13876597707690325,0.17671213139969627,-0.1602277301448344,0.10652315908083317,Wolken
immer wolke+n,2.6679434413017096,-0.13876597707690325,0.17671213139969627,-0.1602277301448344,0.10652315908083317,immer wolke+n
wolke+n boden,2.649946643164141,-0.13199755330101365,0.1737850967883373,-0.15345930636894484,0.09902959233668816,wolke+n boden
boden fall+t,2.643347590722176,-0.12950418884055928,0.17262269134541283,-0.15096594190849047,0.09631094384608822,boden fall+t
der wirbel+sturm,2.711051204939996,-0.15479450634090744,0.18709005672596715,-0.17625625940883877,0.12070571631912563,der wirbel+sturm
wirbel+sturm melissa,2.6930797200690466,-0.14814346425117697,0.18418555237277257,-0.16960521731910827,0.11365514085103721,wirbel+sturm melissa
sagte,2.6816561678566915,-0.14389262489751453,0.1822079504654133,-0.1653543779654457,0.10919319514047594,sagte
melissa sag+te,2.6816561678566915,-0.14389262489751453,0.1822079504654133,-0.1653543779654457,0.10919319514047594,melissa sag+te
erstaunlich,2.664196694677402,-0.13736063245151503,0.17898671952356007,-0.15882238551944616,0.10240218034653346,erstaunlich
sag+te erstaunlich,2.664196694677402,-0.13736063245151503,0.17898671952356007,-0.15882238551944616,0.10240218034653346,sag+te erstaunlich
erstaunlich genau,2.651459883026838,-0.1325684357248833,0.17648432385803403,-0.15403018879281427,0.09746889234109617,erstaunlich genau
genau voraus,2.6454528700540783,-0.13030031622661326,0.17525926028301572,-0.15176206929454455,0.09514804287615992,genau voraus
Podcast,2.314112305115262,0.0035157913521974174,0.12732717968089963,-0.13719242803688309,0.049063560985338796,Podcast
Quantensprung,2.3080022527922193,0.00615962711417666,0.1256068279624839,-0.13454859227490373,0.046168719378420334,Quantensprung
quantensprung künstlich+e,2.3010823110307475,0.009162369574245974,0.12358269389654773,-0.1315458498148345,0.042916345354156483,quantensprung künstlich+e
We…,2.252630403254349,0.03044335033799502,0.10719573559716994,-0.1102648690510854,0.020850187907340816,We…
wie we…,2.252630403254349,0.03044335033799502,0.10719573559716994,-0.1102648690510854,0.020850187907340816,wie we…
+4210,2.25161768114721,0.030893024558964727,0.10681266665525577,-0.10981519483011573,0.0204007123760948,+4210
we… +4210,2.25161768114721,0.030893024558964727,0.10681266665525577,-0.10981519483011573,0.0204007123760948,we… +4210
+4210 char+s,2.2504242085180914,0.03142321627477966,0.10635913782579111,-0.1092850031143007,0.019871555376303952,+4210 char+s
Taifun,2.3237191327563735,-0.0006270247505032553,-0.10570015542594856,0.17474993332352542,-0.17727554880369684,Taifun
Kalmaegi,2.1538596098216143,0.07528055172804088,-0.02979257894740423,0.05381879866010976,-0.10136797232515261,Kalmaegi
taifun kalmaegi,2.1538596098216143,0.07528055172804088,-0.02979257894740423,0.05381879866010976,-0.10136797232515261,taifun kalmaegi
Tausende,2.066089979583385,0.11688402953300801,0.011810898857562629,-0.0238241898560725,-0.059764494520185715,Tausende
kalmaegi tausend+e,2.066089979583385,0.11688402953300801,0.011810898857562629,-0.0238241898560725,-0.059764494520185715,kalmaegi tausend+e
tausend+e mensch+en,2.2396412121864717,0.0362262719325479,-0.06884685874289725,0.11900274258310625,-0.14042225212064557,tausend+e mensch+en
Philippinen,2.2396412121864717,0.0362262719325479,-0.06884685874289725,0.11900274258310625,-0.14042225212064557,Philippinen
mensch+en philippinen,2.066089979583385,0.11688402953300801,0.011810898857562629,-0.0238241898560725,-0.059764494520185715,mensch+en philippinen
Sicherheit,63.630173194260024,-0.05789064608150664,-0.03520696807211585,0.04783256307856336,0.0011754698466382196,Sicherheit
philippinen sicherheit,2.066089979583385,0.11688402953300801,0.011810898857562629,-0.0238241898560725,-0.059764494520185715,philippinen sicherheit
sicherheit ge+bring+t,52.30051435975644,-0.04902311610290293,-0.030012668909955405,0.03881926772105468,0.0038053752603196124,sicherheit ge+bring+t
ge+bring+t auf,2.066089979583385,0.11688402953300801,0.011810898857562629,-0.0238241898560725,-0.059764494520185715,ge+bring+t auf
auf philippinen,2.1538596098216143,0.07528055172804088,-0.02979257894740423,0.05381879866010976,-0.10136797232515261,auf philippinen
tausende,2.1538596098216143,0.07528055172804088,-0.02979257894740423,0.05381879866010976,-0.10136797232515261,tausende
philippinen tausend+e,2.1538596098216143,0.07528055172804088,-0.02979257894740423,0.05381879866010976,-0.10136797232515261,philippinen tausend+e
herannahenden,2.1538596098216143,0.07528055172804088,-0.02979257894740423,0.05381879866010976,-0.10136797232515261,herannahenden
mensch+en herannahend+en,2.1538596098216143,0.07528055172804088,-0.02979257894740423,0.05381879866010976,-0.10136797232515261,mensch+en herannahend+en
herannahend+en taifun,2.1538596098216143,0.07528055172804088,-0.02979257894740423,0.05381879866010976,-0.10136797232515261,herannahend+en taifun
taifun sicherheit,2.1538596098216143,0.07528055172804088,-0.02979257894740423,0.05381879866010976,-0.10136797232515261,taifun sicherheit
ge+bring+t werd+en,26.649020486536436,-0.02503253171827837,-0.020978733268037505,0.023533965964401448,0.0021888489215117616,ge+bring+t werd+en
wie wetter+dienst,2.1538596098216143,0.07528055172804088,-0.02979257894740423,0.05381879866010976,-0.10136797232515261,wie wetter+dienst
Inselstaats,2.1538596098216143,0.07528055172804088,-0.02979257894740423,0.05381879866010976,-0.10136797232515261,Inselstaats
wetter+dienst insel+staat+s,2.1538596098216143,0.07528055172804088,-0.02979257894740423,0.05381879866010976,-0.10136797232515261,wetter+dienst insel+staat+s
insel+staat+s mit+teil+te,2.066089979583385,0.11688402953300801,0.011810898857562629,-0.0238241898560725,-0.059764494520185715,insel+staat+s mit+teil+te
steuerte,2.066089979583385,0.11688402953300801,0.011810898857562629,-0.0238241898560725,-0.059764494520185715,steuerte
mit+teil+te steuer+te,2.066089979583385,0.11688402953300801,0.011810898857562629,-0.0238241898560725,-0.059764494520185715,mit+teil+te steuer+te
steuer+te taifun,2.066089979583385,0.11688402953300801,0.011810898857562629,-0.0238241898560725,-0.059764494520185715,steuer+te taifun
kalmaegi montag,2.066089979583385,0.11688402953300801,0.011810898857562629,-0.0238241898560725,-0.059764494520185715,kalmaegi montag
montag wind+geschwindigkeit+en,2.066089979583385,0.11688402953300801,0.011810898857562629,-0.0238241898560725,-0.059764494520185715,montag wind+geschwindigkeit+en
Stundenkilometern,6.544170915141975,0.03775673607372632,-0.0031258113047290233,-0.005651185269625782,-0.014612612124973938,Stundenkilometern
120 stunde+n+kilo+meter+n,2.066089979583385,0.11688402953300801,0.011810898857562629,-0.0238241898560725,-0.059764494520185715,120 stunde+n+kilo+meter+n
stunde+n+kilo+meter+n böe+n,2.066089979583385,0.11688402953300801,0.011810898857562629,-0.0238241898560725,-0.059764494520185715,stunde+n+kilo+meter+n böe+n
böe+n kopier+e,2.066089979583385,0.11688402953300801,0.011810898857562629,-0.0238241898560725,-0.059764494520185715,böe+n kopier+e
hin+zu+füg+en auf,2.066089979583385,0.11688402953300801,0.011810898857562629,-0.0238241898560725,-0.059764494520185715,hin+zu+füg+en auf
mit…,2.066089979583385,0.11688402953300801,0.011810898857562629,-0.0238241898560725,-0.059764494520185715,mit…
insel+staat+s mit…,2.066089979583385,0.11688402953300801,0.011810898857562629,-0.0238241898560725,-0.059764494520185715,insel+staat+s mit…
+1348,2.066089979583385,0.11688402953300801,0.011810898857562629,-0.0238241898560725,-0.059764494520185715,+1348
mit… +1348,2.066089979583385,0.11688402953300801,0.011810898857562629,-0.0238241898560725,-0.059764494520185715,mit… +1348
+1348 chars,2.066089979583385,0.11688402953300801,0.011810898857562629,-0.0238241898560725,-0.059764494520185715,+1348 chars
Elementarschutzversicherung,14.897344363663468,0.03155540370797976,-0.005999341974964193,-0.01633628532402351,0.00553826305479835,Elementarschutzversicherung
elementarschutzversicherung sturm+flut+en,24.762533789152943,-0.011853107529319751,-0.009373255825791738,0.001915259778451127,0.012652488024657273,elementarschutzversicherung sturm+flut+en
Schutz,12.857661857890735,0.01701739131597943,0.0009271896161061701,-0.016275394985840356,0.009129768895009665,Schutz
sturm+flut+en schutz,12.857661857890735,0.01701739131597943,0.0009271896161061701,-0.016275394985840356,0.009129768895009665,sturm+flut+en schutz
schutz der,11.401374103301924,0.023078157175371164,0.0031193979792731256,-0.02018898720673497,0.008351568657625041,schutz der
Lücke,10.87423107544191,0.025539065309336455,0.004012607278049106,-0.021787362139889955,0.00803115661421584,Lücke
der lücke,10.87423107544191,0.025539065309336455,0.004012607278049106,-0.021787362139889955,0.00803115661421584,der lücke
Versicherungskonzept,20.642880572922124,-0.004487376240984654,-0.006766922308150018,-0.002654340934056564,0.011779467086238154,Versicherungskonzept
lücke versicherung+s+konzept,12.045225532763087,0.02027548438303534,0.0021043216683352775,-0.01837517224659904,0.008713322882213173,lücke versicherung+s+konzept
versicherung+s+konzept sturm+flut+en,24.762533789152943,-0.011853107529319751,-0.009373255825791738,0.001915259778451127,0.012652488024657273,versicherung+s+konzept sturm+flut+en
sturm+flut+en versicherung+s+konzept,12.045225532763087,0.02027548438303534,0.0021043216683352775,-0.01837517224659904,0.008713322882213173,sturm+flut+en versicherung+s+konzept
GDV,9.435988947904022,0.03318043301270791,0.006797684775736814,-0.026784562922624856,0.007018945268348411,GDV
versicherung+s+konzept gdv,9.435988947904022,0.03318043301270791,0.006797684775736814,-0.026784562922624856,0.007018945268348411,versicherung+s+konzept gdv
abgedeckt,8.841968283081354,0.036823495216524484,0.008131741112792768,-0.02918508702015897,0.0065267132597321195,abgedeckt
gdv ab+ge+deck+t,8.841968283081354,0.036823495216524484,0.008131741112792768,-0.02918508702015897,0.0065267132597321195,gdv ab+ge+deck+t
Jörg,8.336367629875395,0.040203484744591345,0.009373130757901001,-0.03142266602459795,0.006064183439258322,Jörg
Asmussen,8.142825298281636,0.041574101849439785,0.009877540398598948,-0.032332872608977214,0.005874979517152885,Asmussen
jörg asmussen,8.142825298281636,0.041574101849439785,0.009877540398598948,-0.032332872608977214,0.005874979517152885,jörg asmussen
verteidigt,7.837348015312777,0.04383300812711809,0.010710141291911258,-0.03383655919537807,0.005561041448008179,verteidigt
asmussen verteidig+t,7.837348015312777,0.04383300812711809,0.010710141291911258,-0.03383655919537807,0.005561041448008179,asmussen verteidig+t
Modell,7.437694745950991,0.057783640081002424,0.009619990188858155,-0.03834019494324931,0.0027933597340985762,Modell
verteidig+t modell,7.437694745950991,0.057783640081002424,0.009619990188858155,-0.03834019494324931,0.0027933597340985762,verteidig+t modell
verpflichtenden,7.207924976094205,0.07420953959750975,0.007248287769353268,-0.04291611833544076,-0.0006631334532580419,verpflichtenden
modell verpflicht+end+en,7.207924976094205,0.07420953959750975,0.007248287769353268,-0.04291611833544076,-0.0006631334532580419,modell verpflicht+end+en
verpflicht+end+en elementarschutzversicherung,6.937455814353796,0.10191599214764166,0.002596160948863995,-0.05042547361701295,-0.006723293793556803,verpflicht+end+en elementarschutzversicherung
Aufschrei,7.345173845850539,0.1670748411312842,-0.014494168846482105,-0.06484843037720242,-0.022499084121533112,Aufschrei
der aufschrei,7.345173845850539,0.1670748411312842,-0.014494168846482105,-0.06484843037720242,-0.022499084121533112,der aufschrei
aufschrei nordseeküste,8.160109787538499,0.3455028562632261,-0.0663273243747704,-0.11320757951619262,-0.07262292221905707,aufschrei nordseeküste
hört,8.139873517680567,0.15503794331022247,-0.015209166375694102,-0.05900447083504375,-0.019989376899362973,hört
nordseeküste hör+t,8.139873517680567,0.15503794331022247,-0.015209166375694102,-0.05900447083504375,-0.019989376899362973,nordseeküste hör+t
hör+t wahrscheinlich,8.379166273404401,0.10709582681747144,-0.00515266925620878,-0.046525357850824976,-0.008744422896386517,hör+t wahrscheinlich
wahrscheinlich bremen,9.50498076525117,0.032777938662342986,0.006650544702969162,-0.026520062014802902,0.007072936683023557,wahrscheinlich bremen
Hausbesitzer,10.1430481559004,0.029237264430242316,0.0053583024872468675,-0.024199433978611167,0.007544614493676902,Hausbesitzer
haus+besitzer müss+en,12.63471365198135,0.01788298724018663,0.001239623744519574,-0.016832333116404863,0.009019549963386978,haus+besitzer müss+en
müss+en sturm+flut,24.762533789152943,-0.011853107529319751,-0.009373255825791738,0.001915259778451127,0.012652488024657273,müss+en sturm+flut
sturm+flut schau+en,12.857661857890735,0.01701739131597943,0.0009271896161061701,-0.016275394985840356,0.009129768895009665,sturm+flut schau+en
bezahlen,10.87423107544191,0.025539065309336455,0.004012607278049106,-0.021787362139889955,0.00803115661421584,bezahlen
schau+en bezahl+en,10.87423107544191,0.025539065309336455,0.004012607278049106,-0.021787362139889955,0.00803115661421584,schau+en bezahl+en
Haus,10.1430481559004,0.029237264430242316,0.0053583024872468675,-0.024199433978611167,0.007544614493676902,Haus
bezahl+en haus,10.1430481559004,0.029237264430242316,0.0053583024872468675,-0.024199433978611167,0.007544614493676902,bezahl+en haus
trocken,8.462319972132253,0.03933520129586779,0.009053891835936818,-0.030846901497323127,0.0061835493793015815,trocken
haus trocken,8.462319972132253,0.03933520129586779,0.009053891835936818,-0.030846901497323127,0.0061835493793015815,haus trocken
bekommen,8.142825298281636,0.041574101849439785,0.009877540398598948,-0.032332872608977214,0.005874979517152885,bekommen
trocken bekomm+en,8.142825298281636,0.041574101849439785,0.009877540398598948,-0.032332872608977214,0.005874979517152885,trocken bekomm+en
Dac…,7.687245023658743,0.0449888497591837,0.011136790128143661,-0.034607690527396415,0.005399374523909511,Dac…
bekomm+en dac…,7.687245023658743,0.0449888497591837,0.011136790128143661,-0.034607690527396415,0.005399374523909511,bekomm+en dac…
+1220,7.52238165601485,0.04629557218776143,0.011619641948445067,-0.03548088630046865,0.005215753015852428,+1220
dac… +1220,7.52238165601485,0.04629557218776143,0.011619641948445067,-0.03548088630046865,0.005215753015852428,dac… +1220
+1220 char+s,7.371848866846851,0.047524530179628766,0.012074253545203766,-0.0363034749934135,0.005042226852238638,+1220 char+s
Humanitäre,11.549808636576845,0.02241315352571826,0.0028783366578330467,-0.019757983990918805,0.008437704416461078,Humanitäre
humanitär+e katastrophe,13.930402440832912,0.013120611546496245,-0.0004766644653592025,-0.013776419666532475,0.009622292245438428,humanitär+e katastrophe
Gaza,13.930402440832912,0.013120611546496245,-0.0004766644653592025,-0.013776419666532475,0.009622292245438428,Gaza
sturm+flut gaza,13.930402440832912,0.013120611546496245,-0.0004766644653592025,-0.013776419666532475,0.009622292245438428,sturm+flut gaza
gaza mach+t,12.63471365198135,0.01788298724018663,0.001239623744519574,-0.016832333116404863,0.009019549963386978,gaza mach+t
hunderttausende,11.549808636576845,0.02241315352571826,0.0028783366578330467,-0.019757983990918805,0.008437704416461078,hunderttausende
mach+t hundert+tausend+e,11.549808636576845,0.02241315352571826,0.0028783366578330467,-0.019757983990918805,0.008437704416461078,mach+t hundert+tausend+e
Flüchtlinge,9.803110673778402,0.031084016821419064,0.006031838101719969,-0.025408455231608014,0.007299324585263373,Flüchtlinge
hundert+tausend+e flüchtling+e,9.803110673778402,0.031084016821419064,0.006031838101719969,-0.025408455231608014,0.007299324585263373,hundert+tausend+e flüchtling+e
obdachlos,9.00401891531255,0.03579665659309067,0.007755308853256779,-0.0285072935175494,0.006666106716359385,obdachlos
flüchtling+e obdachlos,9.00401891531255,0.03579665659309067,0.007755308853256779,-0.0285072935175494,0.006666106716359385,flüchtling+e obdachlos
Zelte,10.812394715689862,0.025838447512960407,0.004121393682667535,-0.021982178380168076,0.007991996416581548,Zelte
obdachlos zelt+e,8.506121861660061,0.039037462073515675,0.008944477132342248,-0.030649620465167622,0.006224392983092058,obdachlos zelt+e
zerrissen,8.256633122678657,0.04076269423213007,0.00957885807119336,-0.031793830523422925,0.005987104431015855,zerrissen
zelt+e zerreiß+en,8.256633122678657,0.04076269423213007,0.00957885807119336,-0.031793830523422925,0.005987104431015855,zelt+e zerreiß+en
Lager,7.868917324411097,0.043593873609507776,0.010621923677946742,-0.03367716369344316,0.005594401481767269,Lager
zerreiß+en lager,7.868917324411097,0.043593873609507776,0.010621923677946742,-0.03367716369344316,0.005594401481767269,zerreiß+en lager
lager überflutet,7.687245023658743,0.0449888497591837,0.011136790128143661,-0.034607690527396415,0.005399374523909511,lager überflutet
überflutet winter+sturm,7.348007506837768,0.047722430000576264,0.012147504858063382,-0.03643605991084897,0.005014207891447596,überflutet winter+sturm
Byron,9.902073588006054,0.030537380205370154,0.005832364710201139,-0.025050273317057278,0.007372094451288593,Byron
winter+sturm byron,9.902073588006054,0.030537380205370154,0.005832364710201139,-0.025050273317057278,0.007372094451288593,winter+sturm byron
verheert,6.9692234663441885,0.05099401368887651,0.013360273765612335,-0.038632830048732844,0.004547923039695414,verheert
byron verheert,6.9692234663441885,0.05099401368887651,0.013360273765612335,-0.038632830048732844,0.004547923039695414,byron verheert
Gazastreifen,9.20318836934856,0.034569236297346234,0.0073057709379449835,-0.02769831377056731,0.006832054421042927,Gazastreifen
verheert gazastreifen,6.743058499611834,0.05307062711350787,0.014131852619837532,-0.040032045198699504,0.00424888867115325,verheert gazastreifen
härtesten,6.491179098400016,0.05550376892992549,0.015037674075920033,-0.0416762591294588,0.003895431733236635,härtesten
hart+esten treff+t,6.3614084436925165,0.05681086799734797,0.015525080087771006,-0.042561666527009226,0.003704161416823844,hart+esten treff+t
ohnehin,6.144335123118854,0.05908537722318139,0.016374552150035623,-0.04410592317720807,0.0033689805382624075,ohnehin
treff+t ohnehin,6.144335123118854,0.05908537722318139,0.016374552150035623,-0.04410592317720807,0.0033689805382624075,treff+t ohnehin
ohnehin schon,6.062602440787453,0.05997205903119941,0.01670616354915686,-0.04470914617380014,0.0032375004213809557,ohnehin schon
verloren,5.94900365133962,0.06123357941963399,0.01717840547374262,-0.045568556098415994,0.0030496430787933454,verloren
schon verlier+en,5.94900365133962,0.06123357941963399,0.01717840547374262,-0.045568556098415994,0.0030496430787933454,schon verlier+en
wenigen,5.733620549766138,0.06372414706757958,0.01811226905730849,-0.047269319421872354,0.002675999022997769,wenigen
auch wenig+en,5.733620549766138,0.06372414706757958,0.01811226905730849,-0.047269319421872354,0.002675999022997769,auch wenig+en
vorhandenen,5.674430402993891,0.064432558302078,0.01837826847767146,-0.047754067039414365,0.002569044601773365,vorhandenen
wenig+en vorhanden+en,5.674430402993891,0.064432558302078,0.01837826847767146,-0.047754067039414365,0.002569044601773365,wenig+en vorhanden+en
Schutzräume,5.590925510771534,0.06545051861585881,0.018760789945575045,-0.0484513965803218,0.002414827046561554,Schutzräume
vorhanden+en schutz+raum+e,5.590925510771534,0.06545051861585881,0.018760789945575045,-0.0484513965803218,0.002414827046561554,vorhanden+en schutz+raum+e
gefährdet,5.48221002713614,0.0668096051498417,0.019272031822881792,-0.04938381437001018,0.00220795421820537,gefährdet
schutz+raum+e gefährd+et,5.48221002713614,0.0668096051498417,0.019272031822881792,-0.04938381437001018,0.00220795421820537,schutz+raum+e gefährd+et
byron teil+en,5.28233601559614,0.06941441865031961,0.0202535865260897,-0.05117538208560621,0.0018083196973067849,byron teil+en
Gazastreifens,5.228075278781444,0.07014670742013811,0.020529936430189952,-0.05168011088737036,0.0016952213388367154,Gazastreifens
teil+en gazastreifen+s,5.228075278781444,0.07014670742013811,0.020529936430189952,-0.05168011088737036,0.0016952213388367154,teil+en gazastreifen+s
Israels,5.145033136559971,0.07128939565426475,0.020961519208254266,-0.05246864340896508,0.0015180773652184285,Israels
gazastreifen+s israel+s,5.145033136559971,0.07128939565426475,0.020961519208254266,-0.05246864340896508,0.0015180773652184285,gazastreifen+s israel+s
israel+s teils,5.093241819469906,0.07201595326071455,0.021236159865653588,-0.05297061163688844,0.0014050227402052258,israel+s teils
teils heftig+e,5.068325635951543,0.07236939765281754,0.021369826503372644,-0.05321496839062005,0.0013499070445575048,teils heftig+e
überschwemmung+en ge+sorg+t,4.970864641309035,0.07377703388365171,0.02190258488282965,-0.05418923550767599,0.00112962883390042,überschwemmung+en ge+sorg+t
gazastreifen werd+en,4.882455915906323,0.07508983695763091,0.022400048780018347,-0.05509943187636001,0.0009230726172363457,gazastreifen werd+en
werd+en zelt+e,4.846069179897152,0.07564047271890653,0.0226088745668001,-0.05548165069140694,0.0008361130706536872,werd+en zelt+e
hunderttausender,4.826815157918723,0.07593433963228109,0.02272036370450775,-0.05568574477740061,0.0007896256947042672,hunderttausender
zelt+e hundert+tausend+er,4.826815157918723,0.07593433963228109,0.02272036370450775,-0.05568574477740061,0.0007896256947042672,zelt+e hundert+tausend+er
Vertriebener,4.774388705060103,0.07674344205806036,0.023027475983149585,-0.05624806842326198,0.0006613503366123613,Vertriebener
hundert+tausend+er vertreib+en+er,4.774388705060103,0.07674344205806036,0.023027475983149585,-0.05624806842326198,0.0006613503366123613,hundert+tausend+er vertreib+en+er
geflutet,4.736277473589158,0.07733998886780959,0.023254048980153465,-0.05666303547475209,0.0005665082277522888,geflutet
vertreib+en+er ge+flut+et,4.736277473589158,0.07733998886780959,0.023254048980153465,-0.05666303547475209,0.0005665082277522888,vertreib+en+er ge+flut+et
ge+flut+et wind,4.669996149965353,0.0783947593366339,0.023654951466612225,-0.05739751688913879,0.00039826255116381053,ge+flut+et wind
+2248,4.646396244009478,0.07877574384174472,0.023799849954439758,-0.057663053641170366,0.00033731799195199375,+2248
wind +2248,4.646396244009478,0.07877574384174472,0.023799849954439758,-0.057663053641170366,0.00033731799195199375,wind +2248
+2248 chars,4.631018234788014,0.07902556237821455,0.02389488906424034,-0.05783724046985277,0.0002973053068999362,+2248 chars
klima+wandel+s was,4.70165600891769,-0.7053728371415752,0.471539700838458,0.03496025571403927,-0.2556034907114652,klima+wandel+s was
was meer+es+spiegel,4.855654487631624,-0.7376019477454939,0.4064045019521661,0.0900812577359006,-0.23242747139462477,was meer+es+spiegel
meer+es+spiegel steig+t,14.089260671326908,-0.28192104149700625,0.04185464488517931,0.08713270968039254,0.002702994934918949,meer+es+spiegel steig+t
Rückzug,5.039602850338289,-0.7747853276030058,0.21269354599267415,0.01266856992434323,0.12061745974499037,Rückzug
steig+t rückzug,4.643467855725923,-0.6929195179469751,0.29455935564870456,0.0511954397387231,-0.03620847134182464,steig+t rückzug
rückzug küste,4.875001001528558,-0.7415783580521736,0.18006672125032722,-0.01179722914857409,0.1679281729633072,rückzug küste
sicher+n seit,4.561126058748601,-0.6750275839096183,-0.059467198942025304,-0.2572284634936969,0.5013828886699592,sicher+n seit
norddeutschen,4.17171850856322,-0.585786111441642,4.766376901818428e-05,-0.1827820823098177,0.4027496273398362,norddeutschen
jeher norddeutsch+en,4.17171850856322,-0.585786111441642,4.766376901818428e-05,-0.1827820823098177,0.4027496273398362,jeher norddeutsch+en
norddeutsch+en küste+n,3.9711657982756003,-0.5365177517110199,0.025655497521914247,-0.14451870569466177,0.34693761431311293,norddeutsch+en küste+n
wegen steig+end+en,3.911816763731814,-0.521459959699337,0.0797492483733452,-0.09846916097267844,0.2694223790809845,wegen steig+end+en
Meeresspiegels,3.8283202773084253,-0.49988418525991835,0.08375265517586569,-0.0846934131402382,0.24779976619661598,Meeresspiegels
steig+end+en meer+es+spiegel+s,3.8283202773084253,-0.49988418525991835,0.08375265517586569,-0.0846934131402382,0.24779976619661598,steig+end+en meer+es+spiegel+s
regen,3.7362596365261713,-0.4755430619706827,0.08648682794741747,-0.06904258597833181,0.22361557697203086,regen
meer+es+spiegel+s rege+en,3.7362596365261713,-0.4755430619706827,0.08648682794741747,-0.06904258597833181,0.22361557697203086,meer+es+spiegel+s rege+en
rege+en experte+n,3.7047849860973607,-0.46708327178266584,0.08695992495947225,-0.06348578388767509,0.21520501148622795,rege+en experte+n
Alternativen,3.6242305340365895,-0.4451000474628857,0.08688779474762648,-0.048411100656953046,0.1930874117257971,Alternativen
experte+n alternative+n,3.6242305340365895,-0.4451000474628857,0.08688779474762648,-0.048411100656953046,0.1930874117257971,experte+n alternative+n
diskutieren,3.5730792754794303,-0.4308858143275624,0.08354716617084276,-0.03820530884139526,0.18032347224649556,diskutieren
alternative+n diskutier+en,3.5730792754794303,-0.4308858143275624,0.08354716617084276,-0.03820530884139526,0.18032347224649556,alternative+n diskutier+en
Beunruhigende,3.17847229541234,-0.3138587192710475,0.031892903891718415,-0.01739326150610556,0.153460702275685,Beunruhigende
beunruhig+end+e nachricht+en,3.1715355487958825,-0.3116739190169569,0.023521986524015853,-0.01292193193702977,0.15385149554461003,beunruhig+end+e nachricht+en
nachricht+en komm+en,3.1706222500758954,-0.3113859101861256,0.015392089498838725,-0.009522509634980046,0.15591989436894796,nachricht+en komm+en
zudem,3.1724524052354246,-0.31196296636464077,0.010146399520920751,-0.007761278646922192,0.15799457322625388,zudem
komm+en zudem,3.1724524052354246,-0.31196296636464077,0.010146399520920751,-0.007761278646922192,0.15799457322625388,komm+en zudem
Wattenmeer,9.004723306115318,-0.05506697694261379,-0.00651066106033197,-0.011881064464828938,0.05309392726193229,Wattenmeer
zudem wattenmeer,3.1785366874741885,-0.31387897787443286,0.001844035538632713,-0.005616810032613105,0.16231811888622888,zudem wattenmeer
hin+zu+füg+en deich+e,3.0434797329419894,-0.27045955796166044,-0.15958467689646627,-0.4001794043116378,0.5291739229357453,hin+zu+füg+en deich+e
Beun…,2.3174662587153647,0.0020674928336071397,0.0813919622160335,-0.13864072655547321,0.09090045425992883,Beun…
+8750,2.3132239735151523,0.003899740802824262,0.08200982138097497,-0.13680847858625622,0.08744508603173026,+8750
beun… +8750,2.3132239735151523,0.003899740802824262,0.08200982138097497,-0.13680847858625622,0.08744508603173026,beun… +8750
+8750 chars,2.3097866613251563,0.005386785975293851,0.08247564165178412,-0.1353214334137865,0.08465721009884272,+8750 chars
thema folge+n,3.3823524140838295,-0.37602949607162006,0.2337283287349249,0.27292732837887923,-0.5526780201248139,thema folge+n
sie was,2.671170126332708,-0.13997467413230713,0.28215049604571435,0.06277600229507675,-0.31662319818550094,sie was
wer küste,3.2215762064986606,-0.32732879307220364,0.0674157862379655,0.1547410432455068,-0.10188043396943047,wer küste
küste steh+t,3.217799950354403,-0.3261559289669978,0.061029854673518874,0.16007469398613752,-0.10512940455968477,küste steh+t
steh+t meer,3.2155275978313282,-0.32544949746617485,0.04151065774987145,0.17787275106699021,-0.1167840533103961,steh+t meer
schaut,3.2174178646703187,-0.32603718063694387,0.035855062031165355,0.18339433824369078,-0.12058689489526969,schaut
meer schau+t,3.2174178646703187,-0.32603718063694387,0.035855062031165355,0.18339433824369078,-0.12058689489526969,meer schau+t
bloßem,3.2378461526440585,-0.33236638920639405,0.011158898189602695,0.2088993131689155,-0.1389481430149211,bloßem
schau+t bloß+em,3.2378461526440585,-0.33236638920639405,0.011158898189602695,0.2088993131689155,-0.1389481430149211,schau+t bloß+em
Auge,3.2508815223995677,-0.33638424538539635,0.0013296561803152179,0.21949423987762762,-0.14689285952494346,Auge
bloß+em auge,3.2508815223995677,-0.33638424538539635,0.0013296561803152179,0.21949423987762762,-0.14689285952494346,bloß+em auge
ausmachen,3.279677623383846,-0.3452031801726342,-0.01607741755775703,0.23858080689618646,-0.1616160049777402,ausmachen
auge aus+mach+en,3.279677623383846,-0.3452031801726342,-0.01607741755775703,0.23858080689618646,-0.1616160049777402,auge aus+mach+en
aus+mach+en meer+es+spiegel,3.366108625441507,-0.37121541478153036,-0.05557563468870966,0.28213195418823334,-0.19713288893580502,aus+mach+en meer+es+spiegel
Überflutungsgefahr,4.820493934126485,-0.7303344469326871,-0.4392885674533228,0.6001966339761498,-0.5742624162144886,Überflutungsgefahr
und überflutung+s+gefahr,4.820493934126485,-0.7303344469326871,-0.4392885674533228,0.6001966339761498,-0.5742624162144886,und überflutung+s+gefahr
tiefer,3.4371466287868944,-0.3920997069707916,-0.11471439329535518,0.33543533281437055,-0.24637244887112522,tiefer
überflutung+s+gefahr tief+er,3.4371466287868944,-0.3920997069707916,-0.11471439329535518,0.33543533281437055,-0.24637244887112522,überflutung+s+gefahr tief+er
gelegenen,3.3529915673600534,-0.36731100068780104,-0.09320499708104789,0.31047741416198893,-0.22410007632823017,gelegenen
tief+er ge+leg+en+en,3.3529915673600534,-0.36731100068780104,-0.09320499708104789,0.31047741416198893,-0.22410007632823017,tief+er ge+leg+en+en
ge+leg+en+en küste+n+region+en,3.2636367325366678,-0.34030018389000444,-0.07071256984402637,0.2826613246386957,-0.20057624598268547,ge+leg+en+en küste+n+region+en
in…,3.167901678056464,-0.3105274856641574,-0.047378909840694046,0.25154326434712265,-0.1758111182385541,in…
küste+n+region+en in…,3.167901678056464,-0.3105274856641574,-0.047378909840694046,0.25154326434712265,-0.1758111182385541,küste+n+region+en in…
+8539,2.403298738981386,-0.034300316364578955,0.0851468844837283,0.1015470505095229,-0.21094884041777257,+8539
in… +8539,2.403298738981386,-0.034300316364578955,0.0851468844837283,0.1015470505095229,-0.21094884041777257,in… +8539
+8539 chars,2.392837205188834,-0.02993782518178809,0.08758192449901787,0.09562852202516674,-0.20658634923498173,+8539 chars
Meeresspiegelanstieg,2.1078438934461623,0.09687637824484113,0.2426766003383859,-0.1831573232325746,-0.07977214580835247,Meeresspiegelanstieg
meer+es+spiegel+anstieg noch,2.114358802430366,0.09379035200503437,0.2504914095604853,-0.1862433494723813,-0.08285817204815915,meer+es+spiegel+anstieg noch
noch angst,2.118006126157935,0.09206681223849686,0.25481913419863417,-0.18796688923891927,-0.08458171181469692,noch angst
Hallig,2.4421678704898344,-0.05034416452077795,0.5417147002939718,-0.3303778659981936,-0.22699268857397142,Hallig
angst hallig,2.1215888604748345,0.09037668137408698,0.25903766858592553,-0.1896570201033288,-0.08627184267910663,angst hallig
hallig hooge,2.440662933322515,-0.0497277445482498,0.5407093718564322,-0.32976144602566576,-0.22637626860144347,hallig hooge
Wenn,2.3364982730317037,-0.006111392192529507,0.4651582701178163,-0.2861450936699453,-0.18275991624572313,Wenn
hooge wenn,2.1266858087007456,0.08797714223482735,0.26498433296496826,-0.19205655924258855,-0.08867138181836642,hooge wenn
wenn sturm+e,2.3322588859416076,-0.004295325041935277,0.4618102324618936,-0.28432902651935127,-0.180943849095129,wenn sturm+e
sturm+e hallig,2.3136659487002236,0.0037086944655021757,0.4468453668679085,-0.2763250070119136,-0.17293982958769144,sturm+e hallig
überschwemmen,2.319550744478332,0.001168429534101758,0.4516321403243894,-0.27886527194331406,-0.17548009451909183,überschwemmen
hooge überschwemm+en,2.319550744478332,0.001168429534101758,0.4516321403243894,-0.27886527194331406,-0.17548009451909183,hooge überschwemm+en
Aufwand,2.3166466467526554,0.002421222657621062,0.4492758103220779,-0.27761247881979484,-0.1742273013955727,Aufwand
überschwemm+en aufwand,2.3166466467526554,0.002421222657621062,0.4492758103220779,-0.27761247881979484,-0.1742273013955727,überschwemm+en aufwand
Mensch,2.3184500169946842,0.0016430855598003576,0.4507403786262754,-0.27839061591761566,-0.17500543849339342,Mensch
aufwand mensch,2.3184500169946842,0.0016430855598003576,0.4507403786262754,-0.27839061591761566,-0.17500543849339342,aufwand mensch
Tier,2.3221202088398583,6.130037745771787e-05,0.4537074374779491,-0.2799724010999582,-0.17658722367573593,Tier
mensch tier,2.3221202088398583,6.130037745771787e-05,0.4537074374779491,-0.2799724010999582,-0.17658722367573593,mensch tier
groß,2.324491379806088,-0.0009593018944634013,0.4556147054139059,-0.2809930033718791,-0.1776078259476569,groß
tier groß,2.324491379806088,-0.0009593018944634013,0.4556147054139059,-0.2809930033718791,-0.1776078259476569,tier groß
manchmal komm+t,2.398508588224023,-0.03230517077879141,0.5116029001155066,-0.31233887225620716,-0.20895369483198506,manchmal komm+t
komm+t sorge,2.4255167000874307,-0.04350262205442035,0.5304644994737593,-0.3235363235318361,-0.22015114610761394,komm+t sorge
Zuhause,2.470323036896019,-0.06180697441743967,0.5601173876562735,-0.3418406758948556,-0.23845549847063335,Zuhause
sorge zuhause,2.470323036896019,-0.06180697441743967,0.5601173876562735,-0.3418406758948556,-0.23845549847063335,sorge zuhause
Katja,2.4067882737451614,-0.035751240377686365,0.5174682298921006,-0.31578494185510225,-0.21239976443088004,Katja
wie katja,2.4067882737451614,-0.035751240377686365,0.5174682298921006,-0.31578494185510225,-0.21239976443088004,wie katja
Just,2.3104159736857905,0.005114368328605699,0.4441814333241895,-0.2749193331488103,-0.17153415572458802,Just
katja just,2.3104159736857905,0.005114368328605699,0.4441814333241895,-0.2749193331488103,-0.17153415572458802,katja just
Veränderungen,2.364131197754001,-0.017868644368404536,0.48642333198425236,-0.29790234584582037,-0.19451716842159808,Veränderungen
just veränderung+en,2.364131197754001,-0.017868644368404536,0.48642333198425236,-0.29790234584582037,-0.19451716842159808,just veränderung+en
veränderung+en klima+wandel,2.8583814562729035,-0.2077135884166424,0.7546363271705713,-0.48774728989405836,-0.38436211246983615,veränderung+en klima+wandel
klima+wandel erleb+t,2.4445604203443336,-0.05132336774358021,0.5433083513554178,-0.33135706922099595,-0.2279718917967737,klima+wandel erleb+t
hin+zu+füg+en wenn,2.198639764936133,0.05470307135975503,0.34265537918654776,-0.22533063011766075,-0.12194545269343851,hin+zu+füg+en wenn
Ju…,2.1109820676627864,0.09538867772135387,0.2464545716565724,-0.18464502375606193,-0.08125984633183975,Ju…
katja ju…,2.1109820676627864,0.09538867772135387,0.2464545716565724,-0.18464502375606193,-0.08125984633183975,katja ju…
+3521,2.109527776332582,0.09607783208493437,0.24470695758066263,-0.18395586939248143,-0.08057069196825926,+3521
ju… +3521,2.109527776332582,0.09607783208493437,0.24470695758066263,-0.18395586939248143,-0.08057069196825926,ju… +3521
+3521 chars,2.1078438934461623,0.09687637824484113,0.2426766003383859,-0.1831573232325746,-0.07977214580835247,+3521 chars
+8579,2.4565922757442475,-0.05623318399141706,0.02187689658673371,0.05841119029553708,-0.06322573426007157,+8579
in… +8579,2.4565922757442475,-0.05623318399141706,0.02187689658673371,0.05841119029553708,-0.06322573426007157,in… +8579
+8579 chars,2.4463876822690835,-0.05207056929691018,0.02501828637958,0.052526655094426465,-0.060193021488226764,+8579 chars
höhere,2.604925753903591,-0.11486222157920774,-0.2199353522546529,-0.2545981920893473,0.4202082697326253,höhere
rückzug hoch+er+e,2.604925753903591,-0.11486222157920774,-0.2199353522546529,-0.2545981920893473,0.4202082697326253,rückzug hoch+er+e
hoch+er+e deich+e,2.925818912306498,-0.2310324596794718,-0.33610559035491705,-0.36960717969374085,0.5686010212179341,hoch+er+e deich+e
tun,2.5082095982281722,-0.07702723930068228,-0.1821003699761277,-0.21336407425739098,0.35960737435946305,tun
deich+e tu+n,2.5082095982281722,-0.07702723930068228,-0.1821003699761277,-0.21336407425739098,0.35960737435946305,deich+e tu+n
tu+n meer+es+spiegel,2.4303375231963504,-0.04548819430230352,-0.15056132497774888,-0.17928800759866076,0.3043358035002544,tu+n meer+es+spiegel
+8470,2.2864809897557707,0.015528001881831193,-0.0895451287936142,0.04001387431815886,0.008535451613176469,+8470
in… +8470,2.2864809897557707,0.015528001881831193,-0.0895451287936142,0.04001387431815886,0.008535451613176469,in… +8470
+8470 chars,2.2771521419008067,0.019616350169180913,-0.08545678050626429,0.03348369013285882,0.011493897977864332,+8470 chars
nordsee erwart+et,27.476500518797664,0.05465386236491402,-0.025136884265754625,-0.010505457215895825,-0.0014898676739657406,nordsee erwart+et
für nacht,18.697013096800696,-0.00027983971638636585,-0.005271588582364479,-0.0052866496701227846,0.01127345153755054,für nacht
freitag rechn+et,15.221682476350617,0.008937298068710737,-0.001978921498016118,-0.01110880042577471,0.010144589564863641,freitag rechn+et
ostfriesische,6.860671789635491,0.05197853428405623,0.013725905437575698,-0.039295729128301225,0.0044064506951549814,ostfriesische
bsh ostfriesisch+e,6.860671789635491,0.05197853428405623,0.013725905437575698,-0.039295729128301225,0.0044064506951549814,bsh ostfriesisch+e
ostfriesisch+e küste,6.634025059154941,0.05410764191249111,0.014517682969886342,-0.040732186329363256,0.004098653429659007,ostfriesisch+e küste
Wesergebi…,6.437818153337572,0.05603665708207174,0.01523631642169653,-0.04203704944374627,0.0038175713255841144,Wesergebi…
küste wesergebi…,6.437818153337572,0.05603665708207174,0.01523631642169653,-0.04203704944374627,0.0038175713255841144,küste wesergebi…
+538,6.289012134078446,0.05755685478503166,0.015803501393692042,-0.04306765150985025,0.003594559769129679,+538
wesergebi… +538,6.289012134078446,0.05755685478503166,0.015803501393692042,-0.04306765150985025,0.003594559769129679,wesergebi… +538
+538 char+s,6.231497737575931,0.0581583668789459,0.016028133204176263,-0.043475995139672194,0.0035059504665572233,+538 char+s
Wilhelmshaven/Husum,16.89779725879064,0.016480276645586458,-0.01889804201230554,0.007592746008119222,-0.004815364831142296,Wilhelmshaven/Husum
erwart+et wilhelmshaven/husum,10.416087035074735,0.06597204613119688,-0.003109254106953864,-0.03165949008038538,-0.0004314655527894857,erwart+et wilhelmshaven/husum
wilhelmshaven/husum deutsch+en,10.58554801747038,0.0945956163855161,-0.009808806739099793,-0.037836806157688196,-0.006876330460359271,wilhelmshaven/husum deutsch+en
see+schiff+fahrt kopier+e,12.75142586418716,0.01742728436588632,0.0010751121502393967,-0.016539043483542695,0.00907761350134553,see+schiff+fahrt kopier+e
neue,23.852424896283793,-0.011128602020630027,-0.009625081850215942,0.0024786129805057485,0.011690209704457633,neue
der neu+e,6.950595597035717,0.05116140277458809,0.013422416796315397,-0.038745477260495834,0.004523907725296996,der neu+e
Jahr,23.39960062066382,-0.009611106744674065,-0.008581454026689132,0.000529550184216183,0.012388411752074809,Jahr
neu+e jahr,13.120706416111732,0.016021998886179376,0.0005681739020271192,-0.01563576900333172,0.009256145145848894,neu+e jahr
startet,15.58690049379753,0.007840429043859468,-0.0023719972062692077,-0.010411942785714993,0.010280473432525023,startet
jahr start+et,7.147565659205974,0.049423007459515875,0.012777477607154902,-0.03757678392356544,0.004772562332103738,jahr start+et
start+et norden,7.39603213632375,0.04732471537001497,0.012000306071479993,-0.03616964171670566,0.005070495511289229,start+et norden
deutschland+s stürmisch,7.967003452031686,0.04285940220416822,0.01035108711641152,-0.03318791257284533,0.005696675959201057,deutschland+s stürmisch
für küste+n,8.740376898863957,0.037480681513242256,0.00837283227396531,-0.029619366128201347,0.006437227812838857,für küste+n
küste+n niedersachsen,9.303902698252218,0.033962503609973875,0.007083728382521965,-0.02729891099859485,0.006913815978798494,küste+n niedersachsen
niedersachsen schleswig-holstein,15.352087040179144,0.004239856487349241,-0.006556654492761834,-0.00228222433860748,0.00565689998966701,niedersachsen schleswig-holstein
+694,11.125539385010184,0.024345948132266357,0.0035793298677040206,-0.021011755606710807,0.008186829796992002,+694
+694 chars,10.535819852455571,0.027206823328916455,0.004618960821579321,-0.02287362677862276,0.00781250259387181,+694 chars
Wetter-Ausnahmezustand,9.179069797888467,0.03471590138785967,0.007359462091285371,-0.027794909639242884,0.006812263641740816,Wetter-Ausnahmezustand
deutschland wetter+-+ausnahme+zustand,9.179069797888467,0.03471590138785967,0.007359462091285371,-0.027794909639242884,0.006812263641740816,deutschland wetter+-+ausnahme+zustand
wetter+-+ausnahme+zustand orkanbö+en,11.549808636576845,0.02241315352571826,0.0028783366578330467,-0.019757983990918805,0.008437704416461078,wetter+-+ausnahme+zustand orkanbö+en
Schneechaos,13.930402440832912,0.013120611546496245,-0.0004766644653592025,-0.013776419666532475,0.009622292245438428,Schneechaos
sturm schnee,16.225995404525005,0.006002190526297781,-0.003029995951834074,-0.009246503279831534,0.010507239372069039,sturm schnee
setzen,15.177256597621929,-0.003022075299439843,-0.014404666951845748,0.0126518650986728,-0.0026322401116146434,setzen
schnee setz+en,10.23577215147023,0.028748279904219503,0.005180135812113588,-0.0238798116550475,0.0076093000515821425,schnee setz+en
setz+en deutschland,9.649378498865634,0.03194846463646845,0.006347469353343887,-0.025975418737324965,0.007183962126912461,setz+en deutschland
Druck,8.59665862922711,0.038428776058024444,0.008720879964070189,-0.030246548486135696,0.006307753443457033,Druck
deutschland druck,8.59665862922711,0.038428776058024444,0.008720879964070189,-0.030246548486135696,0.006307753443457033,deutschland druck
besonders norden,9.649378498865634,0.03194846463646845,0.006347469353343887,-0.025975418737324965,0.007183962126912461,besonders norden
norden droh+en,13.80716410996543,0.06442944558854138,-0.010858721144860832,-0.025101493755231682,-0.0012178314479463824,norden droh+en
droh+en gefährlich+e,14.447421277969992,0.05255253814447034,-0.009556126101720465,-0.021529941868852678,0.0011867595135112638,droh+en gefährlich+e
Wetterlagen,16.3436702975583,0.03421077411267853,-0.008930956380784998,-0.015086852956537559,0.00463568489319572,Wetterlagen
gefährlich+e wetter+lage+n,16.3436702975583,0.03421077411267853,-0.008930956380784998,-0.015086852956537559,0.00463568489319572,gefährlich+e wetter+lage+n
wetter+lage+n sturm+flut+en,24.762533789152943,-0.011853107529319751,-0.009373255825791738,0.001915259778451127,0.012652488024657273,wetter+lage+n sturm+flut+en
deutschland start+et,11.401374103301924,0.023078157175371164,0.0031193979792731256,-0.02018898720673497,0.008351568657625041,deutschland start+et
start+et un+gemütlich,10.4319183452882,0.027733697539042798,0.004810691709462224,-0.023217307709126327,0.007743167988202721,start+et un+gemütlich
un+gemütlich neu+e,9.179069797888467,0.03471590138785967,0.007359462091285371,-0.027794909639242884,0.006812263641740816,un+gemütlich neu+e
Glätte,31.276130838802228,-0.015776244488115636,-0.013719507975647152,0.006009657115890487,0.013360955703980451,Glätte
schnee glätte,7.919734003211413,0.05432777543972971,0.008169278960498206,-0.035879365166032476,0.0032647091731626793,schnee glätte
glätte halt+en,7.724198564828191,0.06706551957056918,0.006341183308025927,-0.03940329734751419,0.0006037677037917311,glätte halt+en
halt+en weit+e,7.553036409443019,0.0808580333507904,0.004164763007023888,-0.043153852079208084,-0.002346354039096351,halt+en weit+e
Atem,33.80258045455538,0.0034036758933992336,-0.01939667787540976,0.002826517108993052,0.01008769351772753,Atem
land+es atem,7.097008266818886,0.1534585730555522,-0.010013792202336372,-0.06235510089966337,-0.01899778952736696,land+es atem
besonders nordseeküste,7.216454625860774,0.40467581170338507,-0.08046450523565585,-0.13645856228480496,-0.0912510721819457,besonders nordseeküste
Bu…,5.902597213178706,0.12454662017842255,0.0036626144862939108,-0.060642731974977604,-0.011239293989298975,Bu…
laut bu…,5.902597213178706,0.12454662017842255,0.0036626144862939108,-0.060642731974977604,-0.011239293989298975,laut bu…
+2577,5.8575319919336115,0.12180134543902138,0.004588438124842022,-0.060212678433879355,-0.010559581180619393,+2577
bu… +2577,5.8575319919336115,0.12180134543902138,0.004588438124842022,-0.060212678433879355,-0.010559581180619393,bu… +2577
+2577 char+s,5.805840642660333,0.11890502233784847,0.005595040627461992,-0.05978654785171898,-0.009841229406848808,+2577 char+s
wetter hochwasser,28.951820947495552,-0.05559560370384685,-0.0502023751976086,0.07516228191331072,-0.026066419199666572,wetter hochwasser
norden groß+er+en,33.494651844832184,-0.03829934106821182,-0.028891050557689358,0.037533268737608635,-0.0018701438925754906,norden groß+er+en
sie hochwasser,13.698834016596448,-0.010389622024578835,-0.025295000050735744,0.03307005336619002,-0.016189422684657614,sie hochwasser
deutschland+s hochwasser,23.72718601172563,-0.03684822624002123,-0.03617859350792956,0.0512300474832947,-0.015471430366644449,deutschland+s hochwasser
sturm+flut nacht,22.15395136413556,-0.007402452555745198,-0.007800131875586888,-0.000839997779282758,0.01212686446311516,sturm+flut nacht
freitag zunächst,17.35815301688384,-0.000982694897442678,-0.008187008651825539,0.0005059833251857275,0.006714933166906224,freitag zunächst
zunächst groß+er+en,22.87454194857618,-0.007270151858444074,-0.023645666409335683,0.021021656151731617,-0.003403668622391935,zunächst groß+er+en
verzeichneten,6.801887406729574,0.04663868815173095,0.007795709653873804,-0.02730392025347631,-0.0020084979404362056,verzeichneten
hamburg verzeichn+eten,6.801887406729574,0.04663868815173095,0.007795709653873804,-0.02730392025347631,-0.0020084979404362056,hamburg verzeichn+eten
Lagezentr…,6.524314674914714,0.05041204537641006,0.009945950522404427,-0.03139411529780952,-0.0011962918202787296,Lagezentr…
verzeichn+eten lagezentr…,6.524314674914714,0.05041204537641006,0.009945950522404427,-0.03139411529780952,-0.0011962918202787296,verzeichn+eten lagezentr…
+956,6.365515076126887,0.05254894965053078,0.011105383986364218,-0.03359537112259531,-0.0008463982463885363,+956
lagezentr… +956,6.365515076126887,0.05254894965053078,0.011105383986364218,-0.03359537112259531,-0.0008463982463885363,lagezentr… +956
+956 char+s,6.304412579917391,0.05337055976579987,0.011540927947870276,-0.034421371427790025,-0.0007313775512961664,+956 char+s
schaden wilhelmshaven/husum,9.631529829140797,0.012669349332987166,-0.01371339890398379,0.012824132680079472,-0.01349213841137228,schaden wilhelmshaven/husum
wilhelmshaven/husum norden,13.930402440832912,0.013120611546496245,-0.0004766644653592025,-0.013776419666532475,0.009622292245438428,wilhelmshaven/husum norden
Trotz,12.196051683132943,0.007831577627003665,-0.010339585087696428,0.005635903247747881,-0.0037305838738185527,Trotz
hinzu+füg+en trotz,12.196051683132943,0.007831577627003665,-0.010339585087696428,0.005635903247747881,-0.0037305838738185527,hinzu+füg+en trotz
trotz hochwasser,13.698834016596448,-0.010389622024578835,-0.025295000050735744,0.03307005336619002,-0.016189422684657614,trotz hochwasser
sturm+flut komm+t,15.009048932039201,0.009592435730851502,-0.0017439839747110336,-0.011525534086341296,0.010063221283636058,sturm+flut komm+t
komm+t nordsee,11.721262345745409,0.19628705553537387,-0.03678233509379909,-0.060741874980131574,-0.03186724404544867,komm+t nordsee
nordsee zunächst,10.520832994197407,0.11025915830730824,-0.013115198906464951,-0.041665434879896476,-0.01043741035230056,nordsee zunächst
groß+er+en problem+en,8.58994463061312,0.06527299422644103,-0.000861689765289563,-0.030255312677880147,-0.003581773914539903,groß+er+en problem+en
doch tag,7.826879191273525,0.04643201739823429,-0.010505560080972913,-0.0040347645046029095,-0.016356920434208923,doch tag
tag hochwasser,7.7506999957415905,-0.011359947886122584,-0.06535376171842028,0.09631318254214456,-0.07326518294103145,tag hochwasser
kommen.…,7.204504266293594,0.030675819529580962,-0.022456652844933297,0.02269106637763284,-0.0313551619159517,kommen.…
hochwasser kommen.…,7.204504266293594,0.030675819529580962,-0.022456652844933297,0.02269106637763284,-0.0313551619159517,hochwasser kommen.…
+1117,6.951692969864858,0.041004429067411884,-0.011618918253764739,0.0032592362513070424,-0.021343801997843335,+1117
kommen.… +1117,6.951692969864858,0.041004429067411884,-0.011618918253764739,0.0032592362513070424,-0.021343801997843335,kommen.… +1117
+1117 chars,6.828916474129088,0.044682131757871994,-0.007727512633410488,-0.003714702869709271,-0.017919986933249303,+1117 chars
hochwasser schnee,9.069247941190785,0.017046661291563528,-0.011431909047755031,0.008756897187276357,-0.01286774334439527,hochwasser schnee
schnee norden,9.620389820758664,0.020709105190351493,-0.005418288769022407,-0.002935877628721075,-0.004995896788968025,schnee norden
schaden hochwasser,8.765093999664535,-0.023419673247369793,-0.0547766887433337,0.08598521130315834,-0.058507118412411775,schaden hochwasser
sturm+flut schnee,35.83539635048561,-0.029491689571537492,-0.018283615614784466,0.017965335686261796,0.01002205751702262,sturm+flut schnee
Wettertechnisch,35.56793931857206,-0.025190583406374752,-0.01405670307650267,0.010064625403723758,0.014196108173674405,Wettertechnisch
schnee wetter+technisch,35.56793931857206,-0.025190583406374752,-0.01405670307650267,0.010064625403723758,0.014196108173674405,schnee wetter+technisch
wetter+technisch los,26.517412019190175,-0.020040655957135153,-0.0159857964631645,0.014264166866731964,0.007182554038359246,wetter+technisch los
los norden,30.672779005351863,-0.027117028232871678,-0.0195709903119111,0.020648575607913045,0.0061151071786529135,los norden
schaden geb,13.374048129345766,-0.018069242010980775,-0.03401728535754741,0.04881474546539376,-0.02570619778000382,schaden geb
geb bislang,12.54015596730052,-0.0018337923827095248,-0.019390576154869735,0.022504976852907397,-0.01231007047120284,geb bislang
Behörden,19.777987758409928,-0.013841381108264073,-0.017601612772274455,0.01794007289478384,-0.00014610983466932455,Behörden
was behörde+n,19.69314834778456,-0.009542566853291468,-0.013302798517302004,0.009897713819693683,0.004152704420302923,was behörde+n
Wetterdienste,15.184645627365807,0.005172490484425195,-0.005937741987035553,-0.003440710130683568,0.006039771525916903,Wetterdienste
behörde+n wetter+dienst+e,15.184645627365807,0.005172490484425195,-0.005937741987035553,-0.003440710130683568,0.006039771525916903,behörde+n wetter+dienst+e
wetter+dienst+e lage,11.929199397813063,0.018119169450547548,-0.00045472536934496104,-0.013324699263838334,0.005844730946708013,wetter+dienst+e lage
weiteren,12.326895733745655,0.017556228387059586,7.48601968286638e-05,-0.014468700066282033,0.007213184266026741,weiteren
lage weit+er+en,12.326895733745655,0.017556228387059586,7.48601968286638e-05,-0.014468700066282033,0.007213184266026741,lage weit+er+en
weit+er+en entwicklung,12.788611269005788,0.016519428157812713,0.0002338966084149016,-0.01489926542961213,0.008287308775203008,weit+er+en entwicklung
entwicklung sag+en,13.545446364942254,0.013563779377776959,-0.0009272043218727427,-0.012810521597721253,0.008493469188733083,entwicklung sag+en
Wetterdien…,6.906833486061266,0.04289710230518196,0.004544171205882206,-0.020919890851852415,-0.004857573250346383,Wetterdien…
behörde+n wetterdien…,6.906833486061266,0.04289710230518196,0.004544171205882206,-0.020919890851852415,-0.004857573250346383,behörde+n wetterdien…
+2090,6.685077706994085,0.04644152524340027,0.006851566300795577,-0.02533254524574381,-0.003567463239431897,+2090
wetterdien… +2090,6.685077706994085,0.04644152524340027,0.006851566300795577,-0.02533254524574381,-0.003567463239431897,wetterdien… +2090
+2090 char+s,6.593294065447019,0.04785347876405079,0.007730644374698304,-0.027013111289770537,-0.003127981704300035,+2090 char+s
wetter nach,17.84211043728031,0.0017601079122325297,-0.00454487185697998,-0.00656862624200107,0.011026086120245481,wetter nach
norden sorg+t,12.229855270791823,0.019509278487420692,0.0018272172799001004,-0.017880518339653474,0.008811648745742902,norden sorg+t
sorg+t schnee,11.260142148242036,0.023721977925275504,0.003352905126592019,-0.020606634759740398,0.00826799617494254,sorg+t schnee
Glätte-Unfälle,12.229855270791823,0.019509278487420692,0.0018272172799001004,-0.017880518339653474,0.008811648745742902,Glätte-Unfälle
schnee glätte+-+unfall+e,12.229855270791823,0.019509278487420692,0.0018272172799001004,-0.017880518339653474,0.008811648745742902,schnee glätte+-+unfall+e
Erst,31.47229923469421,-0.020873043443382408,-0.012545588118726326,0.007444191532965755,0.013701289542101662,Erst
glätte+-+unfall+e erst,17.84211043728031,0.0017601079122325297,-0.00454487185697998,-0.00656862624200107,0.011026086120245481,glätte+-+unfall+e erst
erst sturm+flut,44.516702126208074,-0.0326376712220159,-0.016652145112430686,0.014544839573020588,0.015039582684725487,erst sturm+flut
geb zahlreich+e,13.222470558593312,0.015644157673115736,0.0004319699407005186,-0.015393204554643096,0.009304013586310746,geb zahlreich+e
zahlreich+e unfall+e,12.581251104947995,0.01809364914696258,0.001315694385945723,-0.016967977275097475,0.00899268008786765,zahlreich+e unfall+e
unfall+e wegen,12.182669861062754,0.019703589030932646,0.001897474974364213,-0.01800591365410563,0.008786736160705586,unfall+e wegen
wegen glätte,26.831066574112352,-0.012053416927520759,-0.01139480299569336,0.002862676105231328,0.013207238852296006,wegen glätte
hin+zu+füg+en erst,17.84211043728031,0.0017601079122325297,-0.00454487185697998,-0.00656862624200107,0.011026086120245481,hin+zu+füg+en erst
zu…,6.604302915401856,0.0543945669783369,0.014624497376268055,-0.040926069106918005,0.004056978604494636,zu…
wetter+dienst+e zu…,6.604302915401856,0.0543945669783369,0.014624497376268055,-0.040926069106918005,0.004056978604494636,wetter+dienst+e zu…
+3796,6.53256158348738,0.05509481247360388,0.014885291734565894,-0.04139954383797732,0.003955074560654203,+3796
zu… +3796,6.53256158348738,0.05509481247360388,0.014885291734565894,-0.04139954383797732,0.003955074560654203,zu… +3796
+3796 chars,6.450970064128729,0.055904728306205395,0.01518712932519361,-0.04194770446872589,0.003836862586983004,+3796 chars
der winter,6.133833661327504,0.0591983460776604,0.016416787228662286,-0.04418273958352061,0.003352254680040917,der winter
winter deutschland,6.300814639394424,0.057434398106681786,0.015757784993838668,-0.042984558881684336,0.0036125733350867444,winter deutschland
schneit,25.23329989414557,-0.0157973762123145,0.0022198220808560187,-0.0010492981517478198,0.009385317964148482,schneit
deutschland schnei+t,17.352930504563112,0.0029876463445797506,-0.004107020491502192,-0.007341862747012473,0.01087657307615575,deutschland schnei+t
Live-Karten,6.634025059154941,0.05410764191249111,0.014517682969886342,-0.040732186329363256,0.004098653429659007,Live-Karten
schnei+t live+-+karte+n,6.634025059154941,0.05410764191249111,0.014517682969886342,-0.040732186329363256,0.004098653429659007,schnei+t live+-+karte+n
live+-+karte+n zeig+en,6.826126150595847,0.05229651894598591,0.013844065386860432,-0.03951001523199198,0.0043606421563624044,live+-+karte+n zeig+en
zeig+en wetter+lage,7.026473192743432,0.05048353099417478,0.01317081316335895,-0.03828944293222186,0.004621066346559521,zeig+en wetter+lage
wetter+lage der,7.255902784634635,0.04849558845808548,0.012433804079520477,-0.03695437185985182,0.0049045398794062365,wetter+lage der
Jahreswechsel,12.689060405001916,0.01767008088913103,0.0011627557188498758,-0.016695283916722432,0.009046687909218639,Jahreswechsel
wetter jahr+es+wechsel,12.689060405001916,0.01767008088913103,0.0011627557188498758,-0.016695283916722432,0.009046687909218639,wetter jahr+es+wechsel
umgeschlagen,13.558916071978775,0.014422548308305303,-8.113887258124244e-06,-0.014609834082694464,0.009458395466628834,umgeschlagen
jahr+es+wechsel um+ge+schlag+en,13.558916071978775,0.014422548308305303,-8.113887258124244e-06,-0.014609834082694464,0.009458395466628834,jahr+es+wechsel um+ge+schlag+en
ganz,23.3337298767652,-0.006408858049964669,-0.009425672816440833,-0.00045930096311821864,0.012346843850671141,ganz
um+ge+schlag+en ganz,15.009048932039198,0.009592435730851723,-0.0017439839747110336,-0.011525534086340735,0.010063221283636717,um+ge+schlag+en ganz
ganz deutschland,12.842572232694039,0.017075330846219032,0.0009480959275562354,-0.016312653355766066,0.009122400667373114,ganz deutschland
norden geb+t,24.15276024498015,-0.010871131423951146,-0.009026616463118678,0.00130889161655978,0.012536998363329686,norden geb+t
wie lage,19.72264410385575,-0.0025673217343082744,-0.006085139945365956,-0.0038535779394565433,0.011549240899905607,wie lage
entwickelt,18.46927627166662,0.00025111306271884197,-0.005082549895607693,-0.005619958357743942,0.011209198307159733,entwickelt
lage entwickel+t,18.46927627166662,0.00025111306271884197,-0.005082549895607693,-0.005619958357743942,0.011209198307159733,lage entwickel+t
entwickel+t zeig+en,9.725014634875885,0.03152079816231963,0.006191289361284293,-0.02569484387599815,0.007241078887730919,entwickel+t zeig+en
zeig+en interaktiv+e,9.240622275430573,0.034342653237086865,0.00722283639681745,-0.02754911982436771,0.006862608824882121,zeig+en interaktiv+e
Karten,8.59665862922711,0.038428776058024444,0.008720879964070189,-0.030246548486135696,0.006307753443457033,Karten
interaktiv+e karte+n,8.59665862922711,0.038428776058024444,0.008720879964070189,-0.030246548486135696,0.006307753443457033,interaktiv+e karte+n
ze…,9.725014634875885,0.03152079816231963,0.006191289361284293,-0.02569484387599815,0.007241078887730919,ze…
entwickel+t ze…,9.725014634875885,0.03152079816231963,0.006191289361284293,-0.02569484387599815,0.007241078887730919,entwickel+t ze…
+2027,9.36899499178768,0.033575189645716534,0.006942044266731312,-0.027044117232769203,0.006965916911045048,+2027
ze… +2027,9.36899499178768,0.033575189645716534,0.006942044266731312,-0.027044117232769203,0.006965916911045048,ze… +2027
+2027 chars,9.00401891531255,0.03579665659309067,0.007755308853256779,-0.0285072935175494,0.006666106716359385,+2027 chars
jahr+e sturm+flut,24.762533789152943,-0.011853107529319751,-0.009373255825791738,0.001915259778451127,0.012652488024657273,jahr+e sturm+flut
1976,30.107939826950517,-0.019262383313820113,-0.011980652385414575,0.00646231400028376,0.013515541254202009,1976
sturm+flut 1976,30.107939826950517,-0.019262383313820113,-0.011980652385414575,0.00646231400028376,0.013515541254202009,sturm+flut 1976
1976 sturm+flut,24.762533789152943,-0.011853107529319751,-0.009373255825791738,0.001915259778451127,0.012652488024657273,1976 sturm+flut
1976 zeig+t,12.4259320572799,0.01871263988855259,0.0015392884259264222,-0.01736677089629867,0.008913623858778759,1976 zeig+t
zeig+t bedeutung,11.46921678357072,0.0171453957879446,-0.002813363408153231,-0.02612174859416153,0.02431759809804758,zeig+t bedeutung
Küstenschutzes,10.365391831147551,-0.016937223794029278,-0.041705969671029984,-0.07269094168556628,0.12654839592560865,Küstenschutzes
bedeutung küste+n+schutz+es,10.365391831147551,-0.016937223794029278,-0.041705969671029984,-0.07269094168556628,0.12654839592560865,bedeutung küste+n+schutz+es
küste+n+schutz+es vor,10.050545686791926,0.013908394449420776,-0.010860351427579776,-0.041845323442116285,0.05156711301026019,küste+n+schutz+es vor
vor jahr+en,18.039411221764674,-0.00923735060614111,-0.015542330375353505,-0.017566084760375262,0.040244482635180163,vor jahr+en
brachen,19.70650516255759,-0.015219183878423973,-0.019122792093896186,-0.017478464284506882,0.046517313393341204,brachen
jahr+en brech+en,19.70650516255759,-0.015219183878423973,-0.019122792093896186,-0.017478464284506882,0.046517313393341204,jahr+en brech+en
brech+en deich+e,22.85072940494457,-0.03836961908956023,-0.03876729840940188,-0.03180716431309777,0.09143444116135216,brech+en deich+e
deich+e sturm+flut,44.516702126208074,-0.0326376712220159,-0.016652145112430686,0.014544839573020588,0.015039582684725487,deich+e sturm+flut
sturm+flut schleswig-holstein,24.15276024498015,-0.010871131423951146,-0.009026616463118678,0.00130889161655978,0.012536998363329686,sturm+flut schleswig-holstein
was land,16.472587090615345,-0.002318647862816001,-0.011144405683305755,-0.017042544392002493,0.03192977809506657,was land
seitdem,15.895867837219054,-0.0059118396147411715,-0.015942333247673007,-0.02370084327980126,0.045974908340560706,seitdem
land seitdem,15.895867837219054,-0.0059118396147411715,-0.015942333247673007,-0.02370084327980126,0.045974908340560706,land seitdem
seitdem küste+n+schutz,15.0673559219597,-0.05447305042374829,-0.06772081247137593,-0.08047535620100078,0.17191240711677616,seitdem küste+n+schutz
gelernt,13.50249807539791,-0.009896418195233627,-0.025259252788606426,-0.04132054014721306,0.0761368647034971,gelernt
küste+n+schutz ge+lern+t,13.50249807539791,-0.009896418195233627,-0.025259252788606426,-0.04132054014721306,0.0761368647034971,küste+n+schutz ge+lern+t
ge+lern+t warum,12.41631799547719,0.004406664280791965,-0.013274422957196025,-0.0329806227019236,0.0487562920284829,ge+lern+t warum
warum heute,7.310322806917631,0.0381413660473518,0.0019606926845890673,-0.04762412194093967,0.03314525479791587,warum heute
wichtiger,7.180194234933418,0.039420405669238406,0.0025486058357183723,-0.04818052542018618,0.03251888805486734,wichtiger
heute wichtig+er,7.180194234933418,0.039420405669238406,0.0025486058357183723,-0.04818052542018618,0.03251888805486734,heute wichtig+er
heute…,7.35869460908504,0.037341062976817614,0.0013992769420759627,-0.04779048759609951,0.0343029228355879,heute…
warum heute…,7.35869460908504,0.037341062976817614,0.0013992769420759627,-0.04779048759609951,0.0343029228355879,warum heute…
+1765,7.173665972086023,0.040330023458929484,0.0034582236254095105,-0.04727090763049527,0.030120836920549152,+1765
heute… +1765,7.173665972086023,0.040330023458929484,0.0034582236254095105,-0.04727090763049527,0.030120836920549152,heute… +1765
+1765 char+s,7.048176059965855,0.042261640895174764,0.004734018063449935,-0.04708289784079238,0.027625025854527214,+1765 char+s
Winterwetter,91.01714790034346,-0.02916272952642048,-0.028638299787673953,0.021143039001364137,0.013991154963369105,Winterwetter
winter+wetter sturm+flut,44.516702126208074,-0.0326376712220159,-0.016652145112430686,0.014544839573020588,0.015039582684725487,winter+wetter sturm+flut
sturm+flut freitag,33.888743282506276,-0.023506088584373065,-0.013467700720814237,0.009044267001119115,0.014003580967078379,sturm+flut freitag
freitag flensburg,27.477793738649357,-0.01586014437948234,-0.010785136244240389,0.004380543501044779,0.013121028974795865,freitag flensburg
flensburg erwart+et,24.21790795308518,-0.01097763136150804,-0.009064223376613724,0.001374697314806346,0.012549536745894953,flensburg erwart+et
thema winter+wetter,26.579876231545708,0.010220864001676093,-0.015259349005119948,-0.0014990471384833206,0.007965140411240235,thema winter+wetter
flensburg wegen,19.127033273796076,-0.0012590249802569792,-0.005620013219536277,-0.004672627357935354,0.011391709973584851,flensburg wegen
Oststurms,39.70403479716964,-0.028915994535789375,-0.015356802445207597,0.012312121683549474,0.014619586726698728,Oststurms
erwart+et+en ost+sturm+s,39.70403479716964,-0.028915994535789375,-0.015356802445207597,0.012312121683549474,0.014619586726698728,erwart+et+en ost+sturm+s
ost+sturm+s sturm+flut,44.516702126208074,-0.0326376712220159,-0.016652145112430686,0.014544839573020588,0.015039582684725487,ost+sturm+s sturm+flut
Prognose,20.276374964505102,-0.014922700265727267,0.003239217508643303,0.0047615237379235505,0.0005322390292560812,Prognose
nach prognose,18.042483566601934,0.0012703223508580546,-0.0047194582810753324,-0.006260485164663683,0.011085602021826261,nach prognose
prognose bund+es+amt+s,15.934526293143588,0.006828188497391775,-0.002734446163773552,-0.009769808890277676,0.010405491538495288,prognose bund+es+amt+s
dänischen,7.190042125735361,0.04905702632197856,0.012641823174285775,-0.03733107619686128,0.004824699768178596,dänischen
bsh dänisch+en,7.190042125735361,0.04905702632197856,0.012641823174285775,-0.03733107619686128,0.004824699768178596,bsh dänisch+en
Meteorologischen,6.988075913293522,0.050825253756461845,0.013297630924737163,-0.03851928497950519,0.00457211933595349,Meteorologischen
dänisch+en meteorologisch+en,6.988075913293522,0.050825253756461845,0.013297630924737163,-0.03851928497950519,0.00457211933595349,dänisch+en meteorologisch+en
Institu…,6.695342267853404,0.053521483012866716,0.014299554747376955,-0.040336325913751546,0.004183646336229691,Institu…
meteorologisch+en institu…,6.695342267853404,0.053521483012866716,0.014299554747376955,-0.040336325913751546,0.004183646336229691,meteorologisch+en institu…
+935,6.5466266318151565,0.05495666164084522,0.014833827251492952,-0.04130609865596893,0.003975201172494492,+935
institu… +935,6.5466266318151565,0.05495666164084522,0.014833827251492952,-0.04130609865596893,0.003975201172494492,institu… +935
+935 char+s,6.4776485124949925,0.05563829532024998,0.015087812175548616,-0.04176731651922003,0.0038757913595290315,+935 char+s
erwart+et flensburg,11.549808636576845,0.02241315352571826,0.0028783366578330467,-0.019757983990918805,0.008437704416461078,erwart+et flensburg
flensburg lno,8.89464253577544,0.036486871588624,0.008008301249305348,-0.028962787362986055,0.0065724669526650336,flensburg lno
lno flensburg,11.549808636576845,0.02241315352571826,0.0028783366578330467,-0.019757983990918805,0.008437704416461078,lno flensburg
wasser flensburg,6.450970064128729,0.055904728306205395,0.01518712932519361,-0.04194770446872589,0.003836862586983004,wasser flensburg
flensburg kai+kante,6.220284539192443,0.05827657242252681,0.01607229038243017,-0.04355627736398521,0.0034885128515104646,flensburg kai+kante
treten,6.123415783104663,0.05931069219682496,0.016458793629528238,-0.04425914355006079,0.0033356136358934237,treten
kai+kante tret+en,6.123415783104663,0.05931069219682496,0.016458793629528238,-0.04425914355006079,0.0033356136358934237,kai+kante tret+en
Oberbürgermeister,6.042951549216887,0.06018782413804386,0.01678689680585189,-0.044856037870539565,0.0032054364224801224,Oberbürgermeister
Geyer,5.878603230510223,0.06203304633380436,0.017477951217379478,-0.04611390915977953,0.0029301056880730123,Geyer
oberbürgermeister geyer,5.878603230510223,0.06203304633380436,0.017477951217379478,-0.04611390915977953,0.0029301056880730123,oberbürgermeister geyer
setzt,5.8283217654050254,0.062612603166379,0.017695232075714627,-0.04650959922166885,0.002843212651739927,setzt
geyer setz+t,5.8283217654050254,0.062612603166379,0.017695232075714627,-0.04650959922166885,0.002843212651739927,geyer setz+t
Besonnenheit,5.748893132859263,0.06354308624326915,0.018044309592585826,-0.047145494274657196,0.0027032869659915854,Besonnenheit
setz+t besonnenheit,5.748893132859263,0.06354308624326915,0.018044309592585826,-0.047145494274657196,0.0027032869659915854,setz+t besonnenheit
erwartete…,5.446234444819044,0.06726807023721125,0.019444628800644643,-0.049698713215525867,0.0021379162717106966,erwartete…
wegen erwartete…,5.446234444819044,0.06726807023721125,0.019444628800644643,-0.049698713215525867,0.0021379162717106966,wegen erwartete…
+1055,5.377646456581359,0.06815457070515497,0.019778564837832607,-0.05030813025879998,0.00200212563841591,+1055
erwartete… +1055,5.377646456581359,0.06815457070515497,0.019778564837832607,-0.05030813025879998,0.00200212563841591,erwartete… +1055
+1055 char+s,5.344918495296678,0.06858345456903517,0.019940214887820853,-0.050603208942689604,0.0019362585009882515,+1055 char+s
winter+wetter bsh,23.593038213269143,-0.00993988872929465,-0.008697651922486052,0.0007330446477815197,0.012427226163156132,winter+wetter bsh
bsh wegen,17.114773460898164,0.0036022974419447416,-0.0038876243976322974,-0.007729546282435282,0.010801519414929581,bsh wegen
ost+sturm+s sturm+flut+warnung,44.516702126208074,-0.0326376712220159,-0.016652145112430686,0.014544839573020588,0.015039582684725487,ost+sturm+s sturm+flut+warnung
Lübecker,11.401374103301924,0.023078157175371164,0.0031193979792731256,-0.02018898720673497,0.008351568657625041,Lübecker
sturm+flut+warnung lübecker,11.401374103301924,0.023078157175371164,0.0031193979792731256,-0.02018898720673497,0.008351568657625041,sturm+flut+warnung lübecker
lübecker kieler,9.649378498865634,0.03194846463646845,0.006347469353343887,-0.025975418737324965,0.007183962126912461,lübecker kieler
herausgegeben,8.841968283081354,0.036823495216524484,0.008131741112792768,-0.02918508702015897,0.0065267132597321195,herausgegeben
bucht heraus+ge+geb+en,8.841968283081354,0.036823495216524484,0.008131741112792768,-0.02918508702015897,0.0065267132597321195,bucht heraus+ge+geb+en
sie gelt,8.035384127397789,0.042354836594437145,0.010165126762264763,-0.03285208071091099,0.005766773752056442,sie gelt
gelt freitag+abend,7.775802087926841,0.04430313142694883,0.01088362413673155,-0.03415006608724035,0.005495370360973413,gelt freitag+abend
+528,7.16866506434666,0.04924082837075525,0.012709945816178389,-0.03745446028861558,0.004798524593567352,+528
+528 char+s,7.065826129591689,0.05013604806391315,0.013041896162661161,-0.03805583079482178,0.004670772410637061,+528 char+s
Flensburg/Kiel/Lübeck,11.714713107655733,0.08773377860067738,-0.01129837711662985,-0.0339346977653818,-0.005739009358001961,Flensburg/Kiel/Lübeck
ostsee flensburg/kiel/lübeck,11.714713107655733,0.08773377860067738,-0.01129837711662985,-0.0339346977653818,-0.005739009358001961,ostsee flensburg/kiel/lübeck
flensburg/kiel/lübeck lno,9.352249673734628,0.05811377967146523,0.0019007643128073634,-0.03248187506830942,0.0017308519090837322,flensburg/kiel/lübeck lno
sturm+flut+warnung kopier+e,11.401374103301924,0.023078157175371164,0.0031193979792731256,-0.02018898720673497,0.008351568657625041,sturm+flut+warnung kopier+e
der bsh,13.63021970302075,0.014168926425067875,-9.94272558190183e-05,-0.014447363254570893,0.009490374345733698,der bsh
warn+t kieler,7.278455044642925,0.048304996546419086,0.012363210511677573,-0.036826554026498044,0.004931604317010346,warn+t kieler
bucht flensburg,11.714713107655733,0.08773377860067738,-0.01129837711662985,-0.0339346977653818,-0.005739009358001961,bucht flensburg
flensburg wasser+stand+e,6.604302915401856,0.0543945669783369,0.014624497376268055,-0.040926069106918005,0.004056978604494636,flensburg wasser+stand+e
"1,20",6.373854725906523,0.05668384880143533,0.015477691342956772,-0.04247556065290383,0.003722791360128213,"1,20"
"wasser+stand+e 1,20",6.373854725906523,0.05668384880143533,0.015477691342956772,-0.04247556065290383,0.003722791360128213,"wasser+stand+e 1,20"
"1,20 meter",6.312720473648203,0.057311203532817524,0.01571179805078223,-0.042900978713064086,0.0036306867091743006,"1,20 meter"
Normalwert,6.187199994078521,0.05862713662393141,0.01620327491950204,-0.043794443177602255,0.0034367501061725488,Normalwert
meter normalwert,6.187199994078521,0.05862713662393141,0.01620327491950204,-0.043794443177602255,0.0034367501061725488,meter normalwert
normalwert erwart+et,11.260142148242036,0.023721977925275504,0.003352905126592019,-0.020606634759740398,0.00826799617494254,normalwert erwart+et
bedeutet,5.90453749833161,0.061736928022616266,0.01736697656206226,-0.04591184842513907,0.002974425814874641,bedeutet
was bedeut+et,5.90453749833161,0.061736928022616266,0.01736697656206226,-0.04591184842513907,0.002974425814874641,was bedeut+et
+674,5.68895095021367,0.064257776371671,0.018312624686136345,-0.04763442763602638,0.002595460774991931,+674
bundesamt… +674,5.68895095021367,0.064257776371671,0.018312624686136345,-0.04763442763602638,0.002595460774991931,bundesamt… +674
+674 char+s,5.652982659543717,0.0646919190108826,0.01847569657479072,-0.04793165022534066,0.0025298115477828,+674 char+s
Wintereinbruch,13.289773634817948,0.015396430574235242,0.000342691756718513,-0.015234239174101166,0.009335367468837449,Wintereinbruch
winter+einbruch deutschland,14.71478244514177,0.010520093901414883,-0.001411111382900665,-0.012116276270030967,0.009947737341103415,winter+einbruch deutschland
deutschland zwei,9.803110673778402,0.031084016821419064,0.006031838101719969,-0.025408455231608014,0.007299324585263373,deutschland zwei
Dutzend,10.23577215147023,0.028748279904219503,0.005180135812113588,-0.0238798116550475,0.0076093000515821425,Dutzend
zwei dutzend,10.23577215147023,0.028748279904219503,0.005180135812113588,-0.0238798116550475,0.0076093000515821425,zwei dutzend
Lkw,11.125539385010184,0.024345948132266357,0.0035793298677040206,-0.021011755606710807,0.008186829796992002,Lkw
dutzend lkw,11.125539385010184,0.024345948132266357,0.0035793298677040206,-0.021011755606710807,0.008186829796992002,dutzend lkw
steckten,11.706091641048928,0.02172549400193552,0.0026291998370814944,-0.019312709473888395,0.008526576962919872,steckten
lkw steck+ten,11.706091641048928,0.02172549400193552,0.0026291998370814944,-0.019312709473888395,0.008526576962919872,lkw steck+ten
steck+ten fest,16.48577770288453,0.005282701235276989,-0.0032872811294389374,-0.008791175136086883,0.010595673031603399,steck+ten fest
fest sturm+flut+-+warnung,24.762533789152943,-0.011853107529319751,-0.009373255825791738,0.001915259778451127,0.012652488024657273,fest sturm+flut+-+warnung
sturm+flut+-+warnung ost+see+küste,28.43804808680617,0.17194251499850405,-0.05953374140601533,-0.044902314356156416,-0.014305884168582575,sturm+flut+-+warnung ost+see+küste
ost+see+küste meteorologe+n,10.227255379212682,0.09029031331140946,-0.01159264728160026,-0.041636809757361566,0.0023060512771139047,ost+see+küste meteorologe+n
streiten,9.216211587505768,0.07131468029700999,-0.00309193663913546,-0.038622068195688086,0.004585141213812628,streiten
meteorologe+n streit+en,9.216211587505768,0.07131468029700999,-0.00309193663913546,-0.038622068195688086,0.004585141213812628,meteorologe+n streit+en
Ausmaß,8.482746637134978,0.06472931760146719,0.0016718391124704017,-0.03853139107332125,0.004981874640417029,Ausmaß
streit+en ausmaß,8.482746637134978,0.06472931760146719,0.0016718391124704017,-0.03853139107332125,0.004981874640417029,streit+en ausmaß
Elli,22.44643914491862,0.016727675322852655,0.02572918107599563,-0.02067516019756418,-0.005956736442156576,Elli
ausmaß elli,8.014708810673422,0.06262064243234172,0.004381075950336182,-0.03915792373892075,0.004925973618823271,ausmaß elli
Verkehrsminister,21.771567704529765,0.0517711808594406,-0.02311904371175709,-0.017487686703285356,0.0076457847079139905,Verkehrsminister
elli verkehr+s+minister,7.756899898738339,0.06202912596447608,0.005803077801787853,-0.03970702216769617,0.004819027676656087,elli verkehr+s+minister
mahnt,19.15139920107031,0.031264831547642584,-0.014644226655074826,-0.014029017784768266,0.009867806692205326,mahnt
verkehr+s+minister mahn+t,19.15139920107031,0.031264831547642584,-0.014644226655074826,-0.014029017784768266,0.009867806692205326,verkehr+s+minister mahn+t
Vorsicht,18.17611153373609,0.027470575048330236,-0.01224687854326037,-0.01379440804838369,0.010077778452926706,Vorsicht
mahn+t vorsicht,18.17611153373609,0.027470575048330236,-0.01224687854326037,-0.01379440804838369,0.010077778452926706,mahn+t vorsicht
Streusalz,17.207211951246354,0.025009674026718276,-0.01008268933730548,-0.013960809500299279,0.010111843066242073,Streusalz
vorsicht streu+salz,17.207211951246354,0.025009674026718276,-0.01008268933730548,-0.013960809500299279,0.010111843066242073,vorsicht streu+salz
streu+salz knapp,16.154369500873997,0.023529120134021614,-0.007894661019531152,-0.01453697710651644,0.010005399136046303,streu+salz knapp
knapp wetter+dienst,15.683894554887098,0.023215361343111453,-0.006953989686512015,-0.01491853456498188,0.00991913973132539,knapp wetter+dienst
starkem,14.574935926792234,0.023235052669575217,-0.004788833451618604,-0.016111509319573086,0.009636377109979636,starkem
warn+t stark+em,14.574935926792234,0.023235052669575217,-0.004788833451618604,-0.016111509319573086,0.009636377109979636,warn+t stark+em
Schneefall,14.253445468092233,0.023428730649541284,-0.00416828649363066,-0.016534425547759496,0.009535308717124748,Schneefall
stark+em schnee+fall,14.253445468092233,0.023428730649541284,-0.00416828649363066,-0.016534425547759496,0.009535308717124748,stark+em schnee+fall
schnee+fall freitag,13.750572586987065,0.023894339471634538,-0.003198380999902494,-0.017266668483082198,0.009360963369120743,schnee+fall freitag
freitag der,13.430222791547523,0.024293032555492165,-0.0025788966453285725,-0.01777903911882877,0.009239715562776302,freitag der
Newsblog,16.45014439478152,0.008799897497866463,0.008829326307768198,-0.015174436184359607,0.006432533283183216,Newsblog
der newsblog,16.45014439478152,0.008799897497866463,0.008829326307768198,-0.015174436184359607,0.006432533283183216,der newsblog
Winterwetters,12.7647964761787,0.02537339638926487,-0.0012812841996781685,-0.018961657445398843,0.00896256543637587,Winterwetters
wegen winter+wetter+s,12.7647964761787,0.02537339638926487,-0.0012812841996781685,-0.018961657445398843,0.00896256543637587,wegen winter+wetter+s
winter+wetter+s bleib+en,12.430537551000086,0.026045037212397416,-0.0006208015505910374,-0.01961844348984609,0.008810265805523602,winter+wetter+s bleib+en
Schulen,41.83695063307007,-0.026964519845502185,-0.019070890263261635,0.010134283188661657,0.019208863762613545,Schulen
bleib+en schule+n,12.16945885170423,0.026630304924914836,-9.944441572121782e-05,-0.02016194436692131,0.00868505829262748,bleib+en schule+n
schule+n ganz,11.947939624980304,0.02716913318872045,0.0003473545808837952,-0.02064477499708375,0.008574414504614302,schule+n ganz
ganz niedersachsen,11.852312755065304,0.027413850786342314,0.000541630859346269,-0.02085951270476539,0.008525374381937461,ganz niedersachsen
niedersachsen freitag,11.548237528299932,0.02824121634549597,0.0011656232467093187,-0.02156834231219417,0.008364188254172653,niedersachsen freitag
regulären,11.28821939980943,0.029009099182799307,0.0017075574259037796,-0.022206879776403985,0.008219829197164354,regulären
freitag regulär+en,11.28821939980943,0.029009099182799307,0.0017075574259037796,-0.022206879776403985,0.008219829197164354,freitag regulär+en
Schulbetrieb,11.13691936348717,0.029482070221527178,0.002026841280234996,-0.022592697080646186,0.008132959419956249,Schulbetrieb
regulär+en schul+betrieb,11.13691936348717,0.029482070221527178,0.002026841280234996,-0.022592697080646186,0.008132959419956249,regulär+en schul+betrieb
schul+betrieb ge+schließ+en,10.951674572786374,0.03008786029394472,0.0024220555458045103,-0.023079830689089857,0.008023630359802771,schul+betrieb ge+schließ+en
während schule+n,10.507604330800815,0.03166321445441419,0.003390906944086026,-0.024316780510870935,0.007747596978989862,während schule+n
Distanzunterricht,10.415724705250184,0.03201148776508204,0.0035955173672583916,-0.02458544036679389,0.0076879113461793495,Distanzunterricht
schule+n distanz+unterricht,10.415724705250184,0.03201148776508204,0.0035955173672583916,-0.02458544036679389,0.0076879113461793495,schule+n distanz+unterricht
distanz+unterricht geb+en,10.220191920841076,0.0327789580557103,0.004036154932436567,-0.025172397728129143,0.007557805825594487,distanz+unterricht geb+en
geb+en fall+t,10.097702496064782,0.033278309264379066,0.004315979777717234,-0.025550922689595964,0.007474099465764367,geb+en fall+t
Unterric…,10.000008667303321,0.03368704367552645,0.004541363530658115,-0.025858973475531878,0.007406083234898443,Unterric…
fall+t unterric…,10.000008667303321,0.03368704367552645,0.004541363530658115,-0.025858973475531878,0.007406083234898443,fall+t unterric…
+743,9.896818984919992,0.0341290247899829,0.004781636048976825,-0.02619041505549661,0.007333001426912796,+743
unterric… +743,9.896818984919992,0.0341290247899829,0.004781636048976825,-0.02619041505549661,0.007333001426912796,unterric… +743
+743 char+s,9.851313184900299,0.03432732477389849,0.0048883374364504795,-0.02633859107039998,0.007300360576618613,+743 char+s
elli schnei+t,8.948640275649609,0.03614465557673348,0.007882846530689486,-0.02873689641481298,0.006618923707610386,elli schnei+t
schnei+t deutschland,9.435988947904022,0.03318043301270791,0.006797684775736814,-0.026784562922624856,0.007018945268348411,schnei+t deutschland
deutschland flensburg,10.997054760258363,0.024951276983367004,0.003799100544079366,-0.021405102713625446,0.00810792668288655,deutschland flensburg
bereitet,12.732838429952151,0.010146705311903698,-0.006496658183763166,-0.0018368543755627566,0.0012832680351040934,bereitet
flensburg bereit+et,12.63471365198135,0.01788298724018663,0.001239623744519574,-0.016832333116404863,0.009019549963386978,flensburg bereit+et
bereit+et sturm+flut,24.762533789152943,-0.011853107529319751,-0.009373255825791738,0.001915259778451127,0.012652488024657273,bereit+et sturm+flut
weiteres,13.096487355259917,0.016112509006827074,0.0006008070446190166,-0.015693893100997103,0.009244670117356593,weiteres
sturm+flut weit+er+es,13.096487355259917,0.016112509006827074,0.0006008070446190166,-0.015693893100997103,0.009244670117356593,sturm+flut weit+er+es
Bundesliga-Spiel,11.401374103301924,0.023078157175371164,0.0031193979792731256,-0.02018898720673497,0.008351568657625041,Bundesliga-Spiel
weit+er+es bund+es+liga+-+spiel,11.401374103301924,0.023078157175371164,0.0031193979792731256,-0.02018898720673497,0.008351568657625041,weit+er+es bund+es+liga+-+spiel
abgesagt,9.649378498865634,0.03194846463646845,0.006347469353343887,-0.025975418737324965,0.007183962126912461,abgesagt
bund+es+liga+-+spiel ab+ge+sag+t,9.649378498865634,0.03194846463646845,0.006347469353343887,-0.025975418737324965,0.007183962126912461,bund+es+liga+-+spiel ab+ge+sag+t
ab+ge+sag+t deutsch+e,9.060839444105898,0.03544267403846601,0.007625616553957488,-0.028273851733985677,0.006714040366848894,ab+ge+sag+t deutsch+e
deutsch+e bahn,8.59665862922711,0.038428776058024444,0.008720879964070189,-0.030246548486135696,0.006307753443457033,deutsch+e bahn
bahn stell+t,8.377475091199099,0.03991809579657317,0.009268176797334517,-0.031233349980549496,0.006103458951845113,bahn stell+t
Fernverkehr,8.106334508650336,0.04183763894537791,0.009974593819848651,-0.032508071840584796,0.005838489779618293,Fernverkehr
stell+t fernverkehr,8.106334508650336,0.04183763894537791,0.009974593819848651,-0.032508071840584796,0.005838489779618293,stell+t fernverkehr
fernverkehr norden,7.630556856116331,0.045433670325012235,0.011301096651598083,-0.034904767462275124,0.005336969862279946,fernverkehr norden
Flugverkehr,7.3013183149621605,0.048112628491415725,0.012291970834999076,-0.03669757711819309,0.004958900987817997,Flugverkehr
norden flug+verkehr,7.3013183149621605,0.048112628491415725,0.012291970834999076,-0.03669757711819309,0.004958900987817997,norden flug+verkehr
läuft,7.046027696141962,0.050310521567969314,0.01310662140891962,-0.038173115879316946,0.004645822973113367,läuft
flug+verkehr lauf+t,7.046027696141962,0.050310521567969314,0.01310662140891962,-0.038173115879316946,0.004645822973113367,flug+verkehr lauf+t
weitgehend,6.932187806957381,0.05132744292159431,0.013484067934270028,-0.0388572407630572,0.004500070609239147,weitgehend
lauf+t weitgehend,6.932187806957381,0.05132744292159431,0.013484067934270028,-0.0388572407630572,0.004500070609239147,lauf+t weitgehend
normal,6.743058499611834,0.05307062711350787,0.014131852619837532,-0.040032045198699504,0.00424888867115325,normal
weitgehend normal,6.743058499611834,0.05307062711350787,0.014131852619837532,-0.040032045198699504,0.00424888867115325,weitgehend normal
normal dwd,6.611807205829697,0.053258939147530965,0.01853765295921212,-0.042061696937723984,0.002921350773688564,normal dwd
dwd erwart+et,12.519693100795475,0.011269883869613563,0.02967327641939018,-0.02573313469188822,0.0005684908424246785,dwd erwart+et
erwart+et sonntag,9.77726454567411,0.01807632609507731,0.053475892654072064,-0.03991542453731869,-0.0067346295180038245,erwart+et sonntag
Wintertag,9.650956963819523,0.015425247425894099,0.0653995512388278,-0.04407716477230983,-0.01041965420365353,Wintertag
sonntag winter+tag,9.650956963819523,0.015425247425894099,0.0653995512388278,-0.04407716477230983,-0.01041965420365353,sonntag winter+tag
Bilderbuch,9.479426895243435,0.0007514592621984497,0.11785836663821764,-0.06193297125518197,-0.027270979327137405,Bilderbuch
winter+tag bild+er+buch,9.479426895243435,0.0007514592621984497,0.11785836663821764,-0.06193297125518197,-0.027270979327137405,winter+tag bild+er+buch
bild+er+buch der,6.0486489320991685,0.04891938635550037,0.05733872839697193,-0.05736460605091252,-0.00891046796429565,bild+er+buch der
bild+er+buch sturm+tief,6.140626896870831,-0.049691712808100634,0.34020095279932766,-0.16627400901392658,-0.11455911476407951,bild+er+buch sturm+tief
sturm+tief elli,5.733288656987995,0.008954772062991983,0.19871598793682357,-0.1088926084994727,-0.05677716948584226,sturm+tief elli
löst,5.647650308160663,0.019165803565958334,0.17169201309469917,-0.09929689739799658,-0.04698664150078062,löst
elli lös+t,5.647650308160663,0.019165803565958334,0.17169201309469917,-0.09929689739799658,-0.04698664150078062,elli lös+t
lös+t woche+n+ende,5.498043335049607,0.03388832448771908,0.13218998904646156,-0.08612388222196603,-0.03332304572426033,lös+t woche+n+ende
woche+n+ende langsam,5.405997123970721,0.04099124191965014,0.11337544756519333,-0.08027890217121403,-0.02707980755418015,woche+n+ende langsam
samstag schnei+t,5.249628253398386,0.050366093644673274,0.08971844908200918,-0.07349605562858694,-0.019476376291251832,samstag schnei+t
diesmal,5.184256955631317,0.05353900642435179,0.08226267395990935,-0.07154793502433054,-0.01714052504886593,diesmal
schnei+t diesmal,5.184256955631317,0.05353900642435179,0.08226267395990935,-0.07154793502433054,-0.01714052504886593,schnei+t diesmal
diesmal eher,5.143865044801262,0.055334513621985236,0.07821786812043488,-0.07054480126189368,-0.01588655737671188,diesmal eher
eher süden,5.105592470656399,0.05693674590462482,0.07473040777455965,-0.06971662531081604,-0.014813351191856188,eher süden
süden norden,5.047251302387879,0.05921964519271452,0.06998191907509826,-0.0686545397594311,-0.013364823689608287,süden norden
sonntag erwart+et,4.9691036565865625,0.062028156266255505,0.0645350400312195,-0.06755351273623902,-0.011723325389091972,sonntag erwart+et
Deutsche…,4.919696878486218,0.06368356446407812,0.06154697761929037,-0.06701778824733437,-0.010833202169689991,Deutsche…
erwart+et deutsche…,4.919696878486218,0.06368356446407812,0.06154697761929037,-0.06701778824733437,-0.010833202169689991,erwart+et deutsche…
+1246,4.880106790403906,0.06495409930557342,0.05937214682810914,-0.06666598510410847,-0.010190614632003717,+1246
deutsche… +1246,4.880106790403906,0.06495409930557342,0.05937214682810914,-0.06666598510410847,-0.010190614632003717,deutsche… +1246
+1246 char+s,4.859290822258934,0.06560440418509207,0.05829993669637941,-0.06650624855794782,-0.00987561375846536,+1246 char+s
Auto,9.50498076525117,0.032777938662342986,0.006650544702969162,-0.026520062014802902,0.007072936683023557,Auto
deutschland auto,9.50498076525117,0.032777938662342986,0.006650544702969162,-0.026520062014802902,0.007072936683023557,deutschland auto
auto versink+t,9.883805468849165,0.030637718160561284,0.005868972283560558,-0.025115999730975877,0.0073587475725983885,auto versink+t
versink+t bayern,11.125539385010184,0.024345948132266357,0.0035793298677040206,-0.021011755606710807,0.008186829796992002,versink+t bayern
eisigem,12.857661857890735,0.01701739131597943,0.0009271896161061701,-0.016275394985840356,0.009129768895009665,eisigem
bayern eisig+em,12.857661857890735,0.01701739131597943,0.0009271896161061701,-0.016275394985840356,0.009129768895009665,bayern eisig+em
eisig+em wasser,15.446022576623557,0.008259375182476731,-0.002221902873769172,-0.01067797826607725,0.010228624041968445,eisig+em wasser
wasser sturm+flut+-+warnung,24.762533789152943,-0.011853107529319751,-0.009373255825791738,0.001915259778451127,0.012652488024657273,wasser sturm+flut+-+warnung
ost+see+küste verkehr+s+minister,17.266825494760962,0.071331611709528,-0.02229738323539954,-0.026568315458832484,0.005273554794392635,ost+see+küste verkehr+s+minister
Vorbereitungen,8.336367629875395,0.040203484744591345,0.009373130757901001,-0.03142266602459795,0.006064183439258322,Vorbereitungen
Kälteeinbruch,9.303902698252218,0.033962503609973875,0.007083728382521965,-0.02729891099859485,0.006913815978798494,Kälteeinbruch
vorbereitung+en kälte+einbruch,9.303902698252218,0.033962503609973875,0.007083728382521965,-0.02729891099859485,0.006913815978798494,vorbereitung+en kälte+einbruch
kälte+einbruch stopp+t,10.87423107544191,0.025539065309336455,0.004012607278049106,-0.021787362139889955,0.00803115661421584,kälte+einbruch stopp+t
Produktion,11.87095380176549,0.021013544345148936,0.00237140937551657,-0.01885214868303741,0.008618378526014952,Produktion
stopp+t produktion,11.87095380176549,0.021013544345148936,0.00237140937551657,-0.01885214868303741,0.008618378526014952,stopp+t produktion
Emden,15.934526293143593,0.006828188497391334,-0.00273444616377422,-0.009769808890278347,0.010405491538494627,Emden
produktion emden,15.934526293143593,0.006828188497391334,-0.00273444616377422,-0.009769808890278347,0.010405491538494627,produktion emden
emden sturm+flut+-+warnung,24.762533789152943,-0.011853107529319751,-0.009373255825791738,0.001915259778451127,0.012652488024657273,emden sturm+flut+-+warnung
Minus,15.854179396713425,0.006363905814738623,-0.003368662677634468,-0.010666585169561796,0.012348057534710624,Minus
Grad,46.29320490874247,-0.020413841812522763,-0.020092488160427406,0.012184164272802719,0.013414003231937519,Grad
minus grad,46.29320490874247,-0.020413841812522763,-0.020092488160427406,0.012184164272802719,0.013414003231937519,minus grad
Sachsen,44.525892313186695,-0.02595562368426414,-0.01845711930904838,0.012691136754925525,0.014828728257459794,Sachsen
grad sachsen,8.524635835105693,0.03686328038784571,0.006770295446672374,-0.032823802150837716,0.012133232958560548,grad sachsen
sachsen niedersachsen,9.085727790576053,0.03269963600225676,0.004882578517748268,-0.031016889770194945,0.014156060600949108,sachsen niedersachsen
schließt,10.094482731784572,0.025657039496012765,0.0014745948974721282,-0.028569567578289046,0.01845215698579441,schließt
niedersachsen schließ+t,10.094482731784572,0.025657039496012765,0.0014745948974721282,-0.028569567578289046,0.01845215698579441,niedersachsen schließ+t
schließ+t schule+n,11.79489185657821,0.014168309158110508,-0.0049279850067434,-0.026869894317713118,0.028799009132071375,schließ+t schule+n
schule+n warnung,14.584138432066505,-0.010655932292179244,-0.02354413525367814,-0.03573830254635879,0.06884856115144211,schule+n warnung
ostsee der,20.377340953032824,0.06453677863016903,-0.02066230859610071,-0.017669552216964594,-0.0026588598701425483,ostsee der
der winter+wetter,37.02651965711544,-0.000604015109550031,-0.02119296409810498,0.004023704787415488,0.012513637813260094,der winter+wetter
hält,33.34749633767083,-0.008386866457430437,-0.017243631536930083,0.004589494451399181,0.013458190983811832,hält
winter+wetter halt,33.34749633767083,-0.008386866457430437,-0.017243631536930083,0.004589494451399181,0.013458190983811832,winter+wetter halt
halt deutschland,32.33768984947628,-0.009367850615160234,-0.016342281007645756,0.004461083898438572,0.013503661358718298,halt deutschland
deutschland atem,30.076119618157396,-0.010329114938929735,-0.014479463596771276,0.0038365703264065416,0.013393397358565241,deutschland atem
atem auf,23.134469135159954,-0.0005084609187703427,-0.011042998120798933,-0.0024802280098932213,0.012551454332429447,atem auf
auf straße+n,22.19778317851246,2.3834702535646407e-05,-0.010139935933325522,-0.0031944520486125306,0.012392772614963571,auf straße+n
straße+n komm+t,21.384771165549875,0.0006722150519200826,-0.009352089080876005,-0.0038908492564994302,0.01223092781350862,straße+n komm+t
komm+t schwer+en,20.343313051202983,0.0017493284782483403,-0.0083298230380332,-0.004890823264396004,0.011993210901894695,komm+t schwer+en
schwer+en unfall+en,19.67163527868181,0.00258969659013548,-0.007658596853197341,-0.005603118556363127,0.011822605438569002,schwer+en unfall+en
unfall+en wegen,19.07412399355916,0.003433787973481857,-0.007051028576221366,-0.006283548860516742,0.011659704004991606,unfall+en wegen
experte+n warn+en,25.95660305722143,-0.00630519232460719,-0.011467920082455908,0.0015404039472084977,0.011391858182878642,experte+n warn+en
lebensgefährlichen,26.954991774327606,-0.006927894292782215,-0.01213757111067193,0.00226421848079967,0.011398059814668288,lebensgefährlichen
warn+en lebensgefährlich+en,26.954991774327606,-0.006927894292782215,-0.01213757111067193,0.00226421848079967,0.011398059814668288,warn+en lebensgefährlich+en
lebensgefährlich+en bedingung+en,29.064503691291815,-0.007801076157964258,-0.01351400984783649,0.0036063964638470255,0.011340450782432355,lebensgefährlich+en bedingung+en
minus,31.766481704077034,-0.006142181500239484,-0.015760630789798044,0.004442238906752965,0.01105683508938259,minus
sachsen minus,31.766481704077034,-0.006142181500239484,-0.015760630789798044,0.004442238906752965,0.01105683508938259,sachsen minus
Celsius,34.9316082226406,-0.0019473371884661044,-0.018392766036036654,0.004978228642372485,0.009878050589676621,Celsius
grad celsius,34.9316082226406,-0.0019473371884661044,-0.018392766036036654,0.004978228642372485,0.009878050589676621,grad celsius
gemessen,32.47615699009782,0.014290738496259727,-0.02013034875212725,0.0006898383779735615,0.006519601026399198,gemessen
celsius ge+mess+en,32.47615699009782,0.014290738496259727,-0.02013034875212725,0.0006898383779735615,0.006519601026399198,celsius ge+mess+en
ostsee werd+e,42.53278741853852,-0.031173089044266595,-0.01614280185992134,0.01366769638336605,0.014874658232916336,ostsee werd+e
werd+e sturm+flut+-+warnung,63.535647094654934,-0.043263497692160306,-0.020331793545567918,0.02085082033626775,0.016223117617321443,werd+e sturm+flut+-+warnung
ausgerufen,35.655082713371925,-0.032570278932973026,-0.02155128071115122,0.002401480736549046,0.034291419832463935,ausgerufen
sturm+flut+-+warnung aus+ge+ruf+en,30.665562535352766,-0.028520846837475126,-0.02101511028728376,-0.002240463359717497,0.0372450423469177,sturm+flut+-+warnung aus+ge+ruf+en
Mehr…,18.334305055255964,-0.0037683503632738825,-0.009434517598046883,-0.010480328351666401,0.023338443288472507,Mehr…
mehr… der,17.177498852802696,-5.5988091628654486e-05,-0.007545909931205777,-0.011387831816008834,0.020654908423934238,mehr… der
geme…,8.85907644312832,0.036281386803592316,0.007642599715600475,-0.029588309141905113,0.007787519808574939,geme…
celsius geme…,8.85907644312832,0.036281386803592316,0.007642599715600475,-0.029588309141905113,0.007787519808574939,celsius geme…
+14274,5.613356691825599,0.06482397962105951,0.0182900880247245,-0.04865710316928233,0.0034855939701177513,+14274
geme… +14274,5.613356691825599,0.06482397962105951,0.0182900880247245,-0.04865710316928233,0.0034855939701177513,geme… +14274
+14274 chars,5.566415472945187,0.06541429249845333,0.018519782056545357,-0.049040795863223526,0.0033639009506008085,+14274 chars
Bundesländer,8.29609645870296,0.040484982520377535,0.009476678625505476,-0.03160947057082289,0.006025402909144173,Bundesländer
mehrere bund+es+land+er,8.29609645870296,0.040484982520377535,0.009476678625505476,-0.03160947057082289,0.006025402909144173,mehrere bund+es+land+er
schließen,8.89464253577544,0.036486871588624,0.008008301249305348,-0.028962787362986055,0.0065724669526650336,schließen
bund+es+land+er schließ+en,8.89464253577544,0.036486871588624,0.008008301249305348,-0.028962787362986055,0.0065724669526650336,bund+es+land+er schließ+en
schließ+en schule+n,9.883805468849165,0.030637718160561284,0.005868972283560558,-0.025115999730975877,0.0073587475725983885,schließ+en schule+n
schule+n minus,10.997054760258363,0.024951276983367004,0.003799100544079366,-0.021405102713625446,0.00810792668288655,schule+n minus
grad sachse+n,14.615021676160534,0.010840300702510002,-0.0012961547502746181,-0.012320366201319146,0.009907801217343724,grad sachse+n
Sturmflut-Alarm,24.762533789152943,-0.011853107529319751,-0.009373255825791738,0.001915259778451127,0.012652488024657273,Sturmflut-Alarm
sachse+n sturm+flut+-+alarm,24.762533789152943,-0.011853107529319751,-0.009373255825791738,0.001915259778451127,0.012652488024657273,sachse+n sturm+flut+-+alarm
sturm+flut+-+alarm ostsee,12.843419859800942,0.16417355968332703,-0.03150673475417355,-0.05041279407639852,-0.02413239932132119,sturm+flut+-+alarm ostsee
+14691,5.613356691825599,0.06482397962105951,0.0182900880247245,-0.04865710316928233,0.0034855939701177513,+14691
geme… +14691,5.613356691825599,0.06482397962105951,0.0182900880247245,-0.04865710316928233,0.0034855939701177513,geme… +14691
+14691 chars,5.566415472945187,0.06541429249845333,0.018519782056545357,-0.049040795863223526,0.0033639009506008085,+14691 chars
erwart+et zentimeter,5.3051203055276215,0.07113141752510828,0.01971076125016681,-0.05142703282322542,0.0014106273281497231,erwart+et zentimeter
Neuschnee,5.3636242366067854,0.0704535308866185,0.019399830722202863,-0.05091643148059412,0.0015090417029914314,Neuschnee
zentimeter neuschnee,5.3636242366067854,0.0704535308866185,0.019399830722202863,-0.05091643148059412,0.0015090417029914314,zentimeter neuschnee
Autofahrer,5.43130678254107,0.06968796001000728,0.01904544044351207,-0.050337609666353804,0.001619394838181137,Autofahrer
neuschnee auto+fahrer,5.43130678254107,0.06968796001000728,0.01904544044351207,-0.050337609666353804,0.001619394838181137,neuschnee auto+fahrer
auto+fahrer soll+en,5.497259655006376,0.06896078910546616,0.018705395155281992,-0.0497854934718083,0.0017234035084570127,auto+fahrer soll+en
Hause,5.560807417478954,0.06827733096760354,0.018382500988672838,-0.04926431169698162,0.0018204092501968353,Hause
soll+en haus+e,5.560807417478954,0.06827733096760354,0.018382500988672838,-0.04926431169698162,0.0018204092501968353,soll+en haus+e
haus+e bleib+en,5.600723994607432,0.0678564949000763,0.018181986267567035,-0.04894222568782892,0.0018797640698906026,haus+e bleib+en
hebt,5.692274593098623,0.06691545106119334,0.01772856755331075,-0.04821848476885205,0.002011403642166399,hebt
bleib+en heb+t,5.692274593098623,0.06691545106119334,0.01772856755331075,-0.04821848476885205,0.002011403642166399,bleib+en heb+t
Zugbindung,5.7294898399577185,0.0665423691224336,0.017546746700427353,-0.04793010714913465,0.002063160277158047,Zugbindung
heb+t zug+bindung,5.7294898399577185,0.0665423691224336,0.017546746700427353,-0.04793010714913465,0.002063160277158047,heb+t zug+bindung
zug+bindung der,5.848651993255863,0.06538361093229242,0.01697380297695543,-0.04702860379372311,0.0022222446398774296,zug+bindung der
atem experte+n,9.9768802597059,0.03475673688780897,0.004736733805928919,-0.02578301217468366,0.006453594413898278,atem experte+n
viel+en land+ern,11.806707681452766,0.02919321689808935,0.000864853094851343,-0.020720979367222506,0.006935527002679127,viel+en land+ern
land+ern fall+en,12.157965318259368,0.028477206618364094,0.00017370415646207976,-0.01992350523630461,0.006968681470446752,land+ern fall+en
fall+en schule+n,12.715265590443991,0.027560428590512345,-0.0009002940736350304,-0.0187583337092072,0.006983638116733707,fall+en schule+n
Liveticker,9.99842030487159,0.02705899834358578,0.002580065029405684,-0.027939680951206795,0.01587678189454936,Liveticker
mehr live+ticker,9.99842030487159,0.02705899834358578,0.002580065029405684,-0.027939680951206795,0.01587678189454936,mehr live+ticker
Ostse…,5.573004236687638,0.06533102016901916,0.018487388761632723,-0.04898661185496324,0.0033810176031950187,Ostse…
+23416,5.521338400005174,0.06598768936586855,0.018742763672332408,-0.04941441051981811,0.003246472427247887,+23416
ostse… +23416,5.521338400005174,0.06598768936586855,0.018742763672332408,-0.04941441051981811,0.003246472427247887,ostse… +23416
+23416 char+s,5.478003472959595,0.06654508900365448,0.018959408444422014,-0.04977844981482864,0.003133025076087812,+23416 char+s
Schattenflotte,5.145033136559971,0.07128939565426475,0.020961519208254266,-0.05246864340896508,0.0015180773652184285,Schattenflotte
Backhaus,8.911200737430143,0.03638162591314605,0.007969714849328903,-0.028893305557835387,0.006586760456059952,Backhaus
schatten+flotte back+haus,5.2185079623517305,0.070276987853366,0.020579120157936517,-0.05176995556741683,0.0016750655304891913,schatten+flotte back+haus
back+haus wasser+stand,9.05852640974012,0.03545702361408671,0.007630873207975469,-0.028283312748123318,0.00671209844207021,back+haus wasser+stand
wasser+stand wind,9.267405844540953,0.03418131500554822,0.0071637925444653396,-0.027442913903324134,0.006884349990332483,wasser+stand wind
Vereisung,9.425350292300102,0.033242860847676824,0.006820510986704696,-0.02682560039838207,0.007010564171412546,Vereisung
wind vereisung,9.425350292300102,0.033242860847676824,0.006820510986704696,-0.02682560039838207,0.007010564171412546,wind vereisung
belasten,9.615847421314147,0.03213954302347795,0.006417267474604765,-0.02610082962181741,0.007158414982242344,belasten
vereisung belast+en,9.615847421314147,0.03213954302347795,0.006417267474604765,-0.02610082962181741,0.007158414982242344,vereisung belast+en
belast+en küste,9.802987708391498,0.031084700771900828,0.006032087739166085,-0.025408903552777206,0.007299233448674779,belast+en küste
sie back+haus,6.15492131109791,0.058971778827183484,0.01633208591754081,-0.04402868988739145,0.0033857920994238657,sie back+haus
zu winter+sturm,7.065826129591689,0.05013604806391315,0.013041896162661161,-0.03805583079482178,0.004670772410637061,zu winter+sturm
winter+sturm komm+en,7.324499938921539,0.04791845104267371,0.012220073060313795,-0.03656741974469293,0.004986434078197589,winter+sturm komm+en
Mecklenburg-Vorpommerns,7.575632776006552,0.04586911567308004,0.01146200091127906,-0.035195750151027896,0.00527577878229706,Mecklenburg-Vorpommerns
komm+en mecklenburg-vorpommern+s,7.575632776006552,0.04586911567308004,0.01146200091127906,-0.035195750151027896,0.00527577878229706,komm+en mecklenburg-vorpommern+s
mecklenburg-vorpommern+s küste,8.377475091199099,0.03991809579657317,0.009268176797334517,-0.031233349980549496,0.006103458951845113,mecklenburg-vorpommern+s küste
küste hoch+e,8.89464253577544,0.036486871588624,0.008008301249305348,-0.028962787362986055,0.0065724669526650336,küste hoch+e
hoch+e wasser+stand+e,9.179069797888467,0.03471590138785967,0.007359462091285371,-0.027794909639242884,0.006812263641740816,hoch+e wasser+stand+e
hinzu,10.1430481559004,0.029237264430242316,0.0053583024872468675,-0.024199433978611167,0.007544614493676902,hinzu
wasser+stand+e hinzu,10.1430481559004,0.029237264430242316,0.0053583024872468675,-0.024199433978611167,0.007544614493676902,wasser+stand+e hinzu
auch küste,14.257243912199833,0.012013474822737963,-0.0008747281387608724,-0.01306889543144142,0.00976115700078214,auch küste
sturm+flut wasser+stand+e,11.87095380176549,0.021013544345148936,0.00237140937551657,-0.01885214868303741,0.008618378526014952,sturm+flut wasser+stand+e
"1,0",9.803110673778402,0.031084016821419064,0.006031838101719969,-0.025408455231608014,0.007299324585263373,"1,0"
"wasser+stand+e 1,0",9.803110673778402,0.031084016821419064,0.006031838101719969,-0.025408455231608014,0.007299324585263373,"wasser+stand+e 1,0"
"1,0 meter",9.50498076525117,0.032777938662342986,0.006650544702969162,-0.026520062014802902,0.007072936683023557,"1,0 meter"
mittler+en wasser+stand,8.217950513737712,0.04103672075098139,0.00967970525501752,-0.03197581011376702,0.005949275585939536,mittler+en wasser+stand
erw…,7.806314687534144,0.044069406764833834,0.01079736736238984,-0.03399418012810028,0.005528033639224893,erw…
wasser+stand erw…,7.806314687534144,0.044069406764833834,0.01079736736238984,-0.03399418012810028,0.005528033639224893,wasser+stand erw…
+1355,7.630556856116331,0.045433670325012235,0.011301096651598083,-0.034904767462275124,0.005336969862279946,+1355
erw… +1355,7.630556856116331,0.045433670325012235,0.011301096651598083,-0.034904767462275124,0.005336969862279946,erw… +1355
+1355 chars,7.470718871572293,0.04671340268453286,0.011774150366663697,-0.03576040864284841,0.005156847180257455,+1355 chars
winter+wetter wasser+stand+e,5.71057457616979,0.242013976323009,-0.023695036514634827,-0.09251459874900186,-0.040840590374295674,winter+wetter wasser+stand+e
wasser+stand+e ostsee,11.385772409073947,0.4367840471746881,-0.10657267844040076,-0.1359268011931504,-0.10428702586083571,wasser+stand+e ostsee
normalisieren,11.01110482787911,0.2733378775076467,-0.0552099494898722,-0.08356891989373466,-0.05243887792907585,normalisieren
ostsee normalisier+en,11.01110482787911,0.2733378775076467,-0.0552099494898722,-0.08356891989373466,-0.05243887792907585,ostsee normalisier+en
normalisier+en sturm,11.389915912031574,0.11713760446252118,-0.017041246841721515,-0.041478709620988825,-0.012358920228486031,normalisier+en sturm
sturm hier,6.024051081274199,0.16670255076035922,-0.0069628310109913,-0.0705546913881502,-0.021510676540297813,sturm hier
sie wasser+stand+e,6.965041845786156,0.17110011556383656,-0.01353731077787835,-0.06738084327032683,-0.023262194521957068,sie wasser+stand+e
der winter+sturm,8.510629109504723,0.08871894184666801,-0.00160973340225431,-0.04181296358804609,-0.004628267960230866,der winter+sturm
winter+sturm elli,9.215539798386345,0.11169789911456102,-0.009303781444248628,-0.0452032497321918,-0.01021535763135727,winter+sturm elli
elli ost+see+küste,10.56137340210792,0.2355237748202816,-0.043739721530924744,-0.07378388400668599,-0.04179076018650521,elli ost+see+küste
ost+see+küste schleswig-holstein+s,11.496142480895033,0.06181589544156424,-0.005158261160626418,-0.02846664634663459,7.390951772544158e-05,ost+see+küste schleswig-holstein+s
schleswig-holstein+s sturm+flut,24.762533789152943,-0.011853107529319751,-0.009373255825791738,0.001915259778451127,0.012652488024657273,schleswig-holstein+s sturm+flut
sturm+flut ge+bring+t,15.009048932039201,0.009592435730851502,-0.0017439839747110336,-0.011525534086341296,0.010063221283636058,sturm+flut ge+bring+t
blieben,19.55809783002886,-0.01794695491464047,-0.022146446706245663,0.026373493300271653,-0.0050153585787753975,blieben
mecklenburg-vorpommern bleib+en,9.36899499178768,0.033575189645716534,0.006942044266731312,-0.027044117232769203,0.006965916911045048,mecklenburg-vorpommern bleib+en
bleib+en wasser+stand+e,8.691360546488195,0.03780158096694117,0.008490603990332,-0.029831559031643144,0.0063934549864226205,bleib+en wasser+stand+e
durchweg,8.142825298281636,0.041574101849439785,0.009877540398598948,-0.032332872608977214,0.005874979517152885,durchweg
wasser+stand+e durchweg,8.142825298281636,0.041574101849439785,0.009877540398598948,-0.032332872608977214,0.005874979517152885,wasser+stand+e durchweg
Marke,7.470718871572293,0.04671340268453286,0.011774150366663697,-0.03576040864284841,0.005156847180257455,Marke
durchweg mark+e,7.470718871572293,0.04671340268453286,0.011774150366663697,-0.03576040864284841,0.005156847180257455,durchweg mark+e
der hoch+st+en,7.211703096015137,0.04887157231511967,0.012573099217822143,-0.037206612969946505,0.00485109151767633,der hoch+st+en
hoch+st+en wasser+stand+e,7.026473192743432,0.05048353099417478,0.01317081316335895,-0.03828944293222186,0.004621066346559521,hoch+st+en wasser+stand+e
wurde…,6.792348130829708,0.05260966571047286,0.01396045947626781,-0.03972112707953002,0.0043154753834792016,wurde…
wasser+stand+e wurde…,6.792348130829708,0.05260966571047286,0.01396045947626781,-0.03972112707953002,0.0043154753834792016,wasser+stand+e wurde…
+985,6.66436416773895,0.05381665237108733,0.014409382687245821,-0.04053563019114147,0.004140871075400298,+985
wurde… +985,6.66436416773895,0.05381665237108733,0.014409382687245821,-0.04053563019114147,0.004140871075400298,wurde… +985
+985 char+s,6.589666612578961,0.05453654007581092,0.014677359963662725,-0.04102203051783239,0.004036340289443981,+985 char+s
Elbquerung,2.1094289844337792,0.09612466446764073,-0.00894846620780458,0.016075139825717323,-0.08052385958555293,Elbquerung
Aus,2.1140185252214803,0.09395130131643811,-0.011121829359007086,0.02011516009699343,-0.08269722273675562,Aus
elbquerung aus,2.1140185252214803,0.09395130131643811,-0.011121829359007086,0.02011516009699343,-0.08269722273675562,elbquerung aus
Freihafenelbbrücke,2.698450781284201,-0.15013587178391471,-0.25520900245935996,0.35755032406973614,-0.32678439583710833,Freihafenelbbrücke
aus freihafenelbbrücke,2.11735736569699,0.09237316632936346,-0.012699964346081774,0.02303305720682878,-0.08427535772383012,aus freihafenelbbrücke
Langzeit-Planungen,2.1274360875168403,0.08762441194539168,-0.017448718730053586,0.03173482789863603,-0.08902411210780206,Langzeit-Planungen
freihafenelbbrücke langzeit+-+planung+en,2.1274360875168403,0.08762441194539168,-0.017448718730053586,0.03173482789863603,-0.08902411210780206,freihafenelbbrücke langzeit+-+planung+en
hinfällig,2.138717248936489,0.08233571891225273,-0.022737411763192383,0.0412898585737378,-0.09431280514094076,hinfällig
langzeit+-+planung+en hinfällig,2.138717248936489,0.08233571891225273,-0.022737411763192383,0.0412898585737378,-0.09431280514094076,langzeit+-+planung+en hinfällig
hinfällig der,2.1457793595050623,0.07903912768597447,-0.02603400298947076,0.0471746699854978,-0.09760939636721913,hinfällig der
der freihafenelbbrücke,2.444374077677703,-0.05124713736381279,-0.1563202680392581,0.24361640566034534,-0.22789566141700648,der freihafenelbbrücke
freihafenelbbrücke vergleichsweise,2.55838159332895,-0.09683291662979486,-0.20190604730524017,0.29915940454896894,-0.2734814406829885,freihafenelbbrücke vergleichsweise
geringe,2.6268392445932287,-0.12323936346031361,-0.22831249413575871,0.3289015567838883,-0.2998878875135071,geringe
vergleichsweise gering+e,2.6268392445932287,-0.12323936346031361,-0.22831249413575871,0.3289015567838883,-0.2998878875135071,vergleichsweise gering+e
gering+e bedeutung,2.6719873052809584,-0.14028055280613663,-0.24535368348158182,0.34723695912840924,-0.31692907685933025,gering+e bedeutung
bedeutung verkehr,2.82456569285222,-0.19581266389682045,-0.3008857945722658,0.4027680941078457,-0.3724611879500141,bedeutung verkehr
verkehr hamburg,2.9931061094433558,-0.2537697289398027,-0.35884285961524803,0.4546647397370238,-0.43041825299299635,verkehr hamburg
Aber,3.254324009586516,-0.33744262470680836,-0.44251575538225346,0.5204817576433963,-0.5140911487600021,Aber
Zerstörung,4.238160050398464,-0.6015872728430609,-0.7066604035185062,0.6769978231077607,-0.7782357968962546,Zerstörung
aber zerstörung,4.238160050398464,-0.6015872728430609,-0.7066604035185062,0.6769978231077607,-0.7782357968962546,aber zerstörung
Schiffskollision,2.9370317135042043,-0.23485749824329696,-0.33993062891874215,0.43835075260252043,-0.4115060222964906,Schiffskollision
zerstörung schiff+s+kollision,2.9370317135042043,-0.23485749824329696,-0.33993062891874215,0.43835075260252043,-0.4115060222964906,zerstörung schiff+s+kollision
schiff+s+kollision bring+t,2.495667840480581,-0.07201441308178,-0.17708754375722516,0.2696178455627263,-0.24866293713497362,schiff+s+kollision bring+t
Pläne,6.814414319179935,-0.02579227770203947,-0.002548667834337419,0.07985869958679714,-0.09312073047650724,Pläne
bring+t plan+e,2.4232906756845622,-0.04258444800181608,-0.14765757867726126,0.23240278379693227,-0.21923297205500977,bring+t plan+e
plan+e brücke+n,2.3724790788280457,-0.02139348142687459,-0.12646661210232002,0.20400247413839456,-0.19804200548006828,plan+e brücke+n
durcheinander,2.3539752092491457,-0.013563525613244346,-0.11863665628868962,0.1931441253438389,-0.190212049666438,durcheinander
brücke+n durcheinander,2.3539752092491457,-0.013563525613244346,-0.11863665628868962,0.1931441253438389,-0.190212049666438,brücke+n durcheinander
+3971,2.2352960269163322,0.03816828202278596,-0.06690484865265926,0.11591792717191474,-0.13848024203040762,+3971
schiff+s+kollision +3971,2.2352960269163322,0.03816828202278596,-0.06690484865265926,0.11591792717191474,-0.13848024203040762,schiff+s+kollision +3971
+3971 chars,2.220370051114476,0.04486808015516037,-0.06020505052028462,0.10515521478814711,-0.13178044389803312,+3971 chars
Domino-Effekt,2.1233458635257794,0.0895488697512858,-0.01552426092415947,0.02822248451069381,-0.08709965430190776,Domino-Effekt
der domino-effekt,2.1233458635257794,0.0895488697512858,-0.01552426092415947,0.02822248451069381,-0.08709965430190776,der domino-effekt
Brückendesasters,2.1342714033384773,0.08441662647558998,-0.020656504199855243,0.03754721232644373,-0.09223189757760375,Brückendesasters
domino-effekt brücke+n+desaster+s,2.1342714033384773,0.08441662647558998,-0.020656504199855243,0.03754721232644373,-0.09223189757760375,domino-effekt brücke+n+desaster+s
brücke+n+desaster+s der,2.1457793595050623,0.07903912768597447,-0.02603400298947076,0.0471746699854978,-0.09760939636721913,brücke+n+desaster+s der
Suche,7.659343665796564,0.028252072818961957,-0.0064238574203544915,-6.20315262849074e-05,-0.012827746352946869,Suche
der suche,2.151314209468209,0.07646303622545975,-0.028610094449985666,0.05173593524541159,-0.100185487827734,der suche
Ersatz,2.138717248936489,0.08233571891225273,-0.022737411763192383,0.0412898585737378,-0.09431280514094076,Ersatz
suche ersatz,2.138717248936489,0.08233571891225273,-0.022737411763192383,0.0412898585737378,-0.09431280514094076,suche ersatz
reparierbare,2.1263814088576334,0.08812028591352364,-0.01695284476192175,0.030831629312548542,-0.08852823813967012,reparierbare
ersatz reparier+bar+e,2.1263814088576334,0.08812028591352364,-0.01695284476192175,0.030831629312548542,-0.08852823813967012,ersatz reparier+bar+e
reparier+bar+e freihafenelbbrücke,2.1200282158840587,0.09111255386474615,-0.013960576810699213,0.02535447513372127,-0.08553597018844754,reparier+bar+e freihafenelbbrücke
freihafenelbbrücke bereit+et,2.112048952294773,0.09488340809409221,-0.010189722581353092,0.01838555942432824,-0.08176511595910137,freihafenelbbrücke bereit+et
zuständigen,2.1073006283765645,0.09713414642801654,-0.007938984247428645,0.014190068729156133,-0.07951437762517707,zuständigen
bereit+et zuständig+en,2.1073006283765645,0.09713414642801654,-0.007938984247428645,0.014190068729156133,-0.07951437762517707,bereit+et zuständig+en
zuständig+en hamburger,2.1033345339159046,0.09901799315456725,-0.006055137520877912,0.010657592035955612,-0.07763053089862641,zuständig+en hamburger
hamburger behörde+n,2.1002921188507617,0.1004655125694394,-0.004607618106005727,0.007930241852029911,-0.076183011483754,hamburger behörde+n
behörde+n derzeit,2.097733719700032,0.10168437094042386,-0.003388759735021374,0.005624866651526974,-0.07496415311276976,behörde+n derzeit
Kopfzerbrechen,2.0955882447092797,0.10270765281392323,-0.0023654778615218087,0.003683118951819984,-0.07394087123927025,Kopfzerbrechen
derzeit kopfzerbrechen,2.0955882447092797,0.10270765281392323,-0.0023654778615218087,0.003683118951819984,-0.07394087123927025,derzeit kopfzerbrechen
Alle,2.0916189040769417,0.10460359045460012,-0.0004695402208452553,7.017243867933981e-05,-0.07204493359859364,Alle
langfristigen,2.0904577722813045,0.10515888004650882,8.574937106372464e-05,-0.000991778838166047,-0.07148964400668473,langfristigen
all+e langfristig+en,2.0904577722813045,0.10515888004650882,8.574937106372464e-05,-0.000991778838166047,-0.07148964400668473,all+e langfristig+en
Planungen,2.0873848546355465,0.10662993507386193,0.0015568043984168446,-0.003813390272829742,-0.07001858897933158,Planungen
langfristig+en planung+en,2.0873848546355465,0.10662993507386193,0.0015568043984168446,-0.003813390272829742,-0.07001858897933158,langfristig+en planung+en
Instandsetzung,2.0835866396437916,0.10845119712125453,0.0033780664458091794,-0.007323579412747419,-0.0681973269319392,Instandsetzung
planung+en instandsetzung,2.0835866396437916,0.10845119712125453,0.0033780664458091794,-0.007323579412747419,-0.0681973269319392,planung+en instandsetzung
seie…,2.0808493001545303,0.10976582408301594,0.004692693407570792,-0.009868982681340007,-0.06688269997017762,seie…
instandsetzung seie…,2.0808493001545303,0.10976582408301594,0.004692693407570792,-0.009868982681340007,-0.06688269997017762,instandsetzung seie…
+3682,2.0796417843565447,0.11034629201690317,0.005273161341457824,-0.010996027902134884,-0.06630223203629057,+3682
seie… +3682,2.0796417843565447,0.11034629201690317,0.005273161341457824,-0.010996027902134884,-0.06630223203629057,seie… +3682
+3682 chars,2.078639490649314,0.11082836317099529,0.005755232495550105,-0.011933489071625007,-0.0658201608821982,+3682 chars
Elbvertiefung,11.13338819224256,0.024309280626079004,0.0035660208607186075,-0.020987939212351907,0.008191604191922096,Elbvertiefung
elbvertiefung der,6.042951549216887,0.06018782413804386,0.01678689680585189,-0.044856037870539565,0.0032054364224801224,elbvertiefung der
tägliche,6.082557999160264,0.0597539816382128,0.01662458060076017,-0.044560721430987535,0.0032698803076763403,tägliche
der täglich+e,6.082557999160264,0.0597539816382128,0.01662458060076017,-0.044560721430987535,0.0032698803076763403,der täglich+e
täglich+e newsletter,6.176352547440644,0.05874266562030842,0.01624644988200568,-0.04387295451661159,0.0034196759580359644,täglich+e newsletter
newsletter hamburg,6.349073538354298,0.05693710370052922,0.015572181729206653,-0.042647255172108586,0.003685637193978463,newsletter hamburg
Raus,6.464246183424288,0.05577194471329444,0.01513762923802342,-0.04185779587346035,0.003856268792366046,Raus
hamburg rau+s,6.464246183424288,0.05577194471329444,0.01513762923802342,-0.04185779587346035,0.003856268792366046,hamburg rau+s
Filterblasen,6.64911614171784,0.053962662296008726,0.014463721133327263,-0.04063424703073812,0.004119693489591085,Filterblasen
rau+s filter+blase+n,6.64911614171784,0.053962662296008726,0.014463721133327263,-0.04063424703073812,0.004119693489591085,rau+s filter+blase+n
ganze,6.9692234663441885,0.05099401368887651,0.013360273765612335,-0.038632830048732844,0.004547923039695414,ganze
ein ganz+e,6.9692234663441885,0.05099401368887651,0.013360273765612335,-0.038632830048732844,0.004547923039695414,ein ganz+e
Schule,7.0858736974497525,0.049960085678159884,0.01297662846673285,-0.037937571678793115,0.004695917801938652,Schule
ganz+e schule,7.0858736974497525,0.049960085678159884,0.01297662846673285,-0.037937571678793115,0.004695917801938652,ganz+e schule
liest,7.233654428316292,0.048684436562564375,0.012503763199801567,-0.03708105142572698,0.004877703601315307,liest
schule les+t,7.233654428316292,0.048684436562564375,0.012503763199801567,-0.03708105142572698,0.004877703601315307,schule les+t
Buch,7.602880160349697,0.04565254017635601,0.011381965168194877,-0.03505100473995282,0.005306225711802035,Buch
les+t buch,7.602880160349697,0.04565254017635601,0.011381965168194877,-0.03505100473995282,0.005306225711802035,les+t buch
buch der,7.745795568613238,0.04453424192435724,0.010968933113824237,-0.03430425534155414,0.005463044173873,buch der
der elbvertiefung,7.868917324411097,0.043593873609507776,0.010621923677946742,-0.03367716369344316,0.005594401481767269,der elbvertiefung
elbvertiefung montag,8.506121861660061,0.039037462073515675,0.008944477132342248,-0.030649620465167622,0.006224392983092058,elbvertiefung montag
montag mit,8.948640275649609,0.03614465557673348,0.007882846530689486,-0.02873689641481298,0.006618923707610386,montag mit
Einigung,9.576073651888068,0.032367393454225776,0.0065005124228181286,-0.026250417153444217,0.007127928934366507,Einigung
mit einigung,9.576073651888068,0.032367393454225776,0.0065005124228181286,-0.026250417153444217,0.007127928934366507,mit einigung
Tarifstreit,10.64396547710073,0.026665955991574238,0.004422224359102937,-0.022521073115573713,0.007883549301167593,Tarifstreit
einigung tarif+streit,10.64396547710073,0.026665955991574238,0.004422224359102937,-0.022521073115573713,0.007883549301167593,einigung tarif+streit
Jahrestag,13.63021970302075,0.014168926425067875,-9.94272558190183e-05,-0.014447363254570893,0.009490374345733698,Jahrestag
tarif+streit jahr+es+tag,13.63021970302075,0.014168926425067875,-9.94272558190183e-05,-0.014447363254570893,0.009490374345733698,tarif+streit jahr+es+tag
jahr+es+tag sturm+flut,24.762533789152943,-0.011853107529319751,-0.009373255825791738,0.001915259778451127,0.012652488024657273,jahr+es+tag sturm+flut
umstrittenen,12.229855270791823,0.019509278487420692,0.0018272172799001004,-0.017880518339653474,0.008811648745742902,umstrittenen
sturm+flut umstritten+en,12.229855270791823,0.019509278487420692,0.0018272172799001004,-0.017880518339653474,0.008811648745742902,sturm+flut umstritten+en
Theaterstück,10.4319183452882,0.027733697539042798,0.004810691709462224,-0.023217307709126327,0.007743167988202721,Theaterstück
umstritten+en theater+stück,10.4319183452882,0.027733697539042798,0.004810691709462224,-0.023217307709126327,0.007743167988202721,umstritten+en theater+stück
Liebe,9.36899499178768,0.033575189645716534,0.006942044266731312,-0.027044117232769203,0.006965916911045048,Liebe
theater+stück lieb+e,9.36899499178768,0.033575189645716534,0.006942044266731312,-0.027044117232769203,0.006965916911045048,theater+stück lieb+e
Leserin,9.00401891531255,0.03579665659309067,0.007755308853256779,-0.0285072935175494,0.006666106716359385,Leserin
lieb+e leser+in,9.00401891531255,0.03579665659309067,0.007755308853256779,-0.0285072935175494,0.006666106716359385,lieb+e leser+in
lieber,8.550889194843322,0.03873536376110268,0.008833488724823929,-0.03044953038717474,0.006265789016027762,lieber
leser+in lieber,8.550889194843322,0.03873536376110268,0.008833488724823929,-0.03044953038717474,0.006265789016027762,leser+in lieber
Leser,9.00401891531255,0.03579665659309067,0.007755308853256779,-0.0285072935175494,0.006666106716359385,Leser
lieber leser,9.00401891531255,0.03579665659309067,0.007755308853256779,-0.0285072935175494,0.006666106716359385,lieber leser
letzte,7.602880160349697,0.04565254017635601,0.011381965168194877,-0.03505100473995282,0.005306225711802035,letzte
leser letzt+e,7.602880160349697,0.04565254017635601,0.011381965168194877,-0.03505100473995282,0.005306225711802035,leser letzt+e
Roman,7.42056571392824,0.04712294829724064,0.011925649005010216,-0.03603453612709749,0.005099018550250625,Roman
letzt+e roman,7.42056571392824,0.04712294829724064,0.011925649005010216,-0.03603453612709749,0.005099018550250625,letzt+e roman
roman sie,7.0858736974497525,0.049960085678159884,0.01297662846673285,-0.037937571678793115,0.004695917801938652,roman sie
sie sicherheit,6.792348130829708,0.05260966571047286,0.01396045947626781,-0.03972112707953002,0.0043154753834792016,sie sicherheit
sicherheit sag+en,6.619088201307722,0.05425160548399832,0.014571273364008156,-0.04082945733530388,0.0040777490656059125,sicherheit sag+en
Ihrem,6.254209639811683,0.057919883082370664,0.015939058446754816,-0.043314059942175895,0.0035411067992104496,Ihrem
sag+en ihr+em,6.254209639811683,0.057919883082370664,0.015939058446754816,-0.043314059942175895,0.0035411067992104496,sag+en ihr+em
Bekanntenkreis,6.187199994078521,0.05862713662393141,0.01620327491950204,-0.043794443177602255,0.0034367501061725488,Bekanntenkreis
ihr+em bekanntenkrei+s,6.187199994078521,0.05862713662393141,0.01620327491950204,-0.043794443177602255,0.0034367501061725488,ihr+em bekanntenkrei+s
gelesen,5.995106745470612,0.06071742904105199,0.016985124835035212,-0.045216761658501324,0.003126618010319418,gelesen
bekanntenkrei+s ge+les+en,5.995106745470612,0.06071742904105199,0.016985124835035212,-0.045216761658501324,0.003126618010319418,bekanntenkrei+s ge+les+en
Oder,5.861612193107394,0.06222808110146816,0.017551059094724344,-0.046247035716080895,0.002900886368472228,Oder
zumindest,5.820139411817814,0.06270760273722499,0.017730858782364214,-0.046574487678907234,0.0028289503067715077,zumindest
oder zumindest,5.820139411817814,0.06270760273722499,0.017730858782364214,-0.046574487678907234,0.0028289503067715077,oder zumindest
klare,5.618094553380685,0.06511689261686159,0.018635384733929453,-0.04822275454746968,0.0024654390279272727,klare
zumindest klar+e,5.618094553380685,0.06511689261686159,0.018635384733929453,-0.04822275454746968,0.0024654390279272727,zumindest klar+e
Me…,5.5775791634237075,0.06561527602350835,0.018822733467358597,-0.04856434462895108,0.0023898081135665973,Me…
klar+e me…,5.5775791634237075,0.06561527602350835,0.018822733467358597,-0.04856434462895108,0.0023898081135665973,klar+e me…
+9829,5.544883230596493,0.06602134648197781,0.018975441350414863,-0.048842823818727864,0.0023280749709921216,+9829
me… +9829,5.544883230596493,0.06602134648197781,0.018975441350414863,-0.048842823818727864,0.0023280749709921216,me… +9829
+9829 chars,5.506859424299993,0.06649801582614327,0.019154768507980275,-0.04916990245192925,0.002255481586400241,+9829 chars
Museen,24.484866953267943,-0.011410042288954989,-0.009216884317186752,0.0016417760375270097,0.012600412556838258,Museen
muse+en hamburger,19.447108820570634,-0.0019688036030300338,-0.005872411818502389,-0.004228084009113054,0.011477240765093908,muse+en hamburger
Museum,44.389823965954996,-0.03254668592293728,-0.016620518254787664,0.014490404575143292,0.01502935019943675,Museum
hamburger museum,32.3299803526974,-0.021838019104337032,-0.012883734410627208,0.008031326531610851,0.01381226937557413,hamburger museum
Sturmflut-Katastrophe,100.54797249755045,-0.0550275833982658,-0.02437392675034751,0.02771436420763327,0.01750911910296785,Sturmflut-Katastrophe
museum sturm+flut+-+katastrophe,63.535647094654934,-0.043263497692160306,-0.020331793545567918,0.02085082033626775,0.016223117617321443,museum sturm+flut+-+katastrophe
sturm+flut+-+katastrophe 1962,43.54364117799259,-0.03193068624305412,-0.01640634050128733,0.014121665643370898,0.014960027014100352,sturm+flut+-+katastrophe 1962
erinnern,28.117260554117646,-0.01672666710450658,-0.011089907573263285,0.0049117489215905075,0.01322179034814583,erinnern
1962 erinner+n,28.117260554117646,-0.01672666710450658,-0.011089907573263285,0.0049117489215905075,0.01322179034814583,1962 erinner+n
erinner+n hier,10.1430481559004,0.029237264430242316,0.0053583024872468675,-0.024199433978611167,0.007544614493676902,erinner+n hier
thema muse+en,10.4319183452882,0.027733697539042798,0.004810691709462224,-0.023217307709126327,0.007743167988202721,thema muse+en
sie hamburger,11.401374103301924,0.023078157175371164,0.0031193979792731256,-0.02018898720673497,0.008351568657625041,sie hamburger
Gedenken,10.997054760258363,0.024951276983367004,0.003799100544079366,-0.021405102713625446,0.00810792668288655,Gedenken
der gedenk+en,10.997054760258363,0.024951276983367004,0.003799100544079366,-0.021405102713625446,0.00810792668288655,der gedenk+en
gedenk+en verheerend+e,14.257243912199833,0.012013474822737963,-0.0008747281387608724,-0.01306889543144142,0.00976115700078214,gedenk+en verheerend+e
verheerend+e sturm+flut,24.762533789152943,-0.011853107529319751,-0.009373255825791738,0.001915259778451127,0.012652488024657273,verheerend+e sturm+flut
bekommt,12.4259320572799,0.01871263988855259,0.0015392884259264222,-0.01736677089629867,0.008913623858778759,bekommt
1962 bekomm+t,12.4259320572799,0.01871263988855259,0.0015392884259264222,-0.01736677089629867,0.008913623858778759,1962 bekomm+t
bekomm+t hamburg,10.756657879422269,0.02611031822839331,0.004220206419084988,-0.02215916079815174,0.007956400535550464,bekomm+t hamburg
festen,9.50498076525117,0.032777938662342986,0.006650544702969162,-0.026520062014802902,0.007072936683023557,festen
hamburg fest+en,9.50498076525117,0.032777938662342986,0.006650544702969162,-0.026520062014802902,0.007072936683023557,hamburg fest+en
fest+en ort,9.060839444105898,0.03544267403846601,0.007625616553957488,-0.028273851733985677,0.006714040366848894,fest+en ort
Dauerausstellung,8.550889194843322,0.03873536376110268,0.008833488724823929,-0.03044953038717474,0.006265789016027762,Dauerausstellung
ein dauer+ausstellung,8.550889194843322,0.03873536376110268,0.008833488724823929,-0.03044953038717474,0.006265789016027762,ein dauer+ausstellung
dauer+ausstellung museum,7.806314687534144,0.044069406764833834,0.01079736736238984,-0.03399418012810028,0.005528033639224893,dauer+ausstellung museum
museum elbinsel,7.602880160349697,0.04565254017635601,0.011381965168194877,-0.03505100473995282,0.005306225711802035,museum elbinsel
Wilhelmsburg,16.114217224867286,0.006316573620402214,-0.002917529164900701,-0.009445606384368997,0.010468541349942382,Wilhelmsburg
elbinsel wilhelmsburg,7.371848866846851,0.047524530179628766,0.012074253545203766,-0.0363034749934135,0.005042226852238638,elbinsel wilhelmsburg
Besuchern,6.913995723771614,0.05149215551378867,0.013545234908527009,-0.03896813436931611,0.004476408973130047,Besuchern
wilhelmsburg besucher+n,6.913995723771614,0.05149215551378867,0.013545234908527009,-0.03896813436931611,0.004476408973130047,wilhelmsburg besucher+n
erklären,6.743058499611834,0.05307062711350787,0.014131852619837532,-0.040032045198699504,0.00424888867115325,erklären
besucher+n erklär+en,6.743058499611834,0.05307062711350787,0.014131852619837532,-0.040032045198699504,0.00424888867115325,besucher+n erklär+en
erklär+en katastrophe,6.399088318838306,0.05642742124054328,0.01538203849603134,-0.04230177203968678,0.003760373417860982,erklär+en katastrophe
ka…,6.254209639811683,0.057919883082370664,0.015939058446754816,-0.043314059942175895,0.0035411067992104496,ka…
katastrophe ka…,6.254209639811683,0.057919883082370664,0.015939058446754816,-0.043314059942175895,0.0035411067992104496,katastrophe ka…
+2723,6.198136964620933,0.058510949709806,0.016159858482323673,-0.043715496435640516,0.0034539136592756023,+2723
ka… +2723,6.198136964620933,0.058510949709806,0.016159858482323673,-0.043715496435640516,0.0034539136592756023,ka… +2723
+2723 chars,6.133833661327504,0.0591983460776604,0.016416787228662286,-0.04418273958352061,0.003352254680040917,+2723 chars
erinner+n sturm+flut+-+katastrophe,24.762533789152943,-0.011853107529319751,-0.009373255825791738,0.001915259778451127,0.012652488024657273,erinner+n sturm+flut+-+katastrophe
erinnert,18.042483566601934,0.0012703223508580546,-0.0047194582810753324,-0.006260485164663683,0.011085602021826261,erinnert
1962 erinner+t,18.042483566601934,0.0012703223508580546,-0.0047194582810753324,-0.006260485164663683,0.011085602021826261,1962 erinner+t
erinner+t hamburg,17.766901971322714,0.0019458633050147588,-0.00447864124744896,-0.0066855479318934236,0.011003493479946948,erinner+t hamburg
hamburg bislang,15.11396776203895,0.009267616059310485,-0.0018604819750666103,-0.01131886790285163,0.010103583499126828,hamburg bislang
wenig,19.123259926801378,0.012449928593643175,-0.006928649212128875,-0.008045009540836765,0.008094827527453614,wenig
bislang wenig,14.009461558173946,0.012849602365239077,-0.0005741363158447062,-0.013603127853903682,0.009656327083838625,bislang wenig
ändern,12.634713651981347,0.01788298724018685,0.0012396237445197959,-0.016832333116404863,0.009019549963387198,ändern
der änder+n,12.634713651981347,0.01788298724018685,0.0012396237445197959,-0.016832333116404863,0.009019549963387198,der änder+n
ein museum,12.045225532763077,0.02027548438303621,0.002104321668336164,-0.018375172246597907,0.008713322882214054,ein museum
Stadtteil,21.880962904954643,-0.00689598721847554,-0.007620784838767773,-0.001154670188682485,0.012066689166741537,Stadtteil
museum stadt+teil,11.70720609924489,0.02172063537753545,0.0026274400685879556,-0.019309564901353927,0.008527204175784621,museum stadt+teil
stadt+teil wilhelmsburg,11.746556317264616,0.021549486824805304,0.0025654553836322574,-0.019198808429299462,0.008549291850492495,stadt+teil wilhelmsburg
nimmt,11.887084353517631,0.020944610466905673,0.0023464569543187558,-0.018807579197003113,0.008627255835012572,nimmt
wilhelmsburg nehm+t,11.887084353517631,0.020944610466905673,0.0023464569543187558,-0.018807579197003113,0.008627255835012572,wilhelmsburg nehm+t
Gestalt,8.070527945099144,0.04209785626285735,0.010070446037952832,-0.03268112360288477,0.00580242460189415,Gestalt
nehm+t gestalt,8.070527945099144,0.04209785626285735,0.010070446037952832,-0.03268112360288477,0.00580242460189415,nehm+t gestalt
hin+zu+füg+en sturm+flut+-+katastrophe,24.762533789152943,-0.011853107529319751,-0.009373255825791738,0.001915259778451127,0.012652488024657273,hin+zu+füg+en sturm+flut+-+katastrophe
Ges…,6.64911614171784,0.053962662296008726,0.014463721133327263,-0.04063424703073812,0.004119693489591085,Ges…
nehm+t ges…,6.64911614171784,0.053962662296008726,0.014463721133327263,-0.04063424703073812,0.004119693489591085,nehm+t ges…
+2578,6.5608309085555065,0.05481757441078367,0.014782020190766828,-0.04121203685838243,0.003995453244477012,+2578
ges… +2578,6.5608309085555065,0.05481757441078367,0.014782020190766828,-0.04121203685838243,0.003995453244477012,ges… +2578
+2578 char+s,6.4776485124949925,0.05563829532024998,0.015087812175548616,-0.04176731651922003,0.0038757913595290315,+2578 char+s
WarnWetter,5.840303351606584,0.06187592557915199,0.017018210464387867,-0.04513150900713981,0.002216307066439051,WarnWetter
dwd warn+wetter,5.840303351606584,0.06187592557915199,0.017018210464387867,-0.04513150900713981,0.002216307066439051,dwd warn+wetter
5.4.0,13.883990181731965,0.012050455821345533,-0.0016890267817226432,-0.011400942479531453,0.00830211732059845,5.4.0
warn+wetter 5.4.0,5.935082370149159,0.06075278441400235,0.01657075060248419,-0.044308766470751944,0.002335714134846418,warn+wetter 5.4.0
5.4.0 bring+t,5.989995755940971,0.06011270072111234,0.016315155724554636,-0.04383877693781903,0.0024020652197776393,5.4.0 bring+t
bring+t neu+e,6.057225569542553,0.05933932307118854,0.01600573075126967,-0.04326977069806733,0.002480524786389847,bring+t neu+e
Pushmeldungen,6.107498915002544,0.05876819051743356,0.015776777715870636,-0.04284871845759018,0.0025372301160546244,Pushmeldungen
neu+e pushmeldung+en,6.107498915002544,0.05876819051743356,0.015776777715870636,-0.04284871845759018,0.0025372301160546244,neu+e pushmeldung+en
detailliertere,6.306280981448948,0.056567213060817745,0.014890599947974746,-0.04121874140962682,0.0027453882892228324,detailliertere
pushmeldung+en detaillier+t+er+e,6.306280981448948,0.056567213060817745,0.014890599947974746,-0.04121874140962682,0.0027453882892228324,pushmeldung+en detaillier+t+er+e
Warngebiete,6.497499544256037,0.05453054501257639,0.014064450158571001,-0.039698694620054736,0.0029222078158878664,Warngebiete
detaillier+t+er+e warn+gebiet+e,6.497499544256037,0.05453054501257639,0.014064450158571001,-0.039698694620054736,0.0029222078158878664,detaillier+t+er+e warn+gebiet+e
warn+gebiet+e der,6.671545390997018,0.05273967686813394,0.013332407184292449,-0.0383513051298832,0.0030638955724470425,warn+gebiet+e der
WarnWetter-App,11.228973457280084,0.023279514420636336,0.00279854512514201,-0.019502873205740495,0.0076270967267376005,WarnWetter-App
der warn+wetter+-+ap+p,11.228973457280084,0.023279514420636336,0.00279854512514201,-0.019502873205740495,0.0076270967267376005,der warn+wetter+-+ap+p
erhält,11.311568733320842,0.022080046854995754,0.001812323270636963,-0.017586505458536617,0.006805771155591296,erhält
warn+wetter+-+ap+p erhalt,11.311568733320842,0.022080046854995754,0.001812323270636963,-0.017586505458536617,0.006805771155591296,warn+wetter+-+ap+p erhalt
Version,11.725594702200281,0.020060819477919857,0.0009645253130659566,-0.01604494353580182,0.006861902438903697,Version
erhalt version,11.725594702200281,0.020060819477919857,0.0009645253130659566,-0.01604494353580182,0.006861902438903697,erhalt version
version 5.4.0,10.727532139994338,0.02493874626937714,0.00291116092742996,-0.0195626216939755,0.0065405324517019215,version 5.4.0
5.4.0 neu+e,10.981544717114776,0.0236070645375315,0.002358137880695392,-0.01855651172860359,0.0065919607076211535,5.4.0 neu+e
Funktionen,12.607746258519114,0.015989939899611495,-0.0007880148614052983,-0.012855610767139801,0.006888970840516633,Funktionen
neu+e funktion+en,12.607746258519114,0.015989939899611495,-0.0007880148614052983,-0.012855610767139801,0.006888970840516633,neu+e funktion+en
Polleninformationen,13.524725647330172,0.012028676207916252,-0.002562224408880722,-0.009622403387250336,0.006782508862383494,Polleninformationen
funktion+en polleninformation+en,13.524725647330172,0.012028676207916252,-0.002562224408880722,-0.009622403387250336,0.006782508862383494,funktion+en polleninformation+en
polleninformation+en sowie,15.282353210671584,0.004959410359304483,-0.0059568092074226055,-0.0034223304024334155,0.006166701855457311,polleninformation+en sowie
erweiterte,16.0091491475495,0.0021560279446636737,-0.007406606716501743,-0.0007691409514147923,0.0057333309857670114,erweiterte
sowie erweiter+t+e,16.0091491475495,0.0021560279446636737,-0.007406606716501743,-0.0007691409514147923,0.0057333309857670114,sowie erweiter+t+e
Warnmeldungen,17.770626164930786,-0.004593621227442924,-0.011205824686835193,0.0061922544868148665,0.004136767670490476,Warnmeldungen
erweiter+t+e warn+meldung+en,17.770626164930786,-0.004593621227442924,-0.011205824686835193,0.0061922544868148665,0.004136767670490476,erweiter+t+e warn+meldung+en
warn+meldung+en hochwasser,23.72718601172563,-0.03684822624002123,-0.03617859350792956,0.0512300474832947,-0.015471430366644449,warn+meldung+en hochwasser
Update,22.83783952930306,-0.008635155508803736,-0.008236365862707533,-7.507582912215884e-05,0.012273013936043065,Update
der update,22.83783952930306,-0.008635155508803736,-0.008236365862707533,-7.507582912215884e-05,0.012273013936043065,der update
update werd+e,20.16602267740118,-0.0035071545298046864,-0.006418984454753178,-0.003266156493386972,0.011662074705491757,update werd+e
12.,17.94233279890651,0.0015142057914888118,-0.004632533071317021,-0.006413893672662785,0.011055976605070685,12.
werd+e 12.,17.94233279890651,0.0015142057914888118,-0.004632533071317021,-0.006413893672662785,0.011055976605070685,werd+e 12.
März,17.200626888494142,0.0033793985757669116,-0.003967198878564645,-0.007588916294248146,0.010828751827000218,März
12. märz,17.200626888494142,0.0033793985757669116,-0.003967198878564645,-0.007588916294248146,0.010828751827000218,12. märz
2026,16.413580420165164,0.005481113904139817,-0.0032163442865273074,-0.008916693948343959,0.010571303749459813,2026
märz 2026,16.413580420165164,0.005481113904139817,-0.0032163442865273074,-0.008916693948343959,0.010571303749459813,märz 2026
veröffentlicht,15.745123926776028,0.007375959671321559,-0.002538343497672539,-0.010117183666740937,0.010337883526061973,veröffentlicht
2026 veröffentlich+t,15.745123926776028,0.007375959671321559,-0.002538343497672539,-0.010117183666740937,0.010337883526061973,2026 veröffentlich+t
erweitert,8.419448732287384,0.039628706089016925,0.00916177747576641,-0.031041452710025334,0.006143242917789749,erweitert
veröffentlich+t erweiter+t,8.419448732287384,0.039628706089016925,0.00916177747576641,-0.031041452710025334,0.006143242917789749,veröffentlich+t erweiter+t
erweiter+t mehrere,8.035384127397789,0.042354836594437145,0.010165126762264763,-0.03285208071091099,0.005766773752056442,erweiter+t mehrere
Informations-,7.775802087926841,0.04430313142694883,0.01088362413673155,-0.03415006608724035,0.005495370360973413,Informations-
mehrere information+s+-,7.775802087926841,0.04430313142694883,0.01088362413673155,-0.03415006608724035,0.005495370360973413,mehrere information+s+-
information+s+- der,7.255902784634635,0.04849558845808548,0.012433804079520477,-0.03695437185985182,0.0049045398794062365,information+s+- der
+1252,8.256633122678657,0.04076269423213007,0.00957885807119336,-0.031793830523422925,0.005987104431015855,+1252
veröffentlich+t +1252,8.256633122678657,0.04076269423213007,0.00957885807119336,-0.031793830523422925,0.005987104431015855,veröffentlich+t +1252
+1252 chars,8.035384127397789,0.042354836594437145,0.010165126762264763,-0.03285208071091099,0.005766773752056442,+1252 chars
sturm+flut+saison fast,13.096487355259917,0.016112509006827074,0.0006008070446190166,-0.015693893100997103,0.009244670117356593,sturm+flut+saison fast
vorbei,12.100505962960401,0.01569657760665697,-0.0024745851080429475,-0.00943791349154663,0.004134416105834769,vorbei
fast vorbei,12.100505962960401,0.01569657760665697,-0.0024745851080429475,-0.00943791349154663,0.004134416105834769,fast vorbei
Kaum,11.08353438573091,0.006474315742655797,-0.01505214228863162,0.01483395895310649,-0.011033592952465,Kaum
vorbei kaum,11.08353438573091,0.006474315742655797,-0.01505214228863162,0.01483395895310649,-0.011033592952465,vorbei kaum
schaden küste,11.508076160796547,0.013762976947892733,-0.0061957822482051565,-0.002083954290849222,-0.0009636115698534424,schaden küste
küste insel+n,13.35320723238742,0.015164500790815327,0.00025912276465840184,-0.015085460488296442,0.009364700130736743,küste insel+n
trotzen,15.934526293143593,0.006828188497391334,-0.00273444616377422,-0.009769808890278347,0.010405491538494627,trotzen
insel+n trotz+en,15.934526293143593,0.006828188497391334,-0.00273444616377422,-0.009769808890278347,0.010405491538494627,insel+n trotz+en
trotz+en sturm+flut+en,24.762533789152943,-0.011853107529319751,-0.009373255825791738,0.001915259778451127,0.012652488024657273,trotz+en sturm+flut+en
Acht,24.457856032418977,-0.011366580437958788,-0.009201542504455257,0.0016149394672319213,0.01259530135574184,Acht
sturm+flut+en acht,14.257243912199833,0.012013474822737963,-0.0008747281387608724,-0.01306889543144142,0.00976115700078214,sturm+flut+en acht
acht leicht+e,27.89714815417897,-0.016431426975496672,-0.010986088201006437,0.004730833929313686,0.013187481048509258,acht leicht+e
leicht+e sturm+flut+en,44.516702126208074,-0.0326376712220159,-0.016652145112430686,0.014544839573020588,0.015039582684725487,leicht+e sturm+flut+en
küste winter,18.042483566601934,0.0012703223508580546,-0.0047194582810753324,-0.006260485164663683,0.011085602021826261,küste winter
winter ge+treff+en,16.875910872682038,-0.0006768651313803646,-0.008718722299152428,0.0015968802190474416,0.005558731784402657,winter ge+treff+en
ge+treff+en groß+er+e,15.204000402247067,-0.016223919421511118,-0.027966787149284144,0.03762070469697081,-0.01646588693694984,ge+treff+en groß+er+e
groß+er+e sand+verlust+e,15.040406769810616,-0.05268287028834121,-0.06593063233596864,0.10276936459388195,-0.05556687985803688,groß+er+e sand+verlust+e
sand+verlust+e bleib+en,13.491730662587367,-0.009098661497970693,-0.024461496091343266,0.03159639702229189,-0.015704195831740222,sand+verlust+e bleib+en
Ostfriesischen,12.462712045262839,0.004361030520261351,-0.013195753251899062,0.010965626734155753,-0.006115247568231918,Ostfriesischen
bleib+en ostfriesisch+en,12.462712045262839,0.004361030520261351,-0.013195753251899062,0.010965626734155753,-0.006115247568231918,bleib+en ostfriesisch+en
Inselschutz,6.857500519960256,0.045376936718749615,0.006825728641913718,-0.025411214837897954,-0.002738771507307058,Inselschutz
insel+schutz niedersachsen,7.0499761105930805,0.04714420313052442,0.009831485299708665,-0.031562221666746014,0.0012817384829090447,insel+schutz niedersachsen
trotzdem,7.327980121278502,0.0474434212309141,0.011745043248553907,-0.035608780910702326,0.004511404266437867,trotzdem
niedersachsen trotzdem,7.327980121278502,0.0474434212309141,0.011745043248553907,-0.035608780910702326,0.004511404266437867,niedersachsen trotzdem
Geld,7.687245023658743,0.0449888497591837,0.011136790128143661,-0.034607690527396415,0.005399374523909511,Geld
trotzdem geld,7.687245023658743,0.0449888497591837,0.011136790128143661,-0.034607690527396415,0.005399374523909511,trotzdem geld
investieren,7.837348015312777,0.04383300812711809,0.010710141291911258,-0.03383655919537807,0.005561041448008179,investieren
geld investier+en,7.837348015312777,0.04383300812711809,0.010710141291911258,-0.03383655919537807,0.005561041448008179,geld investier+en
hin+zu+füg+en acht,13.930402440832912,0.013120611546496245,-0.0004766644653592025,-0.013776419666532475,0.009622292245438428,hin+zu+füg+en acht
Inselsc…,6.857500519960256,0.045376936718749615,0.006825728641913718,-0.025411214837897954,-0.002738771507307058,Inselsc…
+3056,6.690590781339079,0.04774441874680777,0.008245477584126339,-0.028117801675534595,-0.0020985500596097245,+3056
inselsc… +3056,6.690590781339079,0.04774441874680777,0.008245477584126339,-0.028117801675534595,-0.0020985500596097245,inselsc… +3056
+3056 char+s,6.5989494534945905,0.049024369585314656,0.008988815365297746,-0.029533697127724474,-0.0017977515809921491,+3056 char+s
Sandstrände,14.257667074451263,-0.010100513189437645,-0.02369778920129296,0.030042551912005895,-0.013598832490495516,Sandstrände
sturm+flut+en sand+strand+e,14.257667074451263,-0.010100513189437645,-0.02369778920129296,0.030042551912005895,-0.013598832490495516,sturm+flut+en sand+strand+e
neu,11.485527864600938,0.015724244385437788,-0.004234514810660191,-0.00585480673722224,0.0009976558676915038,neu
sand+strand+e neu,11.485527864600938,0.015724244385437788,-0.004234514810660191,-0.00585480673722224,0.0009976558676915038,sand+strand+e neu
aufgeschüttet,16.623188971054354,0.00110601533862135,-0.007338708475498126,-0.001002311552632077,0.00663786220869641,aufgeschüttet
neu auf+ge+schütt+et,10.939494897672494,0.01955530838090305,-0.001971149650384106,-0.010072382288772315,0.0020473996857826578,neu auf+ge+schütt+et
auf+ge+schütt+et einig+e,9.610496072766075,0.028779210855195213,0.0029123298237875655,-0.01915329078453743,0.003539746335336031,auf+ge+schütt+et einig+e
Touristen,9.146349437934312,0.032106097046140175,0.004517294618045104,-0.022128230972401918,0.0037863507899475175,Touristen
einig+e tourist+en,9.146349437934312,0.032106097046140175,0.004517294618045104,-0.022128230972401918,0.0037863507899475175,einig+e tourist+en
sonnen,8.617179975727606,0.03604449017117219,0.006336594077217851,-0.025493821687778643,0.003923467556604683,sonnen
tourist+en sonn+en,8.617179975727606,0.03604449017117219,0.006336594077217851,-0.025493821687778643,0.003923467556604683,tourist+en sonn+en
sonn+en bereits,8.121883708624981,0.039921322005974556,0.008058276880445072,-0.028672544758910103,0.003922172840214933,sonn+en bereits
bereits strand,7.758344545377818,0.042915451148128406,0.009350142337595289,-0.031054068131324726,0.003844253397643907,bereits strand
Lignano,13.469140705939608,0.005375946841174031,-0.00956687439963287,0.0038566813111995646,-0.0004897865330788789,Lignano
strand lignano,7.455872285378539,0.045521463752384125,0.01045254168977463,-0.03308417013709249,0.00373007395945822,strand lignano
echten,7.082149427173904,0.04782853703385085,0.010734385132599066,-0.03340164844563529,0.002363261380574938,echten
mit echt+en,7.082149427173904,0.04782853703385085,0.010734385132599066,-0.03340164844563529,0.002363261380574938,mit echt+en
Strandbetrieb,7.229804195651321,0.046364755159576755,0.010066282062278968,-0.03215834711373084,0.0023442743621332803,Strandbetrieb
echt+en strand+betrieb,7.229804195651321,0.046364755159576755,0.010066282062278968,-0.03215834711373084,0.0023442743621332803,echt+en strand+betrieb
strand+betrieb geh+t,7.5716404571076,0.04306277320858641,0.008520549859701996,-0.029277558372026176,0.0022249520154155036,strand+betrieb geh+t
erst,7.802392091737419,0.04088938149848548,0.007469874208268222,-0.027315977149004255,0.0020816204325100345,erst
geh+t erst,7.802392091737419,0.04088938149848548,0.007469874208268222,-0.027315977149004255,0.0020816204325100345,geh+t erst
Mai,8.066918303808544,0.03843810271631394,0.006248392884141324,-0.025032105702443064,0.001850039873933035,Mai
erst mai,8.066918303808544,0.03843810271631394,0.006248392884141324,-0.025032105702443064,0.001850039873933035,erst mai
mai los,8.214654659871698,0.03708238270301398,0.005554478672452343,-0.02373310853982739,0.0016871282057609488,mai los
los strand,7.229804195651321,0.046364755159576755,0.010066282062278968,-0.03215834711373084,0.0023442743621332803,los strand
gearbeitet,9.900470819545168,0.02120145428438017,-0.003850724435318958,-0.0060666113082853265,-0.0025832379517753104,gearbeitet
strand ge+arbeit+et,9.900470819545168,0.02120145428438017,-0.003850724435318958,-0.0060666113082853265,-0.0025832379517753104,strand ge+arbeit+et
der sand,11.954017315546693,-0.011985376821357417,-0.031520193689242686,0.044703940632492487,-0.025960825930614766,der sand
sand winter,14.615021676160534,0.010840300702510002,-0.0012961547502746181,-0.012320366201319146,0.009907801217343724,sand winter
winter sturm+flut+en,24.762533789152943,-0.011853107529319751,-0.009373255825791738,0.001915259778451127,0.012652488024657273,winter sturm+flut+en
davongetragen,14.257243912199833,0.012013474822737963,-0.0008747281387608724,-0.01306889543144142,0.00976115700078214,davongetragen
sturm+flut+en davon+ge+trag+en,14.257243912199833,0.012013474822737963,-0.0008747281387608724,-0.01306889543144142,0.00976115700078214,sturm+flut+en davon+ge+trag+en
davon+ge+trag+en werd+e,11.260142148242036,0.023721977925275504,0.003352905126592019,-0.020606634759740398,0.00826799617494254,davon+ge+trag+en werd+e
per,9.967249190037494,0.03018147216477789,0.005702538850597857,-0.024817207130014583,0.007419399458567058,per
werd+e per,9.967249190037494,0.03018147216477789,0.005702538850597857,-0.024817207130014583,0.007419399458567058,werd+e per
per bagger,9.649378498865634,0.03194846463646845,0.006347469353343887,-0.025975418737324965,0.007183962126912461,per bagger
bagger auf+ge+schütt+et,8.795129186504354,0.03663544794657877,0.007733971149972983,-0.028367259602364307,0.005962380806421648,bagger auf+ge+schütt+et
Di…,7.9819927126357495,0.033158052743966486,0.0003388051183234686,-0.013332269429668938,-0.004565764669012049,Di…
di… wind,7.875153602413134,0.03160705701587916,-0.0018124502743381665,-0.009081165378132965,-0.007200704050096335,di… wind
wind wasser,7.676043304396637,0.026074149922911575,-0.008601780316404859,0.004087410083265239,-0.015005669248997404,wind wasser
wasser setz+en,7.925715586595492,0.01798270505650966,-0.015726775934328693,0.01737315455841993,-0.02134904312950175,wasser setz+en
Sandstränden,8.595897409965009,-0.020968286973134062,-0.05299569719803831,0.08306759180531109,-0.057263718634097134,Sandstränden
setz+en sand+strand+en,8.595897409965009,-0.020968286973134062,-0.05299569719803831,0.08306759180531109,-0.057263718634097134,setz+en sand+strand+en
sand+strand+en lignano,8.870189062407817,0.022737882781517765,-0.006369966457759075,-0.0007901198962923891,-0.00830557091888559,sand+strand+en lignano
lignano winter,9.610496072766075,0.028779210855195213,0.0029123298237875655,-0.01915329078453743,0.003539746335336031,lignano winter
allein letzt+en,12.857661857890735,0.01701739131597943,0.0009271896161061701,-0.016275394985840356,0.009129768895009665,allein letzt+en
letzt+en groß+er+en,15.446022576623557,0.008259375182476731,-0.002221902873769172,-0.01067797826607725,0.010228624041968445,letzt+en groß+er+en
groß+er+en sturm+flut,24.762533789152943,-0.011853107529319751,-0.009373255825791738,0.001915259778451127,0.012652488024657273,groß+er+en sturm+flut
sturm+flut ende,15.009048932039201,0.009592435730851502,-0.0017439839747110336,-0.011525534086341296,0.010063221283636058,sturm+flut ende
ende februar,13.35320723238742,0.015164500790815327,0.00025912276465840184,-0.015085460488296442,0.009364700130736743,ende februar
februar werd+en,11.706091641048928,0.02172549400193552,0.0026291998370814944,-0.019312709473888395,0.008526576962919872,februar werd+en
Pineta,10.441338611297951,0.026831081654141595,0.003908075824560757,-0.021433010364887796,0.006840552103301309,Pineta
werd+en pineta,10.441338611297951,0.026831081654141595,0.003908075824560757,-0.021433010364887796,0.006840552103301309,werd+en pineta
pineta fast,9.858881586947685,0.02541103495861379,0.0003588562389147643,-0.014236448699917527,0.0016263427224583618,pineta fast
20.000,9.530529789845483,0.023211115368220594,-0.003171632868750256,-0.007235406764283672,-0.002950372376138665,20.000
fast 20.000,9.530529789845483,0.023211115368220594,-0.003171632868750256,-0.007235406764283672,-0.002950372376138665,fast 20.000
Kubikmeter,9.172314445908828,0.017278032751648884,-0.010763314988184988,0.00744808201830909,-0.011852517125082104,Kubikmeter
20.000 kubikmeter,9.172314445908828,0.017278032751648884,-0.010763314988184988,0.00744808201830909,-0.011852517125082104,20.000 kubikmeter
kubikmeter sand,8.973268812665417,-0.019291460110272884,-0.04957276957020373,0.07712143410640167,-0.052443112026839114,kubikmeter sand
sand meer,8.329249579289456,0.014710067495441861,-0.017152977630087395,0.01981921225256728,-0.021289081670317622,sand meer
gespült,8.105295613076928,0.02171256507442193,-0.01095215230040947,0.008309520666367453,-0.01573236282407811,gespült
meer ge+spül+t,8.105295613076928,0.02171256507442193,-0.01095215230040947,0.008309520666367453,-0.01573236282407811,meer ge+spül+t
Derzeit,7.779376019914416,0.029575247232098166,-0.0044178321252874575,-0.003986222931143328,-0.010269192478523453,Derzeit
sieht…,7.540280040103729,0.034264089954532506,-0.000804832108077214,-0.010843993709381612,-0.007527299838393533,sieht…
derzeit sieht…,7.540280040103729,0.034264089954532506,-0.000804832108077214,-0.010843993709381612,-0.007527299838393533,derzeit sieht…
+1381,7.333462817402751,0.03786308180031443,0.0018012974217493706,-0.015808492418337736,-0.005727966778364903,+1381
sieht… +1381,7.333462817402751,0.03786308180031443,0.0018012974217493706,-0.015808492418337736,-0.005727966778364903,sieht… +1381
+1381 chars,7.194709484257167,0.04011123496107236,0.003352071873980532,-0.01876693367169143,-0.004745547447307539,+1381 chars
Riff,6.289012134078446,0.05755685478503166,0.015803501393692042,-0.04306765150985025,0.003594559769129679,Riff
norden riff,6.289012134078446,0.05755685478503166,0.015803501393692042,-0.04306765150985025,0.003594559769129679,norden riff
riff süden,6.399088318838306,0.05642742124054328,0.01538203849603134,-0.04230177203968678,0.003760373417860982,riff süden
süden strand,6.53256158348738,0.05509481247360388,0.014885291734565894,-0.04139954383797732,0.003955074560654203,süden strand
strand der,6.66436416773895,0.05381665237108733,0.014409382687245821,-0.04053563019114147,0.004140871075400298,strand der
verwegene,6.726982512039987,0.05322201348863412,0.014188155565672949,-0.040134195502855276,0.004226994633853632,verwegene
der verwegen+e,6.726982512039987,0.05322201348863412,0.014188155565672949,-0.040134195502855276,0.004226994633853632,der verwegen+e
Rettungsplan,6.896015096688875,0.05165556142761496,0.013605925265724381,-0.03907817156739931,0.004452920161661458,Rettungsplan
verwegen+e rettung+s+plan,6.896015096688875,0.05165556142761496,0.013605925265724381,-0.03907817156739931,0.004452920161661458,verwegen+e rettung+s+plan
rettung+s+plan helgoland,7.233654428316292,0.048684436562564375,0.012503763199801567,-0.03708105142572698,0.004877703601315307,rettung+s+plan helgoland
helgoland helgoland,7.233654428316292,0.048684436562564375,0.012503763199801567,-0.03708105142572698,0.004877703601315307,helgoland helgoland
Verfall,13.353207232387424,0.015164500790815109,0.00025912276465795786,-0.015085460488296554,0.009364700130736302,Verfall
helgoland verfall,13.353207232387424,0.015164500790815109,0.00025912276465795786,-0.015085460488296554,0.009364700130736302,helgoland verfall
verfall rett+en,14.172815870298333,0.012296146235443518,-0.0007731286984778372,-0.013249434558063988,0.009725746509843454,verfall rett+en
Bürgermeister,39.68970783343975,-0.0320570711016598,-0.018576284300331328,0.01832854328048271,0.011344526635983197,Bürgermeister
rett+en bürger+meister,15.934526293143588,0.006828188497391775,-0.002734446163773552,-0.009769808890277676,0.010405491538495288,rett+en bürger+meister
300,20.31906537355308,-0.003825120427325211,-0.006531877416330105,-0.003067599650176673,0.011700186947537987,300
bürger+meister 300,20.31906537355308,-0.003825120427325211,-0.006531877416330105,-0.003067599650176673,0.011700186947537987,bürger+meister 300
300 jahr+en,21.739045266249715,-0.006629317625420714,-0.0075263256553139415,-0.0013204481415475973,0.012034974632252995,300 jahr+en
jahr+en sturm+flut,44.516702126208074,-0.0326376712220159,-0.016652145112430686,0.014544839573020588,0.015039582684725487,jahr+en sturm+flut
getrennten,26.166465522220058,-0.01399501386414029,-0.010128477082877452,0.003234852573658391,0.01290347702918241,getrennten
sturm+flut ge+trenn+t+en,26.166465522220058,-0.01399501386414029,-0.010128477082877452,0.003234852573658391,0.01290347702918241,sturm+flut ge+trenn+t+en
ge+trenn+t+en teil+e,20.642880572922124,-0.004487376240984654,-0.006766922308150018,-0.002654340934056564,0.011779467086238154,ge+trenn+t+en teil+e
vereinen,17.46457227483234,0.0027034175465490383,-0.004208439084743579,-0.007162703970045306,0.010911236631664005,vereinen
teil+e verein+en,17.46457227483234,0.0027034175465490383,-0.004208439084743579,-0.007162703970045306,0.010911236631664005,teil+e verein+en
Geplant,15.934526293143588,0.006828188497391775,-0.002734446163773552,-0.009769808890277676,0.010405491538495288,Geplant
neuer,14.172815870298333,0.012296146235443518,-0.0007731286984778372,-0.013249434558063988,0.009725746509843454,neuer
ge+plan+t neu+er,14.172815870298333,0.012296146235443518,-0.0007731286984778372,-0.013249434558063988,0.009725746509843454,ge+plan+t neu+er
neu+er stadt+teil,13.702968522759887,0.013912012654174298,-0.00019190703372018038,-0.014282842206756855,0.009522742952697543,neu+er stadt+teil
stadt+teil bucht,12.689060405001916,0.01767008088913103,0.0011627557188498758,-0.016695283916722432,0.009046687909218639,stadt+teil bucht
Hotels,12.326388501251326,0.019114917135455895,0.0016846602436700214,-0.017626126526325052,0.008862162149316241,Hotels
bucht hotel+s,12.326388501251326,0.019114917135455895,0.0016846602436700214,-0.017626126526325052,0.008862162149316241,bucht hotel+s
Wasserpark,7.255902784634635,0.04849558845808548,0.012433804079520477,-0.03695437185985182,0.0049045398794062365,Wasserpark
hotel+s wasser+park,7.255902784634635,0.04849558845808548,0.012433804079520477,-0.03695437185985182,0.0049045398794062365,hotel+s wasser+park
wasser+park sogar,6.913995723771614,0.05149215551378867,0.013545234908527009,-0.03896813436931611,0.004476408973130047,wasser+park sogar
Gezeitenkraftwerk,7.046027696141962,0.050310521567969314,0.01310662140891962,-0.038173115879316946,0.004645822973113367,Gezeitenkraftwerk
sogar gezeit+en+kraft+werk,7.046027696141962,0.050310521567969314,0.01310662140891962,-0.038173115879316946,0.004645822973113367,sogar gezeit+en+kraft+werk
Wass…,7.255902784634635,0.04849558845808548,0.012433804079520477,-0.03695437185985182,0.0049045398794062365,Wass…
hotel+s wass…,7.255902784634635,0.04849558845808548,0.012433804079520477,-0.03695437185985182,0.0049045398794062365,hotel+s wass…
+38,7.106175762096805,0.049782608967000874,0.01291080913348088,-0.03781832212242368,0.004721262369096598,+38
wass… +38,7.106175762096805,0.049782608967000874,0.01291080913348088,-0.03781832212242368,0.004721262369096598,wass… +38
+38 char+s,7.026473192743432,0.05048353099417478,0.01317081316335895,-0.03828944293222186,0.004621066346559521,+38 char+s
Düstere,4.979045793304009,0.022367512025971897,0.07025264045179774,-0.019467425754164443,-0.051170352330543366,Düstere
düster+e prognose,5.027880355760425,0.017033096538213825,0.07009399733675756,-0.012550056989123674,-0.05664619154833136,düster+e prognose
Swiss,5.128902885854401,0.0045376128812311175,0.06721606576636224,0.004977476502954271,-0.06937388822975472,Swiss
prognose swiss,5.128902885854401,0.0045376128812311175,0.06721606576636224,0.004977476502954271,-0.06937388822975472,prognose swiss
Versicherte,5.247687682328938,-0.01248508595315003,0.05887901841027298,0.030901014630970402,-0.08657724566803325,Versicherte
swiss versicher+t+e,5.247687682328938,-0.01248508595315003,0.05887901841027298,0.030901014630970402,-0.08657724566803325,swiss versicher+t+e
versicher+t+e schaden,5.659589458626439,-0.08077914919074229,0.002998895204917045,0.13771358871585135,-0.15509044339955458,versicher+t+e schaden
steuern,5.392989802308464,-0.027539508164269658,0.06612735362100045,0.04358677594377167,-0.10199831523234654,steuern
schaden steuer+n,5.392989802308464,-0.027539508164269658,0.06612735362100045,0.04358677594377167,-0.10199831523234654,schaden steuer+n
unaufhaltsam,5.339356554444296,-0.012437445554678041,0.09287239985717954,0.007605016190496456,-0.08642716141428651,unaufhaltsam
steuer+n un+aufhaltsam,5.339356554444296,-0.012437445554678041,0.09287239985717954,0.007605016190496456,-0.08642716141428651,steuer+n un+aufhaltsam
200-Milliarden-Dollar-Marke,5.374101392848866,-0.00491096238501813,0.14523670839267153,-0.04115263294115301,-0.0776211302959065,200-Milliarden-Dollar-Marke
un+aufhaltsam 200-milliarden-dollar-mark+e,5.374101392848866,-0.00491096238501813,0.14523670839267153,-0.04115263294115301,-0.0776211302959065,un+aufhaltsam 200-milliarden-dollar-mark+e
200-milliarden-dollar-mark+e klima+wandel,5.952853734331449,-0.08470519248794565,0.3765477200120174,-0.15423043897738312,-0.15538472396116354,200-milliarden-dollar-mark+e klima+wandel
Inflation,10.329617053172148,-0.031144041316885772,0.17310653669696424,-0.06689783241141221,-0.055578016719853705,Inflation
klima+wandel inflation,10.329617053172148,-0.031144041316885772,0.17310653669696424,-0.06689783241141221,-0.055578016719853705,klima+wandel inflation
unaufhaltsame,5.578692608120039,0.0018454007741830513,0.18216038010571436,-0.08270335717974657,-0.06690598313834042,unaufhaltsame
inflation un+aufhaltsam+e,5.578692608120039,0.0018454007741830513,0.18216038010571436,-0.08270335717974657,-0.06690598313834042,inflation un+aufhaltsam+e
Urbanisierung,5.607876744188064,0.008721667358122827,0.16847693505562553,-0.08127203719377701,-0.05896257559953129,Urbanisierung
un+aufhaltsam+e urbanisierung,5.607876744188064,0.008721667358122827,0.16847693505562553,-0.08127203719377701,-0.05896257559953129,un+aufhaltsam+e urbanisierung
treiben,5.68276927385768,0.008227366015397815,0.16840602175641442,-0.08144343130568496,-0.05833810086875404,treiben
urbanisierung treib+en,5.68276927385768,0.008227366015397815,0.16840602175641442,-0.08144343130568496,-0.05833810086875404,urbanisierung treib+en
Kosten,5.7883926824770375,0.0013535696015171904,0.18134429528711873,-0.08388601902862071,-0.06420801607368153,Kosten
treib+en kosten,5.7883926824770375,0.0013535696015171904,0.18134429528711873,-0.08388601902862071,-0.06420801607368153,treib+en kosten
Erdbeben,5.946365709033184,-0.014462313301791128,0.21774156662546373,-0.09500930939605971,-0.07906396423342738,Erdbeben
kosten erdbeben,5.946365709033184,-0.014462313301791128,0.21774156662546373,-0.09500930939605971,-0.07906396423342738,kosten erdbeben
Hurrikane,6.351061782662335,-0.06972510023588628,0.3448966035102747,-0.1453138302033654,-0.133418371746872,Hurrikane
erdbeben hurrikan+e,6.351061782662335,-0.06972510023588628,0.3448966035102747,-0.1453138302033654,-0.133418371746872,erdbeben hurrikan+e
Waldbrände,6.044757125526011,-0.004639148112869119,0.17316693706318723,-0.07172162589732123,-0.06699822350718086,Waldbrände
hurrikan+e wald+brand+e,6.044757125526011,-0.004639148112869119,0.17316693706318723,-0.07172162589732123,-0.06699822350718086,hurrikan+e wald+brand+e
weltweit,6.049521192192148,0.007638359451108328,0.12576833726148948,-0.05084530578762593,-0.05361630347417462,weltweit
wald+brand+e weltweit,6.049521192192148,0.007638359451108328,0.12576833726148948,-0.05084530578762593,-0.05361630347417462,wald+brand+e weltweit
astronomische,6.107330679684048,0.013239148425086738,0.09052863579081,-0.03266110901821977,-0.04674826046384775,astronomische
weltweit astronomisch+e,6.107330679684048,0.013239148425086738,0.09052863579081,-0.03266110901821977,-0.04674826046384775,weltweit astronomisch+e
Höhen,6.224262261482887,0.013178767974160083,0.0565862454598167,-0.009740147290384993,-0.045238302304996314,Höhen
astronomisch+e höhe+n,6.224262261482887,0.013178767974160083,0.0565862454598167,-0.009740147290384993,-0.045238302304996314,astronomisch+e höhe+n
doch schaden,6.827872452650668,-0.043171197331128335,-0.04181420329880464,0.11332591060112769,-0.09862605103526051,doch schaden
rasant,6.6033262496233815,0.0036011631785100727,-0.005099118713769705,0.039140841998775405,-0.0507776131046502,rasant
schaden rasant,6.6033262496233815,0.0036011631785100727,-0.005099118713769705,0.039140841998775405,-0.0507776131046502,schaden rasant
rasant steig+en,6.590408131280841,0.017828823073541326,0.0030781450096851806,0.01615752539676645,-0.03556652482337785,rasant steig+en
steig+en zieh+t,6.6326606041375324,0.028129223886986767,0.00631146823273612,0.000262181411562618,-0.02393864183223555,steig+en zieh+t
Versicherungswirtschaft,6.770796432194248,0.03797248136957789,0.005743097651631414,-0.013786959762550842,-0.01170329992610902,Versicherungswirtschaft
zieh+t versicherung+s+wirtschaft,6.770796432194248,0.03797248136957789,0.005743097651631414,-0.013786959762550842,-0.01170329992610902,zieh+t versicherung+s+wirtschaft
extremen,7.2816386150927475,0.044954981881552974,0.00889319750298771,-0.029837984683659446,0.0013639333028734768,extremen
versicherung+s+wirtschaft extrem+en,7.2816386150927475,0.044954981881552974,0.00889319750298771,-0.029837984683659446,0.0013639333028734768,versicherung+s+wirtschaft extrem+en
Risikogebieten,7.481300706774535,0.04529796353084639,0.010358711212977255,-0.0329114480578359,0.003741408026571007,Risikogebieten
extrem+en risiko+gebiet+en,7.481300706774535,0.04529796353084639,0.010358711212977255,-0.0329114480578359,0.003741408026571007,extrem+en risiko+gebiet+en
Beschädigte,8.000882514466898,0.042608659649083155,0.010258664601221018,-0.03302099403031732,0.005731527371992933,Beschädigte
risiko+gebiet+en beschädig+t+e,8.000882514466898,0.042608659649083155,0.010258664601221018,-0.03302099403031732,0.005731527371992933,risiko+gebiet+en beschädig+t+e
Schiffe,8.462319972132253,0.03933520129586779,0.009053891835936818,-0.030846901497323127,0.0061835493793015815,Schiffe
beschädig+t+e schiff+e,8.462319972132253,0.03933520129586779,0.009053891835936818,-0.030846901497323127,0.0061835493793015815,beschädig+t+e schiff+e
liegen,8.841968283081354,0.036823495216524484,0.008131741112792768,-0.02918508702015897,0.0065267132597321195,liegen
schiff+e lieg+en,8.841968283081354,0.036823495216524484,0.008131741112792768,-0.02918508702015897,0.0065267132597321195,schiff+e lieg+en
lieg+en hafen,9.883805468849165,0.030637718160561284,0.005868972283560558,-0.025115999730975877,0.0073587475725983885,lieg+en hafen
hafen schleswig-holstein,10.756657879422269,0.02611031822839331,0.004220206419084988,-0.02215916079815174,0.007956400535550464,hafen schleswig-holstein
Anleger,10.1430481559004,0.029237264430242316,0.0053583024872468675,-0.024199433978611167,0.007544614493676902,Anleger
2023 anleger,10.1430481559004,0.029237264430242316,0.0053583024872468675,-0.024199433978611167,0.007544614493676902,2023 anleger
picture,8.726365840259177,0.033782073469374445,0.022361499144594264,-0.033851066529209974,0.0023739474888557644,picture
bild+quelle picture,8.726365840259177,0.033782073469374445,0.022361499144594264,-0.033851066529209974,0.0023739474888557644,bild+quelle picture
alliance/dpa,8.406256532419492,0.031854816363131915,0.03787853990056697,-0.03977133440605724,-0.0022844849422009694,alliance/dpa
picture alliance/dpa,8.406256532419492,0.031854816363131915,0.03787853990056697,-0.03977133440605724,-0.0022844849422009694,picture alliance/dpa
Daniel,7.9702090653681115,0.023291664258558702,0.07975219558488196,-0.05477192263437541,-0.015249708867050063,Daniel
alliance/dpa daniel,7.9702090653681115,0.023291664258558702,0.07975219558488196,-0.05477192263437541,-0.015249708867050063,alliance/dpa daniel
Bockwoldt,7.846441150943012,0.014119611715905273,0.11365029432583763,-0.06658393320040332,-0.026226702748648526,Bockwoldt
daniel bockwoldt,7.846441150943012,0.014119611715905273,0.11365029432583763,-0.06658393320040332,-0.026226702748648526,daniel bockwoldt
bockwoldt klima+wandel,7.940296995456452,-0.02979906055942605,0.2420732674849478,-0.11395755047085147,-0.07250728266855469,bockwoldt klima+wandel
inflation und…,7.035819084360973,0.029166633174959218,0.08827683039221966,-0.06183841340393689,-0.018221446292456853,inflation und…
+572,6.90897001657609,0.0332921940633072,0.07855851289174942,-0.05929779778115414,-0.01517914903278425,+572
und… +572,6.90897001657609,0.0332921940633072,0.07855851289174942,-0.05929779778115414,-0.01517914903278425,und… +572
+572 chars,6.813239186127994,0.03606592526598485,0.07238200942850506,-0.057791883660633335,-0.0132719114106523,+572 chars
Elf,21.012960813448213,-0.03474565091337287,-0.03737724428610947,0.05360899072731766,-0.019089852905219206,Elf
elf meter,65.41683800448249,-0.0659162273503347,-0.04286181656526496,0.06125162084676033,-0.006221608703576727,elf meter
meter hoch+e,27.323695382178663,-0.06428848458010071,-0.06060402540883906,0.09272902734285536,-0.037704002203232855,meter hoch+e
hoch+e welle+n,27.885047985862368,-0.10075959219917764,-0.09749550177136669,0.15091357228201993,-0.07490028913564253,hoch+e welle+n
welle+n hundert+e,6.922151198886487,0.011592771601043864,-0.027997187341560665,0.04046439391122115,-0.03841621688178833,welle+n hundert+e
Neuseelands,47.908583828095864,-0.052806019307555345,-0.03568827252746767,0.04909660546307375,-0.003199103710981516,Neuseelands
mensch+en neuseeland+s,7.104076905688232,0.03436167802905181,-0.0031659448026730395,-0.0059819629184849465,-0.011891456391456619,mensch+en neuseeland+s
Hauptstadt,48.03199464764115,-0.04522322641153351,-0.027892159296466285,0.03511768455633189,0.004747043446264451,Hauptstadt
neuseeland+s haupt+stadt,48.03199464764115,-0.04522322641153351,-0.027892159296466285,0.03511768455633189,0.004747043446264451,neuseeland+s haupt+stadt
haupt+stadt evakuier+t,7.540388439727595,0.04064898495313825,0.005840720955908283,-0.02391400919166954,-0.0006703960902117984,haupt+stadt evakuier+t
evakuier+t neuseeland+s,7.104076905688232,0.03436167802905181,-0.0031659448026730395,-0.0059819629184849465,-0.011891456391456619,evakuier+t neuseeland+s
Wellington,53.66042343181318,-0.045889886059614395,-0.026297059929650105,0.03205111417490814,0.00792883549680779,Wellington
haupt+stadt wellington,41.720194550796734,-0.0370002606073563,-0.02252078958935576,0.025539216493980298,0.008107249169213114,haupt+stadt wellington
wellington dienstag,23.474766668643895,-0.009739298499980571,-0.008626762857858215,0.0006089041030013874,0.012403549102657823,wellington dienstag
dienstag hundert+e,25.996412505332533,-0.013743911782068009,-0.010040002179097464,0.0030803677856369124,0.012874117247191117,dienstag hundert+e
mensch+en sturm+flut,100.54797249755045,-0.0550275833982658,-0.02437392675034751,0.02771436420763327,0.01750911910296785,mensch+en sturm+flut
elf,64.12079287212217,-0.04564499713659298,-0.022585699509703475,0.024999818559017627,0.0140579048971245,elf
sturm+flut elf,57.76807095052453,-0.041741738570982054,-0.02060531254736646,0.02149401283036516,0.01469925970765185,sturm+flut elf
meter hoch+en,50.52489111942759,-0.05330660526171851,-0.03509129481138817,0.04795647961993547,-0.001830887747478442,meter hoch+en
hoch+en welle+n,40.35929627403198,-0.09109428132165245,-0.07856877907292288,0.12113086776734114,-0.04932588458931324,hoch+en welle+n
welle+n sicherheit,41.62162588139557,-0.04928392248446596,-0.03512808900171528,0.048325320616494145,-0.00472907178571992,welle+n sicherheit
Wellingtons,23.99753952290822,-0.0180173354020222,-0.01653585339514052,0.015507172057717494,0.004763382227420634,Wellingtons
wellington+s bürger+meister,22.46338981113843,-0.013780345544885683,-0.01397263362243291,0.010848518536095437,0.006104655327609367,wellington+s bürger+meister
Andrew,25.12253767584909,-0.01625089593153443,-0.013506456224762119,0.00972181372501564,0.008711535222627591,Andrew
bürger+meister andrew,21.051016739866384,-0.009947013236966012,-0.011830483301589369,0.006956000015093921,0.007007021390604118,bürger+meister andrew
Little,24.406034592106188,-0.01476409683420957,-0.012745587386126977,0.00834910517689128,0.008944657113173117,Little
andrew little,24.406034592106188,-0.01476409683420957,-0.012745587386126977,0.00834910517689128,0.008944657113173117,andrew little
rief,19.6779119520617,-0.005313220287054277,-0.008974491561556181,0.0016900812195257972,0.008554048045117758,rief
little ruf,19.6779119520617,-0.005313220287054277,-0.008974491561556181,0.0016900812195257972,0.008554048045117758,little ruf
südlichen,10.84553883707379,0.02415985933134741,0.0024915953854941133,-0.018774954115097026,0.0064000786856801915,südlichen
ruf südlich+en,6.8968718214027085,0.049112797278079635,0.010961262605828746,-0.03372575790151941,0.0017247178106636854,ruf südlich+en
Küstenvororte,11.677257946394807,0.02062749615119768,0.0014088581456480548,-0.016903064415608408,0.0072119786747903225,Küstenvororte
südlich+en küste+n+vorort+e,6.727467970187181,0.05093306394214534,0.011804824804355464,-0.03530074210607447,0.0017660183113709115,südlich+en küste+n+vorort+e
Owhiro,6.518778774175474,0.05322782093686744,0.012846677609426933,-0.03724337879396977,0.001774658197294364,Owhiro
küste+n+vorort+e owhiro,6.518778774175474,0.05322782093686744,0.012846677609426933,-0.03724337879396977,0.001774658197294364,küste+n+vorort+e owhiro
Bay,10.259775487887449,0.026405981194876745,0.0028378371027707894,-0.019254832026062704,0.005267001342239185,Bay
owhiro bay,6.424815977953831,0.054282394998331235,0.013318169127964772,-0.03812161723129771,0.0017637300154803297,owhiro bay
Island,6.361367113037065,0.05500269735641969,0.01363777538509722,-0.03871663218229913,0.0017512308498692144,Island
bay island,6.361367113037065,0.05500269735641969,0.01363777538509722,-0.03871663218229913,0.0017512308498692144,bay island
island bay,6.424815977953831,0.054282394998331235,0.013318169127964772,-0.03812161723129771,0.0017637300154803297,island bay
Houghton…,6.494005161131652,0.05506849397043732,0.014602399116432112,-0.04079107089407672,0.003460156773748678,Houghton…
bay houghton…,6.494005161131652,0.05506849397043732,0.014602399116432112,-0.04079107089407672,0.003460156773748678,bay houghton…
houghton… kopier+e,6.634025059154941,0.05410764191249111,0.014517682969886342,-0.040732186329363256,0.004098653429659007,houghton… kopier+e
hin+zu+füg+en neuseeland+s,7.868917324411097,0.043593873609507776,0.010621923677946742,-0.03367716369344316,0.005594401481767269,hin+zu+füg+en neuseeland+s
wor…,8.660083567863056,0.031077999937855646,0.0013701038439013285,-0.015701660760599704,-0.0010430226767118279,wor…
ge+bring+t wor…,8.660083567863056,0.031077999937855646,0.0013701038439013285,-0.015701660760599704,-0.0010430226767118279,ge+bring+t wor…
+1062,8.389273251778647,0.033877174293775625,0.003046820307085375,-0.018863869682849546,-0.0002621270115574905,+1062
wor… +1062,8.389273251778647,0.033877174293775625,0.003046820307085375,-0.018863869682849546,-0.0002621270115574905,wor… +1062
+1062 chars,8.15141870536463,0.03629144671481473,0.004428401589285623,-0.021467327002022907,0.0002922975490553098,+1062 chars
welle+n neuseeland+s,13.530021099057347,-0.01291478060932048,-0.028309926253211957,0.038567781669083416,-0.01957724291070882,welle+n neuseeland+s
nan,7.910832762748786,0.03450046593379904,0.0013775990985922838,-0.015325967949383765,-0.0037715007453106575,nan
haupt+stadt nan,7.910832762748786,0.03450046593379904,0.0013775990985922838,-0.015325967949383765,-0.0037715007453106575,haupt+stadt nan
nan neuseeland+s,7.458962236020749,0.018012504381155495,-0.018168168981607266,0.022176757126047206,-0.025794228580093642,nan neuseeland+s
wellington heute,10.331985952740814,0.028247295520066405,0.004997671581241855,-0.023552564392189765,0.007675460135406034,wellington heute
heute hundert+e,10.997054760258363,0.024951276983367004,0.003799100544079366,-0.021405102713625446,0.00810792668288655,heute hundert+e
+806,6.809797071020226,0.05004404837542801,0.011394842141223155,-0.03453551430602471,0.0017498580484345925,+806
ruf +806,6.809797071020226,0.05004404837542801,0.011394842141223155,-0.03453551430602471,0.0017498580484345925,ruf +806
+806 char+s,6.727467970187181,0.05093306394214534,0.011804824804355464,-0.03530074210607447,0.0017660183113709115,+806 char+s
Neuseeland,42.42205463348477,-0.03108861016029238,-0.01611340613125784,0.013617042622106872,0.014865131245139053,Neuseeland
sturm+flut neuseeland,13.930402440832912,0.013120611546496245,-0.0004766644653592025,-0.013776419666532475,0.009622292245438428,sturm+flut neuseeland
neuseeland hundert+e,11.401374103301924,0.023078157175371164,0.0031193979792731256,-0.02018898720673497,0.008351568657625041,neuseeland hundert+e
hundert+e neuseeland,13.930402440832912,0.013120611546496245,-0.0004766644653592025,-0.013776419666532475,0.009622292245438428,hundert+e neuseeland
neuseeland wegen,17.11477346089817,0.0036022974419442993,-0.003887624397632632,-0.00772954628243573,0.01080151941492936,neuseeland wegen
sturm+flut sicherheit,24.15276024498015,-0.010871131423951146,-0.009026616463118678,0.00130889161655978,0.012536998363329686,sturm+flut sicherheit
ge+bring+t elf,10.518057509130776,0.019510332523102837,-0.003412673306477896,-0.007136190537443051,-0.0004801970277372046,ge+bring+t elf
welle+n erreich+en,9.073704059525904,0.010952436943456299,-0.017739317160275627,0.020566089965042243,-0.019344345013336168,welle+n erreich+en
erreich+en küste,8.331747481584522,0.02728435362191101,-0.004072661874052996,-0.004950330266348024,-0.007803091543131078,erreich+en küste
küste neuseeland,13.930402440832912,0.013120611546496245,-0.0004766644653592025,-0.013776419666532475,0.009622292245438428,küste neuseeland
bringen,7.501857311309406,0.03937278048992515,0.004303858427315319,-0.02084452520247556,-0.002418609303000801,bringen
neuseeland bring+en,7.501857311309406,0.03937278048992515,0.004303858427315319,-0.02084452520247556,-0.002418609303000801,neuseeland bring+en
bring+en mensch+en,7.191247970108845,0.0433301120264218,0.006684582174060793,-0.025365879783208874,-0.0013203331009904124,bring+en mensch+en
mensch+en gefahr,6.9497761063043875,0.04633043438713277,0.008383513781871039,-0.028587556063816192,-0.0006853121535258885,mensch+en gefahr
wellington küste+n+vorort+e,7.658674461987934,0.045212457069807,0.011219377712420901,-0.034757006877429206,0.005368017359184981,wellington küste+n+vorort+e
Notstand,12.355590744965715,0.018996447090216317,0.001641843562570587,-0.017549731728510303,0.008877324418058656,Notstand
küste+n+vorort+e not+stand,8.256633122678657,0.04076269423213007,0.00957885807119336,-0.031793830523422925,0.005987104431015855,küste+n+vorort+e not+stand
not+stand aus+ge+ruf+en,8.643468816829214,0.03811756267651224,0.008606602068306877,-0.030040588216790478,0.006350302950478458,not+stand aus+ge+ruf+en
wellington hundert+e,10.997054760258363,0.024951276983367004,0.003799100544079366,-0.021405102713625446,0.00810792668288655,wellington hundert+e
der bürger+meister,9.435988947904022,0.03318043301270791,0.006797684775736814,-0.026784562922624856,0.007018945268348411,der bürger+meister
bürger+meister neuseeland+s,8.462319972132253,0.03933520129586779,0.009053891835936818,-0.030846901497323127,0.0061835493793015815,bürger+meister neuseeland+s
wellington andrew,7.348007506837768,0.047722430000576264,0.012147504858063382,-0.03643605991084897,0.005014207891447596,wellington andrew
ruf not+stand,6.860671789635491,0.05197853428405623,0.013725905437575698,-0.039295729128301225,0.0044064506951549814,ruf not+stand
not+stand südlich+en,6.589666612578961,0.05453654007581092,0.014677359963662725,-0.04102203051783239,0.004036340289443981,not+stand südlich+en
+1183,6.373854725906523,0.05668384880143533,0.015477691342956772,-0.04247556065290383,0.003722791360128213,+1183
südlich+en +1183,6.373854725906523,0.05668384880143533,0.015477691342956772,-0.04247556065290383,0.003722791360128213,südlich+en +1183
+1183 chars,6.300814639394424,0.057434398106681786,0.015757784993838668,-0.042984558881684336,0.0036125733350867444,+1183 chars
Zurückbleibenden,5.47238166256961,0.04878400767758137,0.00031827562011490276,-0.011339408305597569,-0.017534529372751205,Zurückbleibenden
geholfen,5.707152969479261,0.035022385014433034,-0.012123430714685964,0.012246113717479872,-0.028855414592922547,geholfen
zurück+bleib+end+en ge+helf+en,5.707152969479261,0.035022385014433034,-0.012123430714685964,0.012246113717479872,-0.028855414592922547,zurück+bleib+end+en ge+helf+en
ge+helf+en elf,5.8446765809820445,0.023310418871553735,-0.02327563624235642,0.032764833856115665,-0.03953394293459251,ge+helf+en elf
zwingen,6.101923189425103,0.006451229415449751,-0.0389334111486059,0.06046485750151874,-0.054178355037671426,zwingen
welle+n zwing+en,6.101923189425103,0.006451229415449751,-0.0389334111486059,0.06046485750151874,-0.054178355037671426,welle+n zwing+en
zwing+en hundert+e,6.0607495755474075,0.023508215470466356,-0.021409155620198052,0.029158465396870007,-0.03626117504417259,zwing+en hundert+e
hundert+e wellington,6.088607169682017,0.03521434329580835,-0.008967690515709692,0.0059220389450137315,-0.02320272698334796,hundert+e wellington
Flucht,6.1794141083770775,0.042417088578658536,-0.000780744432022643,-0.009895363829920565,-0.014192573339527774,Flucht
wellington flucht,6.1794141083770775,0.042417088578658536,-0.000780744432022643,-0.009895363829920565,-0.014192573339527774,wellington flucht
flucht windbö+en,6.234501583667547,0.04451727888825897,0.001806453815112948,-0.014996183377701942,-0.011199117796660316,flucht windbö+en
128,6.427927152852638,0.04823615784337563,0.007030000384897246,-0.025481941456666456,-0.004724899597931531,128
windbö+en 128,6.427927152852638,0.04823615784337563,0.007030000384897246,-0.025481941456666456,-0.004724899597931531,windbö+en 128
128 stunde+n+kilo+meter+n,6.4729345982015,0.04870187714504276,0.007819329766587465,-0.02709298661944013,-0.003667471053657503,128 stunde+n+kilo+meter+n
peitschten,6.704193359418546,0.05002023627221125,0.010705301057065244,-0.03306444697535556,0.0005128267572266331,peitschten
stunde+n+kilo+meter+n peitsch+ten,6.704193359418546,0.05002023627221125,0.010705301057065244,-0.03306444697535556,0.0005128267572266331,stunde+n+kilo+meter+n peitsch+ten
peitsch+ten neuseeland+s,6.95626234719635,0.05034644507573327,0.012607459097460392,-0.0370963317156838,0.0037089500264419414,peitsch+ten neuseeland+s
ruf +966,6.914897745583949,0.048921106308453706,0.010871470146563027,-0.0335579980909368,0.0017184650425001293,ruf +966
treff+t neuseeland,12.857661857890735,0.01701739131597943,0.0009271896161061701,-0.016275394985840356,0.009129768895009665,treff+t neuseeland
neuseeland elf,10.618843281693914,0.019357598316932106,-0.0032302641904050013,-0.007523603055770461,-3.672241811257251e-05,neuseeland elf
wellington werd+en,14.390242596185365,0.008480186663316628,-0.004224281691432689,-0.006589018660827002,0.006550556554088322,wellington werd+en
werd+en dienstag,15.332321704686782,0.008601286459631912,-0.002099371045278473,-0.010895212450309555,0.010186261874938214,werd+en dienstag
dienstag mehrere,16.48577770288454,0.005282701235276547,-0.0032872811294396057,-0.008791175136088115,0.0105956730316023,dienstag mehrere
hundert,17.842110437280304,0.001760107912232973,-0.004544871856979533,-0.006568626242001293,0.011026086120245701,hundert
mehrere hundert,17.842110437280304,0.001760107912232973,-0.004544871856979533,-0.006568626242001293,0.011026086120245701,mehrere hundert
hundert mensch+en,19.72264410385575,-0.0025673217343082744,-0.006085139945365956,-0.0038535779394565433,0.011549240899905607,hundert mensch+en
mensch+en aufgrund,23.076792381065303,-0.009054200092063442,-0.008384567359971626,0.00018463829644364902,0.012322595781313296,mensch+en aufgrund
aufgrund sturm+flut,44.516702126208074,-0.0326376712220159,-0.016652145112430686,0.014544839573020588,0.015039582684725487,aufgrund sturm+flut
ri…,7.303531029012296,0.04486568327851502,0.008923897243773255,-0.029914025300100695,0.001492291049106355,ri…
little ri…,7.303531029012296,0.04486568327851502,0.008923897243773255,-0.029914025300100695,0.001492291049106355,little ri…
+1187,7.191805584412497,0.046018017550563034,0.009487134995986395,-0.03096890084453411,0.0015757137733750047,+1187
ri… +1187,7.191805584412497,0.046018017550563034,0.009487134995986395,-0.03096890084453411,0.0015757137733750047,ri… +1187
+1187 chars,7.067160987111112,0.04731569067059456,0.010111790511544995,-0.03213781872068641,0.0016509920757384422,+1187 chars
alte,6.695342267853404,0.053521483012866716,0.014299554747376955,-0.040336325913751546,0.004183646336229691,alte
der alt+e,6.695342267853404,0.053521483012866716,0.014299554747376955,-0.040336325913751546,0.004183646336229691,der alt+e
Damm,6.775738020846886,0.05276446999802401,0.01401801064601129,-0.03982552184643738,0.0042931269019324545,Damm
alt+e damm,6.775738020846886,0.05276446999802401,0.01401801064601129,-0.03982552184643738,0.0042931269019324545,alt+e damm
damm meer,7.007157567100999,0.05065510052788919,0.013234480161676079,-0.038404827558171144,0.004596499464834538,damm meer
Warum,7.12673785018738,0.049603591824562684,0.01284442873747096,-0.03769806529388773,0.004746809416182834,Warum
meer warum,7.12673785018738,0.049603591824562684,0.01284442873747096,-0.03769806529388773,0.004746809416182834,meer warum
Jahrhundertfluten,7.348007506837768,0.047722430000576264,0.012147504858063382,-0.03643605991084897,0.005014207891447596,Jahrhundertfluten
warum jahr+hundert+flut+en,7.348007506837768,0.047722430000576264,0.012147504858063382,-0.03643605991084897,0.005014207891447596,warum jahr+hundert+flut+en
acht,11.064612742884425,0.024631790958463625,0.003683094385926362,-0.02119745794688692,0.008149590793248845,acht
jahr+hundert+flut+en acht,8.256633122678657,0.04076269423213007,0.00957885807119336,-0.031793830523422925,0.005987104431015855,jahr+hundert+flut+en acht
acht jahr+e,8.462319972132253,0.03933520129586779,0.009053891835936818,-0.030846901497323127,0.0061835493793015815,acht jahr+e
jahr+e geb+t,8.740376898863957,0.037480681513242256,0.00837283227396531,-0.029619366128201347,0.006437227812838857,jahr+e geb+t
geb+t der,6.634025059154941,0.05410764191249111,0.014517682969886342,-0.040732186329363256,0.004098653429659007,geb+t der
der meer+es+spiegel,9.240622275430573,0.034342653237086865,0.00722283639681745,-0.02754911982436771,0.006862608824882121,der meer+es+spiegel
schneller,11.125539385010184,0.024345948132266357,0.0035793298677040206,-0.021011755606710807,0.008186829796992002,schneller
steig+t schnell+er,11.125539385010184,0.024345948132266357,0.0035793298677040206,-0.021011755606710807,0.008186829796992002,steig+t schnell+er
schnell+er erwart+et,13.930402440832912,0.013120611546496245,-0.0004766644653592025,-0.013776419666532475,0.009622292245438428,schnell+er erwart+et
erwart+et sturm+flut+en,24.762533789152943,-0.011853107529319751,-0.009373255825791738,0.001915259778451127,0.012652488024657273,erwart+et sturm+flut+en
sturm+flut+en komm+en,14.257243912199833,0.012013474822737963,-0.0008747281387608724,-0.01306889543144142,0.00976115700078214,sturm+flut+en komm+en
viermal,12.4259320572799,0.01871263988855259,0.0015392884259264222,-0.01736677089629867,0.008913623858778759,viermal
komm+en viermal,12.4259320572799,0.01871263988855259,0.0015392884259264222,-0.01736677089629867,0.008913623858778759,komm+en viermal
viermal häufig+er,11.125539385010184,0.024345948132266357,0.0035793298677040206,-0.021011755606710807,0.008186829796992002,viermal häufig+er
häufig+er 100,9.179069797888467,0.03471590138785967,0.007359462091285371,-0.027794909639242884,0.006812263641740816,häufig+er 100
100 jahr+en,8.948640275649609,0.03614465557673348,0.007882846530689486,-0.02873689641481298,0.006618923707610386,100 jahr+en
2300,8.377475091199099,0.03991809579657317,0.009268176797334517,-0.031233349980549496,0.006103458951845113,2300
bis 2300,8.377475091199099,0.03991809579657317,0.009268176797334517,-0.031233349980549496,0.006103458951845113,bis 2300
2300 droh+en,8.180022789557984,0.04130715893685888,0.00977925490629746,-0.032155471041936425,0.00591190443960595,2300 droh+en
fünf,11.032661344843088,0.01840016507011388,0.014462267105015053,-0.0197451286463757,0.0013499494242388706,fünf
droh+en fünf,7.9337281238065405,0.04310713824820006,0.010442420873368923,-0.0333528835859806,0.005662210349700232,droh+en fünf
fünf meter,7.775802087926841,0.04430313142694883,0.01088362413673155,-0.03415006608724035,0.005495370360973413,fünf meter
meter anstieg,7.602880160349697,0.04565254017635601,0.011381965168194877,-0.03505100473995282,0.005306225711802035,meter anstieg
welche deutsch+en,7.211703096015137,0.04887157231511967,0.012573099217822143,-0.037206612969946505,0.00485109151767633,welche deutsch+en
deutsch+en ort+e,7.007157567100999,0.05065510052788919,0.013234480161676079,-0.038404827558171144,0.004596499464834538,deutsch+en ort+e
ort+e treff+t,6.913995723771614,0.05149215551378867,0.013545234908527009,-0.03896813436931611,0.004476408973130047,ort+e treff+t
treff+t zuerst,6.743058499611834,0.05307062711350787,0.014131852619837532,-0.040032045198699504,0.00424888867115325,treff+t zuerst
lange,6.504840035348679,0.05536835412549854,0.014987210798058048,-0.04158461628621412,0.003915191385925401,lange
und lange,6.504840035348679,0.05536835412549854,0.014987210798058048,-0.04158461628621412,0.003915191385925401,und lange
lange küste+n,6.242805649895896,0.0580394730709129,0.015983723518065155,-0.04339525771941385,0.0035234814391327737,lange küste+n
küste+n schütz+en,6.113080367447275,0.059422422276718664,0.01650057378889513,-0.04433513944930738,0.0033190565309860003,küste+n schütz+en
Obwohl,9.504980765251167,0.032777938662343416,0.006650544702969823,-0.02652006201480256,0.007072936683023998,Obwohl
obwohl damals,9.336216892731123,0.033769759189104555,0.007013214408243949,-0.027172097972989234,0.006939752664463285,obwohl damals
no…,5.861612193107394,0.06222808110146816,0.017551059094724344,-0.046247035716080895,0.002900886368472228,no…
damals no…,5.861612193107394,0.06222808110146816,0.017551059094724344,-0.046247035716080895,0.002900886368472228,damals no…
no… obwohl,6.014029480460775,0.06050723984712275,0.01690644123426093,-0.04507356867313355,0.003157919138006773,no… obwohl
satellitengestützten,5.618094553380685,0.06511689261686159,0.018635384733929453,-0.04822275454746968,0.0024654390279272727,satellitengestützten
damals satellit+en+ge+stütz+t+en,5.618094553380685,0.06511689261686159,0.018635384733929453,-0.04822275454746968,0.0024654390279272727,damals satellit+en+ge+stütz+t+en
Daten,5.48221002713614,0.0668096051498417,0.019272031822881792,-0.04938381437001018,0.00220795421820537,Daten
satellit+en+ge+stütz+t+en dat+en,5.48221002713614,0.0668096051498417,0.019272031822881792,-0.04938381437001018,0.00220795421820537,satellit+en+ge+stütz+t+en dat+en
dat+en geb,5.446234444819044,0.06726807023721125,0.019444628800644643,-0.049698713215525867,0.0021379162717106966,dat+en geb
machte,5.417129023162346,0.06764224572506934,0.019585545213884118,-0.049955853261278334,0.002080660049870585,machte
geb mach+te,5.417129023162346,0.06764224572506934,0.019585545213884118,-0.049955853261278334,0.002080660049870585,geb mach+te
Weltklimarat,5.355717138371748,0.06844151796567025,0.019886710981652792,-0.05050553660127165,0.001958069313529367,Weltklimarat
mach+te welt+klima+rat,5.355717138371748,0.06844151796567025,0.019886710981652792,-0.05050553660127165,0.001958069313529367,mach+te welt+klima+rat
IPCC,5.287411723284062,0.06934648502101197,0.020227958897840927,-0.05112858269769539,0.0018187949724268516,IPCC
welt+klima+rat ipcc,5.287411723284062,0.06934648502101197,0.020227958897840927,-0.05112858269769539,0.0018187949724268516,welt+klima+rat ipcc
ipcc jahr+en,5.228075278781444,0.07014670742013811,0.020529936430189952,-0.05168011088737036,0.0016952213388367154,ipcc jahr+en
erstmals,5.194972527581442,0.07059898018265644,0.02070070360974415,-0.051992073279913655,0.0016252048230412405,erstmals
jahr+en erstmals,5.194972527581442,0.07059898018265644,0.02070070360974415,-0.051992073279913655,0.0016252048230412405,jahr+en erstmals
erstmals angabe+n,5.153931591224345,0.07116565089518814,0.020914760930070105,-0.05238319597253864,0.0015372997837770049,erstmals angabe+n
angabe+n anstieg,5.080705019263741,0.07219347127056143,0.021303288930742854,-0.05309332653201951,0.0013773505131547137,angabe+n anstieg
weltweiten,5.032099317144131,0.072887895502482,0.021565989086915583,-0.05357363423809636,0.001268912282196605,weltweiten
anstieg weltweit+en,5.032099317144131,0.072887895502482,0.021565989086915583,-0.05357363423809636,0.001268912282196605,anstieg weltweit+en
Ozeanpegels,4.989584379178056,0.07350350268447163,0.02179900764361399,-0.05399978042654456,0.0011725301249221845,Ozeanpegels
weltweit+en ozean+pegel+s,4.989584379178056,0.07350350268447163,0.02179900764361399,-0.05399978042654456,0.0011725301249221845,weltweit+en ozean+pegel+s
Durchschnittlich,4.941659048069483,0.07420685190553174,0.02206539338552014,-0.05448707163328708,0.001062120451296594,Durchschnittlich
ozean+pegel+s durchschnittlich,4.941659048069483,0.07420685190553174,0.02206539338552014,-0.05448707163328708,0.001062120451296594,ozean+pegel+s durchschnittlich
durchschnittlich acht,5.411399905299209,0.06771624611217779,0.019613419645086602,-0.05000672211175912,0.0020693264189363277,durchschnittlich acht
acht zentimeter,4.865737746744367,0.07534206940566192,0.022495694021805793,-0.05527448367862242,0.0008832623375851418,acht zentimeter
+3863,4.8173390217738445,0.07607961274740334,0.022775489064537854,-0.055786666732609146,0.0007666245247494715,+3863
zentimeter +3863,4.8173390217738445,0.07607961274740334,0.022775489064537854,-0.055786666732609146,0.0007666245247494715,zentimeter +3863
+3863 chars,4.798679734070775,0.07636691688129726,0.022884530392984763,-0.05598631298181914,0.0007210962491181638,+3863 chars
Film,4.7775064316959615,0.07092735579639128,0.03074056835865874,-0.05324143863907954,-0.0056356450041743725,Film
Ahrtalkatastrophe,4.80728960546449,0.07045755711098248,0.03103221121048865,-0.05323758448310412,-0.005570460421816293,Ahrtalkatastrophe
film ahrtalkatastroph+e,4.80728960546449,0.07045755711098248,0.03103221121048865,-0.05323758448310412,-0.005570460421816293,film ahrtalkatastroph+e
ahrtalkatastroph+e wie,4.866855152360053,0.06950883470093004,0.03163824968903578,-0.05321995275856692,-0.005466342477877785,ahrtalkatastroph+e wie
greiser,4.893194333892652,0.06908515477198295,0.03191636905805722,-0.05320799226087282,-0.0054316118617848365,greiser
wie greis+er,4.893194333892652,0.06908515477198295,0.03191636905805722,-0.05320799226087282,-0.0054316118617848365,wie greis+er
Vater,7.974389766755179,0.03281082293539734,0.026742445127730923,-0.030422242808566344,-0.005006471441926266,Vater
greis+er vater,4.921003902694878,0.0685100506371231,0.03207411732817246,-0.05291226701195797,-0.005538835057666696,greis+er vater
vater um,4.942498572934299,0.0680515588606006,0.03218710309339802,-0.05265503047071562,-0.005639971587212505,vater um
leben komm,4.97946207005671,0.0672614850610693,0.03239446542744781,-0.05221507432645245,-0.005821671411555606,leben komm
135,4.994664579835927,0.06693586417086825,0.032484644082220016,-0.05203499033161549,-0.00589931320260304,135
komm 135,4.994664579835927,0.06693586417086825,0.032484644082220016,-0.05203499033161549,-0.00589931320260304,komm 135
135 mensch+en,5.010115502693047,0.06660447447920957,0.03257927501104298,-0.051852469162902384,-0.005979994403113296,135 mensch+en
Juli,5.0913552045747785,0.06485336588984461,0.033127879906808724,-0.05090090997788999,-0.006434506146583875,Juli
sterb+en juli,5.0913552045747785,0.06485336588984461,0.033127879906808724,-0.05090090997788999,-0.006434506146583875,sterb+en juli
2021,5.1127790913758995,0.06438876237524267,0.033287359002686125,-0.05065217360115142,-0.006563138622525217,2021
juli 2021,5.1127790913758995,0.06438876237524267,0.033287359002686125,-0.05065217360115142,-0.006563138622525217,juli 2021
Flutkatastrophe,5.1707760455424685,0.06312399782905688,0.033751669313292494,-0.0499832330031067,-0.006930615058669344,Flutkatastrophe
2021 flut+katastrophe,5.1707760455424685,0.06312399782905688,0.033751669313292494,-0.0499832330031067,-0.006930615058669344,2021 flut+katastrophe
Ahrtal,4.80728960546449,0.07045755711098248,0.03103221121048865,-0.05323758448310412,-0.005570460421816293,Ahrtal
flut+katastrophe ahrtal,4.80728960546449,0.07045755711098248,0.03103221121048865,-0.05323758448310412,-0.005570460421816293,flut+katastrophe ahrtal
Einer,5.303205068089963,0.06018879015589728,0.03500315919025759,-0.04847880291158887,-0.00788225931793287,Einer
ein vater,5.437263062790927,0.05712956675636863,0.03657369352977615,-0.046986601565663866,-0.009022878310370365,ein vater
Susanne,5.498600153391202,0.05569241447534777,0.037407272436232986,-0.04631384826283228,-0.009611273670184169,Susanne
vater susanne,5.498600153391202,0.05569241447534777,0.037407272436232986,-0.04631384826283228,-0.009611273670184169,vater susanne
Jäger,5.55034098963708,0.05445854898848775,0.03817229119891554,-0.04575125156307879,-0.010143101943148434,Jäger
susanne jäger,5.55034098963708,0.05445854898848775,0.03817229119891554,-0.04575125156307879,-0.010143101943148434,susanne jäger
Gefühle,5.661900022075916,0.051720595740348846,0.04003343381144858,-0.04455408815697009,-0.011410176635980582,Gefühle
jäger gefühl+e,5.661900022075916,0.051720595740348846,0.04003343381144858,-0.04455408815697009,-0.011410176635980582,jäger gefühl+e
gefühl+e fünf,5.7222593102640875,0.050188445682994125,0.04117336208413714,-0.04391602784348233,-0.012170629711317518,gefühl+e fünf
fünf jahr+e,5.761732154706178,0.04916459631232467,0.041974362064894216,-0.04350278101825018,-0.012698917387980032,fünf jahr+e
jahr+e verheerend+en,5.889330538089903,0.04571940638925161,0.04489865348371651,-0.0421919297873938,-0.014591284480964395,jahr+e verheerend+en
verheerend+en regen,6.01308862856709,0.042143262158113155,0.04830100862896985,-0.04096620845479459,-0.01673326733319563,verheerend+en regen
filmisch,6.07518528401832,0.04024484321049563,0.05025518654222689,-0.040373513788557844,-0.017939093130344964,filmisch
regen filmisch,6.07518528401832,0.04024484321049563,0.05025518654222689,-0.040373513788557844,-0.017939093130344964,regen filmisch
verarbeitet,6.175372863873247,0.03700942371318346,0.053814981597674214,-0.039459103375063385,-0.02009590985665368,verarbeitet
filmisch verarbeit+et,6.175372863873247,0.03700942371318346,0.053814981597674214,-0.039459103375063385,-0.02009590985665368,filmisch verarbeit+et
Berichtsdeutsch,6.438153958353086,0.027227331188741846,0.06622994817900786,-0.03746226653800124,-0.027288660443038446,Berichtsdeutsch
nüchtern,6.798792779118507,0.009202898465917052,0.09473746426982846,-0.03700098184461974,-0.04240543873077187,nüchtern
bericht+s+deutsch nüchtern,6.798792779118507,0.009202898465917052,0.09473746426982846,-0.03700098184461974,-0.04240543873077187,bericht+s+deutsch nüchtern
Starkregen-,7.584751924754053,-0.06002714243718084,0.2417793112385121,-0.07016200130328241,-0.1084984855332722,Starkregen-
nüchtern stark+reg+en+-,7.584751924754053,-0.06002714243718084,0.2417793112385121,-0.07016200130328241,-0.1084984855332722,nüchtern stark+reg+en+-
Hochwasserereignis,7.827413665572055,-0.052226154454033426,0.02843677479413771,0.07569084395412867,-0.09769143010730937,Hochwasserereignis
stark+reg+en+- hochwasser+ereignis,7.827413665572055,-0.052226154454033426,0.02843677479413771,0.07569084395412867,-0.09769143010730937,stark+reg+en+- hochwasser+ereignis
Rede,7.798076756012935,0.020302550594995906,0.027911924273703623,-0.012990982854913357,-0.020043763869557654,Rede
hochwasser+ereignis rede,7.798076756012935,0.020302550594995906,0.027911924273703623,-0.012990982854913357,-0.020043763869557654,hochwasser+ereignis rede
größten,8.307232271854996,0.03465309295672134,0.010020153935467528,-0.0239958444974149,-0.0001224968443932281,größten
rede groß,8.307232271854996,0.03465309295672134,0.010020153935467528,-0.0239958444974149,-0.0001224968443932281,rede groß
Schadensereignis,8.610097997107182,0.036866672181647776,0.0071587760876935065,-0.027128892497006184,0.004745649567080503,Schadensereignis
groß schaden+s+ereignis,8.610097997107182,0.036866672181647776,0.0071587760876935065,-0.027128892497006184,0.004745649567080503,groß schaden+s+ereignis
schaden+s+ereignis deutschland,10.64396547710073,0.026665955991574238,0.004422224359102937,-0.022521073115573713,0.007883549301167593,schaden+s+ereignis deutschland
seit hamburger,15.009048932039201,0.009592435730851502,-0.0017439839747110336,-0.011525534086341296,0.010063221283636058,seit hamburger
hamburger sturm+flut,24.762533789152943,-0.011853107529319751,-0.009373255825791738,0.001915259778451127,0.012652488024657273,hamburger sturm+flut
sturm+flut jahr,13.930402440832912,0.013120611546496245,-0.0004766644653592025,-0.013776419666532475,0.009622292245438428,sturm+flut jahr
jahr 1962,12.63471365198135,0.01788298724018663,0.001239623744519574,-0.016832333116404863,0.009019549963386978,jahr 1962
1962 erleb+t,11.706091641048928,0.02172549400193552,0.0026291998370814944,-0.019312709473888395,0.008526576962919872,1962 erleb+t
+4682,10.4319183452882,0.027733697539042798,0.004810691709462224,-0.023217307709126327,0.007743167988202721,+4682
erleb+t +4682,10.4319183452882,0.027733697539042798,0.004810691709462224,-0.023217307709126327,0.007743167988202721,erleb+t +4682
+4682 chars,9.883805468849165,0.030637718160561284,0.005868972283560558,-0.025115999730975877,0.0073587475725983885,+4682 chars
Rungholt,14.10077531208766,0.013407097947696806,-0.0008599330937566309,-0.013587309694235048,0.009517013070032835,Rungholt
rungholt auf,7.324499938921539,0.04791845104267371,0.012220073060313795,-0.03656741974469293,0.004986434078197589,rungholt auf
auf suche,7.52238165601485,0.04629557218776143,0.011619641948445067,-0.03548088630046865,0.005215753015852428,auf suche
versunkenen,7.967003452031686,0.04285940220416822,0.01035108711641152,-0.03318791257284533,0.005696675959201057,versunkenen
suche versink+en+en,7.967003452031686,0.04285940220416822,0.01035108711641152,-0.03318791257284533,0.005696675959201057,suche versink+en+en
Stadt,11.053813536633442,0.025734921028756793,0.0034878903018741103,-0.02145570785672632,0.007923674472855106,Stadt
versink+en+en stadt,8.419448732287384,0.039628706089016925,0.00916177747576641,-0.031041452710025334,0.006143242917789749,versink+en+en stadt
stadt rungholt,7.106175762096805,0.049782608967000874,0.01291080913348088,-0.03781832212242368,0.004721262369096598,stadt rungholt
blühende,9.803110673778402,0.031084016821419064,0.006031838101719969,-0.025408455231608014,0.007299324585263373,blühende
rungholt blüh+end+e,9.803110673778402,0.031084016821419064,0.006031838101719969,-0.025408455231608014,0.007299324585263373,rungholt blüh+end+e
Handelsstadt,10.64396547710073,0.026665955991574238,0.004422224359102937,-0.022521073115573713,0.007883549301167593,Handelsstadt
blüh+end+e handel+s+stadt,10.64396547710073,0.026665955991574238,0.004422224359102937,-0.022521073115573713,0.007883549301167593,blüh+end+e handel+s+stadt
handel+s+stadt sturm+flut,24.762533789152943,-0.011853107529319751,-0.009373255825791738,0.001915259778451127,0.012652488024657273,handel+s+stadt sturm+flut
unterging,11.552729106142769,0.08395985113957531,-0.010068413809451454,-0.03337679899545963,-0.004836243131099585,unterging
nordsee unter+geh,11.552729106142769,0.08395985113957531,-0.010068413809451454,-0.03337679899545963,-0.004836243131099585,nordsee unter+geh
Kann,10.219047002107224,0.06399518913690018,-0.002106469533765129,-0.031664205999623274,7.9842472665008e-05,Kann
Überreste,9.162857226879906,0.05734963434737003,0.002714071384960184,-0.03281606017159241,0.001983127556862607,Überreste
könn überrest+e,9.162857226879906,0.05734963434737003,0.002714071384960184,-0.03281606017159241,0.001983127556862607,könn überrest+e
überrest+e heute,8.629269020577988,0.056046168860345184,0.0049346768671384225,-0.034032751583067414,0.002521550346525201,überrest+e heute
heute wattenmeer,8.05887722033169,0.05590803039201201,0.0072456874524976095,-0.03577152002067808,0.0028473344422893804,heute wattenmeer
aufspüren,7.706232890018189,0.05641982029932272,0.008669787401911322,-0.03707469325362893,0.0029323717976769952,aufspüren
wattenmeer auf+spür+en,7.706232890018189,0.05641982029932272,0.008669787401911322,-0.03707469325362893,0.0029323717976769952,wattenmeer auf+spür+en
Besuch,7.3161550866769645,0.05749479839992778,0.010261965183237142,-0.03872758276995485,0.0029288953360559365,Besuch
ein besuch,7.3161550866769645,0.05749479839992778,0.010261965183237142,-0.03872758276995485,0.0029288953360559365,ein besuch
Schlick,7.098727945167181,0.058323034056614036,0.011164205169975664,-0.03974999497555017,0.0028834945051817535,Schlick
besuch schlick,7.098727945167181,0.058323034056614036,0.011164205169975664,-0.03974999497555017,0.0028834945051817535,besuch schlick
Dennis,6.925421955077489,0.05910076170714931,0.011893975561159648,-0.040619393716683425,0.0028251496257628906,Dennis
Wilken,6.802840218897781,0.05971426075235335,0.012416958955172598,-0.04126462760062543,0.0027719748623839463,Wilken
dennis wilken,6.802840218897781,0.05971426075235335,0.012416958955172598,-0.04126462760062543,0.0027719748623839463,dennis wilken
stapft,6.689452847058549,0.06032892972474738,0.012906422108667751,-0.04188456661333271,0.0027139478088291746,stapft
wilken stapf+t,6.689452847058549,0.06032892972474738,0.012906422108667751,-0.04188456661333271,0.0027139478088291746,wilken stapf+t
stapf+t tag,6.445917754756227,0.06180466917863083,0.013978978869376853,-0.043294386996066025,0.002560233773264346,stapf+t tag
durchs,6.394204623488825,0.06214577577779768,0.014210896629254035,-0.043608046654105906,0.0025224129007571823,durchs
tag durch,6.394204623488825,0.06214577577779768,0.014210896629254035,-0.043608046654105906,0.0025224129007571823,tag durch
Nirgendwo,6.30811027149559,0.06273558827125429,0.01460056771054309,-0.044141776164979774,0.00245535605179138,Nirgendwo
durch nirgendwo,6.30811027149559,0.06273558827125429,0.01460056771054309,-0.044141776164979774,0.00245535605179138,durch nirgendwo
nirgendwo mehr,6.1090676206603405,0.06420590711472911,0.01551996158642226,-0.0454329001016234,0.002280413986606138,nirgendwo mehr
Himmel,6.0102950776964,0.06499209320424773,0.015986697314075503,-0.046104531118075824,0.0021830457237869364,Himmel
der himmel,6.0102950776964,0.06499209320424773,0.015986697314075503,-0.046104531118075824,0.0021830457237869364,der himmel
stahlblau,5.909840852693244,0.0658311433439946,0.01646919682955742,-0.04680962815764372,0.0020766460823698984,stahlblau
himmel stahlblau,5.909840852693244,0.0658311433439946,0.01646919682955742,-0.04680962815764372,0.0020766460823698984,himmel stahlblau
stahlblau boden,5.784808180759536,0.06693240969961083,0.017081589154636753,-0.04771952740408472,0.0019335698491752755,stahlblau boden
nass,5.738202668922605,0.06735939469042136,0.017313421426414403,-0.048068167052766564,0.0018771513921036842,nass
boden nass,5.738202668922605,0.06735939469042136,0.017313421426414403,-0.048068167052766564,0.0018771513921036842,boden nass
leer,5.671559626849463,0.06798582173800842,0.017648469332818148,-0.04857592186576366,0.001793502800314313,leer
nass leer,5.671559626849463,0.06798582173800842,0.017648469332818148,-0.04857592186576366,0.001793502800314313,nass leer
der wissenschaftler,5.601719567922039,0.06866265405689133,0.01800424409700042,-0.04911996785839575,0.001702021899323781,der wissenschaftler
sucht,5.498163426918944,0.06970541497220656,0.018541004588794378,-0.04994988403829571,0.0015590129419695373,sucht
wissenschaftler such+t,5.498163426918944,0.06970541497220656,0.018541004588794378,-0.04994988403829571,0.0015590129419695373,wissenschaftler such+t
such+t spur+en,5.432155445794882,0.07039506313247167,0.018889198678649154,-0.050493851431216596,0.0014631530733184319,such+t spur+en
spur+en mensch+en,5.369904304123929,0.07106369056297372,0.019222113883782834,-0.051017895676125954,0.0013693088909165756,spur+en mensch+en
mensch+en rungholt,5.300704833452334,0.07182814473421933,0.019597580921853232,-0.051613375012017446,0.0012609826644169545,mensch+en rungholt
rungholt stadt,5.221345708781702,0.07273293205301277,0.020035482940547803,-0.052313592784805595,0.0011314283131003433,rungholt stadt
stadt +74,5.156591237546744,0.07349398324302452,0.020398851809735483,-0.05289910509287313,0.001021390663442737,stadt +74
+74 chars,5.138824940791887,0.07370643294187074,0.02049953169753253,-0.05306202935085817,0.000990506735451906,+74 chars
Klimaanpassung,5.499523592664693,0.05944391867360422,0.03429059437739933,-0.04344848398992594,-0.013014834334238674,Klimaanpassung
Minister,5.606742838055737,0.0570182391726118,0.03548980880249671,-0.041720145342398256,-0.014573975614300443,Minister
klima+anpassung minister,5.606742838055737,0.0570182391726118,0.03548980880249671,-0.041720145342398256,-0.014573975614300443,klima+anpassung minister
Schneider,8.877438187967403,0.02588694043911961,0.0291328575077285,-0.02074256903661217,-0.01479007641423918,Schneider
minister schneider,5.672189959678385,0.05547163412378163,0.03631536616610008,-0.04061622387501781,-0.015629771678296808,minister schneider
klein,5.791062151844697,0.05250592684115344,0.038011883357909185,-0.038492302415316086,-0.017776487259827427,klein
schneider klein,5.791062151844697,0.05250592684115344,0.038011883357909185,-0.038492302415316086,-0.017776487259827427,schneider klein
beigeben,5.842574740305417,0.05114730247832901,0.03883126902018546,-0.03751500230576784,-0.018808756220027516,beigeben
klein beigeb+en,5.842574740305417,0.05114730247832901,0.03883126902018546,-0.03751500230576784,-0.018808756220027516,klein beigeb+en
Bundesumweltminister,5.924828630851105,0.04886934638644233,0.04025229548169952,-0.03586827591905536,-0.02060071758287501,Bundesumweltminister
beigeb+en bund+es+umwelt+minister,5.924828630851105,0.04886934638644233,0.04025229548169952,-0.03586827591905536,-0.02060071758287501,beigeb+en bund+es+umwelt+minister
bund+es+umwelt+minister schneider,5.672189959678385,0.05547163412378163,0.03631536616610008,-0.04061622387501781,-0.015629771678296808,bund+es+umwelt+minister schneider
schneider groß+e,6.3551245281629,0.033789683152843586,0.05016164567592704,-0.02451760785070891,-0.03380581079914405,schneider groß+e
groß+e plan+e,6.4474308895304855,0.029566104034677795,0.05280971390237999,-0.021133558443770798,-0.037762348739789946,groß+e plan+e
Anpassung,6.715567803000237,0.014346995611254347,0.06085907869545369,-0.007907332673386848,-0.05243384382679497,Anpassung
plan+e anpassung,6.715567803000237,0.014346995611254347,0.06085907869545369,-0.007907332673386848,-0.05243384382679497,plan+e anpassung
anpassung folge+n,7.444829518460972,-0.05386772750439155,0.05729711898512359,0.07293009609863764,-0.12020247242542186,anpassung folge+n
voranzubringen,7.361554344241399,0.016272699412879496,0.09579770880272857,-0.03542489208384262,-0.050219367769014124,voranzubringen
klima+wandel+s voran+zu+bring+en,7.361554344241399,0.016272699412879496,0.09579770880272857,-0.03542489208384262,-0.050219367769014124,klima+wandel+s voran+zu+bring+en
Neuhardenberg,7.572099200236314,0.04624529025189808,0.045077055852382496,-0.036916482452305034,-0.021759568711159843,Neuhardenberg
neuhardenberg wenig,8.329158372066129,0.07472274914192642,0.005816259003988316,-0.04053935366142729,-0.0027584187069887756,neuhardenberg wenig
wenig erfolg,8.581708300299791,0.0795979353849945,9.76041335664101e-05,-0.03949649346394369,-0.002622480015683746,wenig erfolg
als jahr+e,9.440459211831545,0.10012544299924586,-0.007486938806639567,-0.04186957818775627,-0.007656851210362958,als jahr+e
jahr+e 1962,9.918688775319325,0.12008732331101503,-0.01352804891670328,-0.04541418215398549,-0.012478259390256605,jahr+e 1962
1962 nordseeküste,11.024740921078905,0.21900727163193306,-0.04074209500484612,-0.06823468260504836,-0.037548553232553496,1962 nordseeküste
nordseeküste schwer+en,15.446022576623557,0.008259375182476731,-0.002221902873769172,-0.01067797826607725,0.010228624041968445,nordseeküste schwer+en
sturm+flut ge+treff+en,15.009048932039201,0.009592435730851502,-0.0017439839747110336,-0.011525534086341296,0.010063221283636058,sturm+flut ge+treff+en
ge+treff+en werd+e,12.229855270791823,0.019509278487420692,0.0018272172799001004,-0.017880518339653474,0.008811648745742902,ge+treff+en werd+e
Wetterkatastrophe,10.070753066818266,0.02801056277306859,0.003828118174527934,-0.021140265358073746,0.005777079518947437,Wetterkatastrophe
werd+e wetter+katastrophe,10.070753066818266,0.02801056277306859,0.003828118174527934,-0.021140265358073746,0.005777079518947437,werd+e wetter+katastrophe
langfristige,8.994220346368127,0.019750816227925905,-0.008940937875805997,0.004065731165258727,-0.01054596572886649,langfristige
wetter+katastrophe langfristig+e,8.994220346368127,0.019750816227925905,-0.008940937875805997,0.004065731165258727,-0.01054596572886649,wetter+katastrophe langfristig+e
langfristig+e folge+n,8.775120544687939,-0.020140920141899495,-0.051324756302836276,0.08017244697723978,-0.0549165099430141,langfristig+e folge+n
föderale,7.914718317545858,0.02296032653777094,-0.010604982272762154,0.007755106319008608,-0.01611087121271346,föderale
folge+n föderal+e,7.914718317545858,0.02296032653777094,-0.010604982272762154,0.007755106319008608,-0.01611087121271346,folge+n föderal+e
Gefüge,7.6173029577763565,0.03050031835421634,-0.004307945643013683,-0.004103244267922363,-0.010819062689133912,Gefüge
föderal+e gefüge,7.6173029577763565,0.03050031835421634,-0.004307945643013683,-0.004103244267922363,-0.010819062689133912,föderal+e gefüge
Nicht,7.397267376913237,0.03505689281004697,-0.0007637648463695671,-0.010835028030920077,-0.008096834693550731,Nicht
zuletzt,7.2514000444121285,0.03776572235637977,0.0012348398018029484,-0.014644417550583981,-0.006676581420808172,zuletzt
nicht zuletzt,7.2514000444121285,0.03776572235637977,0.0012348398018029484,-0.014644417550583981,-0.006676581420808172,nicht zuletzt
zuletzt wegen,7.076723083098425,0.04077627757099264,0.0033556572047795017,-0.018693648627973885,-0.005282323492062083,zuletzt wegen
wegen schwer+en,6.88377421888219,0.043886770298626046,0.005434316739500703,-0.022665823057473274,-0.004049106490997302,wegen schwer+en
Flutschäden,6.729458901039722,0.04625870204134345,0.0069437668261976525,-0.025550214610581625,-0.003248707473641054,Flutschäden
schwer+en flut+schaden,6.729458901039722,0.04625870204134345,0.0069437668261976525,-0.025550214610581625,-0.003248707473641054,schwer+en flut+schaden
+4961,6.50428950743483,0.0495964670457396,0.008962151570468561,-0.02940406629370954,-0.0023192088751888286,+4961
flut+schaden +4961,6.50428950743483,0.0495964670457396,0.008962151570468561,-0.02940406629370954,-0.0023192088751888286,flut+schaden +4961
+4961 chars,6.423472163186089,0.050770166772626926,0.009644142286873441,-0.030704879872218715,-0.0020443414416232465,+4961 chars
